{
  "type": "FeatureCollection",
  "features": [
    {
      "type": "Feature",
      "properties": {
        "parcel_id": "ULPIN-IND-DL-00001",
        "survey_number": "SY-100/1",
        "landuse": "Commercial",
        "area_sqm": 1670.58,
        "owner_name": "Citizen 1 (Registered)",
        "property_tax_val": 7517596
      },
      "geometry": {
        "type": "Polygon",
        "coordinates": [
          [
            [
              77.24275737877112,
              28.62397415489774
            ],
            [
              77.24275037857521,
              28.623644942044283
            ],
            [
              77.24228251426534,
              28.623652686301856
            ],
            [
              77.2422895130039,
              28.623981899260624
            ],
            [
              77.24275737877112,
              28.62397415489774
            ]
          ]
        ]
      }
    },
    {
      "type": "Feature",
      "properties": {
        "parcel_id": "ULPIN-IND-DL-00002",
        "survey_number": "SY-100/2",
        "landuse": "Residential",
        "area_sqm": 1670.58,
        "owner_name": "Citizen 2 (Registered)",
        "property_tax_val": 4677615
      },
      "geometry": {
        "type": "Polygon",
        "coordinates": [
          [
            [
              77.2427643790844,
              28.62430336773363
            ],
            [
              77.24275737877112,
              28.62397415489774
            ],
            [
              77.2422895130039,
              28.623981899260624
            ],
            [
              77.24229651185982,
              28.62431111220183
            ],
            [
              77.2427643790844,
              28.62430336773363
            ]
          ]
        ]
      }
    },
    {
      "type": "Feature",
      "properties": {
        "parcel_id": "ULPIN-IND-DL-00003",
        "survey_number": "SY-100/3",
        "landuse": "Residential",
        "area_sqm": 1670.58,
        "owner_name": "Citizen 3 (Registered)",
        "property_tax_val": 4677615
      },
      "geometry": {
        "type": "Polygon",
        "coordinates": [
          [
            [
              77.24277137951505,
              28.624632580551943
            ],
            [
              77.2427643790844,
              28.62430336773363
            ],
            [
              77.24229651185982,
              28.62431111220183
            ],
            [
              77.24230351083308,
              28.624640325125462
            ],
            [
              77.24277137951505,
              28.624632580551943
            ]
          ]
        ]
      }
    },
    {
      "type": "Feature",
      "properties": {
        "parcel_id": "ULPIN-IND-DL-00004",
        "survey_number": "SY-100/4",
        "landuse": "Residential",
        "area_sqm": 1670.58,
        "owner_name": "Citizen 4 (Registered)",
        "property_tax_val": 4677615
      },
      "geometry": {
        "type": "Polygon",
        "coordinates": [
          [
            [
              77.24277137951505,
              28.624632580551943
            ],
            [
              77.24230351083308,
              28.624640325125462
            ],
            [
              77.24231050992371,
              28.62496953803153
            ],
            [
              77.24277838006309,
              28.624961793352686
            ],
            [
              77.24277137951505,
              28.624632580551943
            ]
          ]
        ]
      }
    },
    {
      "type": "Feature",
      "properties": {
        "parcel_id": "ULPIN-IND-DL-00005",
        "survey_number": "SY-100/5",
        "landuse": "Residential",
        "area_sqm": 1670.58,
        "owner_name": "Citizen 5 (Registered)",
        "property_tax_val": 4677615
      },
      "geometry": {
        "type": "Polygon",
        "coordinates": [
          [
            [
              77.24275737877112,
              28.62397415489774
            ],
            [
              77.24322524435377,
              28.623966408921852
            ],
            [
              77.24321824270052,
              28.623637196173732
            ],
            [
              77.24275037857521,
              28.623644942044283
            ],
            [
              77.24275737877112,
              28.62397415489774
            ]
          ]
        ]
      }
    },
    {
      "type": "Feature",
      "properties": {
        "parcel_id": "ULPIN-IND-DL-00006",
        "survey_number": "SY-100/6",
        "landuse": "Residential",
        "area_sqm": 1670.58,
        "owner_name": "Citizen 6 (Registered)",
        "property_tax_val": 4677615
      },
      "geometry": {
        "type": "Polygon",
        "coordinates": [
          [
            [
              77.24275737877112,
              28.62397415489774
            ],
            [
              77.2427643790844,
              28.62430336773363
            ],
            [
              77.2432322461244,
              28.62429562165239
            ],
            [
              77.24322524435377,
              28.623966408921852
            ],
            [
              77.24275737877112,
              28.62397415489774
            ]
          ]
        ]
      }
    },
    {
      "type": "Feature",
      "properties": {
        "parcel_id": "ULPIN-IND-DL-00007",
        "survey_number": "SY-100/7",
        "landuse": "Mixed-Use",
        "area_sqm": 1670.58,
        "owner_name": "Citizen 7 (Registered)",
        "property_tax_val": 4677615
      },
      "geometry": {
        "type": "Polygon",
        "coordinates": [
          [
            [
              77.2427643790844,
              28.62430336773363
            ],
            [
              77.24277137951505,
              28.624632580551943
            ],
            [
              77.24323924801246,
              28.624624834365374
            ],
            [
              77.2432322461244,
              28.62429562165239
            ],
            [
              77.2427643790844,
              28.62430336773363
            ]
          ]
        ]
      }
    },
    {
      "type": "Feature",
      "properties": {
        "parcel_id": "ULPIN-IND-DL-00008",
        "survey_number": "SY-100/8",
        "landuse": "Residential",
        "area_sqm": 1670.58,
        "owner_name": "Citizen 8 (Registered)",
        "property_tax_val": 4677615
      },
      "geometry": {
        "type": "Polygon",
        "coordinates": [
          [
            [
              77.24323924801246,
              28.624624834365374
            ],
            [
              77.24277137951505,
              28.624632580551943
            ],
            [
              77.24277838006309,
              28.624961793352686
            ],
            [
              77.2432462500179,
              28.624954047060776
            ],
            [
              77.24323924801246,
              28.624624834365374
            ]
          ]
        ]
      }
    },
    {
      "type": "Feature",
      "properties": {
        "parcel_id": "ULPIN-IND-DL-00009",
        "survey_number": "SY-100/9",
        "landuse": "Residential",
        "area_sqm": 1670.58,
        "owner_name": "Citizen 9 (Registered)",
        "property_tax_val": 4677615
      },
      "geometry": {
        "type": "Polygon",
        "coordinates": [
          [
            [
              77.24322524435377,
              28.623966408921852
            ],
            [
              77.2436931097518,
              28.623958661332953
            ],
            [
              77.24368610664123,
              28.6236294486902
            ],
            [
              77.24321824270052,
              28.623637196173732
            ],
            [
              77.24322524435377,
              28.623966408921852
            ]
          ]
        ]
      }
    },
    {
      "type": "Feature",
      "properties": {
        "parcel_id": "ULPIN-IND-DL-00010",
        "survey_number": "SY-100/10",
        "landuse": "Residential",
        "area_sqm": 1670.58,
        "owner_name": "Citizen 10 (Registered)",
        "property_tax_val": 4677615
      },
      "geometry": {
        "type": "Polygon",
        "coordinates": [
          [
            [
              77.24322524435377,
              28.623966408921852
            ],
            [
              77.2432322461244,
              28.62429562165239
            ],
            [
              77.24370011297982,
              28.62428787395814
            ],
            [
              77.2436931097518,
              28.623958661332953
            ],
            [
              77.24322524435377,
              28.623966408921852
            ]
          ]
        ]
      }
    },
    {
      "type": "Feature",
      "properties": {
        "parcel_id": "ULPIN-IND-DL-00011",
        "survey_number": "SY-100/11",
        "landuse": "Institutional",
        "area_sqm": 1670.58,
        "owner_name": "Citizen 11 (Registered)",
        "property_tax_val": 4677615
      },
      "geometry": {
        "type": "Polygon",
        "coordinates": [
          [
            [
              77.2432322461244,
              28.62429562165239
            ],
            [
              77.24323924801246,
              28.624624834365374
            ],
            [
              77.24370711632524,
              28.624617086565753
            ],
            [
              77.24370011297982,
              28.62428787395814
            ],
            [
              77.2432322461244,
              28.62429562165239
            ]
          ]
        ]
      }
    },
    {
      "type": "Feature",
      "properties": {
        "parcel_id": "ULPIN-IND-DL-00012",
        "survey_number": "SY-100/12",
        "landuse": "Residential",
        "area_sqm": 1670.58,
        "owner_name": "Citizen 12 (Registered)",
        "property_tax_val": 4677615
      },
      "geometry": {
        "type": "Polygon",
        "coordinates": [
          [
            [
              77.24370711632524,
              28.624617086565753
            ],
            [
              77.24323924801246,
              28.624624834365374
            ],
            [
              77.2432462500179,
              28.624954047060776
            ],
            [
              77.24371411978811,
              28.62494629915579
            ],
            [
              77.24370711632524,
              28.624617086565753
            ]
          ]
        ]
      }
    },
    {
      "type": "Feature",
      "properties": {
        "parcel_id": "ULPIN-IND-DL-00013",
        "survey_number": "SY-100/13",
        "landuse": "Vacant/Green",
        "area_sqm": 1670.58,
        "owner_name": "Citizen 13 (Registered)",
        "property_tax_val": 4677615
      },
      "geometry": {
        "type": "Polygon",
        "coordinates": [
          [
            [
              77.2436931097518,
              28.623958661332953
            ],
            [
              77.24416097496523,
              28.62395091213105
            ],
            [
              77.2441539703973,
              28.62362169959368
            ],
            [
              77.24368610664123,
              28.6236294486902
            ],
            [
              77.2436931097518,
              28.623958661332953
            ]
          ]
        ]
      }
    },
    {
      "type": "Feature",
      "properties": {
        "parcel_id": "ULPIN-IND-DL-00014",
        "survey_number": "SY-100/14",
        "landuse": "Mixed-Use",
        "area_sqm": 1670.58,
        "owner_name": "Citizen 14 (Registered)",
        "property_tax_val": 4677615
      },
      "geometry": {
        "type": "Polygon",
        "coordinates": [
          [
            [
              77.2436931097518,
              28.623958661332953
            ],
            [
              77.24370011297982,
              28.62428787395814
            ],
            [
              77.24416797965058,
              28.624280124650852
            ],
            [
              77.24416097496523,
              28.62395091213105
            ],
            [
              77.2436931097518,
              28.623958661332953
            ]
          ]
        ]
      }
    },
    {
      "type": "Feature",
      "properties": {
        "parcel_id": "ULPIN-IND-DL-00015",
        "survey_number": "SY-100/15",
        "landuse": "Residential",
        "area_sqm": 1670.58,
        "owner_name": "Citizen 15 (Registered)",
        "property_tax_val": 4677615
      },
      "geometry": {
        "type": "Polygon",
        "coordinates": [
          [
            [
              77.24370011297982,
              28.62428787395814
            ],
            [
              77.24370711632524,
              28.624617086565753
            ],
            [
              77.2441749844534,
              28.624609337153082
            ],
            [
              77.24416797965058,
              28.624280124650852
            ],
            [
              77.24370011297982,
              28.62428787395814
            ]
          ]
        ]
      }
    },
    {
      "type": "Feature",
      "properties": {
        "parcel_id": "ULPIN-IND-DL-00016",
        "survey_number": "SY-100/16",
        "landuse": "Residential",
        "area_sqm": 1670.58,
        "owner_name": "Citizen 16 (Registered)",
        "property_tax_val": 4677615
      },
      "geometry": {
        "type": "Polygon",
        "coordinates": [
          [
            [
              77.2441749844534,
              28.624609337153082
            ],
            [
              77.24370711632524,
              28.624617086565753
            ],
            [
              77.24371411978811,
              28.62494629915579
            ],
            [
              77.24418198937366,
              28.62493854963774
            ],
            [
              77.2441749844534,
              28.624609337153082
            ]
          ]
        ]
      }
    },
    {
      "type": "Feature",
      "properties": {
        "parcel_id": "ULPIN-IND-DL-00017",
        "survey_number": "SY-100/17",
        "landuse": "Residential",
        "area_sqm": 1670.58,
        "owner_name": "Citizen 17 (Registered)",
        "property_tax_val": 4677615
      },
      "geometry": {
        "type": "Polygon",
        "coordinates": [
          [
            [
              77.24416097496523,
              28.62395091213105
            ],
            [
              77.24462883999395,
              28.623943161316145
            ],
            [
              77.24462183396871,
              28.62361394888418
            ],
            [
              77.2441539703973,
              28.62362169959368
            ],
            [
              77.24416097496523,
              28.62395091213105
            ]
          ]
        ]
      }
    },
    {
      "type": "Feature",
      "properties": {
        "parcel_id": "ULPIN-IND-DL-00018",
        "survey_number": "SY-100/18",
        "landuse": "Residential",
        "area_sqm": 1670.58,
        "owner_name": "Citizen 18 (Registered)",
        "property_tax_val": 4677615
      },
      "geometry": {
        "type": "Polygon",
        "coordinates": [
          [
            [
              77.24416097496523,
              28.62395091213105
            ],
            [
              77.24416797965058,
              28.624280124650852
            ],
            [
              77.24463584613666,
              28.624272373730545
            ],
            [
              77.24462883999395,
              28.623943161316145
            ],
            [
              77.24416097496523,
              28.62395091213105
            ]
          ]
        ]
      }
    },
    {
      "type": "Feature",
      "properties": {
        "parcel_id": "ULPIN-IND-DL-00019",
        "survey_number": "SY-100/19",
        "landuse": "Residential",
        "area_sqm": 1670.58,
        "owner_name": "Citizen 19 (Registered)",
        "property_tax_val": 4677615
      },
      "geometry": {
        "type": "Polygon",
        "coordinates": [
          [
            [
              77.24416797965058,
              28.624280124650852
            ],
            [
              77.2441749844534,
              28.624609337153082
            ],
            [
              77.24464285239686,
              28.62460158612737
            ],
            [
              77.24463584613666,
              28.624272373730545
            ],
            [
              77.24416797965058,
              28.624280124650852
            ]
          ]
        ]
      }
    },
    {
      "type": "Feature",
      "properties": {
        "parcel_id": "ULPIN-IND-DL-00020",
        "survey_number": "SY-100/20",
        "landuse": "Residential",
        "area_sqm": 1670.58,
        "owner_name": "Citizen 20 (Registered)",
        "property_tax_val": 4677615
      },
      "geometry": {
        "type": "Polygon",
        "coordinates": [
          [
            [
              77.24464285239686,
              28.62460158612737
            ],
            [
              77.2441749844534,
              28.624609337153082
            ],
            [
              77.24418198937366,
              28.62493854963774
            ],
            [
              77.24464985877452,
              28.62493079850662
            ],
            [
              77.24464285239686,
              28.62460158612737
            ]
          ]
        ]
      }
    },
    {
      "type": "Feature",
      "properties": {
        "parcel_id": "ULPIN-IND-DL-00021",
        "survey_number": "SY-100/21",
        "landuse": "Mixed-Use",
        "area_sqm": 1670.58,
        "owner_name": "Citizen 21 (Registered)",
        "property_tax_val": 4677615
      },
      "geometry": {
        "type": "Polygon",
        "coordinates": [
          [
            [
              77.24462883999395,
              28.623943161316145
            ],
            [
              77.24509670483796,
              28.623935408888247
            ],
            [
              77.24508969735541,
              28.623606196561706
            ],
            [
              77.24462183396871,
              28.62361394888418
            ],
            [
              77.24462883999395,
              28.623943161316145
            ]
          ]
        ]
      }
    },
    {
      "type": "Feature",
      "properties": {
        "parcel_id": "ULPIN-IND-DL-00022",
        "survey_number": "SY-100/22",
        "landuse": "Institutional",
        "area_sqm": 1670.58,
        "owner_name": "Citizen 22 (Registered)",
        "property_tax_val": 4677615
      },
      "geometry": {
        "type": "Polygon",
        "coordinates": [
          [
            [
              77.24462883999395,
              28.623943161316145
            ],
            [
              77.24463584613666,
              28.624272373730545
            ],
            [
              77.24510371243804,
              28.624264621197216
            ],
            [
              77.24509670483796,
              28.623935408888247
            ],
            [
              77.24462883999395,
              28.623943161316145
            ]
          ]
        ]
      }
    },
    {
      "type": "Feature",
      "properties": {
        "parcel_id": "ULPIN-IND-DL-00023",
        "survey_number": "SY-100/23",
        "landuse": "Residential",
        "area_sqm": 1670.58,
        "owner_name": "Citizen 23 (Registered)",
        "property_tax_val": 4677615
      },
      "geometry": {
        "type": "Polygon",
        "coordinates": [
          [
            [
              77.24463584613666,
              28.624272373730545
            ],
            [
              77.24464285239686,
              28.62460158612737
            ],
            [
              77.2451107201556,
              28.62459383348861
            ],
            [
              77.24510371243804,
              28.624264621197216
            ],
            [
              77.24463584613666,
              28.624272373730545
            ]
          ]
        ]
      }
    },
    {
      "type": "Feature",
      "properties": {
        "parcel_id": "ULPIN-IND-DL-00024",
        "survey_number": "SY-100/24",
        "landuse": "Residential",
        "area_sqm": 1670.58,
        "owner_name": "Citizen 24 (Registered)",
        "property_tax_val": 4677615
      },
      "geometry": {
        "type": "Polygon",
        "coordinates": [
          [
            [
              77.2451107201556,
              28.62459383348861
            ],
            [
              77.24464285239686,
              28.62460158612737
            ],
            [
              77.24464985877452,
              28.62493079850662
            ],
            [
              77.24511772799067,
              28.62492304576243
            ],
            [
              77.2451107201556,
              28.62459383348861
            ]
          ]
        ]
      }
    },
    {
      "type": "Feature",
      "properties": {
        "parcel_id": "ULPIN-IND-DL-00025",
        "survey_number": "SY-100/25",
        "landuse": "Residential",
        "area_sqm": 1670.58,
        "owner_name": "Citizen 25 (Registered)",
        "property_tax_val": 4677615
      },
      "geometry": {
        "type": "Polygon",
        "coordinates": [
          [
            [
              77.24509670483796,
              28.623935408888247
            ],
            [
              77.24556456949723,
              28.623927654847346
            ],
            [
              77.24555756055733,
              28.62359844262625
            ],
            [
              77.24508969735541,
              28.623606196561706
            ],
            [
              77.24509670483796,
              28.623935408888247
            ]
          ]
        ]
      }
    },
    {
      "type": "Feature",
      "properties": {
        "parcel_id": "ULPIN-IND-DL-00026",
        "survey_number": "SY-100/26",
        "landuse": "Vacant/Green",
        "area_sqm": 1670.58,
        "owner_name": "Citizen 26 (Registered)",
        "property_tax_val": 4677615
      },
      "geometry": {
        "type": "Polygon",
        "coordinates": [
          [
            [
              77.24509670483796,
              28.623935408888247
            ],
            [
              77.24510371243804,
              28.624264621197216
            ],
            [
              77.24557157855465,
              28.624256867050867
            ],
            [
              77.24556456949723,
              28.623927654847346
            ],
            [
              77.24509670483796,
              28.623935408888247
            ]
          ]
        ]
      }
    },
    {
      "type": "Feature",
      "properties": {
        "parcel_id": "ULPIN-IND-DL-00027",
        "survey_number": "SY-100/27",
        "landuse": "Residential",
        "area_sqm": 1670.58,
        "owner_name": "Citizen 27 (Registered)",
        "property_tax_val": 4677615
      },
      "geometry": {
        "type": "Polygon",
        "coordinates": [
          [
            [
              77.24510371243804,
              28.624264621197216
            ],
            [
              77.2451107201556,
              28.62459383348861
            ],
            [
              77.24557858772958,
              28.624586079236803
            ],
            [
              77.24557157855465,
              28.624256867050867
            ],
            [
              77.24510371243804,
              28.624264621197216
            ]
          ]
        ]
      }
    },
    {
      "type": "Feature",
      "properties": {
        "parcel_id": "ULPIN-IND-DL-00028",
        "survey_number": "SY-100/28",
        "landuse": "Mixed-Use",
        "area_sqm": 1670.58,
        "owner_name": "Citizen 28 (Registered)",
        "property_tax_val": 4677615
      },
      "geometry": {
        "type": "Polygon",
        "coordinates": [
          [
            [
              77.24557858772958,
              28.624586079236803
            ],
            [
              77.2451107201556,
              28.62459383348861
            ],
            [
              77.24511772799067,
              28.62492304576243
            ],
            [
              77.24558559702206,
              28.624915291405184
            ],
            [
              77.24557858772958,
              28.624586079236803
            ]
          ]
        ]
      }
    },
    {
      "type": "Feature",
      "properties": {
        "parcel_id": "ULPIN-IND-DL-00029",
        "survey_number": "SY-100/29",
        "landuse": "Residential",
        "area_sqm": 1670.58,
        "owner_name": "Citizen 29 (Registered)",
        "property_tax_val": 4677615
      },
      "geometry": {
        "type": "Polygon",
        "coordinates": [
          [
            [
              77.24556456949723,
              28.623927654847346
            ],
            [
              77.2460324339717,
              28.623919899193442
            ],
            [
              77.2460254235745,
              28.62359068707783
            ],
            [
              77.24555756055733,
              28.62359844262625
            ],
            [
              77.24556456949723,
              28.623927654847346
            ]
          ]
        ]
      }
    },
    {
      "type": "Feature",
      "properties": {
        "parcel_id": "ULPIN-IND-DL-00030",
        "survey_number": "SY-100/30",
        "landuse": "Residential",
        "area_sqm": 1670.58,
        "owner_name": "Citizen 30 (Registered)",
        "property_tax_val": 4677615
      },
      "geometry": {
        "type": "Polygon",
        "coordinates": [
          [
            [
              77.24556456949723,
              28.623927654847346
            ],
            [
              77.24557157855465,
              28.624256867050867
            ],
            [
              77.24603944448647,
              28.624249111291498
            ],
            [
              77.2460324339717,
              28.623919899193442
            ],
            [
              77.24556456949723,
              28.623927654847346
            ]
          ]
        ]
      }
    },
    {
      "type": "Feature",
      "properties": {
        "parcel_id": "ULPIN-IND-DL-00031",
        "survey_number": "SY-100/31",
        "landuse": "Residential",
        "area_sqm": 1670.58,
        "owner_name": "Citizen 31 (Registered)",
        "property_tax_val": 4677615
      },
      "geometry": {
        "type": "Polygon",
        "coordinates": [
          [
            [
              77.24557157855465,
              28.624256867050867
            ],
            [
              77.24557858772958,
              28.624586079236803
            ],
            [
              77.24604645511879,
              28.62457832337197
            ],
            [
              77.24603944448647,
              28.624249111291498
            ],
            [
              77.24557157855465,
              28.624256867050867
            ]
          ]
        ]
      }
    },
    {
      "type": "Feature",
      "properties": {
        "parcel_id": "ULPIN-IND-DL-00032",
        "survey_number": "SY-100/32",
        "landuse": "Residential",
        "area_sqm": 1670.58,
        "owner_name": "Citizen 32 (Registered)",
        "property_tax_val": 4677615
      },
      "geometry": {
        "type": "Polygon",
        "coordinates": [
          [
            [
              77.24604645511879,
              28.62457832337197
            ],
            [
              77.24557858772958,
              28.624586079236803
            ],
            [
              77.24558559702206,
              28.624915291405184
            ],
            [
              77.24605346586864,
              28.62490753543487
            ],
            [
              77.24604645511879,
              28.62457832337197
            ]
          ]
        ]
      }
    },
    {
      "type": "Feature",
      "properties": {
        "parcel_id": "ULPIN-IND-DL-00033",
        "survey_number": "SY-100/33",
        "landuse": "Institutional",
        "area_sqm": 1670.58,
        "owner_name": "Citizen 33 (Registered)",
        "property_tax_val": 4677615
      },
      "geometry": {
        "type": "Polygon",
        "coordinates": [
          [
            [
              77.2460324339717,
              28.623919899193442
            ],
            [
              77.24650029826134,
              28.62391214192656
            ],
            [
              77.2464932864068,
              28.62358292991643
            ],
            [
              77.2460254235745,
              28.62359068707783
            ],
            [
              77.2460324339717,
              28.623919899193442
            ]
          ]
        ]
      }
    },
    {
      "type": "Feature",
      "properties": {
        "parcel_id": "ULPIN-IND-DL-00034",
        "survey_number": "SY-100/34",
        "landuse": "Residential",
        "area_sqm": 1670.58,
        "owner_name": "Citizen 34 (Registered)",
        "property_tax_val": 4677615
      },
      "geometry": {
        "type": "Polygon",
        "coordinates": [
          [
            [
              77.2460324339717,
              28.623919899193442
            ],
            [
              77.24603944448647,
              28.624249111291498
            ],
            [
              77.24650731023345,
              28.624241353919114
            ],
            [
              77.24650029826134,
              28.62391214192656
            ],
            [
              77.2460324339717,
              28.623919899193442
            ]
          ]
        ]
      }
    },
    {
      "type": "Feature",
      "properties": {
        "parcel_id": "ULPIN-IND-DL-00035",
        "survey_number": "SY-100/35",
        "landuse": "Mixed-Use",
        "area_sqm": 1670.58,
        "owner_name": "Citizen 35 (Registered)",
        "property_tax_val": 4677615
      },
      "geometry": {
        "type": "Polygon",
        "coordinates": [
          [
            [
              77.24603944448647,
              28.624249111291498
            ],
            [
              77.24604645511879,
              28.62457832337197
            ],
            [
              77.24651432232314,
              28.6245705658941
            ],
            [
              77.24650731023345,
              28.624241353919114
            ],
            [
              77.24603944448647,
              28.624249111291498
            ]
          ]
        ]
      }
    },
    {
      "type": "Feature",
      "properties": {
        "parcel_id": "ULPIN-IND-DL-00036",
        "survey_number": "SY-100/36",
        "landuse": "Residential",
        "area_sqm": 1670.58,
        "owner_name": "Citizen 36 (Registered)",
        "property_tax_val": 4677615
      },
      "geometry": {
        "type": "Polygon",
        "coordinates": [
          [
            [
              77.24651432232314,
              28.6245705658941
            ],
            [
              77.24604645511879,
              28.62457832337197
            ],
            [
              77.24605346586864,
              28.62490753543487
            ],
            [
              77.24652133453039,
              28.624899777851503
            ],
            [
              77.24651432232314,
              28.6245705658941
            ]
          ]
        ]
      }
    },
    {
      "type": "Feature",
      "properties": {
        "parcel_id": "ULPIN-IND-DL-00037",
        "survey_number": "SY-100/37",
        "landuse": "Residential",
        "area_sqm": 1670.58,
        "owner_name": "Citizen 37 (Registered)",
        "property_tax_val": 4677615
      },
      "geometry": {
        "type": "Polygon",
        "coordinates": [
          [
            [
              77.24650029826134,
              28.62391214192656
            ],
            [
              77.2469681623661,
              28.62390438304668
            ],
            [
              77.24696114905426,
              28.623575171142065
            ],
            [
              77.2464932864068,
              28.62358292991643
            ],
            [
              77.24650029826134,
              28.62391214192656
            ]
          ]
        ]
      }
    },
    {
      "type": "Feature",
      "properties": {
        "parcel_id": "ULPIN-IND-DL-00038",
        "survey_number": "SY-100/38",
        "landuse": "Residential",
        "area_sqm": 1670.58,
        "owner_name": "Citizen 38 (Registered)",
        "property_tax_val": 4677615
      },
      "geometry": {
        "type": "Polygon",
        "coordinates": [
          [
            [
              77.24650029826134,
              28.62391214192656
            ],
            [
              77.24650731023345,
              28.624241353919114
            ],
            [
              77.24697517579557,
              28.624233594933727
            ],
            [
              77.2469681623661,
              28.62390438304668
            ],
            [
              77.24650029826134,
              28.62391214192656
            ]
          ]
        ]
      }
    },
    {
      "type": "Feature",
      "properties": {
        "parcel_id": "ULPIN-IND-DL-00039",
        "survey_number": "SY-100/39",
        "landuse": "Vacant/Green",
        "area_sqm": 1670.58,
        "owner_name": "Citizen 39 (Registered)",
        "property_tax_val": 4677615
      },
      "geometry": {
        "type": "Polygon",
        "coordinates": [
          [
            [
              77.24650731023345,
              28.624241353919114
            ],
            [
              77.24651432232314,
              28.6245705658941
            ],
            [
              77.2469821893426,
              28.624562806803194
            ],
            [
              77.24697517579557,
              28.624233594933727
            ],
            [
              77.24650731023345,
              28.624241353919114
            ]
          ]
        ]
      }
    },
    {
      "type": "Feature",
      "properties": {
        "parcel_id": "ULPIN-IND-DL-00040",
        "survey_number": "SY-100/40",
        "landuse": "Residential",
        "area_sqm": 1670.58,
        "owner_name": "Citizen 40 (Registered)",
        "property_tax_val": 4677615
      },
      "geometry": {
        "type": "Polygon",
        "coordinates": [
          [
            [
              77.2469821893426,
              28.624562806803194
            ],
            [
              77.24651432232314,
              28.6245705658941
            ],
            [
              77.24652133453039,
              28.624899777851503
            ],
            [
              77.24698920300727,
              28.62489201865508
            ],
            [
              77.2469821893426,
              28.624562806803194
            ]
          ]
        ]
      }
    },
    {
      "type": "Feature",
      "properties": {
        "parcel_id": "ULPIN-IND-DL-00041",
        "survey_number": "SY-100/41",
        "landuse": "Residential",
        "area_sqm": 1670.58,
        "owner_name": "Citizen 41 (Registered)",
        "property_tax_val": 4677615
      },
      "geometry": {
        "type": "Polygon",
        "coordinates": [
          [
            [
              77.2469681623661,
              28.62390438304668
            ],
            [
              77.24743602628598,
              28.623896622553815
            ],
            [
              77.2474290115168,
              28.623567410754738
            ],
            [
              77.24696114905426,
              28.623575171142065
            ],
            [
              77.2469681623661,
              28.62390438304668
            ]
          ]
        ]
      }
    },
    {
      "type": "Feature",
      "properties": {
        "parcel_id": "ULPIN-IND-DL-00042",
        "survey_number": "SY-100/42",
        "landuse": "Mixed-Use",
        "area_sqm": 1670.58,
        "owner_name": "Citizen 42 (Registered)",
        "property_tax_val": 4677615
      },
      "geometry": {
        "type": "Polygon",
        "coordinates": [
          [
            [
              77.2469681623661,
              28.62390438304668
            ],
            [
              77.24697517579557,
              28.624233594933727
            ],
            [
              77.24744304117277,
              28.624225834335324
            ],
            [
              77.24743602628598,
              28.623896622553815
            ],
            [
              77.2469681623661,
              28.62390438304668
            ]
          ]
        ]
      }
    },
    {
      "type": "Feature",
      "properties": {
        "parcel_id": "ULPIN-IND-DL-00043",
        "survey_number": "SY-100/43",
        "landuse": "Residential",
        "area_sqm": 1670.58,
        "owner_name": "Citizen 43 (Registered)",
        "property_tax_val": 4677615
      },
      "geometry": {
        "type": "Polygon",
        "coordinates": [
          [
            [
              77.24697517579557,
              28.624233594933727
            ],
            [
              77.2469821893426,
              28.624562806803194
            ],
            [
              77.24745005617719,
              28.62455504609925
            ],
            [
              77.24744304117277,
              28.624225834335324
            ],
            [
              77.24697517579557,
              28.624233594933727
            ]
          ]
        ]
      }
    },
    {
      "type": "Feature",
      "properties": {
        "parcel_id": "ULPIN-IND-DL-00044",
        "survey_number": "SY-100/44",
        "landuse": "Institutional",
        "area_sqm": 1670.58,
        "owner_name": "Citizen 44 (Registered)",
        "property_tax_val": 4677615
      },
      "geometry": {
        "type": "Polygon",
        "coordinates": [
          [
            [
              77.24745005617719,
              28.62455504609925
            ],
            [
              77.2469821893426,
              28.624562806803194
            ],
            [
              77.24698920300727,
              28.62489201865508
            ],
            [
              77.24745707129922,
              28.624884257845597
            ],
            [
              77.24745005617719,
              28.62455504609925
            ]
          ]
        ]
      }
    },
    {
      "type": "Feature",
      "properties": {
        "parcel_id": "ULPIN-IND-DL-00045",
        "survey_number": "SY-100/45",
        "landuse": "Residential",
        "area_sqm": 1670.58,
        "owner_name": "Citizen 45 (Registered)",
        "property_tax_val": 4677615
      },
      "geometry": {
        "type": "Polygon",
        "coordinates": [
          [
            [
              77.24743602628598,
              28.623896622553815
            ],
            [
              77.2479038900209,
              28.62388886044796
            ],
            [
              77.2478968737944,
              28.623559648754437
            ],
            [
              77.2474290115168,
              28.623567410754738
            ],
            [
              77.24743602628598,
              28.623896622553815
            ]
          ]
        ]
      }
    },
    {
      "type": "Feature",
      "properties": {
        "parcel_id": "ULPIN-IND-DL-00046",
        "survey_number": "SY-100/46",
        "landuse": "Residential",
        "area_sqm": 1670.58,
        "owner_name": "Citizen 46 (Registered)",
        "property_tax_val": 4677615
      },
      "geometry": {
        "type": "Polygon",
        "coordinates": [
          [
            [
              77.24743602628598,
              28.623896622553815
            ],
            [
              77.24744304117277,
              28.624225834335324
            ],
            [
              77.24791090636502,
              28.624218072123913
            ],
            [
              77.2479038900209,
              28.62388886044796
            ],
            [
              77.24743602628598,
              28.623896622553815
            ]
          ]
        ]
      }
    },
    {
      "type": "Feature",
      "properties": {
        "parcel_id": "ULPIN-IND-DL-00047",
        "survey_number": "SY-100/47",
        "landuse": "Residential",
        "area_sqm": 1670.58,
        "owner_name": "Citizen 47 (Registered)",
        "property_tax_val": 4677615
      },
      "geometry": {
        "type": "Polygon",
        "coordinates": [
          [
            [
              77.24744304117277,
              28.624225834335324
            ],
            [
              77.24745005617719,
              28.62455504609925
            ],
            [
              77.2479179228268,
              28.62454728378228
            ],
            [
              77.24791090636502,
              28.624218072123913
            ],
            [
              77.24744304117277,
              28.624225834335324
            ]
          ]
        ]
      }
    },
    {
      "type": "Feature",
      "properties": {
        "parcel_id": "ULPIN-IND-DL-00048",
        "survey_number": "SY-100/48",
        "landuse": "Residential",
        "area_sqm": 1670.58,
        "owner_name": "Citizen 48 (Registered)",
        "property_tax_val": 4677615
      },
      "geometry": {
        "type": "Polygon",
        "coordinates": [
          [
            [
              77.2479179228268,
              28.62454728378228
            ],
            [
              77.24745005617719,
              28.62455504609925
            ],
            [
              77.24745707129922,
              28.624884257845597
            ],
            [
              77.24792493940623,
              28.624876495423074
            ],
            [
              77.2479179228268,
              28.62454728378228
            ]
          ]
        ]
      }
    },
    {
      "type": "Feature",
      "properties": {
        "parcel_id": "ULPIN-IND-DL-00049",
        "survey_number": "SY-100/49",
        "landuse": "Mixed-Use",
        "area_sqm": 1670.58,
        "owner_name": "Citizen 49 (Registered)",
        "property_tax_val": 4677615
      },
      "geometry": {
        "type": "Polygon",
        "coordinates": [
          [
            [
              77.24836473588704,
              28.62355188514119
            ],
            [
              77.2478968737944,
              28.623559648754437
            ],
            [
              77.2479038900209,
              28.62388886044796
            ],
            [
              77.24837175357082,
              28.62388109672913
            ],
            [
              77.24836473588704,
              28.62355188514119
            ]
          ]
        ]
      }
    },
    {
      "type": "Feature",
      "properties": {
        "parcel_id": "ULPIN-IND-DL-00050",
        "survey_number": "SY-100/50",
        "landuse": "Residential",
        "area_sqm": 1670.58,
        "owner_name": "Citizen 50 (Registered)",
        "property_tax_val": 4677615
      },
      "geometry": {
        "type": "Polygon",
        "coordinates": [
          [
            [
              77.24837175357082,
              28.62388109672913
            ],
            [
              77.2479038900209,
              28.62388886044796
            ],
            [
              77.24791090636502,
              28.624218072123913
            ],
            [
              77.24837877137229,
              28.624210308299496
            ],
            [
              77.24837175357082,
              28.62388109672913
            ]
          ]
        ]
      }
    },
    {
      "type": "Feature",
      "properties": {
        "parcel_id": "ULPIN-IND-DL-00051",
        "survey_number": "SY-100/51",
        "landuse": "Residential",
        "area_sqm": 1670.58,
        "owner_name": "Citizen 51 (Registered)",
        "property_tax_val": 4677615
      },
      "geometry": {
        "type": "Polygon",
        "coordinates": [
          [
            [
              77.24837877137229,
              28.624210308299496
            ],
            [
              77.24791090636502,
              28.624218072123913
            ],
            [
              77.2479179228268,
              28.62454728378228
            ],
            [
              77.24838578929143,
              28.624539519852284
            ],
            [
              77.24837877137229,
              28.624210308299496
            ]
          ]
        ]
      }
    },
    {
      "type": "Feature",
      "properties": {
        "parcel_id": "ULPIN-IND-DL-00052",
        "survey_number": "SY-100/52",
        "landuse": "Vacant/Green",
        "area_sqm": 1670.58,
        "owner_name": "Citizen 52 (Registered)",
        "property_tax_val": 4677615
      },
      "geometry": {
        "type": "Polygon",
        "coordinates": [
          [
            [
              77.24838578929143,
              28.624539519852284
            ],
            [
              77.2479179228268,
              28.62454728378228
            ],
            [
              77.24792493940623,
              28.624876495423074
            ],
            [
              77.24839280732823,
              28.624868731387494
            ],
            [
              77.24838578929143,
              28.624539519852284
            ]
          ]
        ]
      }
    },
    {
      "type": "Feature",
      "properties": {
        "parcel_id": "ULPIN-IND-DL-00053",
        "survey_number": "SY-101/53",
        "landuse": "Commercial",
        "area_sqm": 1739.23,
        "owner_name": "Citizen 53 (Registered)",
        "property_tax_val": 7826538
      },
      "geometry": {
        "type": "Polygon",
        "coordinates": [
          [
            [
              77.24278720283876,
              28.625376691651898
            ],
            [
              77.24277991444546,
              28.625033949580644
            ],
            [
              77.24231204398664,
              28.625041694282565
            ],
            [
              77.24231933086261,
              28.625384436463463
            ],
            [
              77.24278720283876,
              28.625376691651898
            ]
          ]
        ]
      }
    },
    {
      "type": "Feature",
      "properties": {
        "parcel_id": "ULPIN-IND-DL-00054",
        "survey_number": "SY-101/54",
        "landuse": "Commercial",
        "area_sqm": 1739.23,
        "owner_name": "Citizen 54 (Registered)",
        "property_tax_val": 7826538
      },
      "geometry": {
        "type": "Polygon",
        "coordinates": [
          [
            [
              77.24279449135928,
              28.62571943370411
            ],
            [
              77.24278720283876,
              28.625376691651898
            ],
            [
              77.24231933086261,
              28.625384436463463
            ],
            [
              77.24232661786576,
              28.625727178625322
            ],
            [
              77.24279449135928,
              28.62571943370411
            ]
          ]
        ]
      }
    },
    {
      "type": "Feature",
      "properties": {
        "parcel_id": "ULPIN-IND-DL-00055",
        "survey_number": "SY-101/55",
        "landuse": "Commercial",
        "area_sqm": 1739.23,
        "owner_name": "Citizen 55 (Registered)",
        "property_tax_val": 7826538
      },
      "geometry": {
        "type": "Polygon",
        "coordinates": [
          [
            [
              77.24280178000704,
              28.626062175737275
            ],
            [
              77.24279449135928,
              28.62571943370411
            ],
            [
              77.24232661786576,
              28.625727178625322
            ],
            [
              77.24233390499613,
              28.62606992076814
            ],
            [
              77.24280178000704,
              28.626062175737275
            ]
          ]
        ]
      }
    },
    {
      "type": "Feature",
      "properties": {
        "parcel_id": "ULPIN-IND-DL-00056",
        "survey_number": "SY-101/56",
        "landuse": "Commercial",
        "area_sqm": 1739.23,
        "owner_name": "Citizen 56 (Registered)",
        "property_tax_val": 7826538
      },
      "geometry": {
        "type": "Polygon",
        "coordinates": [
          [
            [
              77.24280906878202,
              28.6264049177514
            ],
            [
              77.24280178000704,
              28.626062175737275
            ],
            [
              77.24233390499613,
              28.62606992076814
            ],
            [
              77.24234119225369,
              28.626412662891916
            ],
            [
              77.24280906878202,
              28.6264049177514
            ]
          ]
        ]
      }
    },
    {
      "type": "Feature",
      "properties": {
        "parcel_id": "ULPIN-IND-DL-00057",
        "survey_number": "SY-101/57",
        "landuse": "Commercial",
        "area_sqm": 1739.23,
        "owner_name": "Citizen 57 (Registered)",
        "property_tax_val": 7826538
      },
      "geometry": {
        "type": "Polygon",
        "coordinates": [
          [
            [
              77.24280906878202,
              28.6264049177514
            ],
            [
              77.24234119225369,
              28.626412662891916
            ],
            [
              77.24234847963848,
              28.626755404996647
            ],
            [
              77.24281635768425,
              28.62674765974648
            ],
            [
              77.24280906878202,
              28.6264049177514
            ]
          ]
        ]
      }
    },
    {
      "type": "Feature",
      "properties": {
        "parcel_id": "ULPIN-IND-DL-00058",
        "survey_number": "SY-101/58",
        "landuse": "Commercial",
        "area_sqm": 1739.23,
        "owner_name": "Citizen 58 (Registered)",
        "property_tax_val": 7826538
      },
      "geometry": {
        "type": "Polygon",
        "coordinates": [
          [
            [
              77.24278720283876,
              28.625376691651898
            ],
            [
              77.24325507463034,
              28.625368945227226
            ],
            [
              77.24324778471971,
              28.625026203265644
            ],
            [
              77.24277991444546,
              28.625033949580644
            ],
            [
              77.24278720283876,
              28.625376691651898
            ]
          ]
        ]
      }
    },
    {
      "type": "Feature",
      "properties": {
        "parcel_id": "ULPIN-IND-DL-00059",
        "survey_number": "SY-101/59",
        "landuse": "Commercial",
        "area_sqm": 1739.23,
        "owner_name": "Citizen 59 (Registered)",
        "property_tax_val": 7826538
      },
      "geometry": {
        "type": "Polygon",
        "coordinates": [
          [
            [
              77.24278720283876,
              28.625376691651898
            ],
            [
              77.24279449135928,
              28.62571943370411
            ],
            [
              77.24326236466823,
              28.62571168716977
            ],
            [
              77.24325507463034,
              28.625368945227226
            ],
            [
              77.24278720283876,
              28.625376691651898
            ]
          ]
        ]
      }
    },
    {
      "type": "Feature",
      "properties": {
        "parcel_id": "ULPIN-IND-DL-00060",
        "survey_number": "SY-101/60",
        "landuse": "Commercial",
        "area_sqm": 1739.23,
        "owner_name": "Citizen 60 (Registered)",
        "property_tax_val": 7826538
      },
      "geometry": {
        "type": "Polygon",
        "coordinates": [
          [
            [
              77.24279449135928,
              28.62571943370411
            ],
            [
              77.24280178000704,
              28.626062175737275
            ],
            [
              77.24326965483337,
              28.626054429093262
            ],
            [
              77.24326236466823,
              28.62571168716977
            ],
            [
              77.24279449135928,
              28.62571943370411
            ]
          ]
        ]
      }
    },
    {
      "type": "Feature",
      "properties": {
        "parcel_id": "ULPIN-IND-DL-00061",
        "survey_number": "SY-101/61",
        "landuse": "Commercial",
        "area_sqm": 1739.23,
        "owner_name": "Citizen 61 (Registered)",
        "property_tax_val": 7826538
      },
      "geometry": {
        "type": "Polygon",
        "coordinates": [
          [
            [
              77.24280178000704,
              28.626062175737275
            ],
            [
              77.24280906878202,
              28.6264049177514
            ],
            [
              77.24327694512577,
              28.626397170997713
            ],
            [
              77.24326965483337,
              28.626054429093262
            ],
            [
              77.24280178000704,
              28.626062175737275
            ]
          ]
        ]
      }
    },
    {
      "type": "Feature",
      "properties": {
        "parcel_id": "ULPIN-IND-DL-00062",
        "survey_number": "SY-101/62",
        "landuse": "Commercial",
        "area_sqm": 1739.23,
        "owner_name": "Citizen 62 (Registered)",
        "property_tax_val": 7826538
      },
      "geometry": {
        "type": "Polygon",
        "coordinates": [
          [
            [
              77.24327694512577,
              28.626397170997713
            ],
            [
              77.24280906878202,
              28.6264049177514
            ],
            [
              77.24281635768425,
              28.62674765974648
            ],
            [
              77.24328423554543,
              28.62673991288312
            ],
            [
              77.24327694512577,
              28.626397170997713
            ]
          ]
        ]
      }
    },
    {
      "type": "Feature",
      "properties": {
        "parcel_id": "ULPIN-IND-DL-00063",
        "survey_number": "SY-101/63",
        "landuse": "Commercial",
        "area_sqm": 1739.23,
        "owner_name": "Citizen 63 (Registered)",
        "property_tax_val": 7826538
      },
      "geometry": {
        "type": "Polygon",
        "coordinates": [
          [
            [
              77.24325507463034,
              28.625368945227226
            ],
            [
              77.24372294623731,
              28.625361197189456
            ],
            [
              77.24371565480935,
              28.625018455337568
            ],
            [
              77.24324778471971,
              28.625026203265644
            ],
            [
              77.24325507463034,
              28.625368945227226
            ]
          ]
        ]
      }
    },
    {
      "type": "Feature",
      "properties": {
        "parcel_id": "ULPIN-IND-DL-00064",
        "survey_number": "SY-101/64",
        "landuse": "Commercial",
        "area_sqm": 1739.23,
        "owner_name": "Citizen 64 (Registered)",
        "property_tax_val": 7826538
      },
      "geometry": {
        "type": "Polygon",
        "coordinates": [
          [
            [
              77.24325507463034,
              28.625368945227226
            ],
            [
              77.24326236466823,
              28.62571168716977
            ],
            [
              77.24373023779256,
              28.6257039390223
            ],
            [
              77.24372294623731,
              28.625361197189456
            ],
            [
              77.24325507463034,
              28.625368945227226
            ]
          ]
        ]
      }
    },
    {
      "type": "Feature",
      "properties": {
        "parcel_id": "ULPIN-IND-DL-00065",
        "survey_number": "SY-101/65",
        "landuse": "Commercial",
        "area_sqm": 1739.23,
        "owner_name": "Citizen 65 (Registered)",
        "property_tax_val": 7826538
      },
      "geometry": {
        "type": "Polygon",
        "coordinates": [
          [
            [
              77.24326236466823,
              28.62571168716977
            ],
            [
              77.24326965483337,
              28.626054429093262
            ],
            [
              77.24373752947508,
              28.626046680836094
            ],
            [
              77.24373023779256,
              28.6257039390223
            ],
            [
              77.24326236466823,
              28.62571168716977
            ]
          ]
        ]
      }
    },
    {
      "type": "Feature",
      "properties": {
        "parcel_id": "ULPIN-IND-DL-00066",
        "survey_number": "SY-101/66",
        "landuse": "Commercial",
        "area_sqm": 1739.23,
        "owner_name": "Citizen 66 (Registered)",
        "property_tax_val": 7826538
      },
      "geometry": {
        "type": "Polygon",
        "coordinates": [
          [
            [
              77.24326965483337,
              28.626054429093262
            ],
            [
              77.24327694512577,
              28.626397170997713
            ],
            [
              77.2437448212849,
              28.626389422630858
            ],
            [
              77.24373752947508,
              28.626046680836094
            ],
            [
              77.24326965483337,
              28.626054429093262
            ]
          ]
        ]
      }
    },
    {
      "type": "Feature",
      "properties": {
        "parcel_id": "ULPIN-IND-DL-00067",
        "survey_number": "SY-101/67",
        "landuse": "Commercial",
        "area_sqm": 1739.23,
        "owner_name": "Citizen 67 (Registered)",
        "property_tax_val": 7826538
      },
      "geometry": {
        "type": "Polygon",
        "coordinates": [
          [
            [
              77.2437448212849,
              28.626389422630858
            ],
            [
              77.24327694512577,
              28.626397170997713
            ],
            [
              77.24328423554543,
              28.62673991288312
            ],
            [
              77.243752113222,
              28.626732164406572
            ],
            [
              77.2437448212849,
              28.626389422630858
            ]
          ]
        ]
      }
    },
    {
      "type": "Feature",
      "properties": {
        "parcel_id": "ULPIN-IND-DL-00068",
        "survey_number": "SY-101/68",
        "landuse": "Commercial",
        "area_sqm": 1739.23,
        "owner_name": "Citizen 68 (Registered)",
        "property_tax_val": 7826538
      },
      "geometry": {
        "type": "Polygon",
        "coordinates": [
          [
            [
              77.24372294623731,
              28.625361197189456
            ],
            [
              77.24419081765963,
              28.625353447538583
            ],
            [
              77.24418352471434,
              28.625010705796413
            ],
            [
              77.24371565480935,
              28.625018455337568
            ],
            [
              77.24372294623731,
              28.625361197189456
            ]
          ]
        ]
      }
    },
    {
      "type": "Feature",
      "properties": {
        "parcel_id": "ULPIN-IND-DL-00069",
        "survey_number": "SY-101/69",
        "landuse": "Commercial",
        "area_sqm": 1739.23,
        "owner_name": "Citizen 69 (Registered)",
        "property_tax_val": 7826538
      },
      "geometry": {
        "type": "Polygon",
        "coordinates": [
          [
            [
              77.24372294623731,
              28.625361197189456
            ],
            [
              77.24373023779256,
              28.6257039390223
            ],
            [
              77.24419811073223,
              28.625696189261717
            ],
            [
              77.24419081765963,
              28.625353447538583
            ],
            [
              77.24372294623731,
              28.625361197189456
            ]
          ]
        ]
      }
    },
    {
      "type": "Feature",
      "properties": {
        "parcel_id": "ULPIN-IND-DL-00070",
        "survey_number": "SY-101/70",
        "landuse": "Commercial",
        "area_sqm": 1739.23,
        "owner_name": "Citizen 70 (Registered)",
        "property_tax_val": 7826538
      },
      "geometry": {
        "type": "Polygon",
        "coordinates": [
          [
            [
              77.24373023779256,
              28.6257039390223
            ],
            [
              77.24373752947508,
              28.626046680836094
            ],
            [
              77.24420540393216,
              28.626038930965798
            ],
            [
              77.24419811073223,
              28.625696189261717
            ],
            [
              77.24373023779256,
              28.6257039390223
            ]
          ]
        ]
      }
    },
    {
      "type": "Feature",
      "properties": {
        "parcel_id": "ULPIN-IND-DL-00071",
        "survey_number": "SY-101/71",
        "landuse": "Commercial",
        "area_sqm": 1739.23,
        "owner_name": "Citizen 71 (Registered)",
        "property_tax_val": 7826538
      },
      "geometry": {
        "type": "Polygon",
        "coordinates": [
          [
            [
              77.24373752947508,
              28.626046680836094
            ],
            [
              77.2437448212849,
              28.626389422630858
            ],
            [
              77.24421269725937,
              28.626381672650833
            ],
            [
              77.24420540393216,
              28.626038930965798
            ],
            [
              77.24373752947508,
              28.626046680836094
            ]
          ]
        ]
      }
    },
    {
      "type": "Feature",
      "properties": {
        "parcel_id": "ULPIN-IND-DL-00072",
        "survey_number": "SY-101/72",
        "landuse": "Commercial",
        "area_sqm": 1739.23,
        "owner_name": "Citizen 72 (Registered)",
        "property_tax_val": 7826538
      },
      "geometry": {
        "type": "Polygon",
        "coordinates": [
          [
            [
              77.24421269725937,
              28.626381672650833
            ],
            [
              77.2437448212849,
              28.626389422630858
            ],
            [
              77.243752113222,
              28.626732164406572
            ],
            [
              77.24421999071392,
              28.62672441431683
            ],
            [
              77.24421269725937,
              28.626381672650833
            ]
          ]
        ]
      }
    },
    {
      "type": "Feature",
      "properties": {
        "parcel_id": "ULPIN-IND-DL-00073",
        "survey_number": "SY-101/73",
        "landuse": "Commercial",
        "area_sqm": 1739.23,
        "owner_name": "Citizen 73 (Registered)",
        "property_tax_val": 7826538
      },
      "geometry": {
        "type": "Polygon",
        "coordinates": [
          [
            [
              77.24419081765963,
              28.625353447538583
            ],
            [
              77.24465868889726,
              28.62534569627462
            ],
            [
              77.24465139443464,
              28.62500295464219
            ],
            [
              77.24418352471434,
              28.625010705796413
            ],
            [
              77.24419081765963,
              28.625353447538583
            ]
          ]
        ]
      }
    },
    {
      "type": "Feature",
      "properties": {
        "parcel_id": "ULPIN-IND-DL-00074",
        "survey_number": "SY-101/74",
        "landuse": "Commercial",
        "area_sqm": 1739.23,
        "owner_name": "Citizen 74 (Registered)",
        "property_tax_val": 7826538
      },
      "geometry": {
        "type": "Polygon",
        "coordinates": [
          [
            [
              77.24419081765963,
              28.625353447538583
            ],
            [
              77.24419811073223,
              28.625696189261717
            ],
            [
              77.24466598348722,
              28.62568843788801
            ],
            [
              77.24465868889726,
              28.62534569627462
            ],
            [
              77.24419081765963,
              28.625353447538583
            ]
          ]
        ]
      }
    },
    {
      "type": "Feature",
      "properties": {
        "parcel_id": "ULPIN-IND-DL-00075",
        "survey_number": "SY-101/75",
        "landuse": "Commercial",
        "area_sqm": 1739.23,
        "owner_name": "Citizen 75 (Registered)",
        "property_tax_val": 7826538
      },
      "geometry": {
        "type": "Polygon",
        "coordinates": [
          [
            [
              77.24419811073223,
              28.625696189261717
            ],
            [
              77.24420540393216,
              28.626038930965798
            ],
            [
              77.24467327820452,
              28.626031179482357
            ],
            [
              77.24466598348722,
              28.62568843788801
            ],
            [
              77.24419811073223,
              28.625696189261717
            ]
          ]
        ]
      }
    },
    {
      "type": "Feature",
      "properties": {
        "parcel_id": "ULPIN-IND-DL-00076",
        "survey_number": "SY-101/76",
        "landuse": "Commercial",
        "area_sqm": 1739.23,
        "owner_name": "Citizen 76 (Registered)",
        "property_tax_val": 7826538
      },
      "geometry": {
        "type": "Polygon",
        "coordinates": [
          [
            [
              77.24420540393216,
              28.626038930965798
            ],
            [
              77.24421269725937,
              28.626381672650833
            ],
            [
              77.24468057304915,
              28.626373921057652
            ],
            [
              77.24467327820452,
              28.626031179482357
            ],
            [
              77.24420540393216,
              28.626038930965798
            ]
          ]
        ]
      }
    },
    {
      "type": "Feature",
      "properties": {
        "parcel_id": "ULPIN-IND-DL-00077",
        "survey_number": "SY-101/77",
        "landuse": "Commercial",
        "area_sqm": 1739.23,
        "owner_name": "Citizen 77 (Registered)",
        "property_tax_val": 7826538
      },
      "geometry": {
        "type": "Polygon",
        "coordinates": [
          [
            [
              77.24468057304915,
              28.626373921057652
            ],
            [
              77.24421269725937,
              28.626381672650833
            ],
            [
              77.24421999071392,
              28.62672441431683
            ],
            [
              77.24468786802112,
              28.626716662613905
            ],
            [
              77.24468057304915,
              28.626373921057652
            ]
          ]
        ]
      }
    },
    {
      "type": "Feature",
      "properties": {
        "parcel_id": "ULPIN-IND-DL-00078",
        "survey_number": "SY-101/78",
        "landuse": "Commercial",
        "area_sqm": 1739.23,
        "owner_name": "Citizen 78 (Registered)",
        "property_tax_val": 7826538
      },
      "geometry": {
        "type": "Polygon",
        "coordinates": [
          [
            [
              77.24465868889726,
              28.62534569627462
            ],
            [
              77.24512655995017,
              28.625337943397565
            ],
            [
              77.24511926397022,
              28.6249952018749
            ],
            [
              77.24465139443464,
              28.62500295464219
            ],
            [
              77.24465868889726,
              28.62534569627462
            ]
          ]
        ]
      }
    },
    {
      "type": "Feature",
      "properties": {
        "parcel_id": "ULPIN-IND-DL-00079",
        "survey_number": "SY-101/79",
        "landuse": "Commercial",
        "area_sqm": 1739.23,
        "owner_name": "Citizen 79 (Registered)",
        "property_tax_val": 7826538
      },
      "geometry": {
        "type": "Polygon",
        "coordinates": [
          [
            [
              77.24465868889726,
              28.62534569627462
            ],
            [
              77.24466598348722,
              28.62568843788801
            ],
            [
              77.24513385605748,
              28.625680684901198
            ],
            [
              77.24512655995017,
              28.625337943397565
            ],
            [
              77.24465868889726,
              28.62534569627462
            ]
          ]
        ]
      }
    },
    {
      "type": "Feature",
      "properties": {
        "parcel_id": "ULPIN-IND-DL-00080",
        "survey_number": "SY-101/80",
        "landuse": "Commercial",
        "area_sqm": 1739.23,
        "owner_name": "Citizen 80 (Registered)",
        "property_tax_val": 7826538
      },
      "geometry": {
        "type": "Polygon",
        "coordinates": [
          [
            [
              77.24466598348722,
              28.62568843788801
            ],
            [
              77.24467327820452,
              28.626031179482357
            ],
            [
              77.24514115229216,
              28.62602342638577
            ],
            [
              77.24513385605748,
              28.625680684901198
            ],
            [
              77.24466598348722,
              28.62568843788801
            ]
          ]
        ]
      }
    },
    {
      "type": "Feature",
      "properties": {
        "parcel_id": "ULPIN-IND-DL-00081",
        "survey_number": "SY-101/81",
        "landuse": "Commercial",
        "area_sqm": 1739.23,
        "owner_name": "Citizen 81 (Registered)",
        "property_tax_val": 7826538
      },
      "geometry": {
        "type": "Polygon",
        "coordinates": [
          [
            [
              77.24467327820452,
              28.626031179482357
            ],
            [
              77.24468057304915,
              28.626373921057652
            ],
            [
              77.2451484486542,
              28.6263661678513
            ],
            [
              77.24514115229216,
              28.62602342638577
            ],
            [
              77.24467327820452,
              28.626031179482357
            ]
          ]
        ]
      }
    },
    {
      "type": "Feature",
      "properties": {
        "parcel_id": "ULPIN-IND-DL-00082",
        "survey_number": "SY-101/82",
        "landuse": "Commercial",
        "area_sqm": 1739.23,
        "owner_name": "Citizen 82 (Registered)",
        "property_tax_val": 7826538
      },
      "geometry": {
        "type": "Polygon",
        "coordinates": [
          [
            [
              77.2451484486542,
              28.6263661678513
            ],
            [
              77.24468057304915,
              28.626373921057652
            ],
            [
              77.24468786802112,
              28.626716662613905
            ],
            [
              77.2451557451436,
              28.62670890929779
            ],
            [
              77.2451484486542,
              28.6263661678513
            ]
          ]
        ]
      }
    },
    {
      "type": "Feature",
      "properties": {
        "parcel_id": "ULPIN-IND-DL-00083",
        "survey_number": "SY-101/83",
        "landuse": "Commercial",
        "area_sqm": 1739.23,
        "owner_name": "Citizen 83 (Registered)",
        "property_tax_val": 7826538
      },
      "geometry": {
        "type": "Polygon",
        "coordinates": [
          [
            [
              77.24512655995017,
              28.625337943397565
            ],
            [
              77.24559443081831,
              28.625330188907423
            ],
            [
              77.24558713332104,
              28.624987447494533
            ],
            [
              77.24511926397022,
              28.6249952018749
            ],
            [
              77.24512655995017,
              28.625337943397565
            ]
          ]
        ]
      }
    },
    {
      "type": "Feature",
      "properties": {
        "parcel_id": "ULPIN-IND-DL-00084",
        "survey_number": "SY-101/84",
        "landuse": "Commercial",
        "area_sqm": 1739.23,
        "owner_name": "Citizen 84 (Registered)",
        "property_tax_val": 7826538
      },
      "geometry": {
        "type": "Polygon",
        "coordinates": [
          [
            [
              77.24512655995017,
              28.625337943397565
            ],
            [
              77.24513385605748,
              28.625680684901198
            ],
            [
              77.24560172844298,
              28.625672930301263
            ],
            [
              77.24559443081831,
              28.625330188907423
            ],
            [
              77.24512655995017,
              28.625337943397565
            ]
          ]
        ]
      }
    },
    {
      "type": "Feature",
      "properties": {
        "parcel_id": "ULPIN-IND-DL-00085",
        "survey_number": "SY-101/85",
        "landuse": "Commercial",
        "area_sqm": 1739.23,
        "owner_name": "Citizen 85 (Registered)",
        "property_tax_val": 7826538
      },
      "geometry": {
        "type": "Polygon",
        "coordinates": [
          [
            [
              77.24513385605748,
              28.625680684901198
            ],
            [
              77.24514115229216,
              28.62602342638577
            ],
            [
              77.24560902619501,
              28.626015671676054
            ],
            [
              77.24560172844298,
              28.625672930301263
            ],
            [
              77.24513385605748,
              28.625680684901198
            ]
          ]
        ]
      }
    },
    {
      "type": "Feature",
      "properties": {
        "parcel_id": "ULPIN-IND-DL-00086",
        "survey_number": "SY-101/86",
        "landuse": "Commercial",
        "area_sqm": 1739.23,
        "owner_name": "Citizen 86 (Registered)",
        "property_tax_val": 7826538
      },
      "geometry": {
        "type": "Polygon",
        "coordinates": [
          [
            [
              77.24514115229216,
              28.62602342638577
            ],
            [
              77.2451484486542,
              28.6263661678513
            ],
            [
              77.24561632407446,
              28.6263584130318
            ],
            [
              77.24560902619501,
              28.626015671676054
            ],
            [
              77.24514115229216,
              28.62602342638577
            ]
          ]
        ]
      }
    },
    {
      "type": "Feature",
      "properties": {
        "parcel_id": "ULPIN-IND-DL-00087",
        "survey_number": "SY-101/87",
        "landuse": "Commercial",
        "area_sqm": 1739.23,
        "owner_name": "Citizen 87 (Registered)",
        "property_tax_val": 7826538
      },
      "geometry": {
        "type": "Polygon",
        "coordinates": [
          [
            [
              77.24561632407446,
              28.6263584130318
            ],
            [
              77.2451484486542,
              28.6263661678513
            ],
            [
              77.2451557451436,
              28.62670890929779
            ],
            [
              77.24562362208131,
              28.626701154368497
            ],
            [
              77.24561632407446,
              28.6263584130318
            ]
          ]
        ]
      }
    },
    {
      "type": "Feature",
      "properties": {
        "parcel_id": "ULPIN-IND-DL-00088",
        "survey_number": "SY-101/88",
        "landuse": "Commercial",
        "area_sqm": 1739.23,
        "owner_name": "Citizen 88 (Registered)",
        "property_tax_val": 7826538
      },
      "geometry": {
        "type": "Polygon",
        "coordinates": [
          [
            [
              77.24559443081831,
              28.625330188907423
            ],
            [
              77.24606230150165,
              28.62532243280419
            ],
            [
              77.24605500248705,
              28.624979691501107
            ],
            [
              77.24558713332104,
              28.624987447494533
            ],
            [
              77.24559443081831,
              28.625330188907423
            ]
          ]
        ]
      }
    },
    {
      "type": "Feature",
      "properties": {
        "parcel_id": "ULPIN-IND-DL-00089",
        "survey_number": "SY-101/89",
        "landuse": "Commercial",
        "area_sqm": 1739.23,
        "owner_name": "Citizen 89 (Registered)",
        "property_tax_val": 7826538
      },
      "geometry": {
        "type": "Polygon",
        "coordinates": [
          [
            [
              77.24559443081831,
              28.625330188907423
            ],
            [
              77.24560172844298,
              28.625672930301263
            ],
            [
              77.24606960064366,
              28.625665174088216
            ],
            [
              77.24606230150165,
              28.62532243280419
            ],
            [
              77.24559443081831,
              28.625330188907423
            ]
          ]
        ]
      }
    },
    {
      "type": "Feature",
      "properties": {
        "parcel_id": "ULPIN-IND-DL-00090",
        "survey_number": "SY-101/90",
        "landuse": "Commercial",
        "area_sqm": 1739.23,
        "owner_name": "Citizen 90 (Registered)",
        "property_tax_val": 7826538
      },
      "geometry": {
        "type": "Polygon",
        "coordinates": [
          [
            [
              77.24560172844298,
              28.625672930301263
            ],
            [
              77.24560902619501,
              28.626015671676054
            ],
            [
              77.24607689991308,
              28.626007915353203
            ],
            [
              77.24606960064366,
              28.625665174088216
            ],
            [
              77.24560172844298,
              28.625672930301263
            ]
          ]
        ]
      }
    },
    {
      "type": "Feature",
      "properties": {
        "parcel_id": "ULPIN-IND-DL-00091",
        "survey_number": "SY-101/91",
        "landuse": "Commercial",
        "area_sqm": 1739.23,
        "owner_name": "Citizen 91 (Registered)",
        "property_tax_val": 7826538
      },
      "geometry": {
        "type": "Polygon",
        "coordinates": [
          [
            [
              77.24560902619501,
              28.626015671676054
            ],
            [
              77.24561632407446,
              28.6263584130318
            ],
            [
              77.24608419930992,
              28.62635065659914
            ],
            [
              77.24607689991308,
              28.626007915353203
            ],
            [
              77.24560902619501,
              28.626015671676054
            ]
          ]
        ]
      }
    },
    {
      "type": "Feature",
      "properties": {
        "parcel_id": "ULPIN-IND-DL-00092",
        "survey_number": "SY-101/92",
        "landuse": "Commercial",
        "area_sqm": 1739.23,
        "owner_name": "Citizen 92 (Registered)",
        "property_tax_val": 7826538
      },
      "geometry": {
        "type": "Polygon",
        "coordinates": [
          [
            [
              77.24608419930992,
              28.62635065659914
            ],
            [
              77.24561632407446,
              28.6263584130318
            ],
            [
              77.24562362208131,
              28.626701154368497
            ],
            [
              77.24609149883419,
              28.62669339782603
            ],
            [
              77.24608419930992,
              28.62635065659914
            ]
          ]
        ]
      }
    },
    {
      "type": "Feature",
      "properties": {
        "parcel_id": "ULPIN-IND-DL-00093",
        "survey_number": "SY-101/93",
        "landuse": "Commercial",
        "area_sqm": 1739.23,
        "owner_name": "Citizen 93 (Registered)",
        "property_tax_val": 7826538
      },
      "geometry": {
        "type": "Polygon",
        "coordinates": [
          [
            [
              77.24606230150165,
              28.62532243280419
            ],
            [
              77.24653017200015,
              28.62531467508786
            ],
            [
              77.24652287146823,
              28.624971933894614
            ],
            [
              77.24605500248705,
              28.624979691501107
            ],
            [
              77.24606230150165,
              28.62532243280419
            ]
          ]
        ]
      }
    },
    {
      "type": "Feature",
      "properties": {
        "parcel_id": "ULPIN-IND-DL-00094",
        "survey_number": "SY-101/94",
        "landuse": "Commercial",
        "area_sqm": 1739.23,
        "owner_name": "Citizen 94 (Registered)",
        "property_tax_val": 7826538
      },
      "geometry": {
        "type": "Polygon",
        "coordinates": [
          [
            [
              77.24606230150165,
              28.62532243280419
            ],
            [
              77.24606960064366,
              28.625665174088216
            ],
            [
              77.24653747265951,
              28.62565741626207
            ],
            [
              77.24653017200015,
              28.62531467508786
            ],
            [
              77.24606230150165,
              28.62532243280419
            ]
          ]
        ]
      }
    },
    {
      "type": "Feature",
      "properties": {
        "parcel_id": "ULPIN-IND-DL-00095",
        "survey_number": "SY-101/95",
        "landuse": "Commercial",
        "area_sqm": 1739.23,
        "owner_name": "Citizen 95 (Registered)",
        "property_tax_val": 7826538
      },
      "geometry": {
        "type": "Polygon",
        "coordinates": [
          [
            [
              77.24606960064366,
              28.625665174088216
            ],
            [
              77.24607689991308,
              28.626007915353203
            ],
            [
              77.2465447734463,
              28.626000157417213
            ],
            [
              77.24653747265951,
              28.62565741626207
            ],
            [
              77.24606960064366,
              28.625665174088216
            ]
          ]
        ]
      }
    },
    {
      "type": "Feature",
      "properties": {
        "parcel_id": "ULPIN-IND-DL-00096",
        "survey_number": "SY-101/96",
        "landuse": "Commercial",
        "area_sqm": 1739.23,
        "owner_name": "Citizen 96 (Registered)",
        "property_tax_val": 7826538
      },
      "geometry": {
        "type": "Polygon",
        "coordinates": [
          [
            [
              77.24607689991308,
              28.626007915353203
            ],
            [
              77.24608419930992,
              28.62635065659914
            ],
            [
              77.24655207436054,
              28.62634289855332
            ],
            [
              77.2465447734463,
              28.626000157417213
            ],
            [
              77.24607689991308,
              28.626007915353203
            ]
          ]
        ]
      }
    },
    {
      "type": "Feature",
      "properties": {
        "parcel_id": "ULPIN-IND-DL-00097",
        "survey_number": "SY-101/97",
        "landuse": "Commercial",
        "area_sqm": 1739.23,
        "owner_name": "Citizen 97 (Registered)",
        "property_tax_val": 7826538
      },
      "geometry": {
        "type": "Polygon",
        "coordinates": [
          [
            [
              77.24655207436054,
              28.62634289855332
            ],
            [
              77.24608419930992,
              28.62635065659914
            ],
            [
              77.24609149883419,
              28.62669339782603
            ],
            [
              77.24655937540223,
              28.626685639670377
            ],
            [
              77.24655207436054,
              28.62634289855332
            ]
          ]
        ]
      }
    },
    {
      "type": "Feature",
      "properties": {
        "parcel_id": "ULPIN-IND-DL-00098",
        "survey_number": "SY-101/98",
        "landuse": "Commercial",
        "area_sqm": 1739.23,
        "owner_name": "Citizen 98 (Registered)",
        "property_tax_val": 7826538
      },
      "geometry": {
        "type": "Polygon",
        "coordinates": [
          [
            [
              77.24653017200015,
              28.62531467508786
            ],
            [
              77.24699804231378,
              28.62530691575846
            ],
            [
              77.24699074026455,
              28.624964174675068
            ],
            [
              77.24652287146823,
              28.624971933894614
            ],
            [
              77.24653017200015,
              28.62531467508786
            ]
          ]
        ]
      }
    },
    {
      "type": "Feature",
      "properties": {
        "parcel_id": "ULPIN-IND-DL-00099",
        "survey_number": "SY-101/99",
        "landuse": "Commercial",
        "area_sqm": 1739.23,
        "owner_name": "Citizen 99 (Registered)",
        "property_tax_val": 7826538
      },
      "geometry": {
        "type": "Polygon",
        "coordinates": [
          [
            [
              77.24653017200015,
              28.62531467508786
            ],
            [
              77.24653747265951,
              28.62565741626207
            ],
            [
              77.24700534449046,
              28.62564965682281
            ],
            [
              77.24699804231378,
              28.62530691575846
            ],
            [
              77.24653017200015,
              28.62531467508786
            ]
          ]
        ]
      }
    },
    {
      "type": "Feature",
      "properties": {
        "parcel_id": "ULPIN-IND-DL-00100",
        "survey_number": "SY-101/100",
        "landuse": "Commercial",
        "area_sqm": 1739.23,
        "owner_name": "Citizen 100 (Registered)",
        "property_tax_val": 7826538
      },
      "geometry": {
        "type": "Polygon",
        "coordinates": [
          [
            [
              77.24653747265951,
              28.62565741626207
            ],
            [
              77.2465447734463,
              28.626000157417213
            ],
            [
              77.24701264679463,
              28.625992397868107
            ],
            [
              77.24700534449046,
              28.62564965682281
            ],
            [
              77.24653747265951,
              28.62565741626207
            ]
          ]
        ]
      }
    },
    {
      "type": "Feature",
      "properties": {
        "parcel_id": "ULPIN-IND-DL-00101",
        "survey_number": "SY-101/101",
        "landuse": "Commercial",
        "area_sqm": 1739.23,
        "owner_name": "Citizen 101 (Registered)",
        "property_tax_val": 7826538
      },
      "geometry": {
        "type": "Polygon",
        "coordinates": [
          [
            [
              77.2465447734463,
              28.626000157417213
            ],
            [
              77.24655207436054,
              28.62634289855332
            ],
            [
              77.24701994922626,
              28.62633513889435
            ],
            [
              77.24701264679463,
              28.625992397868107
            ],
            [
              77.2465447734463,
              28.626000157417213
            ]
          ]
        ]
      }
    },
    {
      "type": "Feature",
      "properties": {
        "parcel_id": "ULPIN-IND-DL-00102",
        "survey_number": "SY-101/102",
        "landuse": "Commercial",
        "area_sqm": 1739.23,
        "owner_name": "Citizen 102 (Registered)",
        "property_tax_val": 7826538
      },
      "geometry": {
        "type": "Polygon",
        "coordinates": [
          [
            [
              77.24701994922626,
              28.62633513889435
            ],
            [
              77.24655207436054,
              28.62634289855332
            ],
            [
              77.24655937540223,
              28.626685639670377
            ],
            [
              77.24702725178537,
              28.626677879901557
            ],
            [
              77.24701994922626,
              28.62633513889435
            ]
          ]
        ]
      }
    },
    {
      "type": "Feature",
      "properties": {
        "parcel_id": "ULPIN-IND-DL-00103",
        "survey_number": "SY-101/103",
        "landuse": "Commercial",
        "area_sqm": 1739.23,
        "owner_name": "Citizen 103 (Registered)",
        "property_tax_val": 7826538
      },
      "geometry": {
        "type": "Polygon",
        "coordinates": [
          [
            [
              77.24699804231378,
              28.62530691575846
            ],
            [
              77.24746591244246,
              28.62529915481597
            ],
            [
              77.24745860887593,
              28.624956413842458
            ],
            [
              77.24699074026455,
              28.624964174675068
            ],
            [
              77.24699804231378,
              28.62530691575846
            ]
          ]
        ]
      }
    },
    {
      "type": "Feature",
      "properties": {
        "parcel_id": "ULPIN-IND-DL-00104",
        "survey_number": "SY-101/104",
        "landuse": "Commercial",
        "area_sqm": 1739.23,
        "owner_name": "Citizen 104 (Registered)",
        "property_tax_val": 7826538
      },
      "geometry": {
        "type": "Polygon",
        "coordinates": [
          [
            [
              77.24699804231378,
              28.62530691575846
            ],
            [
              77.24700534449046,
              28.62564965682281
            ],
            [
              77.2474732161365,
              28.625641895770443
            ],
            [
              77.24746591244246,
              28.62529915481597
            ],
            [
              77.24699804231378,
              28.62530691575846
            ]
          ]
        ]
      }
    },
    {
      "type": "Feature",
      "properties": {
        "parcel_id": "ULPIN-IND-DL-00105",
        "survey_number": "SY-101/105",
        "landuse": "Commercial",
        "area_sqm": 1739.23,
        "owner_name": "Citizen 105 (Registered)",
        "property_tax_val": 7826538
      },
      "geometry": {
        "type": "Polygon",
        "coordinates": [
          [
            [
              77.24700534449046,
              28.62564965682281
            ],
            [
              77.24701264679463,
              28.625992397868107
            ],
            [
              77.24748051995803,
              28.625984636705866
            ],
            [
              77.2474732161365,
              28.625641895770443
            ],
            [
              77.24700534449046,
              28.62564965682281
            ]
          ]
        ]
      }
    },
    {
      "type": "Feature",
      "properties": {
        "parcel_id": "ULPIN-IND-DL-00106",
        "survey_number": "SY-101/106",
        "landuse": "Commercial",
        "area_sqm": 1739.23,
        "owner_name": "Citizen 106 (Registered)",
        "property_tax_val": 7826538
      },
      "geometry": {
        "type": "Polygon",
        "coordinates": [
          [
            [
              77.24701264679463,
              28.625992397868107
            ],
            [
              77.24701994922626,
              28.62633513889435
            ],
            [
              77.24748782390706,
              28.62632737762224
            ],
            [
              77.24748051995803,
              28.625984636705866
            ],
            [
              77.24701264679463,
              28.625992397868107
            ]
          ]
        ]
      }
    },
    {
      "type": "Feature",
      "properties": {
        "parcel_id": "ULPIN-IND-DL-00107",
        "survey_number": "SY-101/107",
        "landuse": "Commercial",
        "area_sqm": 1739.23,
        "owner_name": "Citizen 107 (Registered)",
        "property_tax_val": 7826538
      },
      "geometry": {
        "type": "Polygon",
        "coordinates": [
          [
            [
              77.24748782390706,
              28.62632737762224
            ],
            [
              77.24701994922626,
              28.62633513889435
            ],
            [
              77.24702725178537,
              28.626677879901557
            ],
            [
              77.24749512798358,
              28.62667011851956
            ],
            [
              77.24748782390706,
              28.62632737762224
            ]
          ]
        ]
      }
    },
    {
      "type": "Feature",
      "properties": {
        "parcel_id": "ULPIN-IND-DL-00108",
        "survey_number": "SY-101/108",
        "landuse": "Commercial",
        "area_sqm": 1739.23,
        "owner_name": "Citizen 108 (Registered)",
        "property_tax_val": 7826538
      },
      "geometry": {
        "type": "Polygon",
        "coordinates": [
          [
            [
              77.24746591244246,
              28.62529915481597
            ],
            [
              77.24793378238621,
              28.62529139226041
            ],
            [
              77.24792647730236,
              28.624948651396785
            ],
            [
              77.24745860887593,
              28.624956413842458
            ],
            [
              77.24746591244246,
              28.62529915481597
            ]
          ]
        ]
      }
    },
    {
      "type": "Feature",
      "properties": {
        "parcel_id": "ULPIN-IND-DL-00109",
        "survey_number": "SY-101/109",
        "landuse": "Commercial",
        "area_sqm": 1739.23,
        "owner_name": "Citizen 109 (Registered)",
        "property_tax_val": 7826538
      },
      "geometry": {
        "type": "Polygon",
        "coordinates": [
          [
            [
              77.24746591244246,
              28.62529915481597
            ],
            [
              77.2474732161365,
              28.625641895770443
            ],
            [
              77.24794108759758,
              28.62563413310498
            ],
            [
              77.24793378238621,
              28.62529139226041
            ],
            [
              77.24746591244246,
              28.62529915481597
            ]
          ]
        ]
      }
    },
    {
      "type": "Feature",
      "properties": {
        "parcel_id": "ULPIN-IND-DL-00110",
        "survey_number": "SY-101/110",
        "landuse": "Commercial",
        "area_sqm": 1739.23,
        "owner_name": "Citizen 110 (Registered)",
        "property_tax_val": 7826538
      },
      "geometry": {
        "type": "Polygon",
        "coordinates": [
          [
            [
              77.2474732161365,
              28.625641895770443
            ],
            [
              77.24748051995803,
              28.625984636705866
            ],
            [
              77.24794839293648,
              28.6259768739305
            ],
            [
              77.24794108759758,
              28.62563413310498
            ],
            [
              77.2474732161365,
              28.625641895770443
            ]
          ]
        ]
      }
    },
    {
      "type": "Feature",
      "properties": {
        "parcel_id": "ULPIN-IND-DL-00111",
        "survey_number": "SY-101/111",
        "landuse": "Commercial",
        "area_sqm": 1739.23,
        "owner_name": "Citizen 111 (Registered)",
        "property_tax_val": 7826538
      },
      "geometry": {
        "type": "Polygon",
        "coordinates": [
          [
            [
              77.24748051995803,
              28.625984636705866
            ],
            [
              77.24748782390706,
              28.62632737762224
            ],
            [
              77.2479556984029,
              28.62631961473697
            ],
            [
              77.24794839293648,
              28.6259768739305
            ],
            [
              77.24748051995803,
              28.625984636705866
            ]
          ]
        ]
      }
    },
    {
      "type": "Feature",
      "properties": {
        "parcel_id": "ULPIN-IND-DL-00112",
        "survey_number": "SY-101/112",
        "landuse": "Commercial",
        "area_sqm": 1739.23,
        "owner_name": "Citizen 112 (Registered)",
        "property_tax_val": 7826538
      },
      "geometry": {
        "type": "Polygon",
        "coordinates": [
          [
            [
              77.2479556984029,
              28.62631961473697
            ],
            [
              77.24748782390706,
              28.62632737762224
            ],
            [
              77.24749512798358,
              28.62667011851956
            ],
            [
              77.24796300399684,
              28.626662355524388
            ],
            [
              77.2479556984029,
              28.62631961473697
            ]
          ]
        ]
      }
    },
    {
      "type": "Feature",
      "properties": {
        "parcel_id": "ULPIN-IND-DL-00113",
        "survey_number": "SY-101/113",
        "landuse": "Commercial",
        "area_sqm": 1739.23,
        "owner_name": "Citizen 113 (Registered)",
        "property_tax_val": 7826538
      },
      "geometry": {
        "type": "Polygon",
        "coordinates": [
          [
            [
              77.24839434554382,
              28.624940887338074
            ],
            [
              77.24792647730236,
              28.624948651396785
            ],
            [
              77.24793378238621,
              28.62529139226041
            ],
            [
              77.24840165214496,
              28.625283628091765
            ],
            [
              77.24839434554382,
              28.624940887338074
            ]
          ]
        ]
      }
    },
    {
      "type": "Feature",
      "properties": {
        "parcel_id": "ULPIN-IND-DL-00114",
        "survey_number": "SY-101/114",
        "landuse": "Commercial",
        "area_sqm": 1739.23,
        "owner_name": "Citizen 114 (Registered)",
        "property_tax_val": 7826538
      },
      "geometry": {
        "type": "Polygon",
        "coordinates": [
          [
            [
              77.24840165214496,
              28.625283628091765
            ],
            [
              77.24793378238621,
              28.62529139226041
            ],
            [
              77.24794108759758,
              28.62563413310498
            ],
            [
              77.24840895887367,
              28.62562636882642
            ],
            [
              77.24840165214496,
              28.625283628091765
            ]
          ]
        ]
      }
    },
    {
      "type": "Feature",
      "properties": {
        "parcel_id": "ULPIN-IND-DL-00115",
        "survey_number": "SY-101/115",
        "landuse": "Commercial",
        "area_sqm": 1739.23,
        "owner_name": "Citizen 115 (Registered)",
        "property_tax_val": 7826538
      },
      "geometry": {
        "type": "Polygon",
        "coordinates": [
          [
            [
              77.24840895887367,
              28.62562636882642
            ],
            [
              77.24794108759758,
              28.62563413310498
            ],
            [
              77.24794839293648,
              28.6259768739305
            ],
            [
              77.24841626572993,
              28.625969109542012
            ],
            [
              77.24840895887367,
              28.62562636882642
            ]
          ]
        ]
      }
    },
    {
      "type": "Feature",
      "properties": {
        "parcel_id": "ULPIN-IND-DL-00116",
        "survey_number": "SY-101/116",
        "landuse": "Commercial",
        "area_sqm": 1739.23,
        "owner_name": "Citizen 116 (Registered)",
        "property_tax_val": 7826538
      },
      "geometry": {
        "type": "Polygon",
        "coordinates": [
          [
            [
              77.24841626572993,
              28.625969109542012
            ],
            [
              77.24794839293648,
              28.6259768739305
            ],
            [
              77.2479556984029,
              28.62631961473697
            ],
            [
              77.24842357271373,
              28.626311850238558
            ],
            [
              77.24841626572993,
              28.625969109542012
            ]
          ]
        ]
      }
    },
    {
      "type": "Feature",
      "properties": {
        "parcel_id": "ULPIN-IND-DL-00117",
        "survey_number": "SY-101/117",
        "landuse": "Commercial",
        "area_sqm": 1739.23,
        "owner_name": "Citizen 117 (Registered)",
        "property_tax_val": 7826538
      },
      "geometry": {
        "type": "Polygon",
        "coordinates": [
          [
            [
              77.24842357271373,
              28.626311850238558
            ],
            [
              77.2479556984029,
              28.62631961473697
            ],
            [
              77.24796300399684,
              28.626662355524388
            ],
            [
              77.2484308798251,
              28.626654590916058
            ],
            [
              77.24842357271373,
              28.626311850238558
            ]
          ]
        ]
      }
    },
    {
      "type": "Feature",
      "properties": {
        "parcel_id": "ULPIN-IND-DL-00118",
        "survey_number": "SY-102/118",
        "landuse": "Commercial",
        "area_sqm": 1830.77,
        "owner_name": "Citizen 118 (Registered)",
        "property_tax_val": 8238461
      },
      "geometry": {
        "type": "Polygon",
        "coordinates": [
          [
            [
              77.24282633217769,
              28.62721667507731
            ],
            [
              77.24281865946928,
              28.626855894056764
            ],
            [
              77.2423507809443,
              28.626863639341558
            ],
            [
              77.24235845205537,
              28.62722442047752
            ],
            [
              77.24282633217769,
              28.62721667507731
            ]
          ]
        ]
      }
    },
    {
      "type": "Feature",
      "properties": {
        "parcel_id": "ULPIN-IND-DL-00119",
        "survey_number": "SY-102/119",
        "landuse": "Mixed-Use",
        "area_sqm": 1830.77,
        "owner_name": "Citizen 119 (Registered)",
        "property_tax_val": 5126153
      },
      "geometry": {
        "type": "Polygon",
        "coordinates": [
          [
            [
              77.24283400502708,
              28.62757745607676
            ],
            [
              77.24282633217769,
              28.62721667507731
            ],
            [
              77.24235845205537,
              28.62722442047752
            ],
            [
              77.24236612330738,
              28.6275852015924
            ],
            [
              77.24283400502708,
              28.62757745607676
            ]
          ]
        ]
      }
    },
    {
      "type": "Feature",
      "properties": {
        "parcel_id": "ULPIN-IND-DL-00120",
        "survey_number": "SY-102/120",
        "landuse": "Residential",
        "area_sqm": 1830.77,
        "owner_name": "Citizen 120 (Registered)",
        "property_tax_val": 5126153
      },
      "geometry": {
        "type": "Polygon",
        "coordinates": [
          [
            [
              77.24284167801744,
              28.62793823705511
            ],
            [
              77.24283400502708,
              28.62757745607676
            ],
            [
              77.24236612330738,
              28.6275852015924
            ],
            [
              77.24237379470036,
              28.627945982686168
            ],
            [
              77.24284167801744,
              28.62793823705511
            ]
          ]
        ]
      }
    },
    {
      "type": "Feature",
      "properties": {
        "parcel_id": "ULPIN-IND-DL-00121",
        "survey_number": "SY-102/121",
        "landuse": "Institutional",
        "area_sqm": 1830.77,
        "owner_name": "Citizen 121 (Registered)",
        "property_tax_val": 5126153
      },
      "geometry": {
        "type": "Polygon",
        "coordinates": [
          [
            [
              77.24284167801744,
              28.62793823705511
            ],
            [
              77.24237379470036,
              28.627945982686168
            ],
            [
              77.24238146623428,
              28.628306763758843
            ],
            [
              77.24284935114882,
              28.628299018012356
            ],
            [
              77.24284167801744,
              28.62793823705511
            ]
          ]
        ]
      }
    },
    {
      "type": "Feature",
      "properties": {
        "parcel_id": "ULPIN-IND-DL-00122",
        "survey_number": "SY-102/122",
        "landuse": "Residential",
        "area_sqm": 1830.77,
        "owner_name": "Citizen 122 (Registered)",
        "property_tax_val": 5126153
      },
      "geometry": {
        "type": "Polygon",
        "coordinates": [
          [
            [
              77.24282633217769,
              28.62721667507731
            ],
            [
              77.24329421211542,
              28.62720892806387
            ],
            [
              77.24328653780967,
              28.626848147158768
            ],
            [
              77.24281865946928,
              28.626855894056764
            ],
            [
              77.24282633217769,
              28.62721667507731
            ]
          ]
        ]
      }
    },
    {
      "type": "Feature",
      "properties": {
        "parcel_id": "ULPIN-IND-DL-00123",
        "survey_number": "SY-102/123",
        "landuse": "Residential",
        "area_sqm": 1830.77,
        "owner_name": "Citizen 123 (Registered)",
        "property_tax_val": 5126153
      },
      "geometry": {
        "type": "Polygon",
        "coordinates": [
          [
            [
              77.24282633217769,
              28.62721667507731
            ],
            [
              77.24283400502708,
              28.62757745607676
            ],
            [
              77.24330188656218,
              28.62756970894787
            ],
            [
              77.24329421211542,
              28.62720892806387
            ],
            [
              77.24282633217769,
              28.62721667507731
            ]
          ]
        ]
      }
    },
    {
      "type": "Feature",
      "properties": {
        "parcel_id": "ULPIN-IND-DL-00124",
        "survey_number": "SY-102/124",
        "landuse": "Residential",
        "area_sqm": 1830.77,
        "owner_name": "Citizen 124 (Registered)",
        "property_tax_val": 5126153
      },
      "geometry": {
        "type": "Polygon",
        "coordinates": [
          [
            [
              77.24283400502708,
              28.62757745607676
            ],
            [
              77.24284167801744,
              28.62793823705511
            ],
            [
              77.24330956114997,
              28.627930489810772
            ],
            [
              77.24330188656218,
              28.62756970894787
            ],
            [
              77.24283400502708,
              28.62757745607676
            ]
          ]
        ]
      }
    },
    {
      "type": "Feature",
      "properties": {
        "parcel_id": "ULPIN-IND-DL-00125",
        "survey_number": "SY-102/125",
        "landuse": "Residential",
        "area_sqm": 1830.77,
        "owner_name": "Citizen 125 (Registered)",
        "property_tax_val": 5126153
      },
      "geometry": {
        "type": "Polygon",
        "coordinates": [
          [
            [
              77.24330956114997,
              28.627930489810772
            ],
            [
              77.24284167801744,
              28.62793823705511
            ],
            [
              77.24284935114882,
              28.628299018012356
            ],
            [
              77.24331723587875,
              28.628291270652568
            ],
            [
              77.24330956114997,
              28.627930489810772
            ]
          ]
        ]
      }
    },
    {
      "type": "Feature",
      "properties": {
        "parcel_id": "ULPIN-IND-DL-00126",
        "survey_number": "SY-102/126",
        "landuse": "Mixed-Use",
        "area_sqm": 1830.77,
        "owner_name": "Citizen 126 (Registered)",
        "property_tax_val": 5126153
      },
      "geometry": {
        "type": "Polygon",
        "coordinates": [
          [
            [
              77.24329421211542,
              28.62720892806387
            ],
            [
              77.24376209186852,
              28.627201179437204
            ],
            [
              77.24375441596543,
              28.626840398647577
            ],
            [
              77.24328653780967,
              28.626848147158768
            ],
            [
              77.24329421211542,
              28.62720892806387
            ]
          ]
        ]
      }
    },
    {
      "type": "Feature",
      "properties": {
        "parcel_id": "ULPIN-IND-DL-00127",
        "survey_number": "SY-102/127",
        "landuse": "Residential",
        "area_sqm": 1830.77,
        "owner_name": "Citizen 127 (Registered)",
        "property_tax_val": 5126153
      },
      "geometry": {
        "type": "Polygon",
        "coordinates": [
          [
            [
              77.24329421211542,
              28.62720892806387
            ],
            [
              77.24330188656218,
              28.62756970894787
            ],
            [
              77.24376976791267,
              28.627561960205743
            ],
            [
              77.24376209186852,
              28.627201179437204
            ],
            [
              77.24329421211542,
              28.62720892806387
            ]
          ]
        ]
      }
    },
    {
      "type": "Feature",
      "properties": {
        "parcel_id": "ULPIN-IND-DL-00128",
        "survey_number": "SY-102/128",
        "landuse": "Residential",
        "area_sqm": 1830.77,
        "owner_name": "Citizen 128 (Registered)",
        "property_tax_val": 5126153
      },
      "geometry": {
        "type": "Polygon",
        "coordinates": [
          [
            [
              77.24330188656218,
              28.62756970894787
            ],
            [
              77.24330956114997,
              28.627930489810772
            ],
            [
              77.24377744409784,
              28.627922740953167
            ],
            [
              77.24376976791267,
              28.627561960205743
            ],
            [
              77.24330188656218,
              28.62756970894787
            ]
          ]
        ]
      }
    },
    {
      "type": "Feature",
      "properties": {
        "parcel_id": "ULPIN-IND-DL-00129",
        "survey_number": "SY-102/129",
        "landuse": "Residential",
        "area_sqm": 1830.77,
        "owner_name": "Citizen 129 (Registered)",
        "property_tax_val": 5126153
      },
      "geometry": {
        "type": "Polygon",
        "coordinates": [
          [
            [
              77.24377744409784,
              28.627922740953167
            ],
            [
              77.24330956114997,
              28.627930489810772
            ],
            [
              77.24331723587875,
              28.628291270652568
            ],
            [
              77.24378512042406,
              28.628283521679496
            ],
            [
              77.24377744409784,
              28.627922740953167
            ]
          ]
        ]
      }
    },
    {
      "type": "Feature",
      "properties": {
        "parcel_id": "ULPIN-IND-DL-00130",
        "survey_number": "SY-102/130",
        "landuse": "Vacant/Green",
        "area_sqm": 1830.77,
        "owner_name": "Citizen 130 (Registered)",
        "property_tax_val": 5126153
      },
      "geometry": {
        "type": "Polygon",
        "coordinates": [
          [
            [
              77.24376209186852,
              28.627201179437204
            ],
            [
              77.24422997143697,
              28.627193429197323
            ],
            [
              77.24422229393655,
              28.62683264852319
            ],
            [
              77.24375441596543,
              28.626840398647577
            ],
            [
              77.24376209186852,
              28.627201179437204
            ]
          ]
        ]
      }
    },
    {
      "type": "Feature",
      "properties": {
        "parcel_id": "ULPIN-IND-DL-00131",
        "survey_number": "SY-102/131",
        "landuse": "Residential",
        "area_sqm": 1830.77,
        "owner_name": "Citizen 131 (Registered)",
        "property_tax_val": 5126153
      },
      "geometry": {
        "type": "Polygon",
        "coordinates": [
          [
            [
              77.24376209186852,
              28.627201179437204
            ],
            [
              77.24376976791267,
              28.627561960205743
            ],
            [
              77.24423764907847,
              28.62755420985036
            ],
            [
              77.24422997143697,
              28.627193429197323
            ],
            [
              77.24376209186852,
              28.627201179437204
            ]
          ]
        ]
      }
    },
    {
      "type": "Feature",
      "properties": {
        "parcel_id": "ULPIN-IND-DL-00132",
        "survey_number": "SY-102/132",
        "landuse": "Institutional",
        "area_sqm": 1830.77,
        "owner_name": "Citizen 132 (Registered)",
        "property_tax_val": 5126153
      },
      "geometry": {
        "type": "Polygon",
        "coordinates": [
          [
            [
              77.24376976791267,
              28.627561960205743
            ],
            [
              77.24377744409784,
              28.627922740953167
            ],
            [
              77.24424532686105,
              28.627914990482292
            ],
            [
              77.24423764907847,
              28.62755420985036
            ],
            [
              77.24376976791267,
              28.627561960205743
            ]
          ]
        ]
      }
    },
    {
      "type": "Feature",
      "properties": {
        "parcel_id": "ULPIN-IND-DL-00133",
        "survey_number": "SY-102/133",
        "landuse": "Mixed-Use",
        "area_sqm": 1830.77,
        "owner_name": "Citizen 133 (Registered)",
        "property_tax_val": 5126153
      },
      "geometry": {
        "type": "Polygon",
        "coordinates": [
          [
            [
              77.24424532686105,
              28.627914990482292
            ],
            [
              77.24377744409784,
              28.627922740953167
            ],
            [
              77.24378512042406,
              28.628283521679496
            ],
            [
              77.24425300478471,
              28.628275771093122
            ],
            [
              77.24424532686105,
              28.627914990482292
            ]
          ]
        ]
      }
    },
    {
      "type": "Feature",
      "properties": {
        "parcel_id": "ULPIN-IND-DL-00134",
        "survey_number": "SY-102/134",
        "landuse": "Residential",
        "area_sqm": 1830.77,
        "owner_name": "Citizen 134 (Registered)",
        "property_tax_val": 5126153
      },
      "geometry": {
        "type": "Polygon",
        "coordinates": [
          [
            [
              77.24422997143697,
              28.627193429197323
            ],
            [
              77.24469785082071,
              28.627185677344222
            ],
            [
              77.24469017172294,
              28.626824896785607
            ],
            [
              77.24422229393655,
              28.62683264852319
            ],
            [
              77.24422997143697,
              28.627193429197323
            ]
          ]
        ]
      }
    },
    {
      "type": "Feature",
      "properties": {
        "parcel_id": "ULPIN-IND-DL-00135",
        "survey_number": "SY-102/135",
        "landuse": "Residential",
        "area_sqm": 1830.77,
        "owner_name": "Citizen 135 (Registered)",
        "property_tax_val": 5126153
      },
      "geometry": {
        "type": "Polygon",
        "coordinates": [
          [
            [
              77.24422997143697,
              28.627193429197323
            ],
            [
              77.24423764907847,
              28.62755420985036
            ],
            [
              77.24470553005959,
              28.627546457881742
            ],
            [
              77.24469785082071,
              28.627185677344222
            ],
            [
              77.24422997143697,
              28.627193429197323
            ]
          ]
        ]
      }
    },
    {
      "type": "Feature",
      "properties": {
        "parcel_id": "ULPIN-IND-DL-00136",
        "survey_number": "SY-102/136",
        "landuse": "Residential",
        "area_sqm": 1830.77,
        "owner_name": "Citizen 136 (Registered)",
        "property_tax_val": 5126153
      },
      "geometry": {
        "type": "Polygon",
        "coordinates": [
          [
            [
              77.24423764907847,
              28.62755420985036
            ],
            [
              77.24424532686105,
              28.627914990482292
            ],
            [
              77.24471320943955,
              28.627907238398144
            ],
            [
              77.24470553005959,
              28.627546457881742
            ],
            [
              77.24423764907847,
              28.62755420985036
            ]
          ]
        ]
      }
    },
    {
      "type": "Feature",
      "properties": {
        "parcel_id": "ULPIN-IND-DL-00137",
        "survey_number": "SY-102/137",
        "landuse": "Residential",
        "area_sqm": 1830.77,
        "owner_name": "Citizen 137 (Registered)",
        "property_tax_val": 5126153
      },
      "geometry": {
        "type": "Polygon",
        "coordinates": [
          [
            [
              77.24471320943955,
              28.627907238398144
            ],
            [
              77.24424532686105,
              28.627914990482292
            ],
            [
              77.24425300478471,
              28.628275771093122
            ],
            [
              77.24472088896063,
              28.62826801889346
            ],
            [
              77.24471320943955,
              28.627907238398144
            ]
          ]
        ]
      }
    },
    {
      "type": "Feature",
      "properties": {
        "parcel_id": "ULPIN-IND-DL-00138",
        "survey_number": "SY-102/138",
        "landuse": "Residential",
        "area_sqm": 1830.77,
        "owner_name": "Citizen 138 (Registered)",
        "property_tax_val": 5126153
      },
      "geometry": {
        "type": "Polygon",
        "coordinates": [
          [
            [
              77.24469785082071,
              28.627185677344222
            ],
            [
              77.2451657300197,
              28.62717792387791
            ],
            [
              77.2451580493246,
              28.62681714343483
            ],
            [
              77.24469017172294,
              28.626824896785607
            ],
            [
              77.24469785082071,
              28.627185677344222
            ]
          ]
        ]
      }
    },
    {
      "type": "Feature",
      "properties": {
        "parcel_id": "ULPIN-IND-DL-00139",
        "survey_number": "SY-102/139",
        "landuse": "Residential",
        "area_sqm": 1830.77,
        "owner_name": "Citizen 139 (Registered)",
        "property_tax_val": 5126153
      },
      "geometry": {
        "type": "Polygon",
        "coordinates": [
          [
            [
              77.24469785082071,
              28.627185677344222
            ],
            [
              77.24470553005959,
              28.627546457881742
            ],
            [
              77.24517341085595,
              28.627538704299884
            ],
            [
              77.2451657300197,
              28.62717792387791
            ],
            [
              77.24469785082071,
              28.627185677344222
            ]
          ]
        ]
      }
    },
    {
      "type": "Feature",
      "properties": {
        "parcel_id": "ULPIN-IND-DL-00140",
        "survey_number": "SY-102/140",
        "landuse": "Mixed-Use",
        "area_sqm": 1830.77,
        "owner_name": "Citizen 140 (Registered)",
        "property_tax_val": 5126153
      },
      "geometry": {
        "type": "Polygon",
        "coordinates": [
          [
            [
              77.24470553005959,
              28.627546457881742
            ],
            [
              77.24471320943955,
              28.627907238398144
            ],
            [
              77.24518109183332,
              28.627899484700745
            ],
            [
              77.24517341085595,
              28.627538704299884
            ],
            [
              77.24470553005959,
              28.627546457881742
            ]
          ]
        ]
      }
    },
    {
      "type": "Feature",
      "properties": {
        "parcel_id": "ULPIN-IND-DL-00141",
        "survey_number": "SY-102/141",
        "landuse": "Residential",
        "area_sqm": 1830.77,
        "owner_name": "Citizen 141 (Registered)",
        "property_tax_val": 5126153
      },
      "geometry": {
        "type": "Polygon",
        "coordinates": [
          [
            [
              77.24518109183332,
              28.627899484700745
            ],
            [
              77.24471320943955,
              28.627907238398144
            ],
            [
              77.24472088896063,
              28.62826801889346
            ],
            [
              77.24518877295182,
              28.628260265080513
            ],
            [
              77.24518109183332,
              28.627899484700745
            ]
          ]
        ]
      }
    },
    {
      "type": "Feature",
      "properties": {
        "parcel_id": "ULPIN-IND-DL-00142",
        "survey_number": "SY-102/142",
        "landuse": "Residential",
        "area_sqm": 1830.77,
        "owner_name": "Citizen 142 (Registered)",
        "property_tax_val": 5126153
      },
      "geometry": {
        "type": "Polygon",
        "coordinates": [
          [
            [
              77.2451657300197,
              28.62717792387791
            ],
            [
              77.24563360903393,
              28.627170168798376
            ],
            [
              77.24562592674151,
              28.62680938847087
            ],
            [
              77.2451580493246,
              28.62681714343483
            ],
            [
              77.2451657300197,
              28.62717792387791
            ]
          ]
        ]
      }
    },
    {
      "type": "Feature",
      "properties": {
        "parcel_id": "ULPIN-IND-DL-00143",
        "survey_number": "SY-102/143",
        "landuse": "Institutional",
        "area_sqm": 1830.77,
        "owner_name": "Citizen 143 (Registered)",
        "property_tax_val": 5126153
      },
      "geometry": {
        "type": "Polygon",
        "coordinates": [
          [
            [
              77.2451657300197,
              28.62717792387791
            ],
            [
              77.24517341085595,
              28.627538704299884
            ],
            [
              77.24564129146754,
              28.627530949104784
            ],
            [
              77.24563360903393,
              28.627170168798376
            ],
            [
              77.2451657300197,
              28.62717792387791
            ]
          ]
        ]
      }
    },
    {
      "type": "Feature",
      "properties": {
        "parcel_id": "ULPIN-IND-DL-00144",
        "survey_number": "SY-102/144",
        "landuse": "Residential",
        "area_sqm": 1830.77,
        "owner_name": "Citizen 144 (Registered)",
        "property_tax_val": 5126153
      },
      "geometry": {
        "type": "Polygon",
        "coordinates": [
          [
            [
              77.24517341085595,
              28.627538704299884
            ],
            [
              77.24518109183332,
              28.627899484700745
            ],
            [
              77.2456489740423,
              28.62789172939008
            ],
            [
              77.24564129146754,
              28.627530949104784
            ],
            [
              77.24517341085595,
              28.627538704299884
            ]
          ]
        ]
      }
    },
    {
      "type": "Feature",
      "properties": {
        "parcel_id": "ULPIN-IND-DL-00145",
        "survey_number": "SY-102/145",
        "landuse": "Residential",
        "area_sqm": 1830.77,
        "owner_name": "Citizen 145 (Registered)",
        "property_tax_val": 5126153
      },
      "geometry": {
        "type": "Polygon",
        "coordinates": [
          [
            [
              77.2456489740423,
              28.62789172939008
            ],
            [
              77.24518109183332,
              28.627899484700745
            ],
            [
              77.24518877295182,
              28.628260265080513
            ],
            [
              77.24565665675821,
              28.62825250965428
            ],
            [
              77.2456489740423,
              28.62789172939008
            ]
          ]
        ]
      }
    },
    {
      "type": "Feature",
      "properties": {
        "parcel_id": "ULPIN-IND-DL-00146",
        "survey_number": "SY-102/146",
        "landuse": "Residential",
        "area_sqm": 1830.77,
        "owner_name": "Citizen 146 (Registered)",
        "property_tax_val": 5126153
      },
      "geometry": {
        "type": "Polygon",
        "coordinates": [
          [
            [
              77.24563360903393,
              28.627170168798376
            ],
            [
              77.24610148786334,
              28.627162412105637
            ],
            [
              77.2460938039736,
              28.626801631893727
            ],
            [
              77.24562592674151,
              28.62680938847087
            ],
            [
              77.24563360903393,
              28.627170168798376
            ]
          ]
        ]
      }
    },
    {
      "type": "Feature",
      "properties": {
        "parcel_id": "ULPIN-IND-DL-00147",
        "survey_number": "SY-102/147",
        "landuse": "Mixed-Use",
        "area_sqm": 1830.77,
        "owner_name": "Citizen 147 (Registered)",
        "property_tax_val": 5126153
      },
      "geometry": {
        "type": "Polygon",
        "coordinates": [
          [
            [
              77.24563360903393,
              28.627170168798376
            ],
            [
              77.24564129146754,
              28.627530949104784
            ],
            [
              77.2461091718943,
              28.62752319229645
            ],
            [
              77.24610148786334,
              28.627162412105637
            ],
            [
              77.24563360903393,
              28.627170168798376
            ]
          ]
        ]
      }
    },
    {
      "type": "Feature",
      "properties": {
        "parcel_id": "ULPIN-IND-DL-00148",
        "survey_number": "SY-102/148",
        "landuse": "Residential",
        "area_sqm": 1830.77,
        "owner_name": "Citizen 148 (Registered)",
        "property_tax_val": 5126153
      },
      "geometry": {
        "type": "Polygon",
        "coordinates": [
          [
            [
              77.24564129146754,
              28.627530949104784
            ],
            [
              77.2456489740423,
              28.62789172939008
            ],
            [
              77.24611685606645,
              28.627883972466154
            ],
            [
              77.2461091718943,
              28.62752319229645
            ],
            [
              77.24564129146754,
              28.627530949104784
            ]
          ]
        ]
      }
    },
    {
      "type": "Feature",
      "properties": {
        "parcel_id": "ULPIN-IND-DL-00149",
        "survey_number": "SY-102/149",
        "landuse": "Residential",
        "area_sqm": 1830.77,
        "owner_name": "Citizen 149 (Registered)",
        "property_tax_val": 5126153
      },
      "geometry": {
        "type": "Polygon",
        "coordinates": [
          [
            [
              77.24611685606645,
              28.627883972466154
            ],
            [
              77.2456489740423,
              28.62789172939008
            ],
            [
              77.24565665675821,
              28.62825250965428
            ],
            [
              77.24612454037978,
              28.62824475261476
            ],
            [
              77.24611685606645,
              28.627883972466154
            ]
          ]
        ]
      }
    },
    {
      "type": "Feature",
      "properties": {
        "parcel_id": "ULPIN-IND-DL-00150",
        "survey_number": "SY-102/150",
        "landuse": "Residential",
        "area_sqm": 1830.77,
        "owner_name": "Citizen 150 (Registered)",
        "property_tax_val": 5126153
      },
      "geometry": {
        "type": "Polygon",
        "coordinates": [
          [
            [
              77.24610148786334,
              28.627162412105637
            ],
            [
              77.2465693665079,
              28.627154653799685
            ],
            [
              77.24656168102082,
              28.62679387370339
            ],
            [
              77.2460938039736,
              28.626801631893727
            ],
            [
              77.24610148786334,
              28.627162412105637
            ]
          ]
        ]
      }
    },
    {
      "type": "Feature",
      "properties": {
        "parcel_id": "ULPIN-IND-DL-00151",
        "survey_number": "SY-102/151",
        "landuse": "Residential",
        "area_sqm": 1830.77,
        "owner_name": "Citizen 151 (Registered)",
        "property_tax_val": 5126153
      },
      "geometry": {
        "type": "Polygon",
        "coordinates": [
          [
            [
              77.24610148786334,
              28.627162412105637
            ],
            [
              77.2461091718943,
              28.62752319229645
            ],
            [
              77.2465770521362,
              28.62751543387489
            ],
            [
              77.2465693665079,
              28.627154653799685
            ],
            [
              77.24610148786334,
              28.627162412105637
            ]
          ]
        ]
      }
    },
    {
      "type": "Feature",
      "properties": {
        "parcel_id": "ULPIN-IND-DL-00152",
        "survey_number": "SY-102/152",
        "landuse": "Residential",
        "area_sqm": 1830.77,
        "owner_name": "Citizen 152 (Registered)",
        "property_tax_val": 5126153
      },
      "geometry": {
        "type": "Polygon",
        "coordinates": [
          [
            [
              77.2461091718943,
              28.62752319229645
            ],
            [
              77.24611685606645,
              28.627883972466154
            ],
            [
              77.24658473790574,
              28.627876213928978
            ],
            [
              77.2465770521362,
              28.62751543387489
            ],
            [
              77.2461091718943,
              28.62752319229645
            ]
          ]
        ]
      }
    },
    {
      "type": "Feature",
      "properties": {
        "parcel_id": "ULPIN-IND-DL-00153",
        "survey_number": "SY-102/153",
        "landuse": "Residential",
        "area_sqm": 1830.77,
        "owner_name": "Citizen 153 (Registered)",
        "property_tax_val": 5126153
      },
      "geometry": {
        "type": "Polygon",
        "coordinates": [
          [
            [
              77.24658473790574,
              28.627876213928978
            ],
            [
              77.24611685606645,
              28.627883972466154
            ],
            [
              77.24612454037978,
              28.62824475261476
            ],
            [
              77.2465924238165,
              28.62823699396196
            ],
            [
              77.24658473790574,
              28.627876213928978
            ]
          ]
        ]
      }
    },
    {
      "type": "Feature",
      "properties": {
        "parcel_id": "ULPIN-IND-DL-00154",
        "survey_number": "SY-102/154",
        "landuse": "Mixed-Use",
        "area_sqm": 1830.77,
        "owner_name": "Citizen 154 (Registered)",
        "property_tax_val": 5126153
      },
      "geometry": {
        "type": "Polygon",
        "coordinates": [
          [
            [
              77.2465693665079,
              28.627154653799685
            ],
            [
              77.24703724496756,
              28.627146893880532
            ],
            [
              77.24702955788314,
              28.626786113899865
            ],
            [
              77.24656168102082,
              28.62679387370339
            ],
            [
              77.2465693665079,
              28.627154653799685
            ]
          ]
        ]
      }
    },
    {
      "type": "Feature",
      "properties": {
        "parcel_id": "ULPIN-IND-DL-00155",
        "survey_number": "SY-102/155",
        "landuse": "Residential",
        "area_sqm": 1830.77,
        "owner_name": "Citizen 155 (Registered)",
        "property_tax_val": 5126153
      },
      "geometry": {
        "type": "Polygon",
        "coordinates": [
          [
            [
              77.2465693665079,
              28.627154653799685
            ],
            [
              77.2465770521362,
              28.62751543387489
            ],
            [
              77.24704493219322,
              28.627507673840096
            ],
            [
              77.24703724496756,
              28.627146893880532
            ],
            [
              77.2465693665079,
              28.627154653799685
            ]
          ]
        ]
      }
    },
    {
      "type": "Feature",
      "properties": {
        "parcel_id": "ULPIN-IND-DL-00156",
        "survey_number": "SY-102/156",
        "landuse": "Vacant/Green",
        "area_sqm": 1830.77,
        "owner_name": "Citizen 156 (Registered)",
        "property_tax_val": 5126153
      },
      "geometry": {
        "type": "Polygon",
        "coordinates": [
          [
            [
              77.2465770521362,
              28.62751543387489
            ],
            [
              77.24658473790574,
              28.627876213928978
            ],
            [
              77.24705261956014,
              28.627868453778547
            ],
            [
              77.24704493219322,
              28.627507673840096
            ],
            [
              77.2465770521362,
              28.62751543387489
            ]
          ]
        ]
      }
    },
    {
      "type": "Feature",
      "properties": {
        "parcel_id": "ULPIN-IND-DL-00157",
        "survey_number": "SY-102/157",
        "landuse": "Residential",
        "area_sqm": 1830.77,
        "owner_name": "Citizen 157 (Registered)",
        "property_tax_val": 5126153
      },
      "geometry": {
        "type": "Polygon",
        "coordinates": [
          [
            [
              77.24705261956014,
              28.627868453778547
            ],
            [
              77.24658473790574,
              28.627876213928978
            ],
            [
              77.2465924238165,
              28.62823699396196
            ],
            [
              77.2470603070683,
              28.628229233695887
            ],
            [
              77.24705261956014,
              28.627868453778547
            ]
          ]
        ]
      }
    },
    {
      "type": "Feature",
      "properties": {
        "parcel_id": "ULPIN-IND-DL-00158",
        "survey_number": "SY-102/158",
        "landuse": "Residential",
        "area_sqm": 1830.77,
        "owner_name": "Citizen 158 (Registered)",
        "property_tax_val": 5126153
      },
      "geometry": {
        "type": "Polygon",
        "coordinates": [
          [
            [
              77.24703724496756,
              28.627146893880532
            ],
            [
              77.24750512324229,
              28.627139132348177
            ],
            [
              77.24749743456057,
              28.62677835248318
            ],
            [
              77.24702955788314,
              28.626786113899865
            ],
            [
              77.24703724496756,
              28.627146893880532
            ]
          ]
        ]
      }
    },
    {
      "type": "Feature",
      "properties": {
        "parcel_id": "ULPIN-IND-DL-00159",
        "survey_number": "SY-102/159",
        "landuse": "Residential",
        "area_sqm": 1830.77,
        "owner_name": "Citizen 159 (Registered)",
        "property_tax_val": 5126153
      },
      "geometry": {
        "type": "Polygon",
        "coordinates": [
          [
            [
              77.24703724496756,
              28.627146893880532
            ],
            [
              77.24704493219322,
              28.627507673840096
            ],
            [
              77.24751281206531,
              28.627499912192075
            ],
            [
              77.24750512324229,
              28.627139132348177
            ],
            [
              77.24703724496756,
              28.627146893880532
            ]
          ]
        ]
      }
    },
    {
      "type": "Feature",
      "properties": {
        "parcel_id": "ULPIN-IND-DL-00160",
        "survey_number": "SY-102/160",
        "landuse": "Residential",
        "area_sqm": 1830.77,
        "owner_name": "Citizen 160 (Registered)",
        "property_tax_val": 5126153
      },
      "geometry": {
        "type": "Polygon",
        "coordinates": [
          [
            [
              77.24704493219322,
              28.627507673840096
            ],
            [
              77.24705261956014,
              28.627868453778547
            ],
            [
              77.2475205010296,
              28.627860692014856
            ],
            [
              77.24751281206531,
              28.627499912192075
            ],
            [
              77.24704493219322,
              28.627507673840096
            ]
          ]
        ]
      }
    },
    {
      "type": "Feature",
      "properties": {
        "parcel_id": "ULPIN-IND-DL-00161",
        "survey_number": "SY-102/161",
        "landuse": "Mixed-Use",
        "area_sqm": 1830.77,
        "owner_name": "Citizen 161 (Registered)",
        "property_tax_val": 5126153
      },
      "geometry": {
        "type": "Polygon",
        "coordinates": [
          [
            [
              77.2475205010296,
              28.627860692014856
            ],
            [
              77.24705261956014,
              28.627868453778547
            ],
            [
              77.2470603070683,
              28.628229233695887
            ],
            [
              77.24752819013516,
              28.628221471816534
            ],
            [
              77.2475205010296,
              28.627860692014856
            ]
          ]
        ]
      }
    },
    {
      "type": "Feature",
      "properties": {
        "parcel_id": "ULPIN-IND-DL-00162",
        "survey_number": "SY-102/162",
        "landuse": "Residential",
        "area_sqm": 1830.77,
        "owner_name": "Citizen 162 (Registered)",
        "property_tax_val": 5126153
      },
      "geometry": {
        "type": "Polygon",
        "coordinates": [
          [
            [
              77.24750512324229,
              28.627139132348177
            ],
            [
              77.24797300133204,
              28.62713136920262
            ],
            [
              77.24796531105301,
              28.626770589453304
            ],
            [
              77.24749743456057,
              28.62677835248318
            ],
            [
              77.24750512324229,
              28.627139132348177
            ]
          ]
        ]
      }
    },
    {
      "type": "Feature",
      "properties": {
        "parcel_id": "ULPIN-IND-DL-00163",
        "survey_number": "SY-102/163",
        "landuse": "Residential",
        "area_sqm": 1830.77,
        "owner_name": "Citizen 163 (Registered)",
        "property_tax_val": 5126153
      },
      "geometry": {
        "type": "Polygon",
        "coordinates": [
          [
            [
              77.24750512324229,
              28.627139132348177
            ],
            [
              77.24751281206531,
              28.627499912192075
            ],
            [
              77.2479806917524,
              28.627492148930827
            ],
            [
              77.24797300133204,
              28.62713136920262
            ],
            [
              77.24750512324229,
              28.627139132348177
            ]
          ]
        ]
      }
    },
    {
      "type": "Feature",
      "properties": {
        "parcel_id": "ULPIN-IND-DL-00164",
        "survey_number": "SY-102/164",
        "landuse": "Residential",
        "area_sqm": 1830.77,
        "owner_name": "Citizen 164 (Registered)",
        "property_tax_val": 5126153
      },
      "geometry": {
        "type": "Polygon",
        "coordinates": [
          [
            [
              77.24751281206531,
              28.627499912192075
            ],
            [
              77.2475205010296,
              28.627860692014856
            ],
            [
              77.24798838231408,
              28.62785292863792
            ],
            [
              77.2479806917524,
              28.627492148930827
            ],
            [
              77.24751281206531,
              28.627499912192075
            ]
          ]
        ]
      }
    },
    {
      "type": "Feature",
      "properties": {
        "parcel_id": "ULPIN-IND-DL-00165",
        "survey_number": "SY-102/165",
        "landuse": "Institutional",
        "area_sqm": 1830.77,
        "owner_name": "Citizen 165 (Registered)",
        "property_tax_val": 5126153
      },
      "geometry": {
        "type": "Polygon",
        "coordinates": [
          [
            [
              77.24798838231408,
              28.62785292863792
            ],
            [
              77.2475205010296,
              28.627860692014856
            ],
            [
              77.24752819013516,
              28.628221471816534
            ],
            [
              77.24799607301705,
              28.62821370832391
            ],
            [
              77.24798838231408,
              28.62785292863792
            ]
          ]
        ]
      }
    },
    {
      "type": "Feature",
      "properties": {
        "parcel_id": "ULPIN-IND-DL-00166",
        "survey_number": "SY-102/166",
        "landuse": "Residential",
        "area_sqm": 1830.77,
        "owner_name": "Citizen 166 (Registered)",
        "property_tax_val": 5126153
      },
      "geometry": {
        "type": "Polygon",
        "coordinates": [
          [
            [
              77.24843318736043,
              28.626762824810257
            ],
            [
              77.24796531105301,
              28.626770589453304
            ],
            [
              77.24797300133204,
              28.62713136920262
            ],
            [
              77.24844087923681,
              28.627123604443852
            ],
            [
              77.24843318736043,
              28.626762824810257
            ]
          ]
        ]
      }
    },
    {
      "type": "Feature",
      "properties": {
        "parcel_id": "ULPIN-IND-DL-00167",
        "survey_number": "SY-102/167",
        "landuse": "Residential",
        "area_sqm": 1830.77,
        "owner_name": "Citizen 167 (Registered)",
        "property_tax_val": 5126153
      },
      "geometry": {
        "type": "Polygon",
        "coordinates": [
          [
            [
              77.24844087923681,
              28.627123604443852
            ],
            [
              77.24797300133204,
              28.62713136920262
            ],
            [
              77.2479806917524,
              28.627492148930827
            ],
            [
              77.2484485712545,
              28.627484384056356
            ],
            [
              77.24844087923681,
              28.627123604443852
            ]
          ]
        ]
      }
    },
    {
      "type": "Feature",
      "properties": {
        "parcel_id": "ULPIN-IND-DL-00168",
        "survey_number": "SY-102/168",
        "landuse": "Mixed-Use",
        "area_sqm": 1830.77,
        "owner_name": "Citizen 168 (Registered)",
        "property_tax_val": 5126153
      },
      "geometry": {
        "type": "Polygon",
        "coordinates": [
          [
            [
              77.2484485712545,
              28.627484384056356
            ],
            [
              77.2479806917524,
              28.627492148930827
            ],
            [
              77.24798838231408,
              28.62785292863792
            ],
            [
              77.24845626341354,
              28.627845163647734
            ],
            [
              77.2484485712545,
              28.627484384056356
            ]
          ]
        ]
      }
    },
    {
      "type": "Feature",
      "properties": {
        "parcel_id": "ULPIN-IND-DL-00169",
        "survey_number": "SY-102/169",
        "landuse": "Vacant/Green",
        "area_sqm": 1830.77,
        "owner_name": "Citizen 169 (Registered)",
        "property_tax_val": 5126153
      },
      "geometry": {
        "type": "Polygon",
        "coordinates": [
          [
            [
              77.24845626341354,
              28.627845163647734
            ],
            [
              77.24798838231408,
              28.62785292863792
            ],
            [
              77.24799607301705,
              28.62821370832391
            ],
            [
              77.24846395571393,
              28.628205943218013
            ],
            [
              77.24845626341354,
              28.627845163647734
            ]
          ]
        ]
      }
    },
    {
      "type": "Feature",
      "properties": {
        "parcel_id": "ULPIN-IND-DL-00170",
        "survey_number": "SY-103/170",
        "landuse": "Commercial",
        "area_sqm": 1675.86,
        "owner_name": "Citizen 170 (Registered)",
        "property_tax_val": 7541360
      },
      "geometry": {
        "type": "Polygon",
        "coordinates": [
          [
            [
              77.24285790980782,
              28.628701427516695
            ],
            [
              77.24285088579201,
              28.628371174201273
            ],
            [
              77.24238300055798,
              28.628378919970846
            ],
            [
              77.2423900231115,
              28.62870917339193
            ],
            [
              77.24285790980782,
              28.628701427516695
            ]
          ]
        ]
      }
    },
    {
      "type": "Feature",
      "properties": {
        "parcel_id": "ULPIN-IND-DL-00171",
        "survey_number": "SY-103/171",
        "landuse": "Residential",
        "area_sqm": 1675.86,
        "owner_name": "Citizen 171 (Registered)",
        "property_tax_val": 4692402
      },
      "geometry": {
        "type": "Polygon",
        "coordinates": [
          [
            [
              77.24286493394179,
              28.629031680814446
            ],
            [
              77.24285790980782,
              28.628701427516695
            ],
            [
              77.2423900231115,
              28.62870917339193
            ],
            [
              77.24239704578314,
              28.629039426795337
            ],
            [
              77.24286493394179,
              28.629031680814446
            ]
          ]
        ]
      }
    },
    {
      "type": "Feature",
      "properties": {
        "parcel_id": "ULPIN-IND-DL-00172",
        "survey_number": "SY-103/172",
        "landuse": "Residential",
        "area_sqm": 1675.86,
        "owner_name": "Citizen 172 (Registered)",
        "property_tax_val": 4692402
      },
      "geometry": {
        "type": "Polygon",
        "coordinates": [
          [
            [
              77.2428719581939,
              28.6293619340945
            ],
            [
              77.24286493394179,
              28.629031680814446
            ],
            [
              77.24239704578314,
              28.629039426795337
            ],
            [
              77.2424040685729,
              28.629369680181053
            ],
            [
              77.2428719581939,
              28.6293619340945
            ]
          ]
        ]
      }
    },
    {
      "type": "Feature",
      "properties": {
        "parcel_id": "ULPIN-IND-DL-00173",
        "survey_number": "SY-103/173",
        "landuse": "Residential",
        "area_sqm": 1675.86,
        "owner_name": "Citizen 173 (Registered)",
        "property_tax_val": 4692402
      },
      "geometry": {
        "type": "Polygon",
        "coordinates": [
          [
            [
              77.24287898256414,
              28.62969218735688
            ],
            [
              77.2428719581939,
              28.6293619340945
            ],
            [
              77.2424040685729,
              28.629369680181053
            ],
            [
              77.24241109148078,
              28.629699933549098
            ],
            [
              77.24287898256414,
              28.62969218735688
            ]
          ]
        ]
      }
    },
    {
      "type": "Feature",
      "properties": {
        "parcel_id": "ULPIN-IND-DL-00174",
        "survey_number": "SY-103/174",
        "landuse": "Residential",
        "area_sqm": 1675.86,
        "owner_name": "Citizen 174 (Registered)",
        "property_tax_val": 4692402
      },
      "geometry": {
        "type": "Polygon",
        "coordinates": [
          [
            [
              77.24288600705255,
              28.63002244060158
            ],
            [
              77.24287898256414,
              28.62969218735688
            ],
            [
              77.24241109148078,
              28.629699933549098
            ],
            [
              77.24241811450678,
              28.630030186899454
            ],
            [
              77.24288600705255,
              28.63002244060158
            ]
          ]
        ]
      }
    },
    {
      "type": "Feature",
      "properties": {
        "parcel_id": "ULPIN-IND-DL-00175",
        "survey_number": "SY-103/175",
        "landuse": "Mixed-Use",
        "area_sqm": 1675.86,
        "owner_name": "Citizen 175 (Registered)",
        "property_tax_val": 4692402
      },
      "geometry": {
        "type": "Polygon",
        "coordinates": [
          [
            [
              77.24289303165908,
              28.630352693828595
            ],
            [
              77.24288600705255,
              28.63002244060158
            ],
            [
              77.24241811450678,
              28.630030186899454
            ],
            [
              77.2424251376509,
              28.630360440232135
            ],
            [
              77.24289303165908,
              28.630352693828595
            ]
          ]
        ]
      }
    },
    {
      "type": "Feature",
      "properties": {
        "parcel_id": "ULPIN-IND-DL-00176",
        "survey_number": "SY-103/176",
        "landuse": "Institutional",
        "area_sqm": 1675.86,
        "owner_name": "Citizen 176 (Registered)",
        "property_tax_val": 4692402
      },
      "geometry": {
        "type": "Polygon",
        "coordinates": [
          [
            [
              77.24290005638377,
              28.63068294703793
            ],
            [
              77.24289303165908,
              28.630352693828595
            ],
            [
              77.2424251376509,
              28.630360440232135
            ],
            [
              77.24243216091314,
              28.630690693547134
            ],
            [
              77.24290005638377,
              28.63068294703793
            ]
          ]
        ]
      }
    },
    {
      "type": "Feature",
      "properties": {
        "parcel_id": "ULPIN-IND-DL-00177",
        "survey_number": "SY-103/177",
        "landuse": "Residential",
        "area_sqm": 1675.86,
        "owner_name": "Citizen 177 (Registered)",
        "property_tax_val": 4692402
      },
      "geometry": {
        "type": "Polygon",
        "coordinates": [
          [
            [
              77.24290708122662,
              28.631013200229578
            ],
            [
              77.24290005638377,
              28.63068294703793
            ],
            [
              77.24243216091314,
              28.630690693547134
            ],
            [
              77.24243918429352,
              28.631020946844444
            ],
            [
              77.24290708122662,
              28.631013200229578
            ]
          ]
        ]
      }
    },
    {
      "type": "Feature",
      "properties": {
        "parcel_id": "ULPIN-IND-DL-00178",
        "survey_number": "SY-103/178",
        "landuse": "Residential",
        "area_sqm": 1675.86,
        "owner_name": "Citizen 178 (Registered)",
        "property_tax_val": 4692402
      },
      "geometry": {
        "type": "Polygon",
        "coordinates": [
          [
            [
              77.24291410618763,
              28.631343453403545
            ],
            [
              77.24290708122662,
              28.631013200229578
            ],
            [
              77.24243918429352,
              28.631020946844444
            ],
            [
              77.24244620779201,
              28.631351200124072
            ],
            [
              77.24291410618763,
              28.631343453403545
            ]
          ]
        ]
      }
    },
    {
      "type": "Feature",
      "properties": {
        "parcel_id": "ULPIN-IND-DL-00179",
        "survey_number": "SY-103/179",
        "landuse": "Residential",
        "area_sqm": 1675.86,
        "owner_name": "Citizen 179 (Registered)",
        "property_tax_val": 4692402
      },
      "geometry": {
        "type": "Polygon",
        "coordinates": [
          [
            [
              77.24292113126677,
              28.631673706559834
            ],
            [
              77.24291410618763,
              28.631343453403545
            ],
            [
              77.24244620779201,
              28.631351200124072
            ],
            [
              77.24245323140866,
              28.631681453386026
            ],
            [
              77.24292113126677,
              28.631673706559834
            ]
          ]
        ]
      }
    },
    {
      "type": "Feature",
      "properties": {
        "parcel_id": "ULPIN-IND-DL-00180",
        "survey_number": "SY-103/180",
        "landuse": "Residential",
        "area_sqm": 1675.86,
        "owner_name": "Citizen 180 (Registered)",
        "property_tax_val": 4692402
      },
      "geometry": {
        "type": "Polygon",
        "coordinates": [
          [
            [
              77.24292815646409,
              28.632003959698437
            ],
            [
              77.24292113126677,
              28.631673706559834
            ],
            [
              77.24245323140866,
              28.631681453386026
            ],
            [
              77.24246025514343,
              28.632011706630287
            ],
            [
              77.24292815646409,
              28.632003959698437
            ]
          ]
        ]
      }
    },
    {
      "type": "Feature",
      "properties": {
        "parcel_id": "ULPIN-IND-DL-00181",
        "survey_number": "SY-103/181",
        "landuse": "Residential",
        "area_sqm": 1675.86,
        "owner_name": "Citizen 181 (Registered)",
        "property_tax_val": 4692402
      },
      "geometry": {
        "type": "Polygon",
        "coordinates": [
          [
            [
              77.24293518177956,
              28.63233421281935
            ],
            [
              77.24292815646409,
              28.632003959698437
            ],
            [
              77.24246025514343,
              28.632011706630287
            ],
            [
              77.24246727899633,
              28.63234195985687
            ],
            [
              77.24293518177956,
              28.63233421281935
            ]
          ]
        ]
      }
    },
    {
      "type": "Feature",
      "properties": {
        "parcel_id": "ULPIN-IND-DL-00182",
        "survey_number": "SY-103/182",
        "landuse": "Mixed-Use",
        "area_sqm": 1675.86,
        "owner_name": "Citizen 182 (Registered)",
        "property_tax_val": 4692402
      },
      "geometry": {
        "type": "Polygon",
        "coordinates": [
          [
            [
              77.24293518177956,
              28.63233421281935
            ],
            [
              77.24246727899633,
              28.63234195985687
            ],
            [
              77.24247430296735,
              28.63267221306577
            ],
            [
              77.24294220721319,
              28.632664465922584
            ],
            [
              77.24293518177956,
              28.63233421281935
            ]
          ]
        ]
      }
    },
    {
      "type": "Feature",
      "properties": {
        "parcel_id": "ULPIN-IND-DL-00183",
        "survey_number": "SY-103/183",
        "landuse": "Residential",
        "area_sqm": 1675.86,
        "owner_name": "Citizen 183 (Registered)",
        "property_tax_val": 4692402
      },
      "geometry": {
        "type": "Polygon",
        "coordinates": [
          [
            [
              77.24285790980782,
              28.628701427516695
            ],
            [
              77.24332579631955,
              28.628693680028146
            ],
            [
              77.24331877084144,
              28.628363426818396
            ],
            [
              77.24285088579201,
              28.628371174201273
            ],
            [
              77.24285790980782,
              28.628701427516695
            ]
          ]
        ]
      }
    },
    {
      "type": "Feature",
      "properties": {
        "parcel_id": "ULPIN-IND-DL-00184",
        "survey_number": "SY-103/184",
        "landuse": "Residential",
        "area_sqm": 1675.86,
        "owner_name": "Citizen 184 (Registered)",
        "property_tax_val": 4692402
      },
      "geometry": {
        "type": "Polygon",
        "coordinates": [
          [
            [
              77.24285790980782,
              28.628701427516695
            ],
            [
              77.24286493394179,
              28.629031680814446
            ],
            [
              77.24333282191584,
              28.62902393322021
            ],
            [
              77.24332579631955,
              28.628693680028146
            ],
            [
              77.24285790980782,
              28.628701427516695
            ]
          ]
        ]
      }
    },
    {
      "type": "Feature",
      "properties": {
        "parcel_id": "ULPIN-IND-DL-00185",
        "survey_number": "SY-103/185",
        "landuse": "Residential",
        "area_sqm": 1675.86,
        "owner_name": "Citizen 185 (Registered)",
        "property_tax_val": 4692402
      },
      "geometry": {
        "type": "Polygon",
        "coordinates": [
          [
            [
              77.24286493394179,
              28.629031680814446
            ],
            [
              77.2428719581939,
              28.6293619340945
            ],
            [
              77.2433398476303,
              28.629354186394583
            ],
            [
              77.24333282191584,
              28.62902393322021
            ],
            [
              77.24286493394179,
              28.629031680814446
            ]
          ]
        ]
      }
    },
    {
      "type": "Feature",
      "properties": {
        "parcel_id": "ULPIN-IND-DL-00186",
        "survey_number": "SY-103/186",
        "landuse": "Residential",
        "area_sqm": 1675.86,
        "owner_name": "Citizen 186 (Registered)",
        "property_tax_val": 4692402
      },
      "geometry": {
        "type": "Polygon",
        "coordinates": [
          [
            [
              77.2428719581939,
              28.6293619340945
            ],
            [
              77.24287898256414,
              28.62969218735688
            ],
            [
              77.24334687346291,
              28.629684439551276
            ],
            [
              77.2433398476303,
              28.629354186394583
            ],
            [
              77.2428719581939,
              28.6293619340945
            ]
          ]
        ]
      }
    },
    {
      "type": "Feature",
      "properties": {
        "parcel_id": "ULPIN-IND-DL-00187",
        "survey_number": "SY-103/187",
        "landuse": "Institutional",
        "area_sqm": 1675.86,
        "owner_name": "Citizen 187 (Registered)",
        "property_tax_val": 4692402
      },
      "geometry": {
        "type": "Polygon",
        "coordinates": [
          [
            [
              77.24287898256414,
              28.62969218735688
            ],
            [
              77.24288600705255,
              28.63002244060158
            ],
            [
              77.24335389941369,
              28.630014692690292
            ],
            [
              77.24334687346291,
              28.629684439551276
            ],
            [
              77.24287898256414,
              28.62969218735688
            ]
          ]
        ]
      }
    },
    {
      "type": "Feature",
      "properties": {
        "parcel_id": "ULPIN-IND-DL-00188",
        "survey_number": "SY-103/188",
        "landuse": "Residential",
        "area_sqm": 1675.86,
        "owner_name": "Citizen 188 (Registered)",
        "property_tax_val": 4692402
      },
      "geometry": {
        "type": "Polygon",
        "coordinates": [
          [
            [
              77.24288600705255,
              28.63002244060158
            ],
            [
              77.24289303165908,
              28.630352693828595
            ],
            [
              77.24336092548266,
              28.63034494581163
            ],
            [
              77.24335389941369,
              28.630014692690292
            ],
            [
              77.24288600705255,
              28.63002244060158
            ]
          ]
        ]
      }
    },
    {
      "type": "Feature",
      "properties": {
        "parcel_id": "ULPIN-IND-DL-00189",
        "survey_number": "SY-103/189",
        "landuse": "Mixed-Use",
        "area_sqm": 1675.86,
        "owner_name": "Citizen 189 (Registered)",
        "property_tax_val": 4692402
      },
      "geometry": {
        "type": "Polygon",
        "coordinates": [
          [
            [
              77.24289303165908,
              28.630352693828595
            ],
            [
              77.24290005638377,
              28.63068294703793
            ],
            [
              77.24336795166981,
              28.63067519891528
            ],
            [
              77.24336092548266,
              28.63034494581163
            ],
            [
              77.24289303165908,
              28.630352693828595
            ]
          ]
        ]
      }
    },
    {
      "type": "Feature",
      "properties": {
        "parcel_id": "ULPIN-IND-DL-00190",
        "survey_number": "SY-103/190",
        "landuse": "Residential",
        "area_sqm": 1675.86,
        "owner_name": "Citizen 190 (Registered)",
        "property_tax_val": 4692402
      },
      "geometry": {
        "type": "Polygon",
        "coordinates": [
          [
            [
              77.24290005638377,
              28.63068294703793
            ],
            [
              77.24290708122662,
              28.631013200229578
            ],
            [
              77.24337497797512,
              28.631005452001236
            ],
            [
              77.24336795166981,
              28.63067519891528
            ],
            [
              77.24290005638377,
              28.63068294703793
            ]
          ]
        ]
      }
    },
    {
      "type": "Feature",
      "properties": {
        "parcel_id": "ULPIN-IND-DL-00191",
        "survey_number": "SY-103/191",
        "landuse": "Residential",
        "area_sqm": 1675.86,
        "owner_name": "Citizen 191 (Registered)",
        "property_tax_val": 4692402
      },
      "geometry": {
        "type": "Polygon",
        "coordinates": [
          [
            [
              77.24290708122662,
              28.631013200229578
            ],
            [
              77.24291410618763,
              28.631343453403545
            ],
            [
              77.24338200439861,
              28.63133570506952
            ],
            [
              77.24337497797512,
              28.631005452001236
            ],
            [
              77.24290708122662,
              28.631013200229578
            ]
          ]
        ]
      }
    },
    {
      "type": "Feature",
      "properties": {
        "parcel_id": "ULPIN-IND-DL-00192",
        "survey_number": "SY-103/192",
        "landuse": "Residential",
        "area_sqm": 1675.86,
        "owner_name": "Citizen 192 (Registered)",
        "property_tax_val": 4692402
      },
      "geometry": {
        "type": "Polygon",
        "coordinates": [
          [
            [
              77.24291410618763,
              28.631343453403545
            ],
            [
              77.24292113126677,
              28.631673706559834
            ],
            [
              77.24338903094028,
              28.63166595812012
            ],
            [
              77.24338200439861,
              28.63133570506952
            ],
            [
              77.24291410618763,
              28.631343453403545
            ]
          ]
        ]
      }
    },
    {
      "type": "Feature",
      "properties": {
        "parcel_id": "ULPIN-IND-DL-00193",
        "survey_number": "SY-103/193",
        "landuse": "Residential",
        "area_sqm": 1675.86,
        "owner_name": "Citizen 193 (Registered)",
        "property_tax_val": 4692402
      },
      "geometry": {
        "type": "Polygon",
        "coordinates": [
          [
            [
              77.24292113126677,
              28.631673706559834
            ],
            [
              77.24292815646409,
              28.632003959698437
            ],
            [
              77.24339605760014,
              28.631996211153034
            ],
            [
              77.24338903094028,
              28.63166595812012
            ],
            [
              77.24292113126677,
              28.631673706559834
            ]
          ]
        ]
      }
    },
    {
      "type": "Feature",
      "properties": {
        "parcel_id": "ULPIN-IND-DL-00194",
        "survey_number": "SY-103/194",
        "landuse": "Residential",
        "area_sqm": 1675.86,
        "owner_name": "Citizen 194 (Registered)",
        "property_tax_val": 4692402
      },
      "geometry": {
        "type": "Polygon",
        "coordinates": [
          [
            [
              77.24292815646409,
              28.632003959698437
            ],
            [
              77.24293518177956,
              28.63233421281935
            ],
            [
              77.24340308437817,
              28.63232646416826
            ],
            [
              77.24339605760014,
              28.631996211153034
            ],
            [
              77.24292815646409,
              28.632003959698437
            ]
          ]
        ]
      }
    },
    {
      "type": "Feature",
      "properties": {
        "parcel_id": "ULPIN-IND-DL-00195",
        "survey_number": "SY-103/195",
        "landuse": "Vacant/Green",
        "area_sqm": 1675.86,
        "owner_name": "Citizen 195 (Registered)",
        "property_tax_val": 4692402
      },
      "geometry": {
        "type": "Polygon",
        "coordinates": [
          [
            [
              77.24340308437817,
              28.63232646416826
            ],
            [
              77.24293518177956,
              28.63233421281935
            ],
            [
              77.24294220721319,
              28.632664465922584
            ],
            [
              77.24341011127439,
              28.63265671716581
            ],
            [
              77.24340308437817,
              28.63232646416826
            ]
          ]
        ]
      }
    },
    {
      "type": "Feature",
      "properties": {
        "parcel_id": "ULPIN-IND-DL-00196",
        "survey_number": "SY-103/196",
        "landuse": "Mixed-Use",
        "area_sqm": 1675.86,
        "owner_name": "Citizen 196 (Registered)",
        "property_tax_val": 4692402
      },
      "geometry": {
        "type": "Polygon",
        "coordinates": [
          [
            [
              77.24332579631955,
              28.628693680028146
            ],
            [
              77.24379368264665,
              28.62868593092626
            ],
            [
              77.24378665570624,
              28.62835567782222
            ],
            [
              77.24331877084144,
              28.628363426818396
            ],
            [
              77.24332579631955,
              28.628693680028146
            ]
          ]
        ]
      }
    },
    {
      "type": "Feature",
      "properties": {
        "parcel_id": "ULPIN-IND-DL-00197",
        "survey_number": "SY-103/197",
        "landuse": "Residential",
        "area_sqm": 1675.86,
        "owner_name": "Citizen 197 (Registered)",
        "property_tax_val": 4692402
      },
      "geometry": {
        "type": "Polygon",
        "coordinates": [
          [
            [
              77.24332579631955,
              28.628693680028146
            ],
            [
              77.24333282191584,
              28.62902393322021
            ],
            [
              77.24380070970525,
              28.629016184012624
            ],
            [
              77.24379368264665,
              28.62868593092626
            ],
            [
              77.24332579631955,
              28.628693680028146
            ]
          ]
        ]
      }
    },
    {
      "type": "Feature",
      "properties": {
        "parcel_id": "ULPIN-IND-DL-00198",
        "survey_number": "SY-103/198",
        "landuse": "Institutional",
        "area_sqm": 1675.86,
        "owner_name": "Citizen 198 (Registered)",
        "property_tax_val": 4692402
      },
      "geometry": {
        "type": "Polygon",
        "coordinates": [
          [
            [
              77.24333282191584,
              28.62902393322021
            ],
            [
              77.2433398476303,
              28.629354186394583
            ],
            [
              77.24380773688205,
              28.629346437081296
            ],
            [
              77.24380070970525,
              28.629016184012624
            ],
            [
              77.24333282191584,
              28.62902393322021
            ]
          ]
        ]
      }
    },
    {
      "type": "Feature",
      "properties": {
        "parcel_id": "ULPIN-IND-DL-00199",
        "survey_number": "SY-103/199",
        "landuse": "Residential",
        "area_sqm": 1675.86,
        "owner_name": "Citizen 199 (Registered)",
        "property_tax_val": 4692402
      },
      "geometry": {
        "type": "Polygon",
        "coordinates": [
          [
            [
              77.2433398476303,
              28.629354186394583
            ],
            [
              77.24334687346291,
              28.629684439551276
            ],
            [
              77.24381476417703,
              28.629676690132285
            ],
            [
              77.24380773688205,
              28.629346437081296
            ],
            [
              77.2433398476303,
              28.629354186394583
            ]
          ]
        ]
      }
    },
    {
      "type": "Feature",
      "properties": {
        "parcel_id": "ULPIN-IND-DL-00200",
        "survey_number": "SY-103/200",
        "landuse": "Residential",
        "area_sqm": 1675.86,
        "owner_name": "Citizen 200 (Registered)",
        "property_tax_val": 4692402
      },
      "geometry": {
        "type": "Polygon",
        "coordinates": [
          [
            [
              77.24334687346291,
              28.629684439551276
            ],
            [
              77.24335389941369,
              28.630014692690292
            ],
            [
              77.24382179159021,
              28.630006943165597
            ],
            [
              77.24381476417703,
              28.629676690132285
            ],
            [
              77.24334687346291,
              28.629684439551276
            ]
          ]
        ]
      }
    },
    {
      "type": "Feature",
      "properties": {
        "parcel_id": "ULPIN-IND-DL-00201",
        "survey_number": "SY-103/201",
        "landuse": "Residential",
        "area_sqm": 1675.86,
        "owner_name": "Citizen 201 (Registered)",
        "property_tax_val": 4692402
      },
      "geometry": {
        "type": "Polygon",
        "coordinates": [
          [
            [
              77.24335389941369,
              28.630014692690292
            ],
            [
              77.24336092548266,
              28.63034494581163
            ],
            [
              77.24382881912159,
              28.630337196181223
            ],
            [
              77.24382179159021,
              28.630006943165597
            ],
            [
              77.24335389941369,
              28.630014692690292
            ]
          ]
        ]
      }
    },
    {
      "type": "Feature",
      "properties": {
        "parcel_id": "ULPIN-IND-DL-00202",
        "survey_number": "SY-103/202",
        "landuse": "Residential",
        "area_sqm": 1675.86,
        "owner_name": "Citizen 202 (Registered)",
        "property_tax_val": 4692402
      },
      "geometry": {
        "type": "Polygon",
        "coordinates": [
          [
            [
              77.24336092548266,
              28.63034494581163
            ],
            [
              77.24336795166981,
              28.63067519891528
            ],
            [
              77.24383584677118,
              28.630667449179168
            ],
            [
              77.24382881912159,
              28.630337196181223
            ],
            [
              77.24336092548266,
              28.63034494581163
            ]
          ]
        ]
      }
    },
    {
      "type": "Feature",
      "properties": {
        "parcel_id": "ULPIN-IND-DL-00203",
        "survey_number": "SY-103/203",
        "landuse": "Mixed-Use",
        "area_sqm": 1675.86,
        "owner_name": "Citizen 203 (Registered)",
        "property_tax_val": 4692402
      },
      "geometry": {
        "type": "Polygon",
        "coordinates": [
          [
            [
              77.24336795166981,
              28.63067519891528
            ],
            [
              77.24337497797512,
              28.631005452001236
            ],
            [
              77.24384287453896,
              28.630997702159426
            ],
            [
              77.24383584677118,
              28.630667449179168
            ],
            [
              77.24336795166981,
              28.63067519891528
            ]
          ]
        ]
      }
    },
    {
      "type": "Feature",
      "properties": {
        "parcel_id": "ULPIN-IND-DL-00204",
        "survey_number": "SY-103/204",
        "landuse": "Residential",
        "area_sqm": 1675.86,
        "owner_name": "Citizen 204 (Registered)",
        "property_tax_val": 4692402
      },
      "geometry": {
        "type": "Polygon",
        "coordinates": [
          [
            [
              77.24337497797512,
              28.631005452001236
            ],
            [
              77.24338200439861,
              28.63133570506952
            ],
            [
              77.24384990242493,
              28.631327955121996
            ],
            [
              77.24384287453896,
              28.630997702159426
            ],
            [
              77.24337497797512,
              28.631005452001236
            ]
          ]
        ]
      }
    },
    {
      "type": "Feature",
      "properties": {
        "parcel_id": "ULPIN-IND-DL-00205",
        "survey_number": "SY-103/205",
        "landuse": "Residential",
        "area_sqm": 1675.86,
        "owner_name": "Citizen 205 (Registered)",
        "property_tax_val": 4692402
      },
      "geometry": {
        "type": "Polygon",
        "coordinates": [
          [
            [
              77.24338200439861,
              28.63133570506952
            ],
            [
              77.24338903094028,
              28.63166595812012
            ],
            [
              77.24385693042912,
              28.63165820806689
            ],
            [
              77.24384990242493,
              28.631327955121996
            ],
            [
              77.24338200439861,
              28.63133570506952
            ]
          ]
        ]
      }
    },
    {
      "type": "Feature",
      "properties": {
        "parcel_id": "ULPIN-IND-DL-00206",
        "survey_number": "SY-103/206",
        "landuse": "Residential",
        "area_sqm": 1675.86,
        "owner_name": "Citizen 206 (Registered)",
        "property_tax_val": 4692402
      },
      "geometry": {
        "type": "Polygon",
        "coordinates": [
          [
            [
              77.24338903094028,
              28.63166595812012
            ],
            [
              77.24339605760014,
              28.631996211153034
            ],
            [
              77.24386395855151,
              28.63198846099409
            ],
            [
              77.24385693042912,
              28.63165820806689
            ],
            [
              77.24338903094028,
              28.63166595812012
            ]
          ]
        ]
      }
    },
    {
      "type": "Feature",
      "properties": {
        "parcel_id": "ULPIN-IND-DL-00207",
        "survey_number": "SY-103/207",
        "landuse": "Residential",
        "area_sqm": 1675.86,
        "owner_name": "Citizen 207 (Registered)",
        "property_tax_val": 4692402
      },
      "geometry": {
        "type": "Polygon",
        "coordinates": [
          [
            [
              77.24339605760014,
              28.631996211153034
            ],
            [
              77.24340308437817,
              28.63232646416826
            ],
            [
              77.24387098679212,
              28.632318713903608
            ],
            [
              77.24386395855151,
              28.63198846099409
            ],
            [
              77.24339605760014,
              28.631996211153034
            ]
          ]
        ]
      }
    },
    {
      "type": "Feature",
      "properties": {
        "parcel_id": "ULPIN-IND-DL-00208",
        "survey_number": "SY-103/208",
        "landuse": "Vacant/Green",
        "area_sqm": 1675.86,
        "owner_name": "Citizen 208 (Registered)",
        "property_tax_val": 4692402
      },
      "geometry": {
        "type": "Polygon",
        "coordinates": [
          [
            [
              77.24387098679212,
              28.632318713903608
            ],
            [
              77.24340308437817,
              28.63232646416826
            ],
            [
              77.24341011127439,
              28.63265671716581
            ],
            [
              77.24387801515093,
              28.632648966795443
            ],
            [
              77.24387098679212,
              28.632318713903608
            ]
          ]
        ]
      }
    },
    {
      "type": "Feature",
      "properties": {
        "parcel_id": "ULPIN-IND-DL-00209",
        "survey_number": "SY-103/209",
        "landuse": "Institutional",
        "area_sqm": 1675.86,
        "owner_name": "Citizen 209 (Registered)",
        "property_tax_val": 4692402
      },
      "geometry": {
        "type": "Polygon",
        "coordinates": [
          [
            [
              77.24379368264665,
              28.62868593092626
            ],
            [
              77.24426156878907,
              28.628678180211068
            ],
            [
              77.24425454038638,
              28.62834792721275
            ],
            [
              77.24378665570624,
              28.62835567782222
            ],
            [
              77.24379368264665,
              28.62868593092626
            ]
          ]
        ]
      }
    },
    {
      "type": "Feature",
      "properties": {
        "parcel_id": "ULPIN-IND-DL-00210",
        "survey_number": "SY-103/210",
        "landuse": "Mixed-Use",
        "area_sqm": 1675.86,
        "owner_name": "Citizen 210 (Registered)",
        "property_tax_val": 4692402
      },
      "geometry": {
        "type": "Polygon",
        "coordinates": [
          [
            [
              77.24379368264665,
              28.62868593092626
            ],
            [
              77.24380070970525,
              28.629016184012624
            ],
            [
              77.24426859730998,
              28.62900843319171
            ],
            [
              77.24426156878907,
              28.628678180211068
            ],
            [
              77.24379368264665,
              28.62868593092626
            ]
          ]
        ]
      }
    },
    {
      "type": "Feature",
      "properties": {
        "parcel_id": "ULPIN-IND-DL-00211",
        "survey_number": "SY-103/211",
        "landuse": "Residential",
        "area_sqm": 1675.86,
        "owner_name": "Citizen 211 (Registered)",
        "property_tax_val": 4692402
      },
      "geometry": {
        "type": "Polygon",
        "coordinates": [
          [
            [
              77.24380070970525,
              28.629016184012624
            ],
            [
              77.24380773688205,
              28.629346437081296
            ],
            [
              77.24427562594911,
              28.629338686154647
            ],
            [
              77.24426859730998,
              28.62900843319171
            ],
            [
              77.24380070970525,
              28.629016184012624
            ]
          ]
        ]
      }
    },
    {
      "type": "Feature",
      "properties": {
        "parcel_id": "ULPIN-IND-DL-00212",
        "survey_number": "SY-103/212",
        "landuse": "Residential",
        "area_sqm": 1675.86,
        "owner_name": "Citizen 212 (Registered)",
        "property_tax_val": 4692402
      },
      "geometry": {
        "type": "Polygon",
        "coordinates": [
          [
            [
              77.24380773688205,
              28.629346437081296
            ],
            [
              77.24381476417703,
              28.629676690132285
            ],
            [
              77.24428265470647,
              28.62966893909992
            ],
            [
              77.24427562594911,
              28.629338686154647
            ],
            [
              77.24380773688205,
              28.629346437081296
            ]
          ]
        ]
      }
    },
    {
      "type": "Feature",
      "properties": {
        "parcel_id": "ULPIN-IND-DL-00213",
        "survey_number": "SY-103/213",
        "landuse": "Residential",
        "area_sqm": 1675.86,
        "owner_name": "Citizen 213 (Registered)",
        "property_tax_val": 4692402
      },
      "geometry": {
        "type": "Polygon",
        "coordinates": [
          [
            [
              77.24381476417703,
              28.629676690132285
            ],
            [
              77.24382179159021,
              28.630006943165597
            ],
            [
              77.24428968358204,
              28.629999192027498
            ],
            [
              77.24428265470647,
              28.62966893909992
            ],
            [
              77.24381476417703,
              28.629676690132285
            ]
          ]
        ]
      }
    },
    {
      "type": "Feature",
      "properties": {
        "parcel_id": "ULPIN-IND-DL-00214",
        "survey_number": "SY-103/214",
        "landuse": "Residential",
        "area_sqm": 1675.86,
        "owner_name": "Citizen 214 (Registered)",
        "property_tax_val": 4692402
      },
      "geometry": {
        "type": "Polygon",
        "coordinates": [
          [
            [
              77.24382179159021,
              28.630006943165597
            ],
            [
              77.24382881912159,
              28.630337196181223
            ],
            [
              77.24429671257585,
              28.630329444937395
            ],
            [
              77.24428968358204,
              28.629999192027498
            ],
            [
              77.24382179159021,
              28.630006943165597
            ]
          ]
        ]
      }
    },
    {
      "type": "Feature",
      "properties": {
        "parcel_id": "ULPIN-IND-DL-00215",
        "survey_number": "SY-103/215",
        "landuse": "Residential",
        "area_sqm": 1675.86,
        "owner_name": "Citizen 215 (Registered)",
        "property_tax_val": 4692402
      },
      "geometry": {
        "type": "Polygon",
        "coordinates": [
          [
            [
              77.24382881912159,
              28.630337196181223
            ],
            [
              77.24383584677118,
              28.630667449179168
            ],
            [
              77.24430374168786,
              28.630659697829607
            ],
            [
              77.24429671257585,
              28.630329444937395
            ],
            [
              77.24382881912159,
              28.630337196181223
            ]
          ]
        ]
      }
    },
    {
      "type": "Feature",
      "properties": {
        "parcel_id": "ULPIN-IND-DL-00216",
        "survey_number": "SY-103/216",
        "landuse": "Residential",
        "area_sqm": 1675.86,
        "owner_name": "Citizen 216 (Registered)",
        "property_tax_val": 4692402
      },
      "geometry": {
        "type": "Polygon",
        "coordinates": [
          [
            [
              77.24383584677118,
              28.630667449179168
            ],
            [
              77.24384287453896,
              28.630997702159426
            ],
            [
              77.24431077091809,
              28.63098995070413
            ],
            [
              77.24430374168786,
              28.630659697829607
            ],
            [
              77.24383584677118,
              28.630667449179168
            ]
          ]
        ]
      }
    },
    {
      "type": "Feature",
      "properties": {
        "parcel_id": "ULPIN-IND-DL-00217",
        "survey_number": "SY-103/217",
        "landuse": "Mixed-Use",
        "area_sqm": 1675.86,
        "owner_name": "Citizen 217 (Registered)",
        "property_tax_val": 4692402
      },
      "geometry": {
        "type": "Polygon",
        "coordinates": [
          [
            [
              77.24384287453896,
              28.630997702159426
            ],
            [
              77.24384990242493,
              28.631327955121996
            ],
            [
              77.24431780026657,
              28.63132020356098
            ],
            [
              77.24431077091809,
              28.63098995070413
            ],
            [
              77.24384287453896,
              28.630997702159426
            ]
          ]
        ]
      }
    },
    {
      "type": "Feature",
      "properties": {
        "parcel_id": "ULPIN-IND-DL-00218",
        "survey_number": "SY-103/218",
        "landuse": "Residential",
        "area_sqm": 1675.86,
        "owner_name": "Citizen 218 (Registered)",
        "property_tax_val": 4692402
      },
      "geometry": {
        "type": "Polygon",
        "coordinates": [
          [
            [
              77.24384990242493,
              28.631327955121996
            ],
            [
              77.24385693042912,
              28.63165820806689
            ],
            [
              77.24432482973327,
              28.631650456400138
            ],
            [
              77.24431780026657,
              28.63132020356098
            ],
            [
              77.24384990242493,
              28.631327955121996
            ]
          ]
        ]
      }
    },
    {
      "type": "Feature",
      "properties": {
        "parcel_id": "ULPIN-IND-DL-00219",
        "survey_number": "SY-103/219",
        "landuse": "Residential",
        "area_sqm": 1675.86,
        "owner_name": "Citizen 219 (Registered)",
        "property_tax_val": 4692402
      },
      "geometry": {
        "type": "Polygon",
        "coordinates": [
          [
            [
              77.24385693042912,
              28.63165820806689
            ],
            [
              77.24386395855151,
              28.63198846099409
            ],
            [
              77.2443318593182,
              28.631980709221608
            ],
            [
              77.24432482973327,
              28.631650456400138
            ],
            [
              77.24385693042912,
              28.63165820806689
            ]
          ]
        ]
      }
    },
    {
      "type": "Feature",
      "properties": {
        "parcel_id": "ULPIN-IND-DL-00220",
        "survey_number": "SY-103/220",
        "landuse": "Institutional",
        "area_sqm": 1675.86,
        "owner_name": "Citizen 220 (Registered)",
        "property_tax_val": 4692402
      },
      "geometry": {
        "type": "Polygon",
        "coordinates": [
          [
            [
              77.24386395855151,
              28.63198846099409
            ],
            [
              77.24387098679212,
              28.632318713903608
            ],
            [
              77.24433888902136,
              28.632310962025397
            ],
            [
              77.2443318593182,
              28.631980709221608
            ],
            [
              77.24386395855151,
              28.63198846099409
            ]
          ]
        ]
      }
    },
    {
      "type": "Feature",
      "properties": {
        "parcel_id": "ULPIN-IND-DL-00221",
        "survey_number": "SY-103/221",
        "landuse": "Vacant/Green",
        "area_sqm": 1675.86,
        "owner_name": "Citizen 221 (Registered)",
        "property_tax_val": 4692402
      },
      "geometry": {
        "type": "Polygon",
        "coordinates": [
          [
            [
              77.24433888902136,
              28.632310962025397
            ],
            [
              77.24387098679212,
              28.632318713903608
            ],
            [
              77.24387801515093,
              28.632648966795443
            ],
            [
              77.24434591884275,
              28.632641214811496
            ],
            [
              77.24433888902136,
              28.632310962025397
            ]
          ]
        ]
      }
    },
    {
      "type": "Feature",
      "properties": {
        "parcel_id": "ULPIN-IND-DL-00222",
        "survey_number": "SY-103/222",
        "landuse": "Residential",
        "area_sqm": 1675.86,
        "owner_name": "Citizen 222 (Registered)",
        "property_tax_val": 4692402
      },
      "geometry": {
        "type": "Polygon",
        "coordinates": [
          [
            [
              77.24426156878907,
              28.628678180211068
            ],
            [
              77.24472945474677,
              28.628670427882557
            ],
            [
              77.24472242488179,
              28.628340174989983
            ],
            [
              77.24425454038638,
              28.62834792721275
            ],
            [
              77.24426156878907,
              28.628678180211068
            ]
          ]
        ]
      }
    },
    {
      "type": "Feature",
      "properties": {
        "parcel_id": "ULPIN-IND-DL-00223",
        "survey_number": "SY-103/223",
        "landuse": "Residential",
        "area_sqm": 1675.86,
        "owner_name": "Citizen 223 (Registered)",
        "property_tax_val": 4692402
      },
      "geometry": {
        "type": "Polygon",
        "coordinates": [
          [
            [
              77.24426156878907,
              28.628678180211068
            ],
            [
              77.24426859730998,
              28.62900843319171
            ],
            [
              77.24473648473001,
              28.629000680757443
            ],
            [
              77.24472945474677,
              28.628670427882557
            ],
            [
              77.24426156878907,
              28.628678180211068
            ]
          ]
        ]
      }
    },
    {
      "type": "Feature",
      "properties": {
        "parcel_id": "ULPIN-IND-DL-00224",
        "survey_number": "SY-103/224",
        "landuse": "Mixed-Use",
        "area_sqm": 1675.86,
        "owner_name": "Citizen 224 (Registered)",
        "property_tax_val": 4692402
      },
      "geometry": {
        "type": "Polygon",
        "coordinates": [
          [
            [
              77.24426859730998,
              28.62900843319171
            ],
            [
              77.24427562594911,
              28.629338686154647
            ],
            [
              77.24474351483148,
              28.629330933614636
            ],
            [
              77.24473648473001,
              28.629000680757443
            ],
            [
              77.24426859730998,
              28.62900843319171
            ]
          ]
        ]
      }
    },
    {
      "type": "Feature",
      "properties": {
        "parcel_id": "ULPIN-IND-DL-00225",
        "survey_number": "SY-103/225",
        "landuse": "Residential",
        "area_sqm": 1675.86,
        "owner_name": "Citizen 225 (Registered)",
        "property_tax_val": 4692402
      },
      "geometry": {
        "type": "Polygon",
        "coordinates": [
          [
            [
              77.24427562594911,
              28.629338686154647
            ],
            [
              77.24428265470647,
              28.62966893909992
            ],
            [
              77.24475054505119,
              28.62966118645416
            ],
            [
              77.24474351483148,
              28.629330933614636
            ],
            [
              77.24427562594911,
              28.629338686154647
            ]
          ]
        ]
      }
    },
    {
      "type": "Feature",
      "properties": {
        "parcel_id": "ULPIN-IND-DL-00226",
        "survey_number": "SY-103/226",
        "landuse": "Residential",
        "area_sqm": 1675.86,
        "owner_name": "Citizen 226 (Registered)",
        "property_tax_val": 4692402
      },
      "geometry": {
        "type": "Polygon",
        "coordinates": [
          [
            [
              77.24428265470647,
              28.62966893909992
            ],
            [
              77.24428968358204,
              28.629999192027498
            ],
            [
              77.24475757538914,
              28.62999143927599
            ],
            [
              77.24475054505119,
              28.62966118645416
            ],
            [
              77.24428265470647,
              28.62966893909992
            ]
          ]
        ]
      }
    },
    {
      "type": "Feature",
      "properties": {
        "parcel_id": "ULPIN-IND-DL-00227",
        "survey_number": "SY-103/227",
        "landuse": "Residential",
        "area_sqm": 1675.86,
        "owner_name": "Citizen 227 (Registered)",
        "property_tax_val": 4692402
      },
      "geometry": {
        "type": "Polygon",
        "coordinates": [
          [
            [
              77.24428968358204,
              28.629999192027498
            ],
            [
              77.24429671257585,
              28.630329444937395
            ],
            [
              77.24476460584536,
              28.63032169208014
            ],
            [
              77.24475757538914,
              28.62999143927599
            ],
            [
              77.24428968358204,
              28.629999192027498
            ]
          ]
        ]
      }
    },
    {
      "type": "Feature",
      "properties": {
        "parcel_id": "ULPIN-IND-DL-00228",
        "survey_number": "SY-103/228",
        "landuse": "Residential",
        "area_sqm": 1675.86,
        "owner_name": "Citizen 228 (Registered)",
        "property_tax_val": 4692402
      },
      "geometry": {
        "type": "Polygon",
        "coordinates": [
          [
            [
              77.24429671257585,
              28.630329444937395
            ],
            [
              77.24430374168786,
              28.630659697829607
            ],
            [
              77.24477163641981,
              28.630651944866596
            ],
            [
              77.24476460584536,
              28.63032169208014
            ],
            [
              77.24429671257585,
              28.630329444937395
            ]
          ]
        ]
      }
    },
    {
      "type": "Feature",
      "properties": {
        "parcel_id": "ULPIN-IND-DL-00229",
        "survey_number": "SY-103/229",
        "landuse": "Residential",
        "area_sqm": 1675.86,
        "owner_name": "Citizen 229 (Registered)",
        "property_tax_val": 4692402
      },
      "geometry": {
        "type": "Polygon",
        "coordinates": [
          [
            [
              77.24430374168786,
              28.630659697829607
            ],
            [
              77.24431077091809,
              28.63098995070413
            ],
            [
              77.24477866711251,
              28.63098219763537
            ],
            [
              77.24477163641981,
              28.630651944866596
            ],
            [
              77.24430374168786,
              28.630659697829607
            ]
          ]
        ]
      }
    },
    {
      "type": "Feature",
      "properties": {
        "parcel_id": "ULPIN-IND-DL-00230",
        "survey_number": "SY-103/230",
        "landuse": "Residential",
        "area_sqm": 1675.86,
        "owner_name": "Citizen 230 (Registered)",
        "property_tax_val": 4692402
      },
      "geometry": {
        "type": "Polygon",
        "coordinates": [
          [
            [
              77.24431077091809,
              28.63098995070413
            ],
            [
              77.24431780026657,
              28.63132020356098
            ],
            [
              77.24478569792348,
              28.631312450386467
            ],
            [
              77.24477866711251,
              28.63098219763537
            ],
            [
              77.24431077091809,
              28.63098995070413
            ]
          ]
        ]
      }
    },
    {
      "type": "Feature",
      "properties": {
        "parcel_id": "ULPIN-IND-DL-00231",
        "survey_number": "SY-103/231",
        "landuse": "Mixed-Use",
        "area_sqm": 1675.86,
        "owner_name": "Citizen 231 (Registered)",
        "property_tax_val": 4692402
      },
      "geometry": {
        "type": "Polygon",
        "coordinates": [
          [
            [
              77.24431780026657,
              28.63132020356098
            ],
            [
              77.24432482973327,
              28.631650456400138
            ],
            [
              77.24479272885269,
              28.631642703119873
            ],
            [
              77.24478569792348,
              28.631312450386467
            ],
            [
              77.24431780026657,
              28.63132020356098
            ]
          ]
        ]
      }
    },
    {
      "type": "Feature",
      "properties": {
        "parcel_id": "ULPIN-IND-DL-00232",
        "survey_number": "SY-103/232",
        "landuse": "Residential",
        "area_sqm": 1675.86,
        "owner_name": "Citizen 232 (Registered)",
        "property_tax_val": 4692402
      },
      "geometry": {
        "type": "Polygon",
        "coordinates": [
          [
            [
              77.24432482973327,
              28.631650456400138
            ],
            [
              77.2443318593182,
              28.631980709221608
            ],
            [
              77.24479975990015,
              28.63197295583559
            ],
            [
              77.24479272885269,
              28.631642703119873
            ],
            [
              77.24432482973327,
              28.631650456400138
            ]
          ]
        ]
      }
    },
    {
      "type": "Feature",
      "properties": {
        "parcel_id": "ULPIN-IND-DL-00233",
        "survey_number": "SY-103/233",
        "landuse": "Residential",
        "area_sqm": 1675.86,
        "owner_name": "Citizen 233 (Registered)",
        "property_tax_val": 4692402
      },
      "geometry": {
        "type": "Polygon",
        "coordinates": [
          [
            [
              77.2443318593182,
              28.631980709221608
            ],
            [
              77.24433888902136,
              28.632310962025397
            ],
            [
              77.24480679106587,
              28.63230320853362
            ],
            [
              77.24479975990015,
              28.63197295583559
            ],
            [
              77.2443318593182,
              28.631980709221608
            ]
          ]
        ]
      }
    },
    {
      "type": "Feature",
      "properties": {
        "parcel_id": "ULPIN-IND-DL-00234",
        "survey_number": "SY-103/234",
        "landuse": "Vacant/Green",
        "area_sqm": 1675.86,
        "owner_name": "Citizen 234 (Registered)",
        "property_tax_val": 4692402
      },
      "geometry": {
        "type": "Polygon",
        "coordinates": [
          [
            [
              77.24480679106587,
              28.63230320853362
            ],
            [
              77.24433888902136,
              28.632310962025397
            ],
            [
              77.24434591884275,
              28.632641214811496
            ],
            [
              77.24481382234984,
              28.63263346121397
            ],
            [
              77.24480679106587,
              28.63230320853362
            ]
          ]
        ]
      }
    },
    {
      "type": "Feature",
      "properties": {
        "parcel_id": "ULPIN-IND-DL-00235",
        "survey_number": "SY-103/235",
        "landuse": "Residential",
        "area_sqm": 1675.86,
        "owner_name": "Citizen 235 (Registered)",
        "property_tax_val": 4692402
      },
      "geometry": {
        "type": "Polygon",
        "coordinates": [
          [
            [
              77.24472945474677,
              28.628670427882557
            ],
            [
              77.24519734051974,
              28.62866267394073
            ],
            [
              77.24519030919247,
              28.628332421153925
            ],
            [
              77.24472242488179,
              28.628340174989983
            ],
            [
              77.24472945474677,
              28.628670427882557
            ]
          ]
        ]
      }
    },
    {
      "type": "Feature",
      "properties": {
        "parcel_id": "ULPIN-IND-DL-00236",
        "survey_number": "SY-103/236",
        "landuse": "Residential",
        "area_sqm": 1675.86,
        "owner_name": "Citizen 236 (Registered)",
        "property_tax_val": 4692402
      },
      "geometry": {
        "type": "Polygon",
        "coordinates": [
          [
            [
              77.24472945474677,
              28.628670427882557
            ],
            [
              77.24473648473001,
              28.629000680757443
            ],
            [
              77.24520437196527,
              28.62899292670985
            ],
            [
              77.24519734051974,
              28.62866267394073
            ],
            [
              77.24472945474677,
              28.628670427882557
            ]
          ]
        ]
      }
    },
    {
      "type": "Feature",
      "properties": {
        "parcel_id": "ULPIN-IND-DL-00237",
        "survey_number": "SY-103/237",
        "landuse": "Residential",
        "area_sqm": 1675.86,
        "owner_name": "Citizen 237 (Registered)",
        "property_tax_val": 4692402
      },
      "geometry": {
        "type": "Polygon",
        "coordinates": [
          [
            [
              77.24473648473001,
              28.629000680757443
            ],
            [
              77.24474351483148,
              28.629330933614636
            ],
            [
              77.24521140352908,
              28.629323179461274
            ],
            [
              77.24520437196527,
              28.62899292670985
            ],
            [
              77.24473648473001,
              28.629000680757443
            ]
          ]
        ]
      }
    },
    {
      "type": "Feature",
      "properties": {
        "parcel_id": "ULPIN-IND-DL-00238",
        "survey_number": "SY-103/238",
        "landuse": "Mixed-Use",
        "area_sqm": 1675.86,
        "owner_name": "Citizen 238 (Registered)",
        "property_tax_val": 4692402
      },
      "geometry": {
        "type": "Polygon",
        "coordinates": [
          [
            [
              77.24474351483148,
              28.629330933614636
            ],
            [
              77.24475054505119,
              28.62966118645416
            ],
            [
              77.24521843521114,
              28.629653432195024
            ],
            [
              77.24521140352908,
              28.629323179461274
            ],
            [
              77.24474351483148,
              28.629330933614636
            ]
          ]
        ]
      }
    },
    {
      "type": "Feature",
      "properties": {
        "parcel_id": "ULPIN-IND-DL-00239",
        "survey_number": "SY-103/239",
        "landuse": "Residential",
        "area_sqm": 1675.86,
        "owner_name": "Citizen 239 (Registered)",
        "property_tax_val": 4692402
      },
      "geometry": {
        "type": "Polygon",
        "coordinates": [
          [
            [
              77.24475054505119,
              28.62966118645416
            ],
            [
              77.24475757538914,
              28.62999143927599
            ],
            [
              77.2452254670115,
              28.629983684911082
            ],
            [
              77.24521843521114,
              28.629653432195024
            ],
            [
              77.24475054505119,
              28.62966118645416
            ]
          ]
        ]
      }
    },
    {
      "type": "Feature",
      "properties": {
        "parcel_id": "ULPIN-IND-DL-00240",
        "survey_number": "SY-103/240",
        "landuse": "Residential",
        "area_sqm": 1675.86,
        "owner_name": "Citizen 240 (Registered)",
        "property_tax_val": 4692402
      },
      "geometry": {
        "type": "Polygon",
        "coordinates": [
          [
            [
              77.24475757538914,
              28.62999143927599
            ],
            [
              77.24476460584536,
              28.63032169208014
            ],
            [
              77.24523249893012,
              28.630313937609458
            ],
            [
              77.2452254670115,
              28.629983684911082
            ],
            [
              77.24475757538914,
              28.62999143927599
            ]
          ]
        ]
      }
    },
    {
      "type": "Feature",
      "properties": {
        "parcel_id": "ULPIN-IND-DL-00241",
        "survey_number": "SY-103/241",
        "landuse": "Residential",
        "area_sqm": 1675.86,
        "owner_name": "Citizen 241 (Registered)",
        "property_tax_val": 4692402
      },
      "geometry": {
        "type": "Polygon",
        "coordinates": [
          [
            [
              77.24476460584536,
              28.63032169208014
            ],
            [
              77.24477163641981,
              28.630651944866596
            ],
            [
              77.24523953096701,
              28.630644190290145
            ],
            [
              77.24523249893012,
              28.630313937609458
            ],
            [
              77.24476460584536,
              28.63032169208014
            ]
          ]
        ]
      }
    },
    {
      "type": "Feature",
      "properties": {
        "parcel_id": "ULPIN-IND-DL-00242",
        "survey_number": "SY-103/242",
        "landuse": "Institutional",
        "area_sqm": 1675.86,
        "owner_name": "Citizen 242 (Registered)",
        "property_tax_val": 4692402
      },
      "geometry": {
        "type": "Polygon",
        "coordinates": [
          [
            [
              77.24477163641981,
              28.630651944866596
            ],
            [
              77.24477866711251,
              28.63098219763537
            ],
            [
              77.24524656312217,
              28.630974442953143
            ],
            [
              77.24523953096701,
              28.630644190290145
            ],
            [
              77.24477163641981,
              28.630651944866596
            ]
          ]
        ]
      }
    },
    {
      "type": "Feature",
      "properties": {
        "parcel_id": "ULPIN-IND-DL-00243",
        "survey_number": "SY-103/243",
        "landuse": "Residential",
        "area_sqm": 1675.86,
        "owner_name": "Citizen 243 (Registered)",
        "property_tax_val": 4692402
      },
      "geometry": {
        "type": "Polygon",
        "coordinates": [
          [
            [
              77.24477866711251,
              28.63098219763537
            ],
            [
              77.24478569792348,
              28.631312450386467
            ],
            [
              77.24525359539561,
              28.631304695598462
            ],
            [
              77.24524656312217,
              28.630974442953143
            ],
            [
              77.24477866711251,
              28.63098219763537
            ]
          ]
        ]
      }
    },
    {
      "type": "Feature",
      "properties": {
        "parcel_id": "ULPIN-IND-DL-00244",
        "survey_number": "SY-103/244",
        "landuse": "Residential",
        "area_sqm": 1675.86,
        "owner_name": "Citizen 244 (Registered)",
        "property_tax_val": 4692402
      },
      "geometry": {
        "type": "Polygon",
        "coordinates": [
          [
            [
              77.24478569792348,
              28.631312450386467
            ],
            [
              77.24479272885269,
              28.631642703119873
            ],
            [
              77.24526062778733,
              28.631634948226097
            ],
            [
              77.24525359539561,
              28.631304695598462
            ],
            [
              77.24478569792348,
              28.631312450386467
            ]
          ]
        ]
      }
    },
    {
      "type": "Feature",
      "properties": {
        "parcel_id": "ULPIN-IND-DL-00245",
        "survey_number": "SY-103/245",
        "landuse": "Mixed-Use",
        "area_sqm": 1675.86,
        "owner_name": "Citizen 245 (Registered)",
        "property_tax_val": 4692402
      },
      "geometry": {
        "type": "Polygon",
        "coordinates": [
          [
            [
              77.24479272885269,
              28.631642703119873
            ],
            [
              77.24479975990015,
              28.63197295583559
            ],
            [
              77.24526766029732,
              28.63196520083604
            ],
            [
              77.24526062778733,
              28.631634948226097
            ],
            [
              77.24479272885269,
              28.631642703119873
            ]
          ]
        ]
      }
    },
    {
      "type": "Feature",
      "properties": {
        "parcel_id": "ULPIN-IND-DL-00246",
        "survey_number": "SY-103/246",
        "landuse": "Residential",
        "area_sqm": 1675.86,
        "owner_name": "Citizen 246 (Registered)",
        "property_tax_val": 4692402
      },
      "geometry": {
        "type": "Polygon",
        "coordinates": [
          [
            [
              77.24479975990015,
              28.63197295583559
            ],
            [
              77.24480679106587,
              28.63230320853362
            ],
            [
              77.24527469292559,
              28.63229545342829
            ],
            [
              77.24526766029732,
              28.63196520083604
            ],
            [
              77.24479975990015,
              28.63197295583559
            ]
          ]
        ]
      }
    },
    {
      "type": "Feature",
      "properties": {
        "parcel_id": "ULPIN-IND-DL-00247",
        "survey_number": "SY-103/247",
        "landuse": "Vacant/Green",
        "area_sqm": 1675.86,
        "owner_name": "Citizen 247 (Registered)",
        "property_tax_val": 4692402
      },
      "geometry": {
        "type": "Polygon",
        "coordinates": [
          [
            [
              77.24527469292559,
              28.63229545342829
            ],
            [
              77.24480679106587,
              28.63230320853362
            ],
            [
              77.24481382234984,
              28.63263346121397
            ],
            [
              77.24528172567216,
              28.632625706002866
            ],
            [
              77.24527469292559,
              28.63229545342829
            ]
          ]
        ]
      }
    },
    {
      "type": "Feature",
      "properties": {
        "parcel_id": "ULPIN-IND-DL-00248",
        "survey_number": "SY-103/248",
        "landuse": "Residential",
        "area_sqm": 1675.86,
        "owner_name": "Citizen 248 (Registered)",
        "property_tax_val": 4692402
      },
      "geometry": {
        "type": "Polygon",
        "coordinates": [
          [
            [
              77.24519734051974,
              28.62866267394073
            ],
            [
              77.2456652261079,
              28.628654918385593
            ],
            [
              77.24565819331833,
              28.628324665704582
            ],
            [
              77.24519030919247,
              28.628332421153925
            ],
            [
              77.24519734051974,
              28.62866267394073
            ]
          ]
        ]
      }
    },
    {
      "type": "Feature",
      "properties": {
        "parcel_id": "ULPIN-IND-DL-00249",
        "survey_number": "SY-103/249",
        "landuse": "Residential",
        "area_sqm": 1675.86,
        "owner_name": "Citizen 249 (Registered)",
        "property_tax_val": 4692402
      },
      "geometry": {
        "type": "Polygon",
        "coordinates": [
          [
            [
              77.24519734051974,
              28.62866267394073
            ],
            [
              77.24520437196527,
              28.62899292670985
            ],
            [
              77.24567225901575,
              28.628985171048914
            ],
            [
              77.2456652261079,
              28.628654918385593
            ],
            [
              77.24519734051974,
              28.62866267394073
            ]
          ]
        ]
      }
    },
    {
      "type": "Feature",
      "properties": {
        "parcel_id": "ULPIN-IND-DL-00250",
        "survey_number": "SY-103/250",
        "landuse": "Residential",
        "area_sqm": 1675.86,
        "owner_name": "Citizen 250 (Registered)",
        "property_tax_val": 4692402
      },
      "geometry": {
        "type": "Polygon",
        "coordinates": [
          [
            [
              77.24520437196527,
              28.62899292670985
            ],
            [
              77.24521140352908,
              28.629323179461274
            ],
            [
              77.24567929204188,
              28.62931542369455
            ],
            [
              77.24567225901575,
              28.628985171048914
            ],
            [
              77.24520437196527,
              28.62899292670985
            ]
          ]
        ]
      }
    },
    {
      "type": "Feature",
      "properties": {
        "parcel_id": "ULPIN-IND-DL-00251",
        "survey_number": "SY-103/251",
        "landuse": "Residential",
        "area_sqm": 1675.86,
        "owner_name": "Citizen 251 (Registered)",
        "property_tax_val": 4692402
      },
      "geometry": {
        "type": "Polygon",
        "coordinates": [
          [
            [
              77.24521140352908,
              28.629323179461274
            ],
            [
              77.24521843521114,
              28.629653432195024
            ],
            [
              77.24568632518631,
              28.62964567632251
            ],
            [
              77.24567929204188,
              28.62931542369455
            ],
            [
              77.24521140352908,
              28.629323179461274
            ]
          ]
        ]
      }
    },
    {
      "type": "Feature",
      "properties": {
        "parcel_id": "ULPIN-IND-DL-00252",
        "survey_number": "SY-103/252",
        "landuse": "Mixed-Use",
        "area_sqm": 1675.86,
        "owner_name": "Citizen 252 (Registered)",
        "property_tax_val": 4692402
      },
      "geometry": {
        "type": "Polygon",
        "coordinates": [
          [
            [
              77.24521843521114,
              28.629653432195024
            ],
            [
              77.2452254670115,
              28.629983684911082
            ],
            [
              77.24569335844905,
              28.629975928932772
            ],
            [
              77.24568632518631,
              28.62964567632251
            ],
            [
              77.24521843521114,
              28.629653432195024
            ]
          ]
        ]
      }
    },
    {
      "type": "Feature",
      "properties": {
        "parcel_id": "ULPIN-IND-DL-00253",
        "survey_number": "SY-103/253",
        "landuse": "Institutional",
        "area_sqm": 1675.86,
        "owner_name": "Citizen 253 (Registered)",
        "property_tax_val": 4692402
      },
      "geometry": {
        "type": "Polygon",
        "coordinates": [
          [
            [
              77.2452254670115,
              28.629983684911082
            ],
            [
              77.24523249893012,
              28.630313937609458
            ],
            [
              77.24570039183007,
              28.630306181525356
            ],
            [
              77.24569335844905,
              28.629975928932772
            ],
            [
              77.2452254670115,
              28.629983684911082
            ]
          ]
        ]
      }
    },
    {
      "type": "Feature",
      "properties": {
        "parcel_id": "ULPIN-IND-DL-00254",
        "survey_number": "SY-103/254",
        "landuse": "Residential",
        "area_sqm": 1675.86,
        "owner_name": "Citizen 254 (Registered)",
        "property_tax_val": 4692402
      },
      "geometry": {
        "type": "Polygon",
        "coordinates": [
          [
            [
              77.24523249893012,
              28.630313937609458
            ],
            [
              77.24523953096701,
              28.630644190290145
            ],
            [
              77.2457074253294,
              28.630636434100246
            ],
            [
              77.24570039183007,
              28.630306181525356
            ],
            [
              77.24523249893012,
              28.630313937609458
            ]
          ]
        ]
      }
    },
    {
      "type": "Feature",
      "properties": {
        "parcel_id": "ULPIN-IND-DL-00255",
        "survey_number": "SY-103/255",
        "landuse": "Residential",
        "area_sqm": 1675.86,
        "owner_name": "Citizen 255 (Registered)",
        "property_tax_val": 4692402
      },
      "geometry": {
        "type": "Polygon",
        "coordinates": [
          [
            [
              77.24523953096701,
              28.630644190290145
            ],
            [
              77.24524656312217,
              28.630974442953143
            ],
            [
              77.245714458947,
              28.630966686657448
            ],
            [
              77.2457074253294,
              28.630636434100246
            ],
            [
              77.24523953096701,
              28.630644190290145
            ]
          ]
        ]
      }
    },
    {
      "type": "Feature",
      "properties": {
        "parcel_id": "ULPIN-IND-DL-00256",
        "survey_number": "SY-103/256",
        "landuse": "Residential",
        "area_sqm": 1675.86,
        "owner_name": "Citizen 256 (Registered)",
        "property_tax_val": 4692402
      },
      "geometry": {
        "type": "Polygon",
        "coordinates": [
          [
            [
              77.24524656312217,
              28.630974442953143
            ],
            [
              77.24525359539561,
              28.631304695598462
            ],
            [
              77.24572149268293,
              28.63129693919697
            ],
            [
              77.245714458947,
              28.630966686657448
            ],
            [
              77.24524656312217,
              28.630974442953143
            ]
          ]
        ]
      }
    },
    {
      "type": "Feature",
      "properties": {
        "parcel_id": "ULPIN-IND-DL-00257",
        "survey_number": "SY-103/257",
        "landuse": "Residential",
        "area_sqm": 1675.86,
        "owner_name": "Citizen 257 (Registered)",
        "property_tax_val": 4692402
      },
      "geometry": {
        "type": "Polygon",
        "coordinates": [
          [
            [
              77.24525359539561,
              28.631304695598462
            ],
            [
              77.24526062778733,
              28.631634948226097
            ],
            [
              77.24572852653716,
              28.631627191718806
            ],
            [
              77.24572149268293,
              28.63129693919697
            ],
            [
              77.24525359539561,
              28.631304695598462
            ]
          ]
        ]
      }
    },
    {
      "type": "Feature",
      "properties": {
        "parcel_id": "ULPIN-IND-DL-00258",
        "survey_number": "SY-103/258",
        "landuse": "Residential",
        "area_sqm": 1675.86,
        "owner_name": "Citizen 258 (Registered)",
        "property_tax_val": 4692402
      },
      "geometry": {
        "type": "Polygon",
        "coordinates": [
          [
            [
              77.24526062778733,
              28.631634948226097
            ],
            [
              77.24526766029732,
              28.63196520083604
            ],
            [
              77.24573556050969,
              28.631957444222955
            ],
            [
              77.24572852653716,
              28.631627191718806
            ],
            [
              77.24526062778733,
              28.631634948226097
            ]
          ]
        ]
      }
    },
    {
      "type": "Feature",
      "properties": {
        "parcel_id": "ULPIN-IND-DL-00259",
        "survey_number": "SY-103/259",
        "landuse": "Mixed-Use",
        "area_sqm": 1675.86,
        "owner_name": "Citizen 259 (Registered)",
        "property_tax_val": 4692402
      },
      "geometry": {
        "type": "Polygon",
        "coordinates": [
          [
            [
              77.24526766029732,
              28.63196520083604
            ],
            [
              77.24527469292559,
              28.63229545342829
            ],
            [
              77.24574259460051,
              28.632287696709408
            ],
            [
              77.24573556050969,
              28.631957444222955
            ],
            [
              77.24526766029732,
              28.63196520083604
            ]
          ]
        ]
      }
    },
    {
      "type": "Feature",
      "properties": {
        "parcel_id": "ULPIN-IND-DL-00260",
        "survey_number": "SY-103/260",
        "landuse": "Vacant/Green",
        "area_sqm": 1675.86,
        "owner_name": "Citizen 260 (Registered)",
        "property_tax_val": 4692402
      },
      "geometry": {
        "type": "Polygon",
        "coordinates": [
          [
            [
              77.24574259460051,
              28.632287696709408
            ],
            [
              77.24527469292559,
              28.63229545342829
            ],
            [
              77.24528172567216,
              28.632625706002866
            ],
            [
              77.24574962880965,
              28.632617949178183
            ],
            [
              77.24574259460051,
              28.632287696709408
            ]
          ]
        ]
      }
    },
    {
      "type": "Feature",
      "properties": {
        "parcel_id": "ULPIN-IND-DL-00261",
        "survey_number": "SY-103/261",
        "landuse": "Residential",
        "area_sqm": 1675.86,
        "owner_name": "Citizen 261 (Registered)",
        "property_tax_val": 4692402
      },
      "geometry": {
        "type": "Polygon",
        "coordinates": [
          [
            [
              77.2456652261079,
              28.628654918385593
            ],
            [
              77.24613311151123,
              28.62864716121714
            ],
            [
              77.24612607725939,
              28.628316908641942
            ],
            [
              77.24565819331833,
              28.628324665704582
            ],
            [
              77.2456652261079,
              28.628654918385593
            ]
          ]
        ]
      }
    },
    {
      "type": "Feature",
      "properties": {
        "parcel_id": "ULPIN-IND-DL-00262",
        "survey_number": "SY-103/262",
        "landuse": "Residential",
        "area_sqm": 1675.86,
        "owner_name": "Citizen 262 (Registered)",
        "property_tax_val": 4692402
      },
      "geometry": {
        "type": "Polygon",
        "coordinates": [
          [
            [
              77.2456652261079,
              28.628654918385593
            ],
            [
              77.24567225901575,
              28.628985171048914
            ],
            [
              77.24614014588138,
              28.628977413774656
            ],
            [
              77.24613311151123,
              28.62864716121714
            ],
            [
              77.2456652261079,
              28.628654918385593
            ]
          ]
        ]
      }
    },
    {
      "type": "Feature",
      "properties": {
        "parcel_id": "ULPIN-IND-DL-00263",
        "survey_number": "SY-103/263",
        "landuse": "Residential",
        "area_sqm": 1675.86,
        "owner_name": "Citizen 263 (Registered)",
        "property_tax_val": 4692402
      },
      "geometry": {
        "type": "Polygon",
        "coordinates": [
          [
            [
              77.24567225901575,
              28.628985171048914
            ],
            [
              77.24567929204188,
              28.62931542369455
            ],
            [
              77.24614718036986,
              28.629307666314475
            ],
            [
              77.24614014588138,
              28.628977413774656
            ],
            [
              77.24567225901575,
              28.628985171048914
            ]
          ]
        ]
      }
    },
    {
      "type": "Feature",
      "properties": {
        "parcel_id": "ULPIN-IND-DL-00264",
        "survey_number": "SY-103/264",
        "landuse": "Institutional",
        "area_sqm": 1675.86,
        "owner_name": "Citizen 264 (Registered)",
        "property_tax_val": 4692402
      },
      "geometry": {
        "type": "Polygon",
        "coordinates": [
          [
            [
              77.24567929204188,
              28.62931542369455
            ],
            [
              77.24568632518631,
              28.62964567632251
            ],
            [
              77.24615421497666,
              28.629637918836618
            ],
            [
              77.24614718036986,
              28.629307666314475
            ],
            [
              77.24567929204188,
              28.62931542369455
            ]
          ]
        ]
      }
    },
    {
      "type": "Feature",
      "properties": {
        "parcel_id": "ULPIN-IND-DL-00265",
        "survey_number": "SY-103/265",
        "landuse": "Residential",
        "area_sqm": 1675.86,
        "owner_name": "Citizen 265 (Registered)",
        "property_tax_val": 4692402
      },
      "geometry": {
        "type": "Polygon",
        "coordinates": [
          [
            [
              77.24568632518631,
              28.62964567632251
            ],
            [
              77.24569335844905,
              28.629975928932772
            ],
            [
              77.24616124970176,
              28.629968171341066
            ],
            [
              77.24615421497666,
              28.629637918836618
            ],
            [
              77.24568632518631,
              28.62964567632251
            ]
          ]
        ]
      }
    },
    {
      "type": "Feature",
      "properties": {
        "parcel_id": "ULPIN-IND-DL-00266",
        "survey_number": "SY-103/266",
        "landuse": "Mixed-Use",
        "area_sqm": 1675.86,
        "owner_name": "Citizen 266 (Registered)",
        "property_tax_val": 4692402
      },
      "geometry": {
        "type": "Polygon",
        "coordinates": [
          [
            [
              77.24569335844905,
              28.629975928932772
            ],
            [
              77.24570039183007,
              28.630306181525356
            ],
            [
              77.24616828454519,
              28.630298423827828
            ],
            [
              77.24616124970176,
              28.629968171341066
            ],
            [
              77.24569335844905,
              28.629975928932772
            ]
          ]
        ]
      }
    },
    {
      "type": "Feature",
      "properties": {
        "parcel_id": "ULPIN-IND-DL-00267",
        "survey_number": "SY-103/267",
        "landuse": "Residential",
        "area_sqm": 1675.86,
        "owner_name": "Citizen 267 (Registered)",
        "property_tax_val": 4692402
      },
      "geometry": {
        "type": "Polygon",
        "coordinates": [
          [
            [
              77.24570039183007,
              28.630306181525356
            ],
            [
              77.2457074253294,
              28.630636434100246
            ],
            [
              77.24617531950695,
              28.63062867629691
            ],
            [
              77.24616828454519,
              28.630298423827828
            ],
            [
              77.24570039183007,
              28.630306181525356
            ]
          ]
        ]
      }
    },
    {
      "type": "Feature",
      "properties": {
        "parcel_id": "ULPIN-IND-DL-00268",
        "survey_number": "SY-103/268",
        "landuse": "Residential",
        "area_sqm": 1675.86,
        "owner_name": "Citizen 268 (Registered)",
        "property_tax_val": 4692402
      },
      "geometry": {
        "type": "Polygon",
        "coordinates": [
          [
            [
              77.2457074253294,
              28.630636434100246
            ],
            [
              77.245714458947,
              28.630966686657448
            ],
            [
              77.246182354587,
              28.630958928748296
            ],
            [
              77.24617531950695,
              28.63062867629691
            ],
            [
              77.2457074253294,
              28.630636434100246
            ]
          ]
        ]
      }
    },
    {
      "type": "Feature",
      "properties": {
        "parcel_id": "ULPIN-IND-DL-00269",
        "survey_number": "SY-103/269",
        "landuse": "Residential",
        "area_sqm": 1675.86,
        "owner_name": "Citizen 269 (Registered)",
        "property_tax_val": 4692402
      },
      "geometry": {
        "type": "Polygon",
        "coordinates": [
          [
            [
              77.245714458947,
              28.630966686657448
            ],
            [
              77.24572149268293,
              28.63129693919697
            ],
            [
              77.24618938978541,
              28.63128918118199
            ],
            [
              77.246182354587,
              28.630958928748296
            ],
            [
              77.245714458947,
              28.630966686657448
            ]
          ]
        ]
      }
    },
    {
      "type": "Feature",
      "properties": {
        "parcel_id": "ULPIN-IND-DL-00270",
        "survey_number": "SY-103/270",
        "landuse": "Residential",
        "area_sqm": 1675.86,
        "owner_name": "Citizen 270 (Registered)",
        "property_tax_val": 4692402
      },
      "geometry": {
        "type": "Polygon",
        "coordinates": [
          [
            [
              77.24572149268293,
              28.63129693919697
            ],
            [
              77.24572852653716,
              28.631627191718806
            ],
            [
              77.24619642510214,
              28.631619433598015
            ],
            [
              77.24618938978541,
              28.63128918118199
            ],
            [
              77.24572149268293,
              28.63129693919697
            ]
          ]
        ]
      }
    },
    {
      "type": "Feature",
      "properties": {
        "parcel_id": "ULPIN-IND-DL-00271",
        "survey_number": "SY-103/271",
        "landuse": "Residential",
        "area_sqm": 1675.86,
        "owner_name": "Citizen 271 (Registered)",
        "property_tax_val": 4692402
      },
      "geometry": {
        "type": "Polygon",
        "coordinates": [
          [
            [
              77.24572852653716,
              28.631627191718806
            ],
            [
              77.24573556050969,
              28.631957444222955
            ],
            [
              77.24620346053719,
              28.63194968599634
            ],
            [
              77.24619642510214,
              28.631619433598015
            ],
            [
              77.24572852653716,
              28.631627191718806
            ]
          ]
        ]
      }
    },
    {
      "type": "Feature",
      "properties": {
        "parcel_id": "ULPIN-IND-DL-00272",
        "survey_number": "SY-103/272",
        "landuse": "Residential",
        "area_sqm": 1675.86,
        "owner_name": "Citizen 272 (Registered)",
        "property_tax_val": 4692402
      },
      "geometry": {
        "type": "Polygon",
        "coordinates": [
          [
            [
              77.24573556050969,
              28.631957444222955
            ],
            [
              77.24574259460051,
              28.632287696709408
            ],
            [
              77.24621049609057,
              28.63227993837698
            ],
            [
              77.24620346053719,
              28.63194968599634
            ],
            [
              77.24573556050969,
              28.631957444222955
            ]
          ]
        ]
      }
    },
    {
      "type": "Feature",
      "properties": {
        "parcel_id": "ULPIN-IND-DL-00273",
        "survey_number": "SY-103/273",
        "landuse": "Mixed-Use",
        "area_sqm": 1675.86,
        "owner_name": "Citizen 273 (Registered)",
        "property_tax_val": 4692402
      },
      "geometry": {
        "type": "Polygon",
        "coordinates": [
          [
            [
              77.24621049609057,
              28.63227993837698
            ],
            [
              77.24574259460051,
              28.632287696709408
            ],
            [
              77.24574962880965,
              28.632617949178183
            ],
            [
              77.24621753176228,
              28.63261019073993
            ],
            [
              77.24621049609057,
              28.63227993837698
            ]
          ]
        ]
      }
    },
    {
      "type": "Feature",
      "properties": {
        "parcel_id": "ULPIN-IND-DL-00274",
        "survey_number": "SY-103/274",
        "landuse": "Residential",
        "area_sqm": 1675.86,
        "owner_name": "Citizen 274 (Registered)",
        "property_tax_val": 4692402
      },
      "geometry": {
        "type": "Polygon",
        "coordinates": [
          [
            [
              77.24613311151123,
              28.62864716121714
            ],
            [
              77.24660099672971,
              28.628639402435383
            ],
            [
              77.24659396101559,
              28.628309149966018
            ],
            [
              77.24612607725939,
              28.628316908641942
            ],
            [
              77.24613311151123,
              28.62864716121714
            ]
          ]
        ]
      }
    },
    {
      "type": "Feature",
      "properties": {
        "parcel_id": "ULPIN-IND-DL-00275",
        "survey_number": "SY-103/275",
        "landuse": "Institutional",
        "area_sqm": 1675.86,
        "owner_name": "Citizen 275 (Registered)",
        "property_tax_val": 4692402
      },
      "geometry": {
        "type": "Polygon",
        "coordinates": [
          [
            [
              77.24613311151123,
              28.62864716121714
            ],
            [
              77.24614014588138,
              28.628977413774656
            ],
            [
              77.24660803256218,
              28.628969654887065
            ],
            [
              77.24660099672971,
              28.628639402435383
            ],
            [
              77.24613311151123,
              28.62864716121714
            ]
          ]
        ]
      }
    },
    {
      "type": "Feature",
      "properties": {
        "parcel_id": "ULPIN-IND-DL-00276",
        "survey_number": "SY-103/276",
        "landuse": "Residential",
        "area_sqm": 1675.86,
        "owner_name": "Citizen 276 (Registered)",
        "property_tax_val": 4692402
      },
      "geometry": {
        "type": "Polygon",
        "coordinates": [
          [
            [
              77.24614014588138,
              28.628977413774656
            ],
            [
              77.24614718036986,
              28.629307666314475
            ],
            [
              77.24661506851297,
              28.629299907321048
            ],
            [
              77.24660803256218,
              28.628969654887065
            ],
            [
              77.24614014588138,
              28.628977413774656
            ]
          ]
        ]
      }
    },
    {
      "type": "Feature",
      "properties": {
        "parcel_id": "ULPIN-IND-DL-00277",
        "survey_number": "SY-103/277",
        "landuse": "Residential",
        "area_sqm": 1675.86,
        "owner_name": "Citizen 277 (Registered)",
        "property_tax_val": 4692402
      },
      "geometry": {
        "type": "Polygon",
        "coordinates": [
          [
            [
              77.24614718036986,
              28.629307666314475
            ],
            [
              77.24615421497666,
              28.629637918836618
            ],
            [
              77.24662210458212,
              28.629630159737353
            ],
            [
              77.24661506851297,
              28.629299907321048
            ],
            [
              77.24614718036986,
              28.629307666314475
            ]
          ]
        ]
      }
    },
    {
      "type": "Feature",
      "properties": {
        "parcel_id": "ULPIN-IND-DL-00278",
        "survey_number": "SY-103/278",
        "landuse": "Residential",
        "area_sqm": 1675.86,
        "owner_name": "Citizen 278 (Registered)",
        "property_tax_val": 4692402
      },
      "geometry": {
        "type": "Polygon",
        "coordinates": [
          [
            [
              77.24615421497666,
              28.629637918836618
            ],
            [
              77.24616124970176,
              28.629968171341066
            ],
            [
              77.24662914076958,
              28.62996041213596
            ],
            [
              77.24662210458212,
              28.629630159737353
            ],
            [
              77.24615421497666,
              28.629637918836618
            ]
          ]
        ]
      }
    },
    {
      "type": "Feature",
      "properties": {
        "parcel_id": "ULPIN-IND-DL-00279",
        "survey_number": "SY-103/279",
        "landuse": "Residential",
        "area_sqm": 1675.86,
        "owner_name": "Citizen 279 (Registered)",
        "property_tax_val": 4692402
      },
      "geometry": {
        "type": "Polygon",
        "coordinates": [
          [
            [
              77.24616124970176,
              28.629968171341066
            ],
            [
              77.24616828454519,
              28.630298423827828
            ],
            [
              77.24663617707542,
              28.630290664516885
            ],
            [
              77.24662914076958,
              28.62996041213596
            ],
            [
              77.24616124970176,
              28.629968171341066
            ]
          ]
        ]
      }
    },
    {
      "type": "Feature",
      "properties": {
        "parcel_id": "ULPIN-IND-DL-00280",
        "survey_number": "SY-103/280",
        "landuse": "Mixed-Use",
        "area_sqm": 1675.86,
        "owner_name": "Citizen 280 (Registered)",
        "property_tax_val": 4692402
      },
      "geometry": {
        "type": "Polygon",
        "coordinates": [
          [
            [
              77.24616828454519,
              28.630298423827828
            ],
            [
              77.24617531950695,
              28.63062867629691
            ],
            [
              77.24664321349961,
              28.63062091688013
            ],
            [
              77.24663617707542,
              28.630290664516885
            ],
            [
              77.24616828454519,
              28.630298423827828
            ]
          ]
        ]
      }
    },
    {
      "type": "Feature",
      "properties": {
        "parcel_id": "ULPIN-IND-DL-00281",
        "survey_number": "SY-103/281",
        "landuse": "Residential",
        "area_sqm": 1675.86,
        "owner_name": "Citizen 281 (Registered)",
        "property_tax_val": 4692402
      },
      "geometry": {
        "type": "Polygon",
        "coordinates": [
          [
            [
              77.24617531950695,
              28.63062867629691
            ],
            [
              77.246182354587,
              28.630958928748296
            ],
            [
              77.24665025004212,
              28.630951169225675
            ],
            [
              77.24664321349961,
              28.63062091688013
            ],
            [
              77.24617531950695,
              28.63062867629691
            ]
          ]
        ]
      }
    },
    {
      "type": "Feature",
      "properties": {
        "parcel_id": "ULPIN-IND-DL-00282",
        "survey_number": "SY-103/282",
        "landuse": "Residential",
        "area_sqm": 1675.86,
        "owner_name": "Citizen 282 (Registered)",
        "property_tax_val": 4692402
      },
      "geometry": {
        "type": "Polygon",
        "coordinates": [
          [
            [
              77.246182354587,
              28.630958928748296
            ],
            [
              77.24618938978541,
              28.63128918118199
            ],
            [
              77.246657286703,
              28.63128142155354
            ],
            [
              77.24665025004212,
              28.630951169225675
            ],
            [
              77.246182354587,
              28.630958928748296
            ]
          ]
        ]
      }
    },
    {
      "type": "Feature",
      "properties": {
        "parcel_id": "ULPIN-IND-DL-00283",
        "survey_number": "SY-103/283",
        "landuse": "Residential",
        "area_sqm": 1675.86,
        "owner_name": "Citizen 283 (Registered)",
        "property_tax_val": 4692402
      },
      "geometry": {
        "type": "Polygon",
        "coordinates": [
          [
            [
              77.24618938978541,
              28.63128918118199
            ],
            [
              77.24619642510214,
              28.631619433598015
            ],
            [
              77.24666432348222,
              28.631611673863716
            ],
            [
              77.246657286703,
              28.63128142155354
            ],
            [
              77.24618938978541,
              28.63128918118199
            ]
          ]
        ]
      }
    },
    {
      "type": "Feature",
      "properties": {
        "parcel_id": "ULPIN-IND-DL-00284",
        "survey_number": "SY-103/284",
        "landuse": "Residential",
        "area_sqm": 1675.86,
        "owner_name": "Citizen 284 (Registered)",
        "property_tax_val": 4692402
      },
      "geometry": {
        "type": "Polygon",
        "coordinates": [
          [
            [
              77.24619642510214,
              28.631619433598015
            ],
            [
              77.24620346053719,
              28.63194968599634
            ],
            [
              77.2466713603798,
              28.6319419261562
            ],
            [
              77.24666432348222,
              28.631611673863716
            ],
            [
              77.24619642510214,
              28.631619433598015
            ]
          ]
        ]
      }
    },
    {
      "type": "Feature",
      "properties": {
        "parcel_id": "ULPIN-IND-DL-00285",
        "survey_number": "SY-103/285",
        "landuse": "Residential",
        "area_sqm": 1675.86,
        "owner_name": "Citizen 285 (Registered)",
        "property_tax_val": 4692402
      },
      "geometry": {
        "type": "Polygon",
        "coordinates": [
          [
            [
              77.24620346053719,
              28.63194968599634
            ],
            [
              77.24621049609057,
              28.63227993837698
            ],
            [
              77.24667839739574,
              28.632272178430995
            ],
            [
              77.2466713603798,
              28.6319419261562
            ],
            [
              77.24620346053719,
              28.63194968599634
            ]
          ]
        ]
      }
    },
    {
      "type": "Feature",
      "properties": {
        "parcel_id": "ULPIN-IND-DL-00286",
        "survey_number": "SY-103/286",
        "landuse": "Institutional",
        "area_sqm": 1675.86,
        "owner_name": "Citizen 286 (Registered)",
        "property_tax_val": 4692402
      },
      "geometry": {
        "type": "Polygon",
        "coordinates": [
          [
            [
              77.24667839739574,
              28.632272178430995
            ],
            [
              77.24621049609057,
              28.63227993837698
            ],
            [
              77.24621753176228,
              28.63261019073993
            ],
            [
              77.24668543453002,
              28.632602430688102
            ],
            [
              77.24667839739574,
              28.632272178430995
            ]
          ]
        ]
      }
    },
    {
      "type": "Feature",
      "properties": {
        "parcel_id": "ULPIN-IND-DL-00287",
        "survey_number": "SY-103/287",
        "landuse": "Mixed-Use",
        "area_sqm": 1675.86,
        "owner_name": "Citizen 287 (Registered)",
        "property_tax_val": 4692402
      },
      "geometry": {
        "type": "Polygon",
        "coordinates": [
          [
            [
              77.24660099672971,
              28.628639402435383
            ],
            [
              77.24706888176328,
              28.62863164204033
            ],
            [
              77.24706184458688,
              28.628301389676825
            ],
            [
              77.24659396101559,
              28.628309149966018
            ],
            [
              77.24660099672971,
              28.628639402435383
            ]
          ]
        ]
      }
    },
    {
      "type": "Feature",
      "properties": {
        "parcel_id": "ULPIN-IND-DL-00288",
        "survey_number": "SY-103/288",
        "landuse": "Residential",
        "area_sqm": 1675.86,
        "owner_name": "Citizen 288 (Registered)",
        "property_tax_val": 4692402
      },
      "geometry": {
        "type": "Polygon",
        "coordinates": [
          [
            [
              77.24660099672971,
              28.628639402435383
            ],
            [
              77.24660803256218,
              28.628969654887065
            ],
            [
              77.24707591905805,
              28.62896189438614
            ],
            [
              77.24706888176328,
              28.62863164204033
            ],
            [
              77.24660099672971,
              28.628639402435383
            ]
          ]
        ]
      }
    },
    {
      "type": "Feature",
      "properties": {
        "parcel_id": "ULPIN-IND-DL-00289",
        "survey_number": "SY-103/289",
        "landuse": "Residential",
        "area_sqm": 1675.86,
        "owner_name": "Citizen 289 (Registered)",
        "property_tax_val": 4692402
      },
      "geometry": {
        "type": "Polygon",
        "coordinates": [
          [
            [
              77.24660803256218,
              28.628969654887065
            ],
            [
              77.24661506851297,
              28.629299907321048
            ],
            [
              77.24708295647116,
              28.62929214671427
            ],
            [
              77.24707591905805,
              28.62896189438614
            ],
            [
              77.24660803256218,
              28.628969654887065
            ]
          ]
        ]
      }
    },
    {
      "type": "Feature",
      "properties": {
        "parcel_id": "ULPIN-IND-DL-00290",
        "survey_number": "SY-103/290",
        "landuse": "Residential",
        "area_sqm": 1675.86,
        "owner_name": "Citizen 290 (Registered)",
        "property_tax_val": 4692402
      },
      "geometry": {
        "type": "Polygon",
        "coordinates": [
          [
            [
              77.24661506851297,
              28.629299907321048
            ],
            [
              77.24662210458212,
              28.629630159737353
            ],
            [
              77.24708999400265,
              28.62962239902471
            ],
            [
              77.24708295647116,
              28.62929214671427
            ],
            [
              77.24661506851297,
              28.629299907321048
            ]
          ]
        ]
      }
    },
    {
      "type": "Feature",
      "properties": {
        "parcel_id": "ULPIN-IND-DL-00291",
        "survey_number": "SY-103/291",
        "landuse": "Residential",
        "area_sqm": 1675.86,
        "owner_name": "Citizen 291 (Registered)",
        "property_tax_val": 4692402
      },
      "geometry": {
        "type": "Polygon",
        "coordinates": [
          [
            [
              77.24662210458212,
              28.629630159737353
            ],
            [
              77.24662914076958,
              28.62996041213596
            ],
            [
              77.24709703165252,
              28.629952651317467
            ],
            [
              77.24708999400265,
              28.62962239902471
            ],
            [
              77.24662210458212,
              28.629630159737353
            ]
          ]
        ]
      }
    },
    {
      "type": "Feature",
      "properties": {
        "parcel_id": "ULPIN-IND-DL-00292",
        "survey_number": "SY-103/292",
        "landuse": "Residential",
        "area_sqm": 1675.86,
        "owner_name": "Citizen 292 (Registered)",
        "property_tax_val": 4692402
      },
      "geometry": {
        "type": "Polygon",
        "coordinates": [
          [
            [
              77.24662914076958,
              28.62996041213596
            ],
            [
              77.24663617707542,
              28.630290664516885
            ],
            [
              77.24710406942074,
              28.63028290359253
            ],
            [
              77.24709703165252,
              28.629952651317467
            ],
            [
              77.24662914076958,
              28.62996041213596
            ]
          ]
        ]
      }
    },
    {
      "type": "Feature",
      "properties": {
        "parcel_id": "ULPIN-IND-DL-00293",
        "survey_number": "SY-103/293",
        "landuse": "Residential",
        "area_sqm": 1675.86,
        "owner_name": "Citizen 293 (Registered)",
        "property_tax_val": 4692402
      },
      "geometry": {
        "type": "Polygon",
        "coordinates": [
          [
            [
              77.24663617707542,
              28.630290664516885
            ],
            [
              77.24664321349961,
              28.63062091688013
            ],
            [
              77.24711110730735,
              28.63061315584991
            ],
            [
              77.24710406942074,
              28.63028290359253
            ],
            [
              77.24663617707542,
              28.630290664516885
            ]
          ]
        ]
      }
    },
    {
      "type": "Feature",
      "properties": {
        "parcel_id": "ULPIN-IND-DL-00294",
        "survey_number": "SY-103/294",
        "landuse": "Mixed-Use",
        "area_sqm": 1675.86,
        "owner_name": "Citizen 294 (Registered)",
        "property_tax_val": 4692402
      },
      "geometry": {
        "type": "Polygon",
        "coordinates": [
          [
            [
              77.24664321349961,
              28.63062091688013
            ],
            [
              77.24665025004212,
              28.630951169225675
            ],
            [
              77.24711814531233,
              28.6309434080896
            ],
            [
              77.24711110730735,
              28.63061315584991
            ],
            [
              77.24664321349961,
              28.63062091688013
            ]
          ]
        ]
      }
    },
    {
      "type": "Feature",
      "properties": {
        "parcel_id": "ULPIN-IND-DL-00295",
        "survey_number": "SY-103/295",
        "landuse": "Residential",
        "area_sqm": 1675.86,
        "owner_name": "Citizen 295 (Registered)",
        "property_tax_val": 4692402
      },
      "geometry": {
        "type": "Polygon",
        "coordinates": [
          [
            [
              77.24665025004212,
              28.630951169225675
            ],
            [
              77.246657286703,
              28.63128142155354
            ],
            [
              77.24712518343567,
              28.6312736603116
            ],
            [
              77.24711814531233,
              28.6309434080896
            ],
            [
              77.24665025004212,
              28.630951169225675
            ]
          ]
        ]
      }
    },
    {
      "type": "Feature",
      "properties": {
        "parcel_id": "ULPIN-IND-DL-00296",
        "survey_number": "SY-103/296",
        "landuse": "Residential",
        "area_sqm": 1675.86,
        "owner_name": "Citizen 296 (Registered)",
        "property_tax_val": 4692402
      },
      "geometry": {
        "type": "Polygon",
        "coordinates": [
          [
            [
              77.246657286703,
              28.63128142155354
            ],
            [
              77.24666432348222,
              28.631611673863716
            ],
            [
              77.24713222167739,
              28.631603912515907
            ],
            [
              77.24712518343567,
              28.6312736603116
            ],
            [
              77.246657286703,
              28.63128142155354
            ]
          ]
        ]
      }
    },
    {
      "type": "Feature",
      "properties": {
        "parcel_id": "ULPIN-IND-DL-00297",
        "survey_number": "SY-103/297",
        "landuse": "Institutional",
        "area_sqm": 1675.86,
        "owner_name": "Citizen 297 (Registered)",
        "property_tax_val": 4692402
      },
      "geometry": {
        "type": "Polygon",
        "coordinates": [
          [
            [
              77.24666432348222,
              28.631611673863716
            ],
            [
              77.2466713603798,
              28.6319419261562
            ],
            [
              77.2471392600375,
              28.631934164702532
            ],
            [
              77.24713222167739,
              28.631603912515907
            ],
            [
              77.24666432348222,
              28.631611673863716
            ]
          ]
        ]
      }
    },
    {
      "type": "Feature",
      "properties": {
        "parcel_id": "ULPIN-IND-DL-00298",
        "survey_number": "SY-103/298",
        "landuse": "Residential",
        "area_sqm": 1675.86,
        "owner_name": "Citizen 298 (Registered)",
        "property_tax_val": 4692402
      },
      "geometry": {
        "type": "Polygon",
        "coordinates": [
          [
            [
              77.2466713603798,
              28.6319419261562
            ],
            [
              77.24667839739574,
              28.632272178430995
            ],
            [
              77.24714629851597,
              28.632264416871468
            ],
            [
              77.2471392600375,
              28.631934164702532
            ],
            [
              77.2466713603798,
              28.6319419261562
            ]
          ]
        ]
      }
    },
    {
      "type": "Feature",
      "properties": {
        "parcel_id": "ULPIN-IND-DL-00299",
        "survey_number": "SY-103/299",
        "landuse": "Vacant/Green",
        "area_sqm": 1675.86,
        "owner_name": "Citizen 299 (Registered)",
        "property_tax_val": 4692402
      },
      "geometry": {
        "type": "Polygon",
        "coordinates": [
          [
            [
              77.24714629851597,
              28.632264416871468
            ],
            [
              77.24667839739574,
              28.632272178430995
            ],
            [
              77.24668543453002,
              28.632602430688102
            ],
            [
              77.24715333711283,
              28.632594669022712
            ],
            [
              77.24714629851597,
              28.632264416871468
            ]
          ]
        ]
      }
    },
    {
      "type": "Feature",
      "properties": {
        "parcel_id": "ULPIN-IND-DL-00300",
        "survey_number": "SY-103/300",
        "landuse": "Residential",
        "area_sqm": 1675.86,
        "owner_name": "Citizen 300 (Registered)",
        "property_tax_val": 4692402
      },
      "geometry": {
        "type": "Polygon",
        "coordinates": [
          [
            [
              77.24706888176328,
              28.62863164204033
            ],
            [
              77.2475367666119,
              28.62862388003196
            ],
            [
              77.24752972797323,
              28.628293627774333
            ],
            [
              77.24706184458688,
              28.628301389676825
            ],
            [
              77.24706888176328,
              28.62863164204033
            ]
          ]
        ]
      }
    },
    {
      "type": "Feature",
      "properties": {
        "parcel_id": "ULPIN-IND-DL-00301",
        "survey_number": "SY-103/301",
        "landuse": "Mixed-Use",
        "area_sqm": 1675.86,
        "owner_name": "Citizen 301 (Registered)",
        "property_tax_val": 4692402
      },
      "geometry": {
        "type": "Polygon",
        "coordinates": [
          [
            [
              77.24706888176328,
              28.62863164204033
            ],
            [
              77.24707591905805,
              28.62896189438614
            ],
            [
              77.24754380536898,
              28.628954132271904
            ],
            [
              77.2475367666119,
              28.62862388003196
            ],
            [
              77.24706888176328,
              28.62863164204033
            ]
          ]
        ]
      }
    },
    {
      "type": "Feature",
      "properties": {
        "parcel_id": "ULPIN-IND-DL-00302",
        "survey_number": "SY-103/302",
        "landuse": "Residential",
        "area_sqm": 1675.86,
        "owner_name": "Citizen 302 (Registered)",
        "property_tax_val": 4692402
      },
      "geometry": {
        "type": "Polygon",
        "coordinates": [
          [
            [
              77.24707591905805,
              28.62896189438614
            ],
            [
              77.24708295647116,
              28.62929214671427
            ],
            [
              77.24755084424442,
              28.629284384494145
            ],
            [
              77.24754380536898,
              28.628954132271904
            ],
            [
              77.24707591905805,
              28.62896189438614
            ]
          ]
        ]
      }
    },
    {
      "type": "Feature",
      "properties": {
        "parcel_id": "ULPIN-IND-DL-00303",
        "survey_number": "SY-103/303",
        "landuse": "Residential",
        "area_sqm": 1675.86,
        "owner_name": "Citizen 303 (Registered)",
        "property_tax_val": 4692402
      },
      "geometry": {
        "type": "Polygon",
        "coordinates": [
          [
            [
              77.24708295647116,
              28.62929214671427
            ],
            [
              77.24708999400265,
              28.62962239902471
            ],
            [
              77.24755788323826,
              28.62961463669871
            ],
            [
              77.24755084424442,
              28.629284384494145
            ],
            [
              77.24708295647116,
              28.62929214671427
            ]
          ]
        ]
      }
    },
    {
      "type": "Feature",
      "properties": {
        "parcel_id": "ULPIN-IND-DL-00304",
        "survey_number": "SY-103/304",
        "landuse": "Residential",
        "area_sqm": 1675.86,
        "owner_name": "Citizen 304 (Registered)",
        "property_tax_val": 4692402
      },
      "geometry": {
        "type": "Polygon",
        "coordinates": [
          [
            [
              77.24708999400265,
              28.62962239902471
            ],
            [
              77.24709703165252,
              28.629952651317467
            ],
            [
              77.24756492235049,
              28.629944888885586
            ],
            [
              77.24755788323826,
              28.62961463669871
            ],
            [
              77.24708999400265,
              28.62962239902471
            ]
          ]
        ]
      }
    },
    {
      "type": "Feature",
      "properties": {
        "parcel_id": "ULPIN-IND-DL-00305",
        "survey_number": "SY-103/305",
        "landuse": "Residential",
        "area_sqm": 1675.86,
        "owner_name": "Citizen 305 (Registered)",
        "property_tax_val": 4692402
      },
      "geometry": {
        "type": "Polygon",
        "coordinates": [
          [
            [
              77.24709703165252,
              28.629952651317467
            ],
            [
              77.24710406942074,
              28.63028290359253
            ],
            [
              77.24757196158112,
              28.630275141054767
            ],
            [
              77.24756492235049,
              28.629944888885586
            ],
            [
              77.24709703165252,
              28.629952651317467
            ]
          ]
        ]
      }
    },
    {
      "type": "Feature",
      "properties": {
        "parcel_id": "ULPIN-IND-DL-00306",
        "survey_number": "SY-103/306",
        "landuse": "Residential",
        "area_sqm": 1675.86,
        "owner_name": "Citizen 306 (Registered)",
        "property_tax_val": 4692402
      },
      "geometry": {
        "type": "Polygon",
        "coordinates": [
          [
            [
              77.24710406942074,
              28.63028290359253
            ],
            [
              77.24711110730735,
              28.63061315584991
            ],
            [
              77.24757900093013,
              28.630605393206263
            ],
            [
              77.24757196158112,
              28.630275141054767
            ],
            [
              77.24710406942074,
              28.63028290359253
            ]
          ]
        ]
      }
    },
    {
      "type": "Feature",
      "properties": {
        "parcel_id": "ULPIN-IND-DL-00307",
        "survey_number": "SY-103/307",
        "landuse": "Residential",
        "area_sqm": 1675.86,
        "owner_name": "Citizen 307 (Registered)",
        "property_tax_val": 4692402
      },
      "geometry": {
        "type": "Polygon",
        "coordinates": [
          [
            [
              77.24711110730735,
              28.63061315584991
            ],
            [
              77.24711814531233,
              28.6309434080896
            ],
            [
              77.24758604039755,
              28.630935645340067
            ],
            [
              77.24757900093013,
              28.630605393206263
            ],
            [
              77.24711110730735,
              28.63061315584991
            ]
          ]
        ]
      }
    },
    {
      "type": "Feature",
      "properties": {
        "parcel_id": "ULPIN-IND-DL-00308",
        "survey_number": "SY-103/308",
        "landuse": "Mixed-Use",
        "area_sqm": 1675.86,
        "owner_name": "Citizen 308 (Registered)",
        "property_tax_val": 4692402
      },
      "geometry": {
        "type": "Polygon",
        "coordinates": [
          [
            [
              77.24711814531233,
              28.6309434080896
            ],
            [
              77.24712518343567,
              28.6312736603116
            ],
            [
              77.24759307998337,
              28.631265897456178
            ],
            [
              77.24758604039755,
              28.630935645340067
            ],
            [
              77.24711814531233,
              28.6309434080896
            ]
          ]
        ]
      }
    },
    {
      "type": "Feature",
      "properties": {
        "parcel_id": "ULPIN-IND-DL-00309",
        "survey_number": "SY-103/309",
        "landuse": "Residential",
        "area_sqm": 1675.86,
        "owner_name": "Citizen 309 (Registered)",
        "property_tax_val": 4692402
      },
      "geometry": {
        "type": "Polygon",
        "coordinates": [
          [
            [
              77.24712518343567,
              28.6312736603116
            ],
            [
              77.24713222167739,
              28.631603912515907
            ],
            [
              77.24760011968759,
              28.631596149554607
            ],
            [
              77.24759307998337,
              28.631265897456178
            ],
            [
              77.24712518343567,
              28.6312736603116
            ]
          ]
        ]
      }
    },
    {
      "type": "Feature",
      "properties": {
        "parcel_id": "ULPIN-IND-DL-00310",
        "survey_number": "SY-103/310",
        "landuse": "Residential",
        "area_sqm": 1675.86,
        "owner_name": "Citizen 310 (Registered)",
        "property_tax_val": 4692402
      },
      "geometry": {
        "type": "Polygon",
        "coordinates": [
          [
            [
              77.24713222167739,
              28.631603912515907
            ],
            [
              77.2471392600375,
              28.631934164702532
            ],
            [
              77.24760715951021,
              28.631926401635344
            ],
            [
              77.24760011968759,
              28.631596149554607
            ],
            [
              77.24713222167739,
              28.631603912515907
            ]
          ]
        ]
      }
    },
    {
      "type": "Feature",
      "properties": {
        "parcel_id": "ULPIN-IND-DL-00311",
        "survey_number": "SY-103/311",
        "landuse": "Residential",
        "area_sqm": 1675.86,
        "owner_name": "Citizen 311 (Registered)",
        "property_tax_val": 4692402
      },
      "geometry": {
        "type": "Polygon",
        "coordinates": [
          [
            [
              77.2471392600375,
              28.631934164702532
            ],
            [
              77.24714629851597,
              28.632264416871468
            ],
            [
              77.24761419945123,
              28.632256653698395
            ],
            [
              77.24760715951021,
              28.631926401635344
            ],
            [
              77.2471392600375,
              28.631934164702532
            ]
          ]
        ]
      }
    },
    {
      "type": "Feature",
      "properties": {
        "parcel_id": "ULPIN-IND-DL-00312",
        "survey_number": "SY-103/312",
        "landuse": "Vacant/Green",
        "area_sqm": 1675.86,
        "owner_name": "Citizen 312 (Registered)",
        "property_tax_val": 4692402
      },
      "geometry": {
        "type": "Polygon",
        "coordinates": [
          [
            [
              77.24761419945123,
              28.632256653698395
            ],
            [
              77.24714629851597,
              28.632264416871468
            ],
            [
              77.24715333711283,
              28.632594669022712
            ],
            [
              77.24762123951066,
              28.63258690574375
            ],
            [
              77.24761419945123,
              28.632256653698395
            ]
          ]
        ]
      }
    },
    {
      "type": "Feature",
      "properties": {
        "parcel_id": "ULPIN-IND-DL-00313",
        "survey_number": "SY-103/313",
        "landuse": "Residential",
        "area_sqm": 1675.86,
        "owner_name": "Citizen 313 (Registered)",
        "property_tax_val": 4692402
      },
      "geometry": {
        "type": "Polygon",
        "coordinates": [
          [
            [
              77.2475367666119,
              28.62862388003196
            ],
            [
              77.24800465127555,
              28.628616116410296
            ],
            [
              77.24799761117461,
              28.628285864258572
            ],
            [
              77.24752972797323,
              28.628293627774333
            ],
            [
              77.2475367666119,
              28.62862388003196
            ]
          ]
        ]
      }
    },
    {
      "type": "Feature",
      "properties": {
        "parcel_id": "ULPIN-IND-DL-00314",
        "survey_number": "SY-103/314",
        "landuse": "Residential",
        "area_sqm": 1675.86,
        "owner_name": "Citizen 314 (Registered)",
        "property_tax_val": 4692402
      },
      "geometry": {
        "type": "Polygon",
        "coordinates": [
          [
            [
              77.2475367666119,
              28.62862388003196
            ],
            [
              77.24754380536898,
              28.628954132271904
            ],
            [
              77.24801169149491,
              28.628946368544337
            ],
            [
              77.24800465127555,
              28.628616116410296
            ],
            [
              77.2475367666119,
              28.62862388003196
            ]
          ]
        ]
      }
    },
    {
      "type": "Feature",
      "properties": {
        "parcel_id": "ULPIN-IND-DL-00315",
        "survey_number": "SY-103/315",
        "landuse": "Mixed-Use",
        "area_sqm": 1675.86,
        "owner_name": "Citizen 315 (Registered)",
        "property_tax_val": 4692402
      },
      "geometry": {
        "type": "Polygon",
        "coordinates": [
          [
            [
              77.24754380536898,
              28.628954132271904
            ],
            [
              77.24755084424442,
              28.629284384494145
            ],
            [
              77.24801873183267,
              28.62927662066068
            ],
            [
              77.24801169149491,
              28.628946368544337
            ],
            [
              77.24754380536898,
              28.628954132271904
            ]
          ]
        ]
      }
    },
    {
      "type": "Feature",
      "properties": {
        "parcel_id": "ULPIN-IND-DL-00316",
        "survey_number": "SY-103/316",
        "landuse": "Residential",
        "area_sqm": 1675.86,
        "owner_name": "Citizen 316 (Registered)",
        "property_tax_val": 4692402
      },
      "geometry": {
        "type": "Polygon",
        "coordinates": [
          [
            [
              77.24755084424442,
              28.629284384494145
            ],
            [
              77.24755788323826,
              28.62961463669871
            ],
            [
              77.24802577228886,
              28.62960687275934
            ],
            [
              77.24801873183267,
              28.62927662066068
            ],
            [
              77.24755084424442,
              28.629284384494145
            ]
          ]
        ]
      }
    },
    {
      "type": "Feature",
      "properties": {
        "parcel_id": "ULPIN-IND-DL-00317",
        "survey_number": "SY-103/317",
        "landuse": "Residential",
        "area_sqm": 1675.86,
        "owner_name": "Citizen 317 (Registered)",
        "property_tax_val": 4692402
      },
      "geometry": {
        "type": "Polygon",
        "coordinates": [
          [
            [
              77.24755788323826,
              28.62961463669871
            ],
            [
              77.24756492235049,
              28.629944888885586
            ],
            [
              77.24803281286347,
              28.62993712484031
            ],
            [
              77.24802577228886,
              28.62960687275934
            ],
            [
              77.24755788323826,
              28.62961463669871
            ]
          ]
        ]
      }
    },
    {
      "type": "Feature",
      "properties": {
        "parcel_id": "ULPIN-IND-DL-00318",
        "survey_number": "SY-103/318",
        "landuse": "Residential",
        "area_sqm": 1675.86,
        "owner_name": "Citizen 318 (Registered)",
        "property_tax_val": 4692402
      },
      "geometry": {
        "type": "Polygon",
        "coordinates": [
          [
            [
              77.24756492235049,
              28.629944888885586
            ],
            [
              77.24757196158112,
              28.630275141054767
            ],
            [
              77.24803985355649,
              28.630267376903586
            ],
            [
              77.24803281286347,
              28.62993712484031
            ],
            [
              77.24756492235049,
              28.629944888885586
            ]
          ]
        ]
      }
    },
    {
      "type": "Feature",
      "properties": {
        "parcel_id": "ULPIN-IND-DL-00319",
        "survey_number": "SY-103/319",
        "landuse": "Institutional",
        "area_sqm": 1675.86,
        "owner_name": "Citizen 319 (Registered)",
        "property_tax_val": 4692402
      },
      "geometry": {
        "type": "Polygon",
        "coordinates": [
          [
            [
              77.24757196158112,
              28.630275141054767
            ],
            [
              77.24757900093013,
              28.630605393206263
            ],
            [
              77.24804689436793,
              28.63059762894918
            ],
            [
              77.24803985355649,
              28.630267376903586
            ],
            [
              77.24757196158112,
              28.630275141054767
            ]
          ]
        ]
      }
    },
    {
      "type": "Feature",
      "properties": {
        "parcel_id": "ULPIN-IND-DL-00320",
        "survey_number": "SY-103/320",
        "landuse": "Residential",
        "area_sqm": 1675.86,
        "owner_name": "Citizen 320 (Registered)",
        "property_tax_val": 4692402
      },
      "geometry": {
        "type": "Polygon",
        "coordinates": [
          [
            [
              77.24757900093013,
              28.630605393206263
            ],
            [
              77.24758604039755,
              28.630935645340067
            ],
            [
              77.24805393529779,
              28.630927880977072
            ],
            [
              77.24804689436793,
              28.63059762894918
            ],
            [
              77.24757900093013,
              28.630605393206263
            ]
          ]
        ]
      }
    },
    {
      "type": "Feature",
      "properties": {
        "parcel_id": "ULPIN-IND-DL-00321",
        "survey_number": "SY-103/321",
        "landuse": "Residential",
        "area_sqm": 1675.86,
        "owner_name": "Citizen 321 (Registered)",
        "property_tax_val": 4692402
      },
      "geometry": {
        "type": "Polygon",
        "coordinates": [
          [
            [
              77.24758604039755,
              28.630935645340067
            ],
            [
              77.24759307998337,
              28.631265897456178
            ],
            [
              77.24806097634607,
              28.631258132987284
            ],
            [
              77.24805393529779,
              28.630927880977072
            ],
            [
              77.24758604039755,
              28.630935645340067
            ]
          ]
        ]
      }
    },
    {
      "type": "Feature",
      "properties": {
        "parcel_id": "ULPIN-IND-DL-00322",
        "survey_number": "SY-103/322",
        "landuse": "Mixed-Use",
        "area_sqm": 1675.86,
        "owner_name": "Citizen 322 (Registered)",
        "property_tax_val": 4692402
      },
      "geometry": {
        "type": "Polygon",
        "coordinates": [
          [
            [
              77.24759307998337,
              28.631265897456178
            ],
            [
              77.24760011968759,
              28.631596149554607
            ],
            [
              77.24806801751278,
              28.631588384979803
            ],
            [
              77.24806097634607,
              28.631258132987284
            ],
            [
              77.24759307998337,
              28.631265897456178
            ]
          ]
        ]
      }
    },
    {
      "type": "Feature",
      "properties": {
        "parcel_id": "ULPIN-IND-DL-00323",
        "survey_number": "SY-103/323",
        "landuse": "Residential",
        "area_sqm": 1675.86,
        "owner_name": "Citizen 323 (Registered)",
        "property_tax_val": 4692402
      },
      "geometry": {
        "type": "Polygon",
        "coordinates": [
          [
            [
              77.24760011968759,
              28.631596149554607
            ],
            [
              77.24760715951021,
              28.631926401635344
            ],
            [
              77.24807505879792,
              28.631918636954634
            ],
            [
              77.24806801751278,
              28.631588384979803
            ],
            [
              77.24760011968759,
              28.631596149554607
            ]
          ]
        ]
      }
    },
    {
      "type": "Feature",
      "properties": {
        "parcel_id": "ULPIN-IND-DL-00324",
        "survey_number": "SY-103/324",
        "landuse": "Residential",
        "area_sqm": 1675.86,
        "owner_name": "Citizen 324 (Registered)",
        "property_tax_val": 4692402
      },
      "geometry": {
        "type": "Polygon",
        "coordinates": [
          [
            [
              77.24760715951021,
              28.631926401635344
            ],
            [
              77.24761419945123,
              28.632256653698395
            ],
            [
              77.2480821002015,
              28.632248888911775
            ],
            [
              77.24807505879792,
              28.631918636954634
            ],
            [
              77.24760715951021,
              28.631926401635344
            ]
          ]
        ]
      }
    },
    {
      "type": "Feature",
      "properties": {
        "parcel_id": "ULPIN-IND-DL-00325",
        "survey_number": "SY-103/325",
        "landuse": "Vacant/Green",
        "area_sqm": 1675.86,
        "owner_name": "Citizen 325 (Registered)",
        "property_tax_val": 4692402
      },
      "geometry": {
        "type": "Polygon",
        "coordinates": [
          [
            [
              77.2480821002015,
              28.632248888911775
            ],
            [
              77.24761419945123,
              28.632256653698395
            ],
            [
              77.24762123951066,
              28.63258690574375
            ],
            [
              77.24808914172348,
              28.632579140851227
            ],
            [
              77.2480821002015,
              28.632248888911775
            ]
          ]
        ]
      }
    },
    {
      "type": "Feature",
      "properties": {
        "parcel_id": "ULPIN-IND-DL-00326",
        "survey_number": "SY-103/326",
        "landuse": "Residential",
        "area_sqm": 1675.86,
        "owner_name": "Citizen 326 (Registered)",
        "property_tax_val": 4692402
      },
      "geometry": {
        "type": "Polygon",
        "coordinates": [
          [
            [
              77.24846549419097,
              28.62827809912953
            ],
            [
              77.24799761117461,
              28.628285864258572
            ],
            [
              77.24800465127555,
              28.628616116410296
            ],
            [
              77.24847253575417,
              28.628608351175338
            ],
            [
              77.24846549419097,
              28.62827809912953
            ]
          ]
        ]
      }
    },
    {
      "type": "Feature",
      "properties": {
        "parcel_id": "ULPIN-IND-DL-00327",
        "survey_number": "SY-103/327",
        "landuse": "Residential",
        "area_sqm": 1675.86,
        "owner_name": "Citizen 327 (Registered)",
        "property_tax_val": 4692402
      },
      "geometry": {
        "type": "Polygon",
        "coordinates": [
          [
            [
              77.24847253575417,
              28.628608351175338
            ],
            [
              77.24800465127555,
              28.628616116410296
            ],
            [
              77.24801169149491,
              28.628946368544337
            ],
            [
              77.24847957743583,
              28.62893860320345
            ],
            [
              77.24847253575417,
              28.628608351175338
            ]
          ]
        ]
      }
    },
    {
      "type": "Feature",
      "properties": {
        "parcel_id": "ULPIN-IND-DL-00328",
        "survey_number": "SY-103/328",
        "landuse": "Residential",
        "area_sqm": 1675.86,
        "owner_name": "Citizen 328 (Registered)",
        "property_tax_val": 4692402
      },
      "geometry": {
        "type": "Polygon",
        "coordinates": [
          [
            [
              77.24847957743583,
              28.62893860320345
            ],
            [
              77.24801169149491,
              28.628946368544337
            ],
            [
              77.24801873183267,
              28.62927662066068
            ],
            [
              77.24848661923592,
              28.62926885521387
            ],
            [
              77.24847957743583,
              28.62893860320345
            ]
          ]
        ]
      }
    },
    {
      "type": "Feature",
      "properties": {
        "parcel_id": "ULPIN-IND-DL-00329",
        "survey_number": "SY-103/329",
        "landuse": "Mixed-Use",
        "area_sqm": 1675.86,
        "owner_name": "Citizen 329 (Registered)",
        "property_tax_val": 4692402
      },
      "geometry": {
        "type": "Polygon",
        "coordinates": [
          [
            [
              77.24848661923592,
              28.62926885521387
            ],
            [
              77.24801873183267,
              28.62927662066068
            ],
            [
              77.24802577228886,
              28.62960687275934
            ],
            [
              77.24849366115444,
              28.62959910720661
            ],
            [
              77.24848661923592,
              28.62926885521387
            ]
          ]
        ]
      }
    },
    {
      "type": "Feature",
      "properties": {
        "parcel_id": "ULPIN-IND-DL-00330",
        "survey_number": "SY-103/330",
        "landuse": "Institutional",
        "area_sqm": 1675.86,
        "owner_name": "Citizen 330 (Registered)",
        "property_tax_val": 4692402
      },
      "geometry": {
        "type": "Polygon",
        "coordinates": [
          [
            [
              77.24849366115444,
              28.62959910720661
            ],
            [
              77.24802577228886,
              28.62960687275934
            ],
            [
              77.24803281286347,
              28.62993712484031
            ],
            [
              77.24850070319141,
              28.62992935918165
            ],
            [
              77.24849366115444,
              28.62959910720661
            ]
          ]
        ]
      }
    },
    {
      "type": "Feature",
      "properties": {
        "parcel_id": "ULPIN-IND-DL-00331",
        "survey_number": "SY-103/331",
        "landuse": "Residential",
        "area_sqm": 1675.86,
        "owner_name": "Citizen 331 (Registered)",
        "property_tax_val": 4692402
      },
      "geometry": {
        "type": "Polygon",
        "coordinates": [
          [
            [
              77.24850070319141,
              28.62992935918165
            ],
            [
              77.24803281286347,
              28.62993712484031
            ],
            [
              77.24803985355649,
              28.630267376903586
            ],
            [
              77.24850774534683,
              28.630259611139003
            ],
            [
              77.24850070319141,
              28.62992935918165
            ]
          ]
        ]
      }
    },
    {
      "type": "Feature",
      "properties": {
        "parcel_id": "ULPIN-IND-DL-00332",
        "survey_number": "SY-103/332",
        "landuse": "Residential",
        "area_sqm": 1675.86,
        "owner_name": "Citizen 332 (Registered)",
        "property_tax_val": 4692402
      },
      "geometry": {
        "type": "Polygon",
        "coordinates": [
          [
            [
              77.24850774534683,
              28.630259611139003
            ],
            [
              77.24803985355649,
              28.630267376903586
            ],
            [
              77.24804689436793,
              28.63059762894918
            ],
            [
              77.24851478762068,
              28.630589863078658
            ],
            [
              77.24850774534683,
              28.630259611139003
            ]
          ]
        ]
      }
    },
    {
      "type": "Feature",
      "properties": {
        "parcel_id": "ULPIN-IND-DL-00333",
        "survey_number": "SY-103/333",
        "landuse": "Residential",
        "area_sqm": 1675.86,
        "owner_name": "Citizen 333 (Registered)",
        "property_tax_val": 4692402
      },
      "geometry": {
        "type": "Polygon",
        "coordinates": [
          [
            [
              77.24851478762068,
              28.630589863078658
            ],
            [
              77.24804689436793,
              28.63059762894918
            ],
            [
              77.24805393529779,
              28.630927880977072
            ],
            [
              77.24852183001299,
              28.630920115000627
            ],
            [
              77.24851478762068,
              28.630589863078658
            ]
          ]
        ]
      }
    },
    {
      "type": "Feature",
      "properties": {
        "parcel_id": "ULPIN-IND-DL-00334",
        "survey_number": "SY-103/334",
        "landuse": "Residential",
        "area_sqm": 1675.86,
        "owner_name": "Citizen 334 (Registered)",
        "property_tax_val": 4692402
      },
      "geometry": {
        "type": "Polygon",
        "coordinates": [
          [
            [
              77.24852183001299,
              28.630920115000627
            ],
            [
              77.24805393529779,
              28.630927880977072
            ],
            [
              77.24806097634607,
              28.631258132987284
            ],
            [
              77.24852887252374,
              28.63125036690492
            ],
            [
              77.24852183001299,
              28.630920115000627
            ]
          ]
        ]
      }
    },
    {
      "type": "Feature",
      "properties": {
        "parcel_id": "ULPIN-IND-DL-00335",
        "survey_number": "SY-103/335",
        "landuse": "Residential",
        "area_sqm": 1675.86,
        "owner_name": "Citizen 335 (Registered)",
        "property_tax_val": 4692402
      },
      "geometry": {
        "type": "Polygon",
        "coordinates": [
          [
            [
              77.24852887252374,
              28.63125036690492
            ],
            [
              77.24806097634607,
              28.631258132987284
            ],
            [
              77.24806801751278,
              28.631588384979803
            ],
            [
              77.24853591515294,
              28.63158061879151
            ],
            [
              77.24852887252374,
              28.63125036690492
            ]
          ]
        ]
      }
    },
    {
      "type": "Feature",
      "properties": {
        "parcel_id": "ULPIN-IND-DL-00336",
        "survey_number": "SY-103/336",
        "landuse": "Mixed-Use",
        "area_sqm": 1675.86,
        "owner_name": "Citizen 336 (Registered)",
        "property_tax_val": 4692402
      },
      "geometry": {
        "type": "Polygon",
        "coordinates": [
          [
            [
              77.24853591515294,
              28.63158061879151
            ],
            [
              77.24806801751278,
              28.631588384979803
            ],
            [
              77.24807505879792,
              28.631918636954634
            ],
            [
              77.2485429579006,
              28.631910870660406
            ],
            [
              77.24853591515294,
              28.63158061879151
            ]
          ]
        ]
      }
    },
    {
      "type": "Feature",
      "properties": {
        "parcel_id": "ULPIN-IND-DL-00337",
        "survey_number": "SY-103/337",
        "landuse": "Residential",
        "area_sqm": 1675.86,
        "owner_name": "Citizen 337 (Registered)",
        "property_tax_val": 4692402
      },
      "geometry": {
        "type": "Polygon",
        "coordinates": [
          [
            [
              77.2485429579006,
              28.631910870660406
            ],
            [
              77.24807505879792,
              28.631918636954634
            ],
            [
              77.2480821002015,
              28.632248888911775
            ],
            [
              77.2485500007667,
              28.632241122511616
            ],
            [
              77.2485429579006,
              28.631910870660406
            ]
          ]
        ]
      }
    },
    {
      "type": "Feature",
      "properties": {
        "parcel_id": "ULPIN-IND-DL-00338",
        "survey_number": "SY-103/338",
        "landuse": "Vacant/Green",
        "area_sqm": 1675.86,
        "owner_name": "Citizen 338 (Registered)",
        "property_tax_val": 4692402
      },
      "geometry": {
        "type": "Polygon",
        "coordinates": [
          [
            [
              77.2485500007667,
              28.632241122511616
            ],
            [
              77.2480821002015,
              28.632248888911775
            ],
            [
              77.24808914172348,
              28.632579140851227
            ],
            [
              77.24855704375126,
              28.632571374345133
            ],
            [
              77.2485500007667,
              28.632241122511616
            ]
          ]
        ]
      }
    },
    {
      "type": "Feature",
      "properties": {
        "parcel_id": "ULPIN-IND-DL-00339",
        "survey_number": "SY-104/339",
        "landuse": "Commercial",
        "area_sqm": 1922.31,
        "owner_name": "Citizen 339 (Registered)",
        "property_tax_val": 8650384
      },
      "geometry": {
        "type": "Polygon",
        "coordinates": [
          [
            [
              77.24067771350245,
              28.628737506935735
            ],
            [
              77.24067069630048,
              28.628407253128167
            ],
            [
              77.24013400341278,
              28.628416129222437
            ],
            [
              77.2401410189374,
              28.62874638315109
            ],
            [
              77.24067771350245,
              28.628737506935735
            ]
          ]
        ]
      }
    },
    {
      "type": "Feature",
      "properties": {
        "parcel_id": "ULPIN-IND-DL-00340",
        "survey_number": "SY-104/340",
        "landuse": "Residential",
        "area_sqm": 1922.31,
        "owner_name": "Citizen 340 (Registered)",
        "property_tax_val": 5382461
      },
      "geometry": {
        "type": "Polygon",
        "coordinates": [
          [
            [
              77.24068473082247,
              28.629067760725636
            ],
            [
              77.24067771350245,
              28.628737506935735
            ],
            [
              77.2401410189374,
              28.62874638315109
            ],
            [
              77.24014803458002,
              28.62907663706207
            ],
            [
              77.24068473082247,
              28.629067760725636
            ]
          ]
        ]
      }
    },
    {
      "type": "Feature",
      "properties": {
        "parcel_id": "ULPIN-IND-DL-00341",
        "survey_number": "SY-104/341",
        "landuse": "Institutional",
        "area_sqm": 1922.31,
        "owner_name": "Citizen 341 (Registered)",
        "property_tax_val": 5382461
      },
      "geometry": {
        "type": "Polygon",
        "coordinates": [
          [
            [
              77.24069174826049,
              28.629398014497845
            ],
            [
              77.24068473082247,
              28.629067760725636
            ],
            [
              77.24014803458002,
              28.62907663706207
            ],
            [
              77.24015505034063,
              28.629406890955355
            ],
            [
              77.24069174826049,
              28.629398014497845
            ]
          ]
        ]
      }
    },
    {
      "type": "Feature",
      "properties": {
        "parcel_id": "ULPIN-IND-DL-00342",
        "survey_number": "SY-104/342",
        "landuse": "Residential",
        "area_sqm": 1922.31,
        "owner_name": "Citizen 342 (Registered)",
        "property_tax_val": 5382461
      },
      "geometry": {
        "type": "Polygon",
        "coordinates": [
          [
            [
              77.24069876581656,
              28.629728268252382
            ],
            [
              77.24069174826049,
              28.629398014497845
            ],
            [
              77.24015505034063,
              28.629406890955355
            ],
            [
              77.24016206621926,
              28.629737144830987
            ],
            [
              77.24069876581656,
              28.629728268252382
            ]
          ]
        ]
      }
    },
    {
      "type": "Feature",
      "properties": {
        "parcel_id": "ULPIN-IND-DL-00343",
        "survey_number": "SY-104/343",
        "landuse": "Mixed-Use",
        "area_sqm": 1922.31,
        "owner_name": "Citizen 343 (Registered)",
        "property_tax_val": 5382461
      },
      "geometry": {
        "type": "Polygon",
        "coordinates": [
          [
            [
              77.24070578349065,
              28.630058521989245
            ],
            [
              77.24069876581656,
              28.629728268252382
            ],
            [
              77.24016206621926,
              28.629737144830987
            ],
            [
              77.24016908221589,
              28.63006739868892
            ],
            [
              77.24070578349065,
              28.630058521989245
            ]
          ]
        ]
      }
    },
    {
      "type": "Feature",
      "properties": {
        "parcel_id": "ULPIN-IND-DL-00344",
        "survey_number": "SY-104/344",
        "landuse": "Residential",
        "area_sqm": 1922.31,
        "owner_name": "Citizen 344 (Registered)",
        "property_tax_val": 5382461
      },
      "geometry": {
        "type": "Polygon",
        "coordinates": [
          [
            [
              77.24071280128278,
              28.63038877570843
            ],
            [
              77.24070578349065,
              28.630058521989245
            ],
            [
              77.24016908221589,
              28.63006739868892
            ],
            [
              77.24017609833052,
              28.63039765252918
            ],
            [
              77.24071280128278,
              28.63038877570843
            ]
          ]
        ]
      }
    },
    {
      "type": "Feature",
      "properties": {
        "parcel_id": "ULPIN-IND-DL-00345",
        "survey_number": "SY-104/345",
        "landuse": "Residential",
        "area_sqm": 1922.31,
        "owner_name": "Citizen 345 (Registered)",
        "property_tax_val": 5382461
      },
      "geometry": {
        "type": "Polygon",
        "coordinates": [
          [
            [
              77.24071981919295,
              28.63071902940992
            ],
            [
              77.24071280128278,
              28.63038877570843
            ],
            [
              77.24017609833052,
              28.63039765252918
            ],
            [
              77.24018311456317,
              28.63072790635176
            ],
            [
              77.24071981919295,
              28.63071902940992
            ]
          ]
        ]
      }
    },
    {
      "type": "Feature",
      "properties": {
        "parcel_id": "ULPIN-IND-DL-00346",
        "survey_number": "SY-104/346",
        "landuse": "Residential",
        "area_sqm": 1922.31,
        "owner_name": "Citizen 346 (Registered)",
        "property_tax_val": 5382461
      },
      "geometry": {
        "type": "Polygon",
        "coordinates": [
          [
            [
              77.24072683722115,
              28.63104928309374
            ],
            [
              77.24071981919295,
              28.63071902940992
            ],
            [
              77.24018311456317,
              28.63072790635176
            ],
            [
              77.24019013091382,
              28.631058160156662
            ],
            [
              77.24072683722115,
              28.63104928309374
            ]
          ]
        ]
      }
    },
    {
      "type": "Feature",
      "properties": {
        "parcel_id": "ULPIN-IND-DL-00347",
        "survey_number": "SY-104/347",
        "landuse": "Residential",
        "area_sqm": 1922.31,
        "owner_name": "Citizen 347 (Registered)",
        "property_tax_val": 5382461
      },
      "geometry": {
        "type": "Polygon",
        "coordinates": [
          [
            [
              77.2407338553674,
              28.631379536759876
            ],
            [
              77.24072683722115,
              28.63104928309374
            ],
            [
              77.24019013091382,
              28.631058160156662
            ],
            [
              77.24019714738247,
              28.631388413943878
            ],
            [
              77.2407338553674,
              28.631379536759876
            ]
          ]
        ]
      }
    },
    {
      "type": "Feature",
      "properties": {
        "parcel_id": "ULPIN-IND-DL-00348",
        "survey_number": "SY-104/348",
        "landuse": "Residential",
        "area_sqm": 1922.31,
        "owner_name": "Citizen 348 (Registered)",
        "property_tax_val": 5382461
      },
      "geometry": {
        "type": "Polygon",
        "coordinates": [
          [
            [
              77.24074087363168,
              28.631709790408337
            ],
            [
              77.2407338553674,
              28.631379536759876
            ],
            [
              77.24019714738247,
              28.631388413943878
            ],
            [
              77.24020416396914,
              28.631718667713425
            ],
            [
              77.24074087363168,
              28.631709790408337
            ]
          ]
        ]
      }
    },
    {
      "type": "Feature",
      "properties": {
        "parcel_id": "ULPIN-IND-DL-00349",
        "survey_number": "SY-104/349",
        "landuse": "Residential",
        "area_sqm": 1922.31,
        "owner_name": "Citizen 349 (Registered)",
        "property_tax_val": 5382461
      },
      "geometry": {
        "type": "Polygon",
        "coordinates": [
          [
            [
              77.240747892014,
              28.632040044039123
            ],
            [
              77.24074087363168,
              28.631709790408337
            ],
            [
              77.24020416396914,
              28.631718667713425
            ],
            [
              77.24021118067384,
              28.63204892146529
            ],
            [
              77.240747892014,
              28.632040044039123
            ]
          ]
        ]
      }
    },
    {
      "type": "Feature",
      "properties": {
        "parcel_id": "ULPIN-IND-DL-00350",
        "survey_number": "SY-104/350",
        "landuse": "Mixed-Use",
        "area_sqm": 1922.31,
        "owner_name": "Citizen 350 (Registered)",
        "property_tax_val": 5382461
      },
      "geometry": {
        "type": "Polygon",
        "coordinates": [
          [
            [
              77.24075491051437,
              28.63237029765222
            ],
            [
              77.240747892014,
              28.632040044039123
            ],
            [
              77.24021118067384,
              28.63204892146529
            ],
            [
              77.24021819749653,
              28.632379175199475
            ],
            [
              77.24075491051437,
              28.63237029765222
            ]
          ]
        ]
      }
    },
    {
      "type": "Feature",
      "properties": {
        "parcel_id": "ULPIN-IND-DL-00351",
        "survey_number": "SY-104/351",
        "landuse": "Vacant/Green",
        "area_sqm": 1922.31,
        "owner_name": "Citizen 351 (Registered)",
        "property_tax_val": 5382461
      },
      "geometry": {
        "type": "Polygon",
        "coordinates": [
          [
            [
              77.24075491051437,
              28.63237029765222
            ],
            [
              77.24021819749653,
              28.632379175199475
            ],
            [
              77.24022521443725,
              28.632709428915984
            ],
            [
              77.24076192913277,
              28.632700551247638
            ],
            [
              77.24075491051437,
              28.63237029765222
            ]
          ]
        ]
      }
    },
    {
      "type": "Feature",
      "properties": {
        "parcel_id": "ULPIN-IND-DL-00352",
        "survey_number": "SY-104/352",
        "landuse": "Institutional",
        "area_sqm": 1922.31,
        "owner_name": "Citizen 352 (Registered)",
        "property_tax_val": 5382461
      },
      "geometry": {
        "type": "Polygon",
        "coordinates": [
          [
            [
              77.24067771350245,
              28.628737506935735
            ],
            [
              77.24121440782487,
              28.628728628597646
            ],
            [
              77.24120738894554,
              28.62839837491118
            ],
            [
              77.24067069630048,
              28.628407253128167
            ],
            [
              77.24067771350245,
              28.628737506935735
            ]
          ]
        ]
      }
    },
    {
      "type": "Feature",
      "properties": {
        "parcel_id": "ULPIN-IND-DL-00353",
        "survey_number": "SY-104/353",
        "landuse": "Residential",
        "area_sqm": 1922.31,
        "owner_name": "Citizen 353 (Registered)",
        "property_tax_val": 5382461
      },
      "geometry": {
        "type": "Polygon",
        "coordinates": [
          [
            [
              77.24067771350245,
              28.628737506935735
            ],
            [
              77.24068473082247,
              28.629067760725636
            ],
            [
              77.24122142682225,
              28.629058882266442
            ],
            [
              77.24121440782487,
              28.628728628597646
            ],
            [
              77.24067771350245,
              28.628737506935735
            ]
          ]
        ]
      }
    },
    {
      "type": "Feature",
      "properties": {
        "parcel_id": "ULPIN-IND-DL-00354",
        "survey_number": "SY-104/354",
        "landuse": "Residential",
        "area_sqm": 1922.31,
        "owner_name": "Citizen 354 (Registered)",
        "property_tax_val": 5382461
      },
      "geometry": {
        "type": "Polygon",
        "coordinates": [
          [
            [
              77.24068473082247,
              28.629067760725636
            ],
            [
              77.24069174826049,
              28.629398014497845
            ],
            [
              77.2412284459377,
              28.629389135917542
            ],
            [
              77.24122142682225,
              28.629058882266442
            ],
            [
              77.24068473082247,
              28.629067760725636
            ]
          ]
        ]
      }
    },
    {
      "type": "Feature",
      "properties": {
        "parcel_id": "ULPIN-IND-DL-00355",
        "survey_number": "SY-104/355",
        "landuse": "Residential",
        "area_sqm": 1922.31,
        "owner_name": "Citizen 355 (Registered)",
        "property_tax_val": 5382461
      },
      "geometry": {
        "type": "Polygon",
        "coordinates": [
          [
            [
              77.24069174826049,
              28.629398014497845
            ],
            [
              77.24069876581656,
              28.629728268252382
            ],
            [
              77.2412354651712,
              28.629719389550974
            ],
            [
              77.2412284459377,
              28.629389135917542
            ],
            [
              77.24069174826049,
              28.629398014497845
            ]
          ]
        ]
      }
    },
    {
      "type": "Feature",
      "properties": {
        "parcel_id": "ULPIN-IND-DL-00356",
        "survey_number": "SY-104/356",
        "landuse": "Residential",
        "area_sqm": 1922.31,
        "owner_name": "Citizen 356 (Registered)",
        "property_tax_val": 5382461
      },
      "geometry": {
        "type": "Polygon",
        "coordinates": [
          [
            [
              77.24069876581656,
              28.629728268252382
            ],
            [
              77.24070578349065,
              28.630058521989245
            ],
            [
              77.24124248452276,
              28.63004964316672
            ],
            [
              77.2412354651712,
              28.629719389550974
            ],
            [
              77.24069876581656,
              28.629728268252382
            ]
          ]
        ]
      }
    },
    {
      "type": "Feature",
      "properties": {
        "parcel_id": "ULPIN-IND-DL-00357",
        "survey_number": "SY-104/357",
        "landuse": "Mixed-Use",
        "area_sqm": 1922.31,
        "owner_name": "Citizen 357 (Registered)",
        "property_tax_val": 5382461
      },
      "geometry": {
        "type": "Polygon",
        "coordinates": [
          [
            [
              77.24070578349065,
              28.630058521989245
            ],
            [
              77.24071280128278,
              28.63038877570843
            ],
            [
              77.24124950399238,
              28.630379896764786
            ],
            [
              77.24124248452276,
              28.63004964316672
            ],
            [
              77.24070578349065,
              28.630058521989245
            ]
          ]
        ]
      }
    },
    {
      "type": "Feature",
      "properties": {
        "parcel_id": "ULPIN-IND-DL-00358",
        "survey_number": "SY-104/358",
        "landuse": "Residential",
        "area_sqm": 1922.31,
        "owner_name": "Citizen 358 (Registered)",
        "property_tax_val": 5382461
      },
      "geometry": {
        "type": "Polygon",
        "coordinates": [
          [
            [
              77.24071280128278,
              28.63038877570843
            ],
            [
              77.24071981919295,
              28.63071902940992
            ],
            [
              77.24125652358008,
              28.63071015034518
            ],
            [
              77.24124950399238,
              28.630379896764786
            ],
            [
              77.24071280128278,
              28.63038877570843
            ]
          ]
        ]
      }
    },
    {
      "type": "Feature",
      "properties": {
        "parcel_id": "ULPIN-IND-DL-00359",
        "survey_number": "SY-104/359",
        "landuse": "Residential",
        "area_sqm": 1922.31,
        "owner_name": "Citizen 359 (Registered)",
        "property_tax_val": 5382461
      },
      "geometry": {
        "type": "Polygon",
        "coordinates": [
          [
            [
              77.24071981919295,
              28.63071902940992
            ],
            [
              77.24072683722115,
              28.63104928309374
            ],
            [
              77.24126354328583,
              28.631040403907882
            ],
            [
              77.24125652358008,
              28.63071015034518
            ],
            [
              77.24071981919295,
              28.63071902940992
            ]
          ]
        ]
      }
    },
    {
      "type": "Feature",
      "properties": {
        "parcel_id": "ULPIN-IND-DL-00360",
        "survey_number": "SY-104/360",
        "landuse": "Residential",
        "area_sqm": 1922.31,
        "owner_name": "Citizen 360 (Registered)",
        "property_tax_val": 5382461
      },
      "geometry": {
        "type": "Polygon",
        "coordinates": [
          [
            [
              77.24072683722115,
              28.63104928309374
            ],
            [
              77.2407338553674,
              28.631379536759876
            ],
            [
              77.24127056310965,
              28.631370657452912
            ],
            [
              77.24126354328583,
              28.631040403907882
            ],
            [
              77.24072683722115,
              28.63104928309374
            ]
          ]
        ]
      }
    },
    {
      "type": "Feature",
      "properties": {
        "parcel_id": "ULPIN-IND-DL-00361",
        "survey_number": "SY-104/361",
        "landuse": "Residential",
        "area_sqm": 1922.31,
        "owner_name": "Citizen 361 (Registered)",
        "property_tax_val": 5382461
      },
      "geometry": {
        "type": "Polygon",
        "coordinates": [
          [
            [
              77.2407338553674,
              28.631379536759876
            ],
            [
              77.24074087363168,
              28.631709790408337
            ],
            [
              77.24127758305154,
              28.63170091098026
            ],
            [
              77.24127056310965,
              28.631370657452912
            ],
            [
              77.2407338553674,
              28.631379536759876
            ]
          ]
        ]
      }
    },
    {
      "type": "Feature",
      "properties": {
        "parcel_id": "ULPIN-IND-DL-00362",
        "survey_number": "SY-104/362",
        "landuse": "Residential",
        "area_sqm": 1922.31,
        "owner_name": "Citizen 362 (Registered)",
        "property_tax_val": 5382461
      },
      "geometry": {
        "type": "Polygon",
        "coordinates": [
          [
            [
              77.24074087363168,
              28.631709790408337
            ],
            [
              77.240747892014,
              28.632040044039123
            ],
            [
              77.2412846031115,
              28.63203116448992
            ],
            [
              77.24127758305154,
              28.63170091098026
            ],
            [
              77.24074087363168,
              28.631709790408337
            ]
          ]
        ]
      }
    },
    {
      "type": "Feature",
      "properties": {
        "parcel_id": "ULPIN-IND-DL-00363",
        "survey_number": "SY-104/363",
        "landuse": "Institutional",
        "area_sqm": 1922.31,
        "owner_name": "Citizen 363 (Registered)",
        "property_tax_val": 5382461
      },
      "geometry": {
        "type": "Polygon",
        "coordinates": [
          [
            [
              77.240747892014,
              28.632040044039123
            ],
            [
              77.24075491051437,
              28.63237029765222
            ],
            [
              77.24129162328951,
              28.632361417981908
            ],
            [
              77.2412846031115,
              28.63203116448992
            ],
            [
              77.240747892014,
              28.632040044039123
            ]
          ]
        ]
      }
    },
    {
      "type": "Feature",
      "properties": {
        "parcel_id": "ULPIN-IND-DL-00364",
        "survey_number": "SY-104/364",
        "landuse": "Mixed-Use",
        "area_sqm": 1922.31,
        "owner_name": "Citizen 364 (Registered)",
        "property_tax_val": 5382461
      },
      "geometry": {
        "type": "Polygon",
        "coordinates": [
          [
            [
              77.24129162328951,
              28.632361417981908
            ],
            [
              77.24075491051437,
              28.63237029765222
            ],
            [
              77.24076192913277,
              28.632700551247638
            ],
            [
              77.24129864358564,
              28.63269167145621
            ],
            [
              77.24129162328951,
              28.632361417981908
            ]
          ]
        ]
      }
    },
    {
      "type": "Feature",
      "properties": {
        "parcel_id": "ULPIN-IND-DL-00365",
        "survey_number": "SY-104/365",
        "landuse": "Residential",
        "area_sqm": 1922.31,
        "owner_name": "Citizen 365 (Registered)",
        "property_tax_val": 5382461
      },
      "geometry": {
        "type": "Polygon",
        "coordinates": [
          [
            [
              77.24121440782487,
              28.628728628597646
            ],
            [
              77.24175110190457,
              28.62871974813683
            ],
            [
              77.24174408134789,
              28.628389494571493
            ],
            [
              77.24120738894554,
              28.62839837491118
            ],
            [
              77.24121440782487,
              28.628728628597646
            ]
          ]
        ]
      }
    },
    {
      "type": "Feature",
      "properties": {
        "parcel_id": "ULPIN-IND-DL-00366",
        "survey_number": "SY-104/366",
        "landuse": "Residential",
        "area_sqm": 1922.31,
        "owner_name": "Citizen 366 (Registered)",
        "property_tax_val": 5382461
      },
      "geometry": {
        "type": "Polygon",
        "coordinates": [
          [
            [
              77.24121440782487,
              28.628728628597646
            ],
            [
              77.24122142682225,
              28.629058882266442
            ],
            [
              77.24175812257934,
              28.62905000168448
            ],
            [
              77.24175110190457,
              28.62871974813683
            ],
            [
              77.24121440782487,
              28.628728628597646
            ]
          ]
        ]
      }
    },
    {
      "type": "Feature",
      "properties": {
        "parcel_id": "ULPIN-IND-DL-00367",
        "survey_number": "SY-104/367",
        "landuse": "Residential",
        "area_sqm": 1922.31,
        "owner_name": "Citizen 367 (Registered)",
        "property_tax_val": 5382461
      },
      "geometry": {
        "type": "Polygon",
        "coordinates": [
          [
            [
              77.24122142682225,
              28.629058882266442
            ],
            [
              77.2412284459377,
              28.629389135917542
            ],
            [
              77.24176514337219,
              28.629380255214446
            ],
            [
              77.24175812257934,
              28.62905000168448
            ],
            [
              77.24122142682225,
              28.629058882266442
            ]
          ]
        ]
      }
    },
    {
      "type": "Feature",
      "properties": {
        "parcel_id": "ULPIN-IND-DL-00368",
        "survey_number": "SY-104/368",
        "landuse": "Residential",
        "area_sqm": 1922.31,
        "owner_name": "Citizen 368 (Registered)",
        "property_tax_val": 5382461
      },
      "geometry": {
        "type": "Polygon",
        "coordinates": [
          [
            [
              77.2412284459377,
              28.629389135917542
            ],
            [
              77.2412354651712,
              28.629719389550974
            ],
            [
              77.24177216428312,
              28.629710508726742
            ],
            [
              77.24176514337219,
              28.629380255214446
            ],
            [
              77.2412284459377,
              28.629389135917542
            ]
          ]
        ]
      }
    },
    {
      "type": "Feature",
      "properties": {
        "parcel_id": "ULPIN-IND-DL-00369",
        "survey_number": "SY-104/369",
        "landuse": "Residential",
        "area_sqm": 1922.31,
        "owner_name": "Citizen 369 (Registered)",
        "property_tax_val": 5382461
      },
      "geometry": {
        "type": "Polygon",
        "coordinates": [
          [
            [
              77.2412354651712,
              28.629719389550974
            ],
            [
              77.24124248452276,
              28.63004964316672
            ],
            [
              77.24177918531214,
              28.630040762221352
            ],
            [
              77.24177216428312,
              28.629710508726742
            ],
            [
              77.2412354651712,
              28.629719389550974
            ]
          ]
        ]
      }
    },
    {
      "type": "Feature",
      "properties": {
        "parcel_id": "ULPIN-IND-DL-00370",
        "survey_number": "SY-104/370",
        "landuse": "Residential",
        "area_sqm": 1922.31,
        "owner_name": "Citizen 370 (Registered)",
        "property_tax_val": 5382461
      },
      "geometry": {
        "type": "Polygon",
        "coordinates": [
          [
            [
              77.24124248452276,
              28.63004964316672
            ],
            [
              77.24124950399238,
              28.630379896764786
            ],
            [
              77.24178620645927,
              28.63037101569828
            ],
            [
              77.24177918531214,
              28.630040762221352
            ],
            [
              77.24124248452276,
              28.63004964316672
            ]
          ]
        ]
      }
    },
    {
      "type": "Feature",
      "properties": {
        "parcel_id": "ULPIN-IND-DL-00371",
        "survey_number": "SY-104/371",
        "landuse": "Mixed-Use",
        "area_sqm": 1922.31,
        "owner_name": "Citizen 371 (Registered)",
        "property_tax_val": 5382461
      },
      "geometry": {
        "type": "Polygon",
        "coordinates": [
          [
            [
              77.24124950399238,
              28.630379896764786
            ],
            [
              77.24125652358008,
              28.63071015034518
            ],
            [
              77.24179322772447,
              28.63070126915753
            ],
            [
              77.24178620645927,
              28.63037101569828
            ],
            [
              77.24124950399238,
              28.630379896764786
            ]
          ]
        ]
      }
    },
    {
      "type": "Feature",
      "properties": {
        "parcel_id": "ULPIN-IND-DL-00372",
        "survey_number": "SY-104/372",
        "landuse": "Residential",
        "area_sqm": 1922.31,
        "owner_name": "Citizen 372 (Registered)",
        "property_tax_val": 5382461
      },
      "geometry": {
        "type": "Polygon",
        "coordinates": [
          [
            [
              77.24125652358008,
              28.63071015034518
            ],
            [
              77.24126354328583,
              28.631040403907882
            ],
            [
              77.24180024910777,
              28.63103152259909
            ],
            [
              77.24179322772447,
              28.63070126915753
            ],
            [
              77.24125652358008,
              28.63071015034518
            ]
          ]
        ]
      }
    },
    {
      "type": "Feature",
      "properties": {
        "parcel_id": "ULPIN-IND-DL-00373",
        "survey_number": "SY-104/373",
        "landuse": "Residential",
        "area_sqm": 1922.31,
        "owner_name": "Citizen 373 (Registered)",
        "property_tax_val": 5382461
      },
      "geometry": {
        "type": "Polygon",
        "coordinates": [
          [
            [
              77.24126354328583,
              28.631040403907882
            ],
            [
              77.24127056310965,
              28.631370657452912
            ],
            [
              77.24180727060916,
              28.631361776022977
            ],
            [
              77.24180024910777,
              28.63103152259909
            ],
            [
              77.24126354328583,
              28.631040403907882
            ]
          ]
        ]
      }
    },
    {
      "type": "Feature",
      "properties": {
        "parcel_id": "ULPIN-IND-DL-00374",
        "survey_number": "SY-104/374",
        "landuse": "Institutional",
        "area_sqm": 1922.31,
        "owner_name": "Citizen 374 (Registered)",
        "property_tax_val": 5382461
      },
      "geometry": {
        "type": "Polygon",
        "coordinates": [
          [
            [
              77.24127056310965,
              28.631370657452912
            ],
            [
              77.24127758305154,
              28.63170091098026
            ],
            [
              77.24181429222865,
              28.63169202942919
            ],
            [
              77.24180727060916,
              28.631361776022977
            ],
            [
              77.24127056310965,
              28.631370657452912
            ]
          ]
        ]
      }
    },
    {
      "type": "Feature",
      "properties": {
        "parcel_id": "ULPIN-IND-DL-00375",
        "survey_number": "SY-104/375",
        "landuse": "Residential",
        "area_sqm": 1922.31,
        "owner_name": "Citizen 375 (Registered)",
        "property_tax_val": 5382461
      },
      "geometry": {
        "type": "Polygon",
        "coordinates": [
          [
            [
              77.24127758305154,
              28.63170091098026
            ],
            [
              77.2412846031115,
              28.63203116448992
            ],
            [
              77.24182131396624,
              28.632022282817704
            ],
            [
              77.24181429222865,
              28.63169202942919
            ],
            [
              77.24127758305154,
              28.63170091098026
            ]
          ]
        ]
      }
    },
    {
      "type": "Feature",
      "properties": {
        "parcel_id": "ULPIN-IND-DL-00376",
        "survey_number": "SY-104/376",
        "landuse": "Residential",
        "area_sqm": 1922.31,
        "owner_name": "Citizen 376 (Registered)",
        "property_tax_val": 5382461
      },
      "geometry": {
        "type": "Polygon",
        "coordinates": [
          [
            [
              77.2412846031115,
              28.63203116448992
            ],
            [
              77.24129162328951,
              28.632361417981908
            ],
            [
              77.24182833582194,
              28.632352536188545
            ],
            [
              77.24182131396624,
              28.632022282817704
            ],
            [
              77.2412846031115,
              28.63203116448992
            ]
          ]
        ]
      }
    },
    {
      "type": "Feature",
      "properties": {
        "parcel_id": "ULPIN-IND-DL-00377",
        "survey_number": "SY-104/377",
        "landuse": "Vacant/Green",
        "area_sqm": 1922.31,
        "owner_name": "Citizen 377 (Registered)",
        "property_tax_val": 5382461
      },
      "geometry": {
        "type": "Polygon",
        "coordinates": [
          [
            [
              77.24182833582194,
              28.632352536188545
            ],
            [
              77.24129162328951,
              28.632361417981908
            ],
            [
              77.24129864358564,
              28.63269167145621
            ],
            [
              77.24183535779574,
              28.632682789541704
            ],
            [
              77.24182833582194,
              28.632352536188545
            ]
          ]
        ]
      }
    },
    {
      "type": "Feature",
      "properties": {
        "parcel_id": "ULPIN-IND-DL-00378",
        "survey_number": "SY-104/378",
        "landuse": "Mixed-Use",
        "area_sqm": 1922.31,
        "owner_name": "Citizen 378 (Registered)",
        "property_tax_val": 5382461
      },
      "geometry": {
        "type": "Polygon",
        "coordinates": [
          [
            [
              77.24228077350749,
              28.62838061210911
            ],
            [
              77.24174408134789,
              28.628389494571493
            ],
            [
              77.24175110190457,
              28.62871974813683
            ],
            [
              77.24228779574152,
              28.628710865553277
            ],
            [
              77.24228077350749,
              28.62838061210911
            ]
          ]
        ]
      }
    },
    {
      "type": "Feature",
      "properties": {
        "parcel_id": "ULPIN-IND-DL-00379",
        "survey_number": "SY-104/379",
        "landuse": "Residential",
        "area_sqm": 1922.31,
        "owner_name": "Citizen 379 (Registered)",
        "property_tax_val": 5382461
      },
      "geometry": {
        "type": "Polygon",
        "coordinates": [
          [
            [
              77.24228779574152,
              28.628710865553277
            ],
            [
              77.24175110190457,
              28.62871974813683
            ],
            [
              77.24175812257934,
              28.62905000168448
            ],
            [
              77.24229481809365,
              28.629041118979767
            ],
            [
              77.24228779574152,
              28.628710865553277
            ]
          ]
        ]
      }
    },
    {
      "type": "Feature",
      "properties": {
        "parcel_id": "ULPIN-IND-DL-00380",
        "survey_number": "SY-104/380",
        "landuse": "Residential",
        "area_sqm": 1922.31,
        "owner_name": "Citizen 380 (Registered)",
        "property_tax_val": 5382461
      },
      "geometry": {
        "type": "Polygon",
        "coordinates": [
          [
            [
              77.24229481809365,
              28.629041118979767
            ],
            [
              77.24175812257934,
              28.62905000168448
            ],
            [
              77.24176514337219,
              28.629380255214446
            ],
            [
              77.24230184056391,
              28.62937137238856
            ],
            [
              77.24229481809365,
              28.629041118979767
            ]
          ]
        ]
      }
    },
    {
      "type": "Feature",
      "properties": {
        "parcel_id": "ULPIN-IND-DL-00381",
        "survey_number": "SY-104/381",
        "landuse": "Residential",
        "area_sqm": 1922.31,
        "owner_name": "Citizen 381 (Registered)",
        "property_tax_val": 5382461
      },
      "geometry": {
        "type": "Polygon",
        "coordinates": [
          [
            [
              77.24230184056391,
              28.62937137238856
            ],
            [
              77.24176514337219,
              28.629380255214446
            ],
            [
              77.24177216428312,
              28.629710508726742
            ],
            [
              77.24230886315227,
              28.629701625779695
            ],
            [
              77.24230184056391,
              28.62937137238856
            ]
          ]
        ]
      }
    },
    {
      "type": "Feature",
      "properties": {
        "parcel_id": "ULPIN-IND-DL-00382",
        "survey_number": "SY-104/382",
        "landuse": "Residential",
        "area_sqm": 1922.31,
        "owner_name": "Citizen 382 (Registered)",
        "property_tax_val": 5382461
      },
      "geometry": {
        "type": "Polygon",
        "coordinates": [
          [
            [
              77.24230886315227,
              28.629701625779695
            ],
            [
              77.24177216428312,
              28.629710508726742
            ],
            [
              77.24177918531214,
              28.630040762221352
            ],
            [
              77.24231588585876,
              28.630031879153137
            ],
            [
              77.24230886315227,
              28.629701625779695
            ]
          ]
        ]
      }
    },
    {
      "type": "Feature",
      "properties": {
        "parcel_id": "ULPIN-IND-DL-00383",
        "survey_number": "SY-104/383",
        "landuse": "Residential",
        "area_sqm": 1922.31,
        "owner_name": "Citizen 383 (Registered)",
        "property_tax_val": 5382461
      },
      "geometry": {
        "type": "Polygon",
        "coordinates": [
          [
            [
              77.24231588585876,
              28.630031879153137
            ],
            [
              77.24177918531214,
              28.630040762221352
            ],
            [
              77.24178620645927,
              28.63037101569828
            ],
            [
              77.24232290868335,
              28.630362132508893
            ],
            [
              77.24231588585876,
              28.630031879153137
            ]
          ]
        ]
      }
    },
    {
      "type": "Feature",
      "properties": {
        "parcel_id": "ULPIN-IND-DL-00384",
        "survey_number": "SY-104/384",
        "landuse": "Residential",
        "area_sqm": 1922.31,
        "owner_name": "Citizen 384 (Registered)",
        "property_tax_val": 5382461
      },
      "geometry": {
        "type": "Polygon",
        "coordinates": [
          [
            [
              77.24232290868335,
              28.630362132508893
            ],
            [
              77.24178620645927,
              28.63037101569828
            ],
            [
              77.24179322772447,
              28.63070126915753
            ],
            [
              77.24232993162609,
              28.630692385846977
            ],
            [
              77.24232290868335,
              28.630362132508893
            ]
          ]
        ]
      }
    },
    {
      "type": "Feature",
      "properties": {
        "parcel_id": "ULPIN-IND-DL-00385",
        "survey_number": "SY-104/385",
        "landuse": "Mixed-Use",
        "area_sqm": 1922.31,
        "owner_name": "Citizen 385 (Registered)",
        "property_tax_val": 5382461
      },
      "geometry": {
        "type": "Polygon",
        "coordinates": [
          [
            [
              77.24232993162609,
              28.630692385846977
            ],
            [
              77.24179322772447,
              28.63070126915753
            ],
            [
              77.24180024910777,
              28.63103152259909
            ],
            [
              77.24233695468692,
              28.631022639167366
            ],
            [
              77.24232993162609,
              28.630692385846977
            ]
          ]
        ]
      }
    },
    {
      "type": "Feature",
      "properties": {
        "parcel_id": "ULPIN-IND-DL-00386",
        "survey_number": "SY-104/386",
        "landuse": "Residential",
        "area_sqm": 1922.31,
        "owner_name": "Citizen 386 (Registered)",
        "property_tax_val": 5382461
      },
      "geometry": {
        "type": "Polygon",
        "coordinates": [
          [
            [
              77.24233695468692,
              28.631022639167366
            ],
            [
              77.24180024910777,
              28.63103152259909
            ],
            [
              77.24180727060916,
              28.631361776022977
            ],
            [
              77.2423439778659,
              28.631352892470083
            ],
            [
              77.24233695468692,
              28.631022639167366
            ]
          ]
        ]
      }
    },
    {
      "type": "Feature",
      "properties": {
        "parcel_id": "ULPIN-IND-DL-00387",
        "survey_number": "SY-104/387",
        "landuse": "Residential",
        "area_sqm": 1922.31,
        "owner_name": "Citizen 387 (Registered)",
        "property_tax_val": 5382461
      },
      "geometry": {
        "type": "Polygon",
        "coordinates": [
          [
            [
              77.2423439778659,
              28.631352892470083
            ],
            [
              77.24180727060916,
              28.631361776022977
            ],
            [
              77.24181429222865,
              28.63169202942919
            ],
            [
              77.24235100116299,
              28.631683145755122
            ],
            [
              77.2423439778659,
              28.631352892470083
            ]
          ]
        ]
      }
    },
    {
      "type": "Feature",
      "properties": {
        "parcel_id": "ULPIN-IND-DL-00388",
        "survey_number": "SY-104/388",
        "landuse": "Residential",
        "area_sqm": 1922.31,
        "owner_name": "Citizen 388 (Registered)",
        "property_tax_val": 5382461
      },
      "geometry": {
        "type": "Polygon",
        "coordinates": [
          [
            [
              77.24235100116299,
              28.631683145755122
            ],
            [
              77.24181429222865,
              28.63169202942919
            ],
            [
              77.24182131396624,
              28.632022282817704
            ],
            [
              77.2423580245782,
              28.632013399022465
            ],
            [
              77.24235100116299,
              28.631683145755122
            ]
          ]
        ]
      }
    },
    {
      "type": "Feature",
      "properties": {
        "parcel_id": "ULPIN-IND-DL-00389",
        "survey_number": "SY-104/389",
        "landuse": "Residential",
        "area_sqm": 1922.31,
        "owner_name": "Citizen 389 (Registered)",
        "property_tax_val": 5382461
      },
      "geometry": {
        "type": "Polygon",
        "coordinates": [
          [
            [
              77.2423580245782,
              28.632013399022465
            ],
            [
              77.24182131396624,
              28.632022282817704
            ],
            [
              77.24182833582194,
              28.632352536188545
            ],
            [
              77.24236504811154,
              28.632343652272137
            ],
            [
              77.2423580245782,
              28.632013399022465
            ]
          ]
        ]
      }
    },
    {
      "type": "Feature",
      "properties": {
        "parcel_id": "ULPIN-IND-DL-00390",
        "survey_number": "SY-104/390",
        "landuse": "Vacant/Green",
        "area_sqm": 1922.31,
        "owner_name": "Citizen 390 (Registered)",
        "property_tax_val": 5382461
      },
      "geometry": {
        "type": "Polygon",
        "coordinates": [
          [
            [
              77.24236504811154,
              28.632343652272137
            ],
            [
              77.24182833582194,
              28.632352536188545
            ],
            [
              77.24183535779574,
              28.632682789541704
            ],
            [
              77.24237207176303,
              28.63267390550412
            ],
            [
              77.24236504811154,
              28.632343652272137
            ]
          ]
        ]
      }
    },
    {
      "type": "Feature",
      "properties": {
        "parcel_id": "ULPIN-IND-DL-00391",
        "survey_number": "SY-105/391",
        "landuse": "Commercial",
        "area_sqm": 2135.9,
        "owner_name": "Citizen 391 (Registered)",
        "property_tax_val": 9611538
      },
      "geometry": {
        "type": "Polygon",
        "coordinates": [
          [
            [
              77.23884613581357,
              28.628767790042666
            ],
            [
              77.23883912433591,
              28.62843753582201
            ],
            [
              77.23824279797057,
              28.628447389968855
            ],
            [
              77.2382498075845,
              28.628777644323936
            ],
            [
              77.23884613581357,
              28.628767790042666
            ]
          ]
        ]
      }
    },
    {
      "type": "Feature",
      "properties": {
        "parcel_id": "ULPIN-IND-DL-00392",
        "survey_number": "SY-105/392",
        "landuse": "Mixed-Use",
        "area_sqm": 2135.9,
        "owner_name": "Citizen 392 (Registered)",
        "property_tax_val": 5980512
      },
      "geometry": {
        "type": "Polygon",
        "coordinates": [
          [
            [
              77.23885314740916,
              28.62909804424565
            ],
            [
              77.23884613581357,
              28.628767790042666
            ],
            [
              77.2382498075845,
              28.628777644323936
            ],
            [
              77.2382568173163,
              28.62910789866134
            ],
            [
              77.23885314740916,
              28.62909804424565
            ]
          ]
        ]
      }
    },
    {
      "type": "Feature",
      "properties": {
        "parcel_id": "ULPIN-IND-DL-00393",
        "survey_number": "SY-105/393",
        "landuse": "Residential",
        "area_sqm": 2135.9,
        "owner_name": "Citizen 393 (Registered)",
        "property_tax_val": 5980512
      },
      "geometry": {
        "type": "Polygon",
        "coordinates": [
          [
            [
              77.23886015912267,
              28.629428298430945
            ],
            [
              77.23885314740916,
              28.62909804424565
            ],
            [
              77.2382568173163,
              28.62910789866134
            ],
            [
              77.23826382716601,
              28.629438152981056
            ],
            [
              77.23886015912267,
              28.629428298430945
            ]
          ]
        ]
      }
    },
    {
      "type": "Feature",
      "properties": {
        "parcel_id": "ULPIN-IND-DL-00394",
        "survey_number": "SY-105/394",
        "landuse": "Residential",
        "area_sqm": 2135.9,
        "owner_name": "Citizen 394 (Registered)",
        "property_tax_val": 5980512
      },
      "geometry": {
        "type": "Polygon",
        "coordinates": [
          [
            [
              77.23886717095412,
              28.629758552598574
            ],
            [
              77.23886015912267,
              28.629428298430945
            ],
            [
              77.23826382716601,
              28.629438152981056
            ],
            [
              77.23827083713363,
              28.62976840728311
            ],
            [
              77.23886717095412,
              28.629758552598574
            ]
          ]
        ]
      }
    },
    {
      "type": "Feature",
      "properties": {
        "parcel_id": "ULPIN-IND-DL-00395",
        "survey_number": "SY-105/395",
        "landuse": "Residential",
        "area_sqm": 2135.9,
        "owner_name": "Citizen 395 (Registered)",
        "property_tax_val": 5980512
      },
      "geometry": {
        "type": "Polygon",
        "coordinates": [
          [
            [
              77.23887418290352,
              28.630088806748528
            ],
            [
              77.23886717095412,
              28.629758552598574
            ],
            [
              77.23827083713363,
              28.62976840728311
            ],
            [
              77.23827784721914,
              28.63009866156748
            ],
            [
              77.23887418290352,
              28.630088806748528
            ]
          ]
        ]
      }
    },
    {
      "type": "Feature",
      "properties": {
        "parcel_id": "ULPIN-IND-DL-00396",
        "survey_number": "SY-105/396",
        "landuse": "Institutional",
        "area_sqm": 2135.9,
        "owner_name": "Citizen 396 (Registered)",
        "property_tax_val": 5980512
      },
      "geometry": {
        "type": "Polygon",
        "coordinates": [
          [
            [
              77.23888119497083,
              28.6304190608808
            ],
            [
              77.23887418290352,
              28.630088806748528
            ],
            [
              77.23827784721914,
              28.63009866156748
            ],
            [
              77.23828485742258,
              28.63042891583418
            ],
            [
              77.23888119497083,
              28.6304190608808
            ]
          ]
        ]
      }
    },
    {
      "type": "Feature",
      "properties": {
        "parcel_id": "ULPIN-IND-DL-00397",
        "survey_number": "SY-105/397",
        "landuse": "Residential",
        "area_sqm": 2135.9,
        "owner_name": "Citizen 397 (Registered)",
        "property_tax_val": 5980512
      },
      "geometry": {
        "type": "Polygon",
        "coordinates": [
          [
            [
              77.2388882071561,
              28.6307493149954
            ],
            [
              77.23888119497083,
              28.6304190608808
            ],
            [
              77.23828485742258,
              28.63042891583418
            ],
            [
              77.23829186774391,
              28.6307591700832
            ],
            [
              77.2388882071561,
              28.6307493149954
            ]
          ]
        ]
      }
    },
    {
      "type": "Feature",
      "properties": {
        "parcel_id": "ULPIN-IND-DL-00398",
        "survey_number": "SY-105/398",
        "landuse": "Residential",
        "area_sqm": 2135.9,
        "owner_name": "Citizen 398 (Registered)",
        "property_tax_val": 5980512
      },
      "geometry": {
        "type": "Polygon",
        "coordinates": [
          [
            [
              77.23889521945931,
              28.631079569092314
            ],
            [
              77.2388882071561,
              28.6307493149954
            ],
            [
              77.23829186774391,
              28.6307591700832
            ],
            [
              77.23829887818316,
              28.631089424314542
            ],
            [
              77.23889521945931,
              28.631079569092314
            ]
          ]
        ]
      }
    },
    {
      "type": "Feature",
      "properties": {
        "parcel_id": "ULPIN-IND-DL-00399",
        "survey_number": "SY-105/399",
        "landuse": "Mixed-Use",
        "area_sqm": 2135.9,
        "owner_name": "Citizen 399 (Registered)",
        "property_tax_val": 5980512
      },
      "geometry": {
        "type": "Polygon",
        "coordinates": [
          [
            [
              77.23890223188046,
              28.63140982317156
            ],
            [
              77.23889521945931,
              28.631079569092314
            ],
            [
              77.23829887818316,
              28.631089424314542
            ],
            [
              77.23830588874031,
              28.631419678528214
            ],
            [
              77.23890223188046,
              28.63140982317156
            ]
          ]
        ]
      }
    },
    {
      "type": "Feature",
      "properties": {
        "parcel_id": "ULPIN-IND-DL-00400",
        "survey_number": "SY-105/400",
        "landuse": "Residential",
        "area_sqm": 2135.9,
        "owner_name": "Citizen 400 (Registered)",
        "property_tax_val": 5980512
      },
      "geometry": {
        "type": "Polygon",
        "coordinates": [
          [
            [
              77.23890924441955,
              28.631740077233125
            ],
            [
              77.23890223188046,
              28.63140982317156
            ],
            [
              77.23830588874031,
              28.631419678528214
            ],
            [
              77.23831289941539,
              28.631749932724208
            ],
            [
              77.23890924441955,
              28.631740077233125
            ]
          ]
        ]
      }
    },
    {
      "type": "Feature",
      "properties": {
        "parcel_id": "ULPIN-IND-DL-00401",
        "survey_number": "SY-105/401",
        "landuse": "Residential",
        "area_sqm": 2135.9,
        "owner_name": "Citizen 401 (Registered)",
        "property_tax_val": 5980512
      },
      "geometry": {
        "type": "Polygon",
        "coordinates": [
          [
            [
              77.2389162570766,
              28.63207033127701
            ],
            [
              77.23890924441955,
              28.631740077233125
            ],
            [
              77.23831289941539,
              28.631749932724208
            ],
            [
              77.23831991020838,
              28.63208018690252
            ],
            [
              77.2389162570766,
              28.63207033127701
            ]
          ]
        ]
      }
    },
    {
      "type": "Feature",
      "properties": {
        "parcel_id": "ULPIN-IND-DL-00402",
        "survey_number": "SY-105/402",
        "landuse": "Residential",
        "area_sqm": 2135.9,
        "owner_name": "Citizen 402 (Registered)",
        "property_tax_val": 5980512
      },
      "geometry": {
        "type": "Polygon",
        "coordinates": [
          [
            [
              77.23892326985157,
              28.63240058530322
            ],
            [
              77.2389162570766,
              28.63207033127701
            ],
            [
              77.23831991020838,
              28.63208018690252
            ],
            [
              77.23832692111927,
              28.632410441063158
            ],
            [
              77.23892326985157,
              28.63240058530322
            ]
          ]
        ]
      }
    },
    {
      "type": "Feature",
      "properties": {
        "parcel_id": "ULPIN-IND-DL-00403",
        "survey_number": "SY-105/403",
        "landuse": "Vacant/Green",
        "area_sqm": 2135.9,
        "owner_name": "Citizen 403 (Registered)",
        "property_tax_val": 5980512
      },
      "geometry": {
        "type": "Polygon",
        "coordinates": [
          [
            [
              77.23892326985157,
              28.63240058530322
            ],
            [
              77.23832692111927,
              28.632410441063158
            ],
            [
              77.2383339321481,
              28.632740695206113
            ],
            [
              77.23893028274452,
              28.63273083931175
            ],
            [
              77.23892326985157,
              28.63240058530322
            ]
          ]
        ]
      }
    },
    {
      "type": "Feature",
      "properties": {
        "parcel_id": "ULPIN-IND-DL-00404",
        "survey_number": "SY-105/404",
        "landuse": "Residential",
        "area_sqm": 2135.9,
        "owner_name": "Citizen 404 (Registered)",
        "property_tax_val": 5980512
      },
      "geometry": {
        "type": "Polygon",
        "coordinates": [
          [
            [
              77.23884613581357,
              28.628767790042666
            ],
            [
              77.23944246374333,
              28.628757933140722
            ],
            [
              77.23943545040193,
              28.62842767905452
            ],
            [
              77.23883912433591,
              28.62843753582201
            ],
            [
              77.23884613581357,
              28.628767790042666
            ]
          ]
        ]
      }
    },
    {
      "type": "Feature",
      "properties": {
        "parcel_id": "ULPIN-IND-DL-00405",
        "survey_number": "SY-105/405",
        "landuse": "Residential",
        "area_sqm": 2135.9,
        "owner_name": "Citizen 405 (Registered)",
        "property_tax_val": 5980512
      },
      "geometry": {
        "type": "Polygon",
        "coordinates": [
          [
            [
              77.23884613581357,
              28.628767790042666
            ],
            [
              77.23885314740916,
              28.62909804424565
            ],
            [
              77.23944947720268,
              28.62908818720925
            ],
            [
              77.23944246374333,
              28.628757933140722
            ],
            [
              77.23884613581357,
              28.628767790042666
            ]
          ]
        ]
      }
    },
    {
      "type": "Feature",
      "properties": {
        "parcel_id": "ULPIN-IND-DL-00406",
        "survey_number": "SY-105/406",
        "landuse": "Mixed-Use",
        "area_sqm": 2135.9,
        "owner_name": "Citizen 406 (Registered)",
        "property_tax_val": 5980512
      },
      "geometry": {
        "type": "Polygon",
        "coordinates": [
          [
            [
              77.23885314740916,
              28.62909804424565
            ],
            [
              77.23886015912267,
              28.629428298430945
            ],
            [
              77.23945649078,
              28.62941844126009
            ],
            [
              77.23944947720268,
              28.62908818720925
            ],
            [
              77.23885314740916,
              28.62909804424565
            ]
          ]
        ]
      }
    },
    {
      "type": "Feature",
      "properties": {
        "parcel_id": "ULPIN-IND-DL-00407",
        "survey_number": "SY-105/407",
        "landuse": "Institutional",
        "area_sqm": 2135.9,
        "owner_name": "Citizen 407 (Registered)",
        "property_tax_val": 5980512
      },
      "geometry": {
        "type": "Polygon",
        "coordinates": [
          [
            [
              77.23886015912267,
              28.629428298430945
            ],
            [
              77.23886717095412,
              28.629758552598574
            ],
            [
              77.23946350447528,
              28.629748695293266
            ],
            [
              77.23945649078,
              28.62941844126009
            ],
            [
              77.23886015912267,
              28.629428298430945
            ]
          ]
        ]
      }
    },
    {
      "type": "Feature",
      "properties": {
        "parcel_id": "ULPIN-IND-DL-00408",
        "survey_number": "SY-105/408",
        "landuse": "Residential",
        "area_sqm": 2135.9,
        "owner_name": "Citizen 408 (Registered)",
        "property_tax_val": 5980512
      },
      "geometry": {
        "type": "Polygon",
        "coordinates": [
          [
            [
              77.23886717095412,
              28.629758552598574
            ],
            [
              77.23887418290352,
              28.630088806748528
            ],
            [
              77.23947051828853,
              28.63007894930875
            ],
            [
              77.23946350447528,
              28.629748695293266
            ],
            [
              77.23886717095412,
              28.629758552598574
            ]
          ]
        ]
      }
    },
    {
      "type": "Feature",
      "properties": {
        "parcel_id": "ULPIN-IND-DL-00409",
        "survey_number": "SY-105/409",
        "landuse": "Residential",
        "area_sqm": 2135.9,
        "owner_name": "Citizen 409 (Registered)",
        "property_tax_val": 5980512
      },
      "geometry": {
        "type": "Polygon",
        "coordinates": [
          [
            [
              77.23887418290352,
              28.630088806748528
            ],
            [
              77.23888119497083,
              28.6304190608808
            ],
            [
              77.23947753221975,
              28.63040920330657
            ],
            [
              77.23947051828853,
              28.63007894930875
            ],
            [
              77.23887418290352,
              28.630088806748528
            ]
          ]
        ]
      }
    },
    {
      "type": "Feature",
      "properties": {
        "parcel_id": "ULPIN-IND-DL-00410",
        "survey_number": "SY-105/410",
        "landuse": "Residential",
        "area_sqm": 2135.9,
        "owner_name": "Citizen 410 (Registered)",
        "property_tax_val": 5980512
      },
      "geometry": {
        "type": "Polygon",
        "coordinates": [
          [
            [
              77.23888119497083,
              28.6304190608808
            ],
            [
              77.2388882071561,
              28.6307493149954
            ],
            [
              77.23948454626894,
              28.63073945728671
            ],
            [
              77.23947753221975,
              28.63040920330657
            ],
            [
              77.23888119497083,
              28.6304190608808
            ]
          ]
        ]
      }
    },
    {
      "type": "Feature",
      "properties": {
        "parcel_id": "ULPIN-IND-DL-00411",
        "survey_number": "SY-105/411",
        "landuse": "Residential",
        "area_sqm": 2135.9,
        "owner_name": "Citizen 411 (Registered)",
        "property_tax_val": 5980512
      },
      "geometry": {
        "type": "Polygon",
        "coordinates": [
          [
            [
              77.2388882071561,
              28.6307493149954
            ],
            [
              77.23889521945931,
              28.631079569092314
            ],
            [
              77.23949156043611,
              28.631069711249165
            ],
            [
              77.23948454626894,
              28.63073945728671
            ],
            [
              77.2388882071561,
              28.6307493149954
            ]
          ]
        ]
      }
    },
    {
      "type": "Feature",
      "properties": {
        "parcel_id": "ULPIN-IND-DL-00412",
        "survey_number": "SY-105/412",
        "landuse": "Residential",
        "area_sqm": 2135.9,
        "owner_name": "Citizen 412 (Registered)",
        "property_tax_val": 5980512
      },
      "geometry": {
        "type": "Polygon",
        "coordinates": [
          [
            [
              77.23889521945931,
              28.631079569092314
            ],
            [
              77.23890223188046,
              28.63140982317156
            ],
            [
              77.23949857472125,
              28.63139996519395
            ],
            [
              77.23949156043611,
              28.631069711249165
            ],
            [
              77.23889521945931,
              28.631079569092314
            ]
          ]
        ]
      }
    },
    {
      "type": "Feature",
      "properties": {
        "parcel_id": "ULPIN-IND-DL-00413",
        "survey_number": "SY-105/413",
        "landuse": "Mixed-Use",
        "area_sqm": 2135.9,
        "owner_name": "Citizen 413 (Registered)",
        "property_tax_val": 5980512
      },
      "geometry": {
        "type": "Polygon",
        "coordinates": [
          [
            [
              77.23890223188046,
              28.63140982317156
            ],
            [
              77.23890924441955,
              28.631740077233125
            ],
            [
              77.23950558912435,
              28.63173021912105
            ],
            [
              77.23949857472125,
              28.63139996519395
            ],
            [
              77.23890223188046,
              28.63140982317156
            ]
          ]
        ]
      }
    },
    {
      "type": "Feature",
      "properties": {
        "parcel_id": "ULPIN-IND-DL-00414",
        "survey_number": "SY-105/414",
        "landuse": "Residential",
        "area_sqm": 2135.9,
        "owner_name": "Citizen 414 (Registered)",
        "property_tax_val": 5980512
      },
      "geometry": {
        "type": "Polygon",
        "coordinates": [
          [
            [
              77.23890924441955,
              28.631740077233125
            ],
            [
              77.2389162570766,
              28.63207033127701
            ],
            [
              77.23951260364545,
              28.632060473030467
            ],
            [
              77.23950558912435,
              28.63173021912105
            ],
            [
              77.23890924441955,
              28.631740077233125
            ]
          ]
        ]
      }
    },
    {
      "type": "Feature",
      "properties": {
        "parcel_id": "ULPIN-IND-DL-00415",
        "survey_number": "SY-105/415",
        "landuse": "Residential",
        "area_sqm": 2135.9,
        "owner_name": "Citizen 415 (Registered)",
        "property_tax_val": 5980512
      },
      "geometry": {
        "type": "Polygon",
        "coordinates": [
          [
            [
              77.2389162570766,
              28.63207033127701
            ],
            [
              77.23892326985157,
              28.63240058530322
            ],
            [
              77.2395196182845,
              28.632390726922214
            ],
            [
              77.23951260364545,
              28.632060473030467
            ],
            [
              77.2389162570766,
              28.63207033127701
            ]
          ]
        ]
      }
    },
    {
      "type": "Feature",
      "properties": {
        "parcel_id": "ULPIN-IND-DL-00416",
        "survey_number": "SY-105/416",
        "landuse": "Vacant/Green",
        "area_sqm": 2135.9,
        "owner_name": "Citizen 416 (Registered)",
        "property_tax_val": 5980512
      },
      "geometry": {
        "type": "Polygon",
        "coordinates": [
          [
            [
              77.2395196182845,
              28.632390726922214
            ],
            [
              77.23892326985157,
              28.63240058530322
            ],
            [
              77.23893028274452,
              28.63273083931175
            ],
            [
              77.23952663304156,
              28.632720980796282
            ],
            [
              77.2395196182845,
              28.632390726922214
            ]
          ]
        ]
      }
    },
    {
      "type": "Feature",
      "properties": {
        "parcel_id": "ULPIN-IND-DL-00417",
        "survey_number": "SY-105/417",
        "landuse": "Residential",
        "area_sqm": 2135.9,
        "owner_name": "Citizen 417 (Registered)",
        "property_tax_val": 5980512
      },
      "geometry": {
        "type": "Polygon",
        "coordinates": [
          [
            [
              77.24003177616856,
              28.628417819666396
            ],
            [
              77.23943545040193,
              28.62842767905452
            ],
            [
              77.23944246374333,
              28.628757933140722
            ],
            [
              77.24003879137368,
              28.6287480736181
            ],
            [
              77.24003177616856,
              28.628417819666396
            ]
          ]
        ]
      }
    },
    {
      "type": "Feature",
      "properties": {
        "parcel_id": "ULPIN-IND-DL-00418",
        "survey_number": "SY-105/418",
        "landuse": "Institutional",
        "area_sqm": 2135.9,
        "owner_name": "Citizen 418 (Registered)",
        "property_tax_val": 5980512
      },
      "geometry": {
        "type": "Polygon",
        "coordinates": [
          [
            [
              77.24003879137368,
              28.6287480736181
            ],
            [
              77.23944246374333,
              28.628757933140722
            ],
            [
              77.23944947720268,
              28.62908818720925
            ],
            [
              77.24004580669681,
              28.629078327552143
            ],
            [
              77.24003879137368,
              28.6287480736181
            ]
          ]
        ]
      }
    },
    {
      "type": "Feature",
      "properties": {
        "parcel_id": "ULPIN-IND-DL-00419",
        "survey_number": "SY-105/419",
        "landuse": "Residential",
        "area_sqm": 2135.9,
        "owner_name": "Citizen 419 (Registered)",
        "property_tax_val": 5980512
      },
      "geometry": {
        "type": "Polygon",
        "coordinates": [
          [
            [
              77.24004580669681,
              28.629078327552143
            ],
            [
              77.23944947720268,
              28.62908818720925
            ],
            [
              77.23945649078,
              28.62941844126009
            ],
            [
              77.24005282213793,
              28.62940858146849
            ],
            [
              77.24004580669681,
              28.629078327552143
            ]
          ]
        ]
      }
    },
    {
      "type": "Feature",
      "properties": {
        "parcel_id": "ULPIN-IND-DL-00420",
        "survey_number": "SY-105/420",
        "landuse": "Mixed-Use",
        "area_sqm": 2135.9,
        "owner_name": "Citizen 420 (Registered)",
        "property_tax_val": 5980512
      },
      "geometry": {
        "type": "Polygon",
        "coordinates": [
          [
            [
              77.24005282213793,
              28.62940858146849
            ],
            [
              77.23945649078,
              28.62941844126009
            ],
            [
              77.23946350447528,
              28.629748695293266
            ],
            [
              77.24005983769703,
              28.629738835367167
            ],
            [
              77.24005282213793,
              28.62940858146849
            ]
          ]
        ]
      }
    },
    {
      "type": "Feature",
      "properties": {
        "parcel_id": "ULPIN-IND-DL-00421",
        "survey_number": "SY-105/421",
        "landuse": "Residential",
        "area_sqm": 2135.9,
        "owner_name": "Citizen 421 (Registered)",
        "property_tax_val": 5980512
      },
      "geometry": {
        "type": "Polygon",
        "coordinates": [
          [
            [
              77.24005983769703,
              28.629738835367167
            ],
            [
              77.23946350447528,
              28.629748695293266
            ],
            [
              77.23947051828853,
              28.63007894930875
            ],
            [
              77.24006685337415,
              28.63006908924817
            ],
            [
              77.24005983769703,
              28.629738835367167
            ]
          ]
        ]
      }
    },
    {
      "type": "Feature",
      "properties": {
        "parcel_id": "ULPIN-IND-DL-00422",
        "survey_number": "SY-105/422",
        "landuse": "Residential",
        "area_sqm": 2135.9,
        "owner_name": "Citizen 422 (Registered)",
        "property_tax_val": 5980512
      },
      "geometry": {
        "type": "Polygon",
        "coordinates": [
          [
            [
              77.24006685337415,
              28.63006908924817
            ],
            [
              77.23947051828853,
              28.63007894930875
            ],
            [
              77.23947753221975,
              28.63040920330657
            ],
            [
              77.24007386916925,
              28.630399343111492
            ],
            [
              77.24006685337415,
              28.63006908924817
            ]
          ]
        ]
      }
    },
    {
      "type": "Feature",
      "properties": {
        "parcel_id": "ULPIN-IND-DL-00423",
        "survey_number": "SY-105/423",
        "landuse": "Residential",
        "area_sqm": 2135.9,
        "owner_name": "Citizen 423 (Registered)",
        "property_tax_val": 5980512
      },
      "geometry": {
        "type": "Polygon",
        "coordinates": [
          [
            [
              77.24007386916925,
              28.630399343111492
            ],
            [
              77.23947753221975,
              28.63040920330657
            ],
            [
              77.23948454626894,
              28.63073945728671
            ],
            [
              77.24008088508235,
              28.630729596957128
            ],
            [
              77.24007386916925,
              28.630399343111492
            ]
          ]
        ]
      }
    },
    {
      "type": "Feature",
      "properties": {
        "parcel_id": "ULPIN-IND-DL-00424",
        "survey_number": "SY-105/424",
        "landuse": "Residential",
        "area_sqm": 2135.9,
        "owner_name": "Citizen 424 (Registered)",
        "property_tax_val": 5980512
      },
      "geometry": {
        "type": "Polygon",
        "coordinates": [
          [
            [
              77.24008088508235,
              28.630729596957128
            ],
            [
              77.23948454626894,
              28.63073945728671
            ],
            [
              77.23949156043611,
              28.631069711249165
            ],
            [
              77.24008790111347,
              28.631059850785093
            ],
            [
              77.24008088508235,
              28.630729596957128
            ]
          ]
        ]
      }
    },
    {
      "type": "Feature",
      "properties": {
        "parcel_id": "ULPIN-IND-DL-00425",
        "survey_number": "SY-105/425",
        "landuse": "Residential",
        "area_sqm": 2135.9,
        "owner_name": "Citizen 425 (Registered)",
        "property_tax_val": 5980512
      },
      "geometry": {
        "type": "Polygon",
        "coordinates": [
          [
            [
              77.24008790111347,
              28.631059850785093
            ],
            [
              77.23949156043611,
              28.631069711249165
            ],
            [
              77.23949857472125,
              28.63139996519395
            ],
            [
              77.2400949172626,
              28.631390104595376
            ],
            [
              77.24008790111347,
              28.631059850785093
            ]
          ]
        ]
      }
    },
    {
      "type": "Feature",
      "properties": {
        "parcel_id": "ULPIN-IND-DL-00426",
        "survey_number": "SY-105/426",
        "landuse": "Residential",
        "area_sqm": 2135.9,
        "owner_name": "Citizen 426 (Registered)",
        "property_tax_val": 5980512
      },
      "geometry": {
        "type": "Polygon",
        "coordinates": [
          [
            [
              77.2400949172626,
              28.631390104595376
            ],
            [
              77.23949857472125,
              28.63139996519395
            ],
            [
              77.23950558912435,
              28.63173021912105
            ],
            [
              77.24010193352973,
              28.631720358387977
            ],
            [
              77.2400949172626,
              28.631390104595376
            ]
          ]
        ]
      }
    },
    {
      "type": "Feature",
      "properties": {
        "parcel_id": "ULPIN-IND-DL-00427",
        "survey_number": "SY-105/427",
        "landuse": "Mixed-Use",
        "area_sqm": 2135.9,
        "owner_name": "Citizen 427 (Registered)",
        "property_tax_val": 5980512
      },
      "geometry": {
        "type": "Polygon",
        "coordinates": [
          [
            [
              77.24010193352973,
              28.631720358387977
            ],
            [
              77.23950558912435,
              28.63173021912105
            ],
            [
              77.23951260364545,
              28.632060473030467
            ],
            [
              77.24010894991487,
              28.632050612162903
            ],
            [
              77.24010193352973,
              28.631720358387977
            ]
          ]
        ]
      }
    },
    {
      "type": "Feature",
      "properties": {
        "parcel_id": "ULPIN-IND-DL-00428",
        "survey_number": "SY-105/428",
        "landuse": "Residential",
        "area_sqm": 2135.9,
        "owner_name": "Citizen 428 (Registered)",
        "property_tax_val": 5980512
      },
      "geometry": {
        "type": "Polygon",
        "coordinates": [
          [
            [
              77.24010894991487,
              28.632050612162903
            ],
            [
              77.23951260364545,
              28.632060473030467
            ],
            [
              77.2395196182845,
              28.632390726922214
            ],
            [
              77.240115966418,
              28.632380865920148
            ],
            [
              77.24010894991487,
              28.632050612162903
            ]
          ]
        ]
      }
    },
    {
      "type": "Feature",
      "properties": {
        "parcel_id": "ULPIN-IND-DL-00429",
        "survey_number": "SY-105/429",
        "landuse": "Institutional",
        "area_sqm": 2135.9,
        "owner_name": "Citizen 429 (Registered)",
        "property_tax_val": 5980512
      },
      "geometry": {
        "type": "Polygon",
        "coordinates": [
          [
            [
              77.240115966418,
              28.632380865920148
            ],
            [
              77.2395196182845,
              28.632390726922214
            ],
            [
              77.23952663304156,
              28.632720980796282
            ],
            [
              77.24012298303917,
              28.632711119659714
            ],
            [
              77.240115966418,
              28.632380865920148
            ]
          ]
        ]
      }
    },
    {
      "type": "Feature",
      "properties": {
        "parcel_id": "ULPIN-IND-DL-00430",
        "survey_number": "SY-106/430",
        "landuse": "Commercial",
        "area_sqm": 2333.33,
        "owner_name": "Citizen 430 (Registered)",
        "property_tax_val": 10500000
      },
      "geometry": {
        "type": "Polygon",
        "coordinates": [
          [
            [
              77.23881461455083,
              28.627283033533583
            ],
            [
              77.23880695553854,
              28.62692225152416
            ],
            [
              77.23821063772408,
              28.626932105054273
            ],
            [
              77.2382182947005,
              28.627292887210537
            ],
            [
              77.23881461455083,
              28.627283033533583
            ]
          ]
        ]
      }
    },
    {
      "type": "Feature",
      "properties": {
        "parcel_id": "ULPIN-IND-DL-00431",
        "survey_number": "SY-106/431",
        "landuse": "Residential",
        "area_sqm": 2333.33,
        "owner_name": "Citizen 431 (Registered)",
        "property_tax_val": 6533333
      },
      "geometry": {
        "type": "Polygon",
        "coordinates": [
          [
            [
              77.23882227370386,
              28.62764381552192
            ],
            [
              77.23881461455083,
              28.627283033533583
            ],
            [
              77.2382182947005,
              28.627292887210537
            ],
            [
              77.23822595181764,
              28.62765366934572
            ],
            [
              77.23882227370386,
              28.62764381552192
            ]
          ]
        ]
      }
    },
    {
      "type": "Feature",
      "properties": {
        "parcel_id": "ULPIN-IND-DL-00432",
        "survey_number": "SY-106/432",
        "landuse": "Residential",
        "area_sqm": 2333.33,
        "owner_name": "Citizen 432 (Registered)",
        "property_tax_val": 6533333
      },
      "geometry": {
        "type": "Polygon",
        "coordinates": [
          [
            [
              77.23882993299763,
              28.62800459748916
            ],
            [
              77.23882227370386,
              28.62764381552192
            ],
            [
              77.23822595181764,
              28.62765366934572
            ],
            [
              77.23823360907546,
              28.6280144514598
            ],
            [
              77.23882993299763,
              28.62800459748916
            ]
          ]
        ]
      }
    },
    {
      "type": "Feature",
      "properties": {
        "parcel_id": "ULPIN-IND-DL-00433",
        "survey_number": "SY-106/433",
        "landuse": "Residential",
        "area_sqm": 2333.33,
        "owner_name": "Citizen 433 (Registered)",
        "property_tax_val": 6533333
      },
      "geometry": {
        "type": "Polygon",
        "coordinates": [
          [
            [
              77.23882993299763,
              28.62800459748916
            ],
            [
              77.23823360907546,
              28.6280144514598
            ],
            [
              77.23824126647399,
              28.62837523355279
            ],
            [
              77.23883759243212,
              28.628365379435312
            ],
            [
              77.23882993299763,
              28.62800459748916
            ]
          ]
        ]
      }
    },
    {
      "type": "Feature",
      "properties": {
        "parcel_id": "ULPIN-IND-DL-00434",
        "survey_number": "SY-106/434",
        "landuse": "Mixed-Use",
        "area_sqm": 2333.33,
        "owner_name": "Citizen 434 (Registered)",
        "property_tax_val": 6533333
      },
      "geometry": {
        "type": "Polygon",
        "coordinates": [
          [
            [
              77.23881461455083,
              28.627283033533583
            ],
            [
              77.23941093410185,
              28.627273177236116
            ],
            [
              77.2394032730537,
              28.626912395373573
            ],
            [
              77.23880695553854,
              28.62692225152416
            ],
            [
              77.23881461455083,
              28.627283033533583
            ]
          ]
        ]
      }
    },
    {
      "type": "Feature",
      "properties": {
        "parcel_id": "ULPIN-IND-DL-00435",
        "survey_number": "SY-106/435",
        "landuse": "Residential",
        "area_sqm": 2333.33,
        "owner_name": "Citizen 435 (Registered)",
        "property_tax_val": 6533333
      },
      "geometry": {
        "type": "Polygon",
        "coordinates": [
          [
            [
              77.23881461455083,
              28.627283033533583
            ],
            [
              77.23882227370386,
              28.62764381552192
            ],
            [
              77.23941859529077,
              28.627633959077578
            ],
            [
              77.23941093410185,
              28.627273177236116
            ],
            [
              77.23881461455083,
              28.627283033533583
            ]
          ]
        ]
      }
    },
    {
      "type": "Feature",
      "properties": {
        "parcel_id": "ULPIN-IND-DL-00436",
        "survey_number": "SY-106/436",
        "landuse": "Residential",
        "area_sqm": 2333.33,
        "owner_name": "Citizen 436 (Registered)",
        "property_tax_val": 6533333
      },
      "geometry": {
        "type": "Polygon",
        "coordinates": [
          [
            [
              77.23882227370386,
              28.62764381552192
            ],
            [
              77.23882993299763,
              28.62800459748916
            ],
            [
              77.23942625662048,
              28.627994740897933
            ],
            [
              77.23941859529077,
              28.627633959077578
            ],
            [
              77.23882227370386,
              28.62764381552192
            ]
          ]
        ]
      }
    },
    {
      "type": "Feature",
      "properties": {
        "parcel_id": "ULPIN-IND-DL-00437",
        "survey_number": "SY-106/437",
        "landuse": "Residential",
        "area_sqm": 2333.33,
        "owner_name": "Citizen 437 (Registered)",
        "property_tax_val": 6533333
      },
      "geometry": {
        "type": "Polygon",
        "coordinates": [
          [
            [
              77.23942625662048,
              28.627994740897933
            ],
            [
              77.23882993299763,
              28.62800459748916
            ],
            [
              77.23883759243212,
              28.628365379435312
            ],
            [
              77.23943391809095,
              28.6283555226972
            ],
            [
              77.23942625662048,
              28.627994740897933
            ]
          ]
        ]
      }
    },
    {
      "type": "Feature",
      "properties": {
        "parcel_id": "ULPIN-IND-DL-00438",
        "survey_number": "SY-106/438",
        "landuse": "Residential",
        "area_sqm": 2333.33,
        "owner_name": "Citizen 438 (Registered)",
        "property_tax_val": 6533333
      },
      "geometry": {
        "type": "Polygon",
        "coordinates": [
          [
            [
              77.23999959026948,
              28.626902536602508
            ],
            [
              77.2394032730537,
              28.626912395373573
            ],
            [
              77.23941093410185,
              28.627273177236116
            ],
            [
              77.24000725335348,
              28.62726331831814
            ],
            [
              77.23999959026948,
              28.626902536602508
            ]
          ]
        ]
      }
    },
    {
      "type": "Feature",
      "properties": {
        "parcel_id": "ULPIN-IND-DL-00439",
        "survey_number": "SY-106/439",
        "landuse": "Residential",
        "area_sqm": 2333.33,
        "owner_name": "Citizen 439 (Registered)",
        "property_tax_val": 6533333
      },
      "geometry": {
        "type": "Polygon",
        "coordinates": [
          [
            [
              77.24000725335348,
              28.62726331831814
            ],
            [
              77.23941093410185,
              28.627273177236116
            ],
            [
              77.23941859529077,
              28.627633959077578
            ],
            [
              77.2400149165783,
              28.627624100012675
            ],
            [
              77.24000725335348,
              28.62726331831814
            ]
          ]
        ]
      }
    },
    {
      "type": "Feature",
      "properties": {
        "parcel_id": "ULPIN-IND-DL-00440",
        "survey_number": "SY-106/440",
        "landuse": "Institutional",
        "area_sqm": 2333.33,
        "owner_name": "Citizen 440 (Registered)",
        "property_tax_val": 6533333
      },
      "geometry": {
        "type": "Polygon",
        "coordinates": [
          [
            [
              77.2400149165783,
              28.627624100012675
            ],
            [
              77.23941859529077,
              28.627633959077578
            ],
            [
              77.23942625662048,
              28.627994740897933
            ],
            [
              77.24002257994394,
              28.627984881686114
            ],
            [
              77.2400149165783,
              28.627624100012675
            ]
          ]
        ]
      }
    },
    {
      "type": "Feature",
      "properties": {
        "parcel_id": "ULPIN-IND-DL-00441",
        "survey_number": "SY-106/441",
        "landuse": "Mixed-Use",
        "area_sqm": 2333.33,
        "owner_name": "Citizen 441 (Registered)",
        "property_tax_val": 6533333
      },
      "geometry": {
        "type": "Polygon",
        "coordinates": [
          [
            [
              77.24002257994394,
              28.627984881686114
            ],
            [
              77.23942625662048,
              28.627994740897933
            ],
            [
              77.23943391809095,
              28.6283555226972
            ],
            [
              77.24003024345038,
              28.62834566333846
            ],
            [
              77.24002257994394,
              28.627984881686114
            ]
          ]
        ]
      }
    },
    {
      "type": "Feature",
      "properties": {
        "parcel_id": "ULPIN-IND-DL-00442",
        "survey_number": "SY-107/442",
        "landuse": "Commercial",
        "area_sqm": 2216.67,
        "owner_name": "Citizen 442 (Registered)",
        "property_tax_val": 9975000
      },
      "geometry": {
        "type": "Polygon",
        "coordinates": [
          [
            [
              77.23877555505945,
              28.625443045064955
            ],
            [
              77.23876827967624,
              28.6251003020543
            ],
            [
              77.23817197214233,
              28.625110154842883
            ],
            [
              77.23817924559164,
              28.625452897993025
            ],
            [
              77.23877555505945,
              28.625443045064955
            ]
          ]
        ]
      }
    },
    {
      "type": "Feature",
      "properties": {
        "parcel_id": "ULPIN-IND-DL-00443",
        "survey_number": "SY-107/443",
        "landuse": "Residential",
        "area_sqm": 2216.67,
        "owner_name": "Citizen 443 (Registered)",
        "property_tax_val": 6206666
      },
      "geometry": {
        "type": "Polygon",
        "coordinates": [
          [
            [
              77.23878283056963,
              28.62578578805658
            ],
            [
              77.23877555505945,
              28.625443045064955
            ],
            [
              77.23817924559164,
              28.625452897993025
            ],
            [
              77.23818651916791,
              28.625795641124146
            ],
            [
              77.23878283056963,
              28.62578578805658
            ]
          ]
        ]
      }
    },
    {
      "type": "Feature",
      "properties": {
        "parcel_id": "ULPIN-IND-DL-00444",
        "survey_number": "SY-107/444",
        "landuse": "Residential",
        "area_sqm": 2216.67,
        "owner_name": "Citizen 444 (Registered)",
        "property_tax_val": 6206666
      },
      "geometry": {
        "type": "Polygon",
        "coordinates": [
          [
            [
              77.23879010620685,
              28.626128531029156
            ],
            [
              77.23878283056963,
              28.62578578805658
            ],
            [
              77.23818651916791,
              28.625795641124146
            ],
            [
              77.23819379287116,
              28.626138384236224
            ],
            [
              77.23879010620685,
              28.626128531029156
            ]
          ]
        ]
      }
    },
    {
      "type": "Feature",
      "properties": {
        "parcel_id": "ULPIN-IND-DL-00445",
        "survey_number": "SY-107/445",
        "landuse": "Residential",
        "area_sqm": 2216.67,
        "owner_name": "Citizen 445 (Registered)",
        "property_tax_val": 6206666
      },
      "geometry": {
        "type": "Polygon",
        "coordinates": [
          [
            [
              77.23879738197107,
              28.626471273982702
            ],
            [
              77.23879010620685,
              28.626128531029156
            ],
            [
              77.23819379287116,
              28.626138384236224
            ],
            [
              77.2382010667014,
              28.626481127329267
            ],
            [
              77.23879738197107,
              28.626471273982702
            ]
          ]
        ]
      }
    },
    {
      "type": "Feature",
      "properties": {
        "parcel_id": "ULPIN-IND-DL-00446",
        "survey_number": "SY-107/446",
        "landuse": "Residential",
        "area_sqm": 2216.67,
        "owner_name": "Citizen 446 (Registered)",
        "property_tax_val": 6206666
      },
      "geometry": {
        "type": "Polygon",
        "coordinates": [
          [
            [
              77.23879738197107,
              28.626471273982702
            ],
            [
              77.2382010667014,
              28.626481127329267
            ],
            [
              77.23820834065859,
              28.62682387040328
            ],
            [
              77.23880465786229,
              28.626814016917212
            ],
            [
              77.23879738197107,
              28.626471273982702
            ]
          ]
        ]
      }
    },
    {
      "type": "Feature",
      "properties": {
        "parcel_id": "ULPIN-IND-DL-00447",
        "survey_number": "SY-107/447",
        "landuse": "Residential",
        "area_sqm": 2216.67,
        "owner_name": "Citizen 447 (Registered)",
        "property_tax_val": 6206666
      },
      "geometry": {
        "type": "Polygon",
        "coordinates": [
          [
            [
              77.23877555505945,
              28.625443045064955
            ],
            [
              77.23937186422796,
              28.62543318951656
            ],
            [
              77.23936458691088,
              28.62509044664544
            ],
            [
              77.23876827967624,
              28.6251003020543
            ],
            [
              77.23877555505945,
              28.625443045064955
            ]
          ]
        ]
      }
    },
    {
      "type": "Feature",
      "properties": {
        "parcel_id": "ULPIN-IND-DL-00448",
        "survey_number": "SY-107/448",
        "landuse": "Mixed-Use",
        "area_sqm": 2216.67,
        "owner_name": "Citizen 448 (Registered)",
        "property_tax_val": 6206666
      },
      "geometry": {
        "type": "Polygon",
        "coordinates": [
          [
            [
              77.23877555505945,
              28.625443045064955
            ],
            [
              77.23878283056963,
              28.62578578805658
            ],
            [
              77.23937914167209,
              28.625775932368654
            ],
            [
              77.23937186422796,
              28.62543318951656
            ],
            [
              77.23877555505945,
              28.625443045064955
            ]
          ]
        ]
      }
    },
    {
      "type": "Feature",
      "properties": {
        "parcel_id": "ULPIN-IND-DL-00449",
        "survey_number": "SY-107/449",
        "landuse": "Residential",
        "area_sqm": 2216.67,
        "owner_name": "Citizen 449 (Registered)",
        "property_tax_val": 6206666
      },
      "geometry": {
        "type": "Polygon",
        "coordinates": [
          [
            [
              77.23878283056963,
              28.62578578805658
            ],
            [
              77.23879010620685,
              28.626128531029156
            ],
            [
              77.23938641924325,
              28.626118675201703
            ],
            [
              77.23937914167209,
              28.625775932368654
            ],
            [
              77.23878283056963,
              28.62578578805658
            ]
          ]
        ]
      }
    },
    {
      "type": "Feature",
      "properties": {
        "parcel_id": "ULPIN-IND-DL-00450",
        "survey_number": "SY-107/450",
        "landuse": "Residential",
        "area_sqm": 2216.67,
        "owner_name": "Citizen 450 (Registered)",
        "property_tax_val": 6206666
      },
      "geometry": {
        "type": "Polygon",
        "coordinates": [
          [
            [
              77.23879010620685,
              28.626128531029156
            ],
            [
              77.23879738197107,
              28.626471273982702
            ],
            [
              77.23939369694145,
              28.62646141801571
            ],
            [
              77.23938641924325,
              28.626118675201703
            ],
            [
              77.23879010620685,
              28.626128531029156
            ]
          ]
        ]
      }
    },
    {
      "type": "Feature",
      "properties": {
        "parcel_id": "ULPIN-IND-DL-00451",
        "survey_number": "SY-107/451",
        "landuse": "Institutional",
        "area_sqm": 2216.67,
        "owner_name": "Citizen 451 (Registered)",
        "property_tax_val": 6206666
      },
      "geometry": {
        "type": "Polygon",
        "coordinates": [
          [
            [
              77.23939369694145,
              28.62646141801571
            ],
            [
              77.23879738197107,
              28.626471273982702
            ],
            [
              77.23880465786229,
              28.626814016917212
            ],
            [
              77.2394009747667,
              28.62680416081069
            ],
            [
              77.23939369694145,
              28.62646141801571
            ]
          ]
        ]
      }
    },
    {
      "type": "Feature",
      "properties": {
        "parcel_id": "ULPIN-IND-DL-00452",
        "survey_number": "SY-107/452",
        "landuse": "Residential",
        "area_sqm": 2216.67,
        "owner_name": "Citizen 452 (Registered)",
        "property_tax_val": 6206666
      },
      "geometry": {
        "type": "Polygon",
        "coordinates": [
          [
            [
              77.23996089384616,
              28.6250805886163
            ],
            [
              77.23936458691088,
              28.62509044664544
            ],
            [
              77.23937186422796,
              28.62543318951656
            ],
            [
              77.23996817309713,
              28.625423331347857
            ],
            [
              77.23996089384616,
              28.6250805886163
            ]
          ]
        ]
      }
    },
    {
      "type": "Feature",
      "properties": {
        "parcel_id": "ULPIN-IND-DL-00453",
        "survey_number": "SY-107/453",
        "landuse": "Residential",
        "area_sqm": 2216.67,
        "owner_name": "Citizen 453 (Registered)",
        "property_tax_val": 6206666
      },
      "geometry": {
        "type": "Polygon",
        "coordinates": [
          [
            [
              77.23996817309713,
              28.625423331347857
            ],
            [
              77.23937186422796,
              28.62543318951656
            ],
            [
              77.23937914167209,
              28.625775932368654
            ],
            [
              77.23997545247516,
              28.62576607406038
            ],
            [
              77.23996817309713,
              28.625423331347857
            ]
          ]
        ]
      }
    },
    {
      "type": "Feature",
      "properties": {
        "parcel_id": "ULPIN-IND-DL-00454",
        "survey_number": "SY-107/454",
        "landuse": "Residential",
        "area_sqm": 2216.67,
        "owner_name": "Citizen 454 (Registered)",
        "property_tax_val": 6206666
      },
      "geometry": {
        "type": "Polygon",
        "coordinates": [
          [
            [
              77.23997545247516,
              28.62576607406038
            ],
            [
              77.23937914167209,
              28.625775932368654
            ],
            [
              77.23938641924325,
              28.626118675201703
            ],
            [
              77.23998273198028,
              28.626108816753856
            ],
            [
              77.23997545247516,
              28.62576607406038
            ]
          ]
        ]
      }
    },
    {
      "type": "Feature",
      "properties": {
        "parcel_id": "ULPIN-IND-DL-00455",
        "survey_number": "SY-107/455",
        "landuse": "Mixed-Use",
        "area_sqm": 2216.67,
        "owner_name": "Citizen 455 (Registered)",
        "property_tax_val": 6206666
      },
      "geometry": {
        "type": "Polygon",
        "coordinates": [
          [
            [
              77.23998273198028,
              28.626108816753856
            ],
            [
              77.23938641924325,
              28.626118675201703
            ],
            [
              77.23939369694145,
              28.62646141801571
            ],
            [
              77.23999001161246,
              28.626451559428304
            ],
            [
              77.23998273198028,
              28.626108816753856
            ]
          ]
        ]
      }
    },
    {
      "type": "Feature",
      "properties": {
        "parcel_id": "ULPIN-IND-DL-00456",
        "survey_number": "SY-107/456",
        "landuse": "Residential",
        "area_sqm": 2216.67,
        "owner_name": "Citizen 456 (Registered)",
        "property_tax_val": 6206666
      },
      "geometry": {
        "type": "Polygon",
        "coordinates": [
          [
            [
              77.23999001161246,
              28.626451559428304
            ],
            [
              77.23939369694145,
              28.62646141801571
            ],
            [
              77.2394009747667,
              28.62680416081069
            ],
            [
              77.23999729137172,
              28.626794302083706
            ],
            [
              77.23999001161246,
              28.626451559428304
            ]
          ]
        ]
      }
    },
    {
      "type": "Feature",
      "properties": {
        "parcel_id": "ULPIN-IND-DL-00457",
        "survey_number": "SY-108/457",
        "landuse": "Commercial",
        "area_sqm": 2129.17,
        "owner_name": "Citizen 457 (Registered)",
        "property_tax_val": 9581250
      },
      "geometry": {
        "type": "Polygon",
        "coordinates": [
          [
            [
              77.23874578422902,
              28.62404050446669
            ],
            [
              77.23873879652878,
              28.623711290710943
            ],
            [
              77.23814249683187,
              28.62372114293422
            ],
            [
              77.23814948267471,
              28.624050356823957
            ],
            [
              77.23874578422902,
              28.62404050446669
            ]
          ]
        ]
      }
    },
    {
      "type": "Feature",
      "properties": {
        "parcel_id": "ULPIN-IND-DL-00458",
        "survey_number": "SY-108/458",
        "landuse": "Residential",
        "area_sqm": 2129.17,
        "owner_name": "Citizen 458 (Registered)",
        "property_tax_val": 5961666
      },
      "geometry": {
        "type": "Polygon",
        "coordinates": [
          [
            [
              77.23875277204645,
              28.624369718204886
            ],
            [
              77.23874578422902,
              28.62404050446669
            ],
            [
              77.23814948267471,
              28.624050356823957
            ],
            [
              77.23815646863467,
              28.62437957069613
            ],
            [
              77.23875277204645,
              28.624369718204886
            ]
          ]
        ]
      }
    },
    {
      "type": "Feature",
      "properties": {
        "parcel_id": "ULPIN-IND-DL-00459",
        "survey_number": "SY-108/459",
        "landuse": "Residential",
        "area_sqm": 2129.17,
        "owner_name": "Citizen 459 (Registered)",
        "property_tax_val": 5961666
      },
      "geometry": {
        "type": "Polygon",
        "coordinates": [
          [
            [
              77.23875975998105,
              28.62469893192551
            ],
            [
              77.23875277204645,
              28.624369718204886
            ],
            [
              77.23815646863467,
              28.62437957069613
            ],
            [
              77.23816345471177,
              28.624708784550744
            ],
            [
              77.23875975998105,
              28.62469893192551
            ]
          ]
        ]
      }
    },
    {
      "type": "Feature",
      "properties": {
        "parcel_id": "ULPIN-IND-DL-00460",
        "survey_number": "SY-108/460",
        "landuse": "Residential",
        "area_sqm": 2129.17,
        "owner_name": "Citizen 460 (Registered)",
        "property_tax_val": 5961666
      },
      "geometry": {
        "type": "Polygon",
        "coordinates": [
          [
            [
              77.23875975998105,
              28.62469893192551
            ],
            [
              77.23816345471177,
              28.624708784550744
            ],
            [
              77.23817044090602,
              28.62503799838779
            ],
            [
              77.2387667480328,
              28.625028145628573
            ],
            [
              77.23875975998105,
              28.62469893192551
            ]
          ]
        ]
      }
    },
    {
      "type": "Feature",
      "properties": {
        "parcel_id": "ULPIN-IND-DL-00461",
        "survey_number": "SY-108/461",
        "landuse": "Residential",
        "area_sqm": 2129.17,
        "owner_name": "Citizen 461 (Registered)",
        "property_tax_val": 5961666
      },
      "geometry": {
        "type": "Polygon",
        "coordinates": [
          [
            [
              77.23874578422902,
              28.62404050446669
            ],
            [
              77.2393420854841,
              28.624030649489274
            ],
            [
              77.23933509592644,
              28.62370143586754
            ],
            [
              77.23873879652878,
              28.623711290710943
            ],
            [
              77.23874578422902,
              28.62404050446669
            ]
          ]
        ]
      }
    },
    {
      "type": "Feature",
      "properties": {
        "parcel_id": "ULPIN-IND-DL-00462",
        "survey_number": "SY-108/462",
        "landuse": "Mixed-Use",
        "area_sqm": 2129.17,
        "owner_name": "Citizen 462 (Registered)",
        "property_tax_val": 5961666
      },
      "geometry": {
        "type": "Polygon",
        "coordinates": [
          [
            [
              77.23874578422902,
              28.62404050446669
            ],
            [
              77.23875277204645,
              28.624369718204886
            ],
            [
              77.23934907515897,
              28.624359863093442
            ],
            [
              77.2393420854841,
              28.624030649489274
            ],
            [
              77.23874578422902,
              28.62404050446669
            ]
          ]
        ]
      }
    },
    {
      "type": "Feature",
      "properties": {
        "parcel_id": "ULPIN-IND-DL-00463",
        "survey_number": "SY-108/463",
        "landuse": "Residential",
        "area_sqm": 2129.17,
        "owner_name": "Citizen 463 (Registered)",
        "property_tax_val": 5961666
      },
      "geometry": {
        "type": "Polygon",
        "coordinates": [
          [
            [
              77.23875277204645,
              28.624369718204886
            ],
            [
              77.23875975998105,
              28.62469893192551
            ],
            [
              77.23935606495104,
              28.624689076680045
            ],
            [
              77.23934907515897,
              28.624359863093442
            ],
            [
              77.23875277204645,
              28.624369718204886
            ]
          ]
        ]
      }
    },
    {
      "type": "Feature",
      "properties": {
        "parcel_id": "ULPIN-IND-DL-00464",
        "survey_number": "SY-108/464",
        "landuse": "Residential",
        "area_sqm": 2129.17,
        "owner_name": "Citizen 464 (Registered)",
        "property_tax_val": 5961666
      },
      "geometry": {
        "type": "Polygon",
        "coordinates": [
          [
            [
              77.23935606495104,
              28.624689076680045
            ],
            [
              77.23875975998105,
              28.62469893192551
            ],
            [
              77.2387667480328,
              28.625028145628573
            ],
            [
              77.2393630548603,
              28.62501829024908
            ],
            [
              77.23935606495104,
              28.624689076680045
            ]
          ]
        ]
      }
    },
    {
      "type": "Feature",
      "properties": {
        "parcel_id": "ULPIN-IND-DL-00465",
        "survey_number": "SY-108/465",
        "landuse": "Residential",
        "area_sqm": 2129.17,
        "owner_name": "Citizen 465 (Registered)",
        "property_tax_val": 5961666
      },
      "geometry": {
        "type": "Polygon",
        "coordinates": [
          [
            [
              77.23993139502474,
              28.623691578404014
            ],
            [
              77.23933509592644,
              28.62370143586754
            ],
            [
              77.2393420854841,
              28.624030649489274
            ],
            [
              77.23993838643983,
              28.624020791891684
            ],
            [
              77.23993139502474,
              28.623691578404014
            ]
          ]
        ]
      }
    },
    {
      "type": "Feature",
      "properties": {
        "parcel_id": "ULPIN-IND-DL-00466",
        "survey_number": "SY-108/466",
        "landuse": "Residential",
        "area_sqm": 2129.17,
        "owner_name": "Citizen 466 (Registered)",
        "property_tax_val": 5961666
      },
      "geometry": {
        "type": "Polygon",
        "coordinates": [
          [
            [
              77.23993838643983,
              28.624020791891684
            ],
            [
              77.2393420854841,
              28.624030649489274
            ],
            [
              77.23934907515897,
              28.624359863093442
            ],
            [
              77.23994537797213,
              28.6243500053618
            ],
            [
              77.23993838643983,
              28.624020791891684
            ]
          ]
        ]
      }
    },
    {
      "type": "Feature",
      "properties": {
        "parcel_id": "ULPIN-IND-DL-00467",
        "survey_number": "SY-108/467",
        "landuse": "Residential",
        "area_sqm": 2129.17,
        "owner_name": "Citizen 467 (Registered)",
        "property_tax_val": 5961666
      },
      "geometry": {
        "type": "Polygon",
        "coordinates": [
          [
            [
              77.23994537797213,
              28.6243500053618
            ],
            [
              77.23934907515897,
              28.624359863093442
            ],
            [
              77.23935606495104,
              28.624689076680045
            ],
            [
              77.23995236962168,
              28.624679218814354
            ],
            [
              77.23994537797213,
              28.6243500053618
            ]
          ]
        ]
      }
    },
    {
      "type": "Feature",
      "properties": {
        "parcel_id": "ULPIN-IND-DL-00468",
        "survey_number": "SY-108/468",
        "landuse": "Vacant/Green",
        "area_sqm": 2129.17,
        "owner_name": "Citizen 468 (Registered)",
        "property_tax_val": 5961666
      },
      "geometry": {
        "type": "Polygon",
        "coordinates": [
          [
            [
              77.23995236962168,
              28.624679218814354
            ],
            [
              77.23935606495104,
              28.624689076680045
            ],
            [
              77.2393630548603,
              28.62501829024908
            ],
            [
              77.23995936138846,
              28.62500843224933
            ],
            [
              77.23995236962168,
              28.624679218814354
            ]
          ]
        ]
      }
    },
    {
      "type": "Feature",
      "properties": {
        "parcel_id": "ULPIN-IND-DL-00469",
        "survey_number": "SY-109/469",
        "landuse": "Commercial",
        "area_sqm": 1916.25,
        "owner_name": "Citizen 469 (Registered)",
        "property_tax_val": 8623125
      },
      "geometry": {
        "type": "Polygon",
        "coordinates": [
          [
            [
              77.24057727998867,
              28.624010227272418
            ],
            [
              77.24057028658352,
              28.62368101392842
            ],
            [
              77.24003361769724,
              28.62368988829004
            ],
            [
              77.24004060943074,
              28.624019101754733
            ],
            [
              77.24057727998867,
              28.624010227272418
            ]
          ]
        ]
      }
    },
    {
      "type": "Feature",
      "properties": {
        "parcel_id": "ULPIN-IND-DL-00470",
        "survey_number": "SY-109/470",
        "landuse": "Residential",
        "area_sqm": 1916.25,
        "owner_name": "Citizen 470 (Registered)",
        "property_tax_val": 5365500
      },
      "geometry": {
        "type": "Polygon",
        "coordinates": [
          [
            [
              77.24058427351112,
              28.624339440598867
            ],
            [
              77.24057727998867,
              28.624010227272418
            ],
            [
              77.24004060943074,
              28.624019101754733
            ],
            [
              77.24004760128147,
              28.62434831520186
            ],
            [
              77.24058427351112,
              28.624339440598867
            ]
          ]
        ]
      }
    },
    {
      "type": "Feature",
      "properties": {
        "parcel_id": "ULPIN-IND-DL-00471",
        "survey_number": "SY-109/471",
        "landuse": "Residential",
        "area_sqm": 1916.25,
        "owner_name": "Citizen 471 (Registered)",
        "property_tax_val": 5365500
      },
      "geometry": {
        "type": "Polygon",
        "coordinates": [
          [
            [
              77.2405912671508,
              28.624668653907744
            ],
            [
              77.24058427351112,
              28.624339440598867
            ],
            [
              77.24004760128147,
              28.62434831520186
            ],
            [
              77.24005459324944,
              28.624677528631427
            ],
            [
              77.2405912671508,
              28.624668653907744
            ]
          ]
        ]
      }
    },
    {
      "type": "Feature",
      "properties": {
        "parcel_id": "ULPIN-IND-DL-00472",
        "survey_number": "SY-109/472",
        "landuse": "Residential",
        "area_sqm": 1916.25,
        "owner_name": "Citizen 472 (Registered)",
        "property_tax_val": 5365500
      },
      "geometry": {
        "type": "Polygon",
        "coordinates": [
          [
            [
              77.2405912671508,
              28.624668653907744
            ],
            [
              77.24005459324944,
              28.624677528631427
            ],
            [
              77.24006158533464,
              28.62500674204342
            ],
            [
              77.24059826090776,
              28.62499786719905
            ],
            [
              77.2405912671508,
              28.624668653907744
            ]
          ]
        ]
      }
    },
    {
      "type": "Feature",
      "properties": {
        "parcel_id": "ULPIN-IND-DL-00473",
        "survey_number": "SY-109/473",
        "landuse": "Institutional",
        "area_sqm": 1916.25,
        "owner_name": "Citizen 473 (Registered)",
        "property_tax_val": 5365500
      },
      "geometry": {
        "type": "Polygon",
        "coordinates": [
          [
            [
              77.24057727998867,
              28.624010227272418
            ],
            [
              77.24111395030401,
              28.624001350667793
            ],
            [
              77.2411069552272,
              28.623672137444498
            ],
            [
              77.24057028658352,
              28.62368101392842
            ],
            [
              77.24057727998867,
              28.624010227272418
            ]
          ]
        ]
      }
    },
    {
      "type": "Feature",
      "properties": {
        "parcel_id": "ULPIN-IND-DL-00474",
        "survey_number": "SY-109/474",
        "landuse": "Residential",
        "area_sqm": 1916.25,
        "owner_name": "Citizen 474 (Registered)",
        "property_tax_val": 5365500
      },
      "geometry": {
        "type": "Polygon",
        "coordinates": [
          [
            [
              77.24057727998867,
              28.624010227272418
            ],
            [
              77.24058427351112,
              28.624339440598867
            ],
            [
              77.24112094549815,
              28.624330563873524
            ],
            [
              77.24111395030401,
              28.624001350667793
            ],
            [
              77.24057727998867,
              28.624010227272418
            ]
          ]
        ]
      }
    },
    {
      "type": "Feature",
      "properties": {
        "parcel_id": "ULPIN-IND-DL-00475",
        "survey_number": "SY-109/475",
        "landuse": "Residential",
        "area_sqm": 1916.25,
        "owner_name": "Citizen 475 (Registered)",
        "property_tax_val": 5365500
      },
      "geometry": {
        "type": "Polygon",
        "coordinates": [
          [
            [
              77.24058427351112,
              28.624339440598867
            ],
            [
              77.2405912671508,
              28.624668653907744
            ],
            [
              77.24112794080956,
              28.624659777061684
            ],
            [
              77.24112094549815,
              28.624330563873524
            ],
            [
              77.24058427351112,
              28.624339440598867
            ]
          ]
        ]
      }
    },
    {
      "type": "Feature",
      "properties": {
        "parcel_id": "ULPIN-IND-DL-00476",
        "survey_number": "SY-109/476",
        "landuse": "Mixed-Use",
        "area_sqm": 1916.25,
        "owner_name": "Citizen 476 (Registered)",
        "property_tax_val": 5365500
      },
      "geometry": {
        "type": "Polygon",
        "coordinates": [
          [
            [
              77.24112794080956,
              28.624659777061684
            ],
            [
              77.2405912671508,
              28.624668653907744
            ],
            [
              77.24059826090776,
              28.62499786719905
            ],
            [
              77.24113493623827,
              28.624988990232275
            ],
            [
              77.24112794080956,
              28.624659777061684
            ]
          ]
        ]
      }
    },
    {
      "type": "Feature",
      "properties": {
        "parcel_id": "ULPIN-IND-DL-00477",
        "survey_number": "SY-109/477",
        "landuse": "Residential",
        "area_sqm": 1916.25,
        "owner_name": "Citizen 477 (Registered)",
        "property_tax_val": 5365500
      },
      "geometry": {
        "type": "Polygon",
        "coordinates": [
          [
            [
              77.24111395030401,
              28.624001350667793
            ],
            [
              77.2416506203767,
              28.623992471940845
            ],
            [
              77.2416436236282,
              28.6236632588383
            ],
            [
              77.2411069552272,
              28.623672137444498
            ],
            [
              77.24111395030401,
              28.624001350667793
            ]
          ]
        ]
      }
    },
    {
      "type": "Feature",
      "properties": {
        "parcel_id": "ULPIN-IND-DL-00478",
        "survey_number": "SY-109/478",
        "landuse": "Residential",
        "area_sqm": 1916.25,
        "owner_name": "Citizen 478 (Registered)",
        "property_tax_val": 5365500
      },
      "geometry": {
        "type": "Polygon",
        "coordinates": [
          [
            [
              77.24111395030401,
              28.624001350667793
            ],
            [
              77.24112094549815,
              28.624330563873524
            ],
            [
              77.24165761724251,
              28.62432168502583
            ],
            [
              77.2416506203767,
              28.623992471940845
            ],
            [
              77.24111395030401,
              28.624001350667793
            ]
          ]
        ]
      }
    },
    {
      "type": "Feature",
      "properties": {
        "parcel_id": "ULPIN-IND-DL-00479",
        "survey_number": "SY-109/479",
        "landuse": "Residential",
        "area_sqm": 1916.25,
        "owner_name": "Citizen 479 (Registered)",
        "property_tax_val": 5365500
      },
      "geometry": {
        "type": "Polygon",
        "coordinates": [
          [
            [
              77.24112094549815,
              28.624330563873524
            ],
            [
              77.24112794080956,
              28.624659777061684
            ],
            [
              77.24166461422564,
              28.624650898093247
            ],
            [
              77.24165761724251,
              28.62432168502583
            ],
            [
              77.24112094549815,
              28.624330563873524
            ]
          ]
        ]
      }
    },
    {
      "type": "Feature",
      "properties": {
        "parcel_id": "ULPIN-IND-DL-00480",
        "survey_number": "SY-109/480",
        "landuse": "Residential",
        "area_sqm": 1916.25,
        "owner_name": "Citizen 480 (Registered)",
        "property_tax_val": 5365500
      },
      "geometry": {
        "type": "Polygon",
        "coordinates": [
          [
            [
              77.24166461422564,
              28.624650898093247
            ],
            [
              77.24112794080956,
              28.624659777061684
            ],
            [
              77.24113493623827,
              28.624988990232275
            ],
            [
              77.2416716113261,
              28.624980111143085
            ],
            [
              77.24166461422564,
              28.624650898093247
            ]
          ]
        ]
      }
    },
    {
      "type": "Feature",
      "properties": {
        "parcel_id": "ULPIN-IND-DL-00481",
        "survey_number": "SY-109/481",
        "landuse": "Vacant/Green",
        "area_sqm": 1916.25,
        "owner_name": "Citizen 481 (Registered)",
        "property_tax_val": 5365500
      },
      "geometry": {
        "type": "Polygon",
        "coordinates": [
          [
            [
              77.24218029178651,
              28.62365437810981
            ],
            [
              77.2416436236282,
              28.6236632588383
            ],
            [
              77.2416506203767,
              28.623992471940845
            ],
            [
              77.24218729020667,
              28.62398359109158
            ],
            [
              77.24218029178651,
              28.62365437810981
            ]
          ]
        ]
      }
    },
    {
      "type": "Feature",
      "properties": {
        "parcel_id": "ULPIN-IND-DL-00482",
        "survey_number": "SY-109/482",
        "landuse": "Residential",
        "area_sqm": 1916.25,
        "owner_name": "Citizen 482 (Registered)",
        "property_tax_val": 5365500
      },
      "geometry": {
        "type": "Polygon",
        "coordinates": [
          [
            [
              77.24218729020667,
              28.62398359109158
            ],
            [
              77.2416506203767,
              28.623992471940845
            ],
            [
              77.24165761724251,
              28.62432168502583
            ],
            [
              77.24219428874417,
              28.624312804055794
            ],
            [
              77.24218729020667,
              28.62398359109158
            ]
          ]
        ]
      }
    },
    {
      "type": "Feature",
      "properties": {
        "parcel_id": "ULPIN-IND-DL-00483",
        "survey_number": "SY-109/483",
        "landuse": "Mixed-Use",
        "area_sqm": 1916.25,
        "owner_name": "Citizen 483 (Registered)",
        "property_tax_val": 5365500
      },
      "geometry": {
        "type": "Polygon",
        "coordinates": [
          [
            [
              77.24219428874417,
              28.624312804055794
            ],
            [
              77.24165761724251,
              28.62432168502583
            ],
            [
              77.24166461422564,
              28.624650898093247
            ],
            [
              77.24220128739903,
              28.624642017002436
            ],
            [
              77.24219428874417,
              28.624312804055794
            ]
          ]
        ]
      }
    },
    {
      "type": "Feature",
      "properties": {
        "parcel_id": "ULPIN-IND-DL-00484",
        "survey_number": "SY-109/484",
        "landuse": "Institutional",
        "area_sqm": 1916.25,
        "owner_name": "Citizen 484 (Registered)",
        "property_tax_val": 5365500
      },
      "geometry": {
        "type": "Polygon",
        "coordinates": [
          [
            [
              77.24220128739903,
              28.624642017002436
            ],
            [
              77.24166461422564,
              28.624650898093247
            ],
            [
              77.2416716113261,
              28.624980111143085
            ],
            [
              77.24220828617122,
              28.62497122993151
            ],
            [
              77.24220128739903,
              28.624642017002436
            ]
          ]
        ]
      }
    },
    {
      "type": "Feature",
      "properties": {
        "parcel_id": "ULPIN-IND-DL-00485",
        "survey_number": "SY-110/485",
        "landuse": "Commercial",
        "area_sqm": 1995.0,
        "owner_name": "Citizen 485 (Registered)",
        "property_tax_val": 8977500
      },
      "geometry": {
        "type": "Polygon",
        "coordinates": [
          [
            [
              77.24060707512466,
              28.625412766116504
            ],
            [
              77.24059979380168,
              28.625070023534523
            ],
            [
              77.24006311786215,
              28.62507889840535
            ],
            [
              77.24007039744464,
              28.62542164111298
            ],
            [
              77.24060707512466,
              28.625412766116504
            ]
          ]
        ]
      }
    },
    {
      "type": "Feature",
      "properties": {
        "parcel_id": "ULPIN-IND-DL-00486",
        "survey_number": "SY-110/486",
        "landuse": "Residential",
        "area_sqm": 1995.0,
        "owner_name": "Citizen 486 (Registered)",
        "property_tax_val": 5586000
      },
      "geometry": {
        "type": "Polygon",
        "coordinates": [
          [
            [
              77.24061435657475,
              28.62575550867945
            ],
            [
              77.24060707512466,
              28.625412766116504
            ],
            [
              77.24007039744464,
              28.62542164111298
            ],
            [
              77.2400776771542,
              28.62576438380157
            ],
            [
              77.24061435657475,
              28.62575550867945
            ]
          ]
        ]
      }
    },
    {
      "type": "Feature",
      "properties": {
        "parcel_id": "ULPIN-IND-DL-00487",
        "survey_number": "SY-110/487",
        "landuse": "Residential",
        "area_sqm": 1995.0,
        "owner_name": "Citizen 487 (Registered)",
        "property_tax_val": 5586000
      },
      "geometry": {
        "type": "Polygon",
        "coordinates": [
          [
            [
              77.24062163815194,
              28.626098251223343
            ],
            [
              77.24061435657475,
              28.62575550867945
            ],
            [
              77.2400776771542,
              28.62576438380157
            ],
            [
              77.24008495699084,
              28.62610712647112
            ],
            [
              77.24062163815194,
              28.626098251223343
            ]
          ]
        ]
      }
    },
    {
      "type": "Feature",
      "properties": {
        "parcel_id": "ULPIN-IND-DL-00488",
        "survey_number": "SY-110/488",
        "landuse": "Residential",
        "area_sqm": 1995.0,
        "owner_name": "Citizen 488 (Registered)",
        "property_tax_val": 5586000
      },
      "geometry": {
        "type": "Polygon",
        "coordinates": [
          [
            [
              77.24062891985625,
              28.62644099374821
            ],
            [
              77.24062163815194,
              28.626098251223343
            ],
            [
              77.24008495699084,
              28.62610712647112
            ],
            [
              77.24009223695457,
              28.626449869121632
            ],
            [
              77.24062891985625,
              28.62644099374821
            ]
          ]
        ]
      }
    },
    {
      "type": "Feature",
      "properties": {
        "parcel_id": "ULPIN-IND-DL-00489",
        "survey_number": "SY-110/489",
        "landuse": "Residential",
        "area_sqm": 1995.0,
        "owner_name": "Citizen 489 (Registered)",
        "property_tax_val": 5586000
      },
      "geometry": {
        "type": "Polygon",
        "coordinates": [
          [
            [
              77.24062891985625,
              28.62644099374821
            ],
            [
              77.24009223695457,
              28.626449869121632
            ],
            [
              77.24009951704538,
              28.626792611753103
            ],
            [
              77.24063620168766,
              28.626783736254033
            ],
            [
              77.24062891985625,
              28.62644099374821
            ]
          ]
        ]
      }
    },
    {
      "type": "Feature",
      "properties": {
        "parcel_id": "ULPIN-IND-DL-00490",
        "survey_number": "SY-110/490",
        "landuse": "Mixed-Use",
        "area_sqm": 1995.0,
        "owner_name": "Citizen 490 (Registered)",
        "property_tax_val": 5586000
      },
      "geometry": {
        "type": "Polygon",
        "coordinates": [
          [
            [
              77.24060707512466,
              28.625412766116504
            ],
            [
              77.24114375256205,
              28.625403888997592
            ],
            [
              77.24113646949858,
              28.62506114654129
            ],
            [
              77.24059979380168,
              28.625070023534523
            ],
            [
              77.24060707512466,
              28.625412766116504
            ]
          ]
        ]
      }
    },
    {
      "type": "Feature",
      "properties": {
        "parcel_id": "ULPIN-IND-DL-00491",
        "survey_number": "SY-110/491",
        "landuse": "Residential",
        "area_sqm": 1995.0,
        "owner_name": "Citizen 491 (Registered)",
        "property_tax_val": 5586000
      },
      "geometry": {
        "type": "Polygon",
        "coordinates": [
          [
            [
              77.24060707512466,
              28.625412766116504
            ],
            [
              77.24061435657475,
              28.62575550867945
            ],
            [
              77.24115103575267,
              28.625746631434858
            ],
            [
              77.24114375256205,
              28.625403888997592
            ],
            [
              77.24060707512466,
              28.625412766116504
            ]
          ]
        ]
      }
    },
    {
      "type": "Feature",
      "properties": {
        "parcel_id": "ULPIN-IND-DL-00492",
        "survey_number": "SY-110/492",
        "landuse": "Residential",
        "area_sqm": 1995.0,
        "owner_name": "Citizen 492 (Registered)",
        "property_tax_val": 5586000
      },
      "geometry": {
        "type": "Polygon",
        "coordinates": [
          [
            [
              77.24061435657475,
              28.62575550867945
            ],
            [
              77.24062163815194,
              28.626098251223343
            ],
            [
              77.24115831907041,
              28.62608937385307
            ],
            [
              77.24115103575267,
              28.625746631434858
            ],
            [
              77.24061435657475,
              28.62575550867945
            ]
          ]
        ]
      }
    },
    {
      "type": "Feature",
      "properties": {
        "parcel_id": "ULPIN-IND-DL-00493",
        "survey_number": "SY-110/493",
        "landuse": "Residential",
        "area_sqm": 1995.0,
        "owner_name": "Citizen 493 (Registered)",
        "property_tax_val": 5586000
      },
      "geometry": {
        "type": "Polygon",
        "coordinates": [
          [
            [
              77.24062163815194,
              28.626098251223343
            ],
            [
              77.24062891985625,
              28.62644099374821
            ],
            [
              77.24116560251531,
              28.626432116252253
            ],
            [
              77.24115831907041,
              28.62608937385307
            ],
            [
              77.24062163815194,
              28.626098251223343
            ]
          ]
        ]
      }
    },
    {
      "type": "Feature",
      "properties": {
        "parcel_id": "ULPIN-IND-DL-00494",
        "survey_number": "SY-110/494",
        "landuse": "Vacant/Green",
        "area_sqm": 1995.0,
        "owner_name": "Citizen 494 (Registered)",
        "property_tax_val": 5586000
      },
      "geometry": {
        "type": "Polygon",
        "coordinates": [
          [
            [
              77.24116560251531,
              28.626432116252253
            ],
            [
              77.24062891985625,
              28.62644099374821
            ],
            [
              77.24063620168766,
              28.626783736254033
            ],
            [
              77.24117288608733,
              28.626774858632395
            ],
            [
              77.24116560251531,
              28.626432116252253
            ]
          ]
        ]
      }
    },
    {
      "type": "Feature",
      "properties": {
        "parcel_id": "ULPIN-IND-DL-00495",
        "survey_number": "SY-110/495",
        "landuse": "Institutional",
        "area_sqm": 1995.0,
        "owner_name": "Citizen 495 (Registered)",
        "property_tax_val": 5586000
      },
      "geometry": {
        "type": "Polygon",
        "coordinates": [
          [
            [
              77.24114375256205,
              28.625403888997592
            ],
            [
              77.2416804297568,
              28.625395009756236
            ],
            [
              77.24167314495284,
              28.62505226742564
            ],
            [
              77.24113646949858,
              28.62506114654129
            ],
            [
              77.24114375256205,
              28.625403888997592
            ]
          ]
        ]
      }
    },
    {
      "type": "Feature",
      "properties": {
        "parcel_id": "ULPIN-IND-DL-00496",
        "survey_number": "SY-110/496",
        "landuse": "Residential",
        "area_sqm": 1995.0,
        "owner_name": "Citizen 496 (Registered)",
        "property_tax_val": 5586000
      },
      "geometry": {
        "type": "Polygon",
        "coordinates": [
          [
            [
              77.24114375256205,
              28.625403888997592
            ],
            [
              77.24115103575267,
              28.625746631434858
            ],
            [
              77.24168771468793,
              28.625737752067796
            ],
            [
              77.2416804297568,
              28.625395009756236
            ],
            [
              77.24114375256205,
              28.625403888997592
            ]
          ]
        ]
      }
    },
    {
      "type": "Feature",
      "properties": {
        "parcel_id": "ULPIN-IND-DL-00497",
        "survey_number": "SY-110/497",
        "landuse": "Mixed-Use",
        "area_sqm": 1995.0,
        "owner_name": "Citizen 497 (Registered)",
        "property_tax_val": 5586000
      },
      "geometry": {
        "type": "Polygon",
        "coordinates": [
          [
            [
              77.24115103575267,
              28.625746631434858
            ],
            [
              77.24115831907041,
              28.62608937385307
            ],
            [
              77.2416949997462,
              28.6260804943603
            ],
            [
              77.24168771468793,
              28.625737752067796
            ],
            [
              77.24115103575267,
              28.625746631434858
            ]
          ]
        ]
      }
    },
    {
      "type": "Feature",
      "properties": {
        "parcel_id": "ULPIN-IND-DL-00498",
        "survey_number": "SY-110/498",
        "landuse": "Residential",
        "area_sqm": 1995.0,
        "owner_name": "Citizen 498 (Registered)",
        "property_tax_val": 5586000
      },
      "geometry": {
        "type": "Polygon",
        "coordinates": [
          [
            [
              77.24115831907041,
              28.62608937385307
            ],
            [
              77.24116560251531,
              28.626432116252253
            ],
            [
              77.24170228493166,
              28.62642323663377
            ],
            [
              77.2416949997462,
              28.6260804943603
            ],
            [
              77.24115831907041,
              28.62608937385307
            ]
          ]
        ]
      }
    },
    {
      "type": "Feature",
      "properties": {
        "parcel_id": "ULPIN-IND-DL-00499",
        "survey_number": "SY-110/499",
        "landuse": "Residential",
        "area_sqm": 1995.0,
        "owner_name": "Citizen 499 (Registered)",
        "property_tax_val": 5586000
      },
      "geometry": {
        "type": "Polygon",
        "coordinates": [
          [
            [
              77.24170228493166,
              28.62642323663377
            ],
            [
              77.24116560251531,
              28.626432116252253
            ],
            [
              77.24117288608733,
              28.626774858632395
            ],
            [
              77.2417095702443,
              28.626765978888194
            ],
            [
              77.24170228493166,
              28.62642323663377
            ]
          ]
        ]
      }
    },
    {
      "type": "Feature",
      "properties": {
        "parcel_id": "ULPIN-IND-DL-00500",
        "survey_number": "SY-110/500",
        "landuse": "Residential",
        "area_sqm": 1995.0,
        "owner_name": "Citizen 500 (Registered)",
        "property_tax_val": 5586000
      },
      "geometry": {
        "type": "Polygon",
        "coordinates": [
          [
            [
              77.24220982016436,
              28.62504338618759
            ],
            [
              77.24167314495284,
              28.62505226742564
            ],
            [
              77.2416804297568,
              28.625395009756236
            ],
            [
              77.2422171067088,
              28.625386128392442
            ],
            [
              77.24220982016436,
              28.62504338618759
            ]
          ]
        ]
      }
    },
    {
      "type": "Feature",
      "properties": {
        "parcel_id": "ULPIN-IND-DL-00501",
        "survey_number": "SY-110/501",
        "landuse": "Residential",
        "area_sqm": 1995.0,
        "owner_name": "Citizen 501 (Registered)",
        "property_tax_val": 5586000
      },
      "geometry": {
        "type": "Polygon",
        "coordinates": [
          [
            [
              77.2422171067088,
              28.625386128392442
            ],
            [
              77.2416804297568,
              28.625395009756236
            ],
            [
              77.24168771468793,
              28.625737752067796
            ],
            [
              77.24222439338043,
              28.62572887057826
            ],
            [
              77.2422171067088,
              28.625386128392442
            ]
          ]
        ]
      }
    },
    {
      "type": "Feature",
      "properties": {
        "parcel_id": "ULPIN-IND-DL-00502",
        "survey_number": "SY-110/502",
        "landuse": "Residential",
        "area_sqm": 1995.0,
        "owner_name": "Citizen 502 (Registered)",
        "property_tax_val": 5586000
      },
      "geometry": {
        "type": "Polygon",
        "coordinates": [
          [
            [
              77.24222439338043,
              28.62572887057826
            ],
            [
              77.24168771468793,
              28.625737752067796
            ],
            [
              77.2416949997462,
              28.6260804943603
            ],
            [
              77.24223168017926,
              28.62607161274503
            ],
            [
              77.24222439338043,
              28.62572887057826
            ]
          ]
        ]
      }
    },
    {
      "type": "Feature",
      "properties": {
        "parcel_id": "ULPIN-IND-DL-00503",
        "survey_number": "SY-110/503",
        "landuse": "Residential",
        "area_sqm": 1995.0,
        "owner_name": "Citizen 503 (Registered)",
        "property_tax_val": 5586000
      },
      "geometry": {
        "type": "Polygon",
        "coordinates": [
          [
            [
              77.24223168017926,
              28.62607161274503
            ],
            [
              77.2416949997462,
              28.6260804943603
            ],
            [
              77.24170228493166,
              28.62642323663377
            ],
            [
              77.2422389671053,
              28.626414354892756
            ],
            [
              77.24223168017926,
              28.62607161274503
            ]
          ]
        ]
      }
    },
    {
      "type": "Feature",
      "properties": {
        "parcel_id": "ULPIN-IND-DL-00504",
        "survey_number": "SY-110/504",
        "landuse": "Mixed-Use",
        "area_sqm": 1995.0,
        "owner_name": "Citizen 504 (Registered)",
        "property_tax_val": 5586000
      },
      "geometry": {
        "type": "Polygon",
        "coordinates": [
          [
            [
              77.2422389671053,
              28.626414354892756
            ],
            [
              77.24170228493166,
              28.62642323663377
            ],
            [
              77.2417095702443,
              28.626765978888194
            ],
            [
              77.24224625415853,
              28.626757097021443
            ],
            [
              77.2422389671053,
              28.626414354892756
            ]
          ]
        ]
      }
    },
    {
      "type": "Feature",
      "properties": {
        "parcel_id": "ULPIN-IND-DL-00505",
        "survey_number": "SY-111/505",
        "landuse": "Commercial",
        "area_sqm": 2100.0,
        "owner_name": "Citizen 505 (Registered)",
        "property_tax_val": 9450000
      },
      "geometry": {
        "type": "Polygon",
        "coordinates": [
          [
            [
              77.24064616650507,
              28.627252752283777
            ],
            [
              77.24063850123979,
              28.626891970725598
            ],
            [
              77.24010181604783,
              28.62690084626436
            ],
            [
              77.24010947948085,
              28.62726162795479
            ],
            [
              77.24064616650507,
              28.627252752283777
            ]
          ]
        ]
      }
    },
    {
      "type": "Feature",
      "properties": {
        "parcel_id": "ULPIN-IND-DL-00506",
        "survey_number": "SY-111/506",
        "landuse": "Institutional",
        "area_sqm": 2100.0,
        "owner_name": "Citizen 506 (Registered)",
        "property_tax_val": 5880000
      },
      "geometry": {
        "type": "Polygon",
        "coordinates": [
          [
            [
              77.2406538319112,
              28.627613533820863
            ],
            [
              77.24064616650507,
              28.627252752283777
            ],
            [
              77.24010947948085,
              28.62726162795479
            ],
            [
              77.24011714305466,
              28.62762240962414
            ],
            [
              77.2406538319112,
              28.627613533820863
            ]
          ]
        ]
      }
    },
    {
      "type": "Feature",
      "properties": {
        "parcel_id": "ULPIN-IND-DL-00507",
        "survey_number": "SY-111/507",
        "landuse": "Vacant/Green",
        "area_sqm": 2100.0,
        "owner_name": "Citizen 507 (Registered)",
        "property_tax_val": 5880000
      },
      "geometry": {
        "type": "Polygon",
        "coordinates": [
          [
            [
              77.24066149745818,
              28.627974315336836
            ],
            [
              77.2406538319112,
              28.627613533820863
            ],
            [
              77.24011714305466,
              28.62762240962414
            ],
            [
              77.24012480676932,
              28.62798319127239
            ],
            [
              77.24066149745818,
              28.627974315336836
            ]
          ]
        ]
      }
    },
    {
      "type": "Feature",
      "properties": {
        "parcel_id": "ULPIN-IND-DL-00508",
        "survey_number": "SY-111/508",
        "landuse": "Residential",
        "area_sqm": 2100.0,
        "owner_name": "Citizen 508 (Registered)",
        "property_tax_val": 5880000
      },
      "geometry": {
        "type": "Polygon",
        "coordinates": [
          [
            [
              77.24066149745818,
              28.627974315336836
            ],
            [
              77.24012480676932,
              28.62798319127239
            ],
            [
              77.24013247062479,
              28.628343972899547
            ],
            [
              77.24066916314601,
              28.62833509683172
            ],
            [
              77.24066149745818,
              28.627974315336836
            ]
          ]
        ]
      }
    },
    {
      "type": "Feature",
      "properties": {
        "parcel_id": "ULPIN-IND-DL-00509",
        "survey_number": "SY-111/509",
        "landuse": "Residential",
        "area_sqm": 2100.0,
        "owner_name": "Citizen 509 (Registered)",
        "property_tax_val": 5880000
      },
      "geometry": {
        "type": "Polygon",
        "coordinates": [
          [
            [
              77.24064616650507,
              28.627252752283777
            ],
            [
              77.24118285328666,
              28.62724387449015
            ],
            [
              77.24117518618912,
              28.626883093064272
            ],
            [
              77.24063850123979,
              28.626891970725598
            ],
            [
              77.24064616650507,
              28.627252752283777
            ]
          ]
        ]
      }
    },
    {
      "type": "Feature",
      "properties": {
        "parcel_id": "ULPIN-IND-DL-00510",
        "survey_number": "SY-111/510",
        "landuse": "Residential",
        "area_sqm": 2100.0,
        "owner_name": "Citizen 510 (Registered)",
        "property_tax_val": 5880000
      },
      "geometry": {
        "type": "Polygon",
        "coordinates": [
          [
            [
              77.24064616650507,
              28.627252752283777
            ],
            [
              77.2406538319112,
              28.627613533820863
            ],
            [
              77.2411905205251,
              28.627604655894928
            ],
            [
              77.24118285328666,
              28.62724387449015
            ],
            [
              77.24064616650507,
              28.627252752283777
            ]
          ]
        ]
      }
    },
    {
      "type": "Feature",
      "properties": {
        "parcel_id": "ULPIN-IND-DL-00511",
        "survey_number": "SY-111/511",
        "landuse": "Mixed-Use",
        "area_sqm": 2100.0,
        "owner_name": "Citizen 511 (Registered)",
        "property_tax_val": 5880000
      },
      "geometry": {
        "type": "Polygon",
        "coordinates": [
          [
            [
              77.2406538319112,
              28.627613533820863
            ],
            [
              77.24066149745818,
              28.627974315336836
            ],
            [
              77.24119818790439,
              28.627965437278615
            ],
            [
              77.2411905205251,
              28.627604655894928
            ],
            [
              77.2406538319112,
              28.627613533820863
            ]
          ]
        ]
      }
    },
    {
      "type": "Feature",
      "properties": {
        "parcel_id": "ULPIN-IND-DL-00512",
        "survey_number": "SY-111/512",
        "landuse": "Residential",
        "area_sqm": 2100.0,
        "owner_name": "Citizen 512 (Registered)",
        "property_tax_val": 5880000
      },
      "geometry": {
        "type": "Polygon",
        "coordinates": [
          [
            [
              77.24119818790439,
              28.627965437278615
            ],
            [
              77.24066149745818,
              28.627974315336836
            ],
            [
              77.24066916314601,
              28.62833509683172
            ],
            [
              77.2412058554246,
              28.6283262186412
            ],
            [
              77.24119818790439,
              28.627965437278615
            ]
          ]
        ]
      }
    },
    {
      "type": "Feature",
      "properties": {
        "parcel_id": "ULPIN-IND-DL-00513",
        "survey_number": "SY-111/513",
        "landuse": "Residential",
        "area_sqm": 2100.0,
        "owner_name": "Citizen 513 (Registered)",
        "property_tax_val": 5880000
      },
      "geometry": {
        "type": "Polygon",
        "coordinates": [
          [
            [
              77.24118285328666,
              28.62724387449015
            ],
            [
              77.24171953982557,
              28.62723499457392
            ],
            [
              77.24171187089576,
              28.62687421328038
            ],
            [
              77.24117518618912,
              28.626883093064272
            ],
            [
              77.24118285328666,
              28.62724387449015
            ]
          ]
        ]
      }
    },
    {
      "type": "Feature",
      "properties": {
        "parcel_id": "ULPIN-IND-DL-00514",
        "survey_number": "SY-111/514",
        "landuse": "Residential",
        "area_sqm": 2100.0,
        "owner_name": "Citizen 514 (Registered)",
        "property_tax_val": 5880000
      },
      "geometry": {
        "type": "Polygon",
        "coordinates": [
          [
            [
              77.24118285328666,
              28.62724387449015
            ],
            [
              77.2411905205251,
              28.627604655894928
            ],
            [
              77.2417272088963,
              28.627595775846377
            ],
            [
              77.24171953982557,
              28.62723499457392
            ],
            [
              77.24118285328666,
              28.62724387449015
            ]
          ]
        ]
      }
    },
    {
      "type": "Feature",
      "properties": {
        "parcel_id": "ULPIN-IND-DL-00515",
        "survey_number": "SY-111/515",
        "landuse": "Residential",
        "area_sqm": 2100.0,
        "owner_name": "Citizen 515 (Registered)",
        "property_tax_val": 5880000
      },
      "geometry": {
        "type": "Polygon",
        "coordinates": [
          [
            [
              77.2411905205251,
              28.627604655894928
            ],
            [
              77.24119818790439,
              28.627965437278615
            ],
            [
              77.24173487810792,
              28.62795655709772
            ],
            [
              77.2417272088963,
              28.627595775846377
            ],
            [
              77.2411905205251,
              28.627604655894928
            ]
          ]
        ]
      }
    },
    {
      "type": "Feature",
      "properties": {
        "parcel_id": "ULPIN-IND-DL-00516",
        "survey_number": "SY-111/516",
        "landuse": "Residential",
        "area_sqm": 2100.0,
        "owner_name": "Citizen 516 (Registered)",
        "property_tax_val": 5880000
      },
      "geometry": {
        "type": "Polygon",
        "coordinates": [
          [
            [
              77.24173487810792,
              28.62795655709772
            ],
            [
              77.24119818790439,
              28.627965437278615
            ],
            [
              77.2412058554246,
              28.6283262186412
            ],
            [
              77.24174254746048,
              28.62831733832798
            ],
            [
              77.24173487810792,
              28.62795655709772
            ]
          ]
        ]
      }
    },
    {
      "type": "Feature",
      "properties": {
        "parcel_id": "ULPIN-IND-DL-00517",
        "survey_number": "SY-111/517",
        "landuse": "Institutional",
        "area_sqm": 2100.0,
        "owner_name": "Citizen 517 (Registered)",
        "property_tax_val": 5880000
      },
      "geometry": {
        "type": "Polygon",
        "coordinates": [
          [
            [
              77.24224855535965,
              28.626865331373917
            ],
            [
              77.24171187089576,
              28.62687421328038
            ],
            [
              77.24171953982557,
              28.62723499457392
            ],
            [
              77.24225622612173,
              28.627226112535094
            ],
            [
              77.24224855535965,
              28.626865331373917
            ]
          ]
        ]
      }
    },
    {
      "type": "Feature",
      "properties": {
        "parcel_id": "ULPIN-IND-DL-00518",
        "survey_number": "SY-111/518",
        "landuse": "Mixed-Use",
        "area_sqm": 2100.0,
        "owner_name": "Citizen 518 (Registered)",
        "property_tax_val": 5880000
      },
      "geometry": {
        "type": "Polygon",
        "coordinates": [
          [
            [
              77.24225622612173,
              28.627226112535094
            ],
            [
              77.24171953982557,
              28.62723499457392
            ],
            [
              77.2417272088963,
              28.627595775846377
            ],
            [
              77.24226389702471,
              28.62758689367519
            ],
            [
              77.24225622612173,
              28.627226112535094
            ]
          ]
        ]
      }
    },
    {
      "type": "Feature",
      "properties": {
        "parcel_id": "ULPIN-IND-DL-00519",
        "survey_number": "SY-111/519",
        "landuse": "Residential",
        "area_sqm": 2100.0,
        "owner_name": "Citizen 519 (Registered)",
        "property_tax_val": 5880000
      },
      "geometry": {
        "type": "Polygon",
        "coordinates": [
          [
            [
              77.24226389702471,
              28.62758689367519
            ],
            [
              77.2417272088963,
              28.627595775846377
            ],
            [
              77.24173487810792,
              28.62795655709772
            ],
            [
              77.24227156806869,
              28.62794767479418
            ],
            [
              77.24226389702471,
              28.62758689367519
            ]
          ]
        ]
      }
    },
    {
      "type": "Feature",
      "properties": {
        "parcel_id": "ULPIN-IND-DL-00520",
        "survey_number": "SY-111/520",
        "landuse": "Vacant/Green",
        "area_sqm": 2100.0,
        "owner_name": "Citizen 520 (Registered)",
        "property_tax_val": 5880000
      },
      "geometry": {
        "type": "Polygon",
        "coordinates": [
          [
            [
              77.24227156806869,
              28.62794767479418
            ],
            [
              77.24173487810792,
              28.62795655709772
            ],
            [
              77.24174254746048,
              28.62831733832798
            ],
            [
              77.24227923925359,
              28.628308455892068
            ],
            [
              77.24227156806869,
              28.62794767479418
            ]
          ]
        ]
      }
    }
  ]
}