{
  "type": "FeatureCollection",
  "features": [
    {
      "type": "Feature",
      "properties": {
        "parcel_id": "ULPIN-2026-8500-00001",
        "survey_number": "UNSURVEYED-1",
        "area_sqm": 1958.06,
        "perimeter_m": 176.97,
        "confidence_score": 0.648,
        "verification_status": "Needs GT Verification",
        "building_count": 1,
        "building_coverage_ratio": 0.323,
        "landuse_class": "Vacant/Green",
        "owner_record": "Unregistered / Pending Survey",
        "has_gnss_control": false,
        "tax_assessment_annual_inr": 881127,
        "tax_rate_per_sqm": 450,
        "lulc_confidence": 0.945
      },
      "geometry": {
        "type": "Polygon",
        "coordinates": [
          [
            [
              77.20793904234782,
              28.61487199500058
            ],
            [
              77.20793842230759,
              28.61487146525199
            ],
            [
              77.20748672624153,
              28.614878824288237
            ],
            [
              77.20749507645355,
              28.615277951709782
            ],
            [
              77.20794738297471,
              28.615270582633276
            ],
            [
              77.20793904234782,
              28.61487199500058
            ]
          ]
        ]
      }
    },
    {
      "type": "Feature",
      "properties": {
        "parcel_id": "ULPIN-2026-8500-00002",
        "survey_number": "UNSURVEYED-2",
        "area_sqm": 1008.77,
        "perimeter_m": 163.74,
        "confidence_score": 0.64,
        "verification_status": "Needs GT Verification",
        "building_count": 4,
        "building_coverage_ratio": 0.265,
        "landuse_class": "Residential",
        "owner_record": "Unregistered / Pending Survey",
        "has_gnss_control": false,
        "tax_assessment_annual_inr": 1866224,
        "tax_rate_per_sqm": 1850,
        "lulc_confidence": 0.895
      },
      "geometry": {
        "type": "Polygon",
        "coordinates": [
          [
            [
              77.20766962506195,
              28.614158563406036
            ],
            [
              77.20766377836765,
              28.613930169725904
            ],
            [
              77.20762646451749,
              28.613930777612037
            ],
            [
              77.20762270403439,
              28.613930675946342
            ],
            [
              77.20761897295178,
              28.613930249515093
            ],
            [
              77.20761530720206,
              28.613929502425066
            ],
            [
              77.2076117420884,
              28.613928441871145
            ],
            [
              77.20760831194487,
              28.61392707806705
            ],
            [
              77.20760504980564,
              28.613925424146984
            ],
            [
              77.20760198708689,
              28.6139234960391
            ],
            [
              77.20759915328429,
              28.613921312312147
            ],
            [
              77.20759657568894,
              28.61391889399663
            ],
            [
              77.20759427912448,
              28.613916264382254
            ],
            [
              77.20759228570809,
              28.613913448793667
            ],
            [
              77.20759061463741,
              28.61391047434654
            ],
            [
              77.20758928200577,
              28.613907369686434
            ],
            [
              77.20758830064712,
              28.613904164712928
            ],
            [
              77.20758768001244,
              28.6139008902917
            ],
            [
              77.20758742607876,
              28.613897577957196
            ],
            [
              77.20758754129153,
              28.613894259609037
            ],
            [
              77.20758802454121,
              28.613890967204714
            ],
            [
              77.20758887117377,
              28.61388773245189
            ],
            [
              77.20759007303568,
              28.613884586502984
            ],
            [
              77.20759161855226,
              28.613881559655205
            ],
            [
              77.20759349283937,
              28.613878681058736
            ],
            [
              77.20759567784656,
              28.613875978436035
            ],
            [
              77.207598152531,
              28.613873477814806
            ],
            [
              77.20760089306013,
              28.6138712032774
            ],
            [
              77.20760387304117,
              28.613869176728837
            ],
            [
              77.20760706377524,
              28.613867417685857
            ],
            [
              77.20761043453386,
              28.613865943089003
            ],
            [
              77.20761395285483,
              28.61386476713943
            ],
            [
              77.20761758485477,
              28.61386390116218
            ],
            [
              77.2076212955556,
              28.61386335349707
            ],
            [
              77.20762504922126,
              28.613863129418384
            ],
            [
              77.20766204677192,
              28.613862526686486
            ],
            [
              77.20765896364428,
              28.61374208690579
            ],
            [
              77.20746120152594,
              28.613658731272587
            ],
            [
              77.20747321598148,
              28.61423303718886
            ],
            [
              77.20766962506195,
              28.614158563406036
            ]
          ]
        ]
      }
    },
    {
      "type": "Feature",
      "properties": {
        "parcel_id": "ULPIN-2026-8500-00003",
        "survey_number": "UNSURVEYED-3",
        "area_sqm": 746.42,
        "perimeter_m": 131.92,
        "confidence_score": 0.686,
        "verification_status": "Needs GT Verification",
        "building_count": 1,
        "building_coverage_ratio": 0.571,
        "landuse_class": "Mixed-Use",
        "owner_record": "Unregistered / Pending Survey",
        "has_gnss_control": false,
        "tax_assessment_annual_inr": 2313902,
        "tax_rate_per_sqm": 3100,
        "lulc_confidence": 0.919
      },
      "geometry": {
        "type": "Polygon",
        "coordinates": [
          [
            [
              77.20827764028422,
              28.614561417197482
            ],
            [
              77.2086690581716,
              28.614555038059372
            ],
            [
              77.20827028134579,
              28.614209785862794
            ],
            [
              77.20827764028422,
              28.614561417197482
            ]
          ]
        ]
      }
    },
    {
      "type": "Feature",
      "properties": {
        "parcel_id": "ULPIN-2026-8500-00004",
        "survey_number": "UNSURVEYED-4",
        "area_sqm": 1541.66,
        "perimeter_m": 154.74,
        "confidence_score": 0.682,
        "verification_status": "Needs GT Verification",
        "building_count": 2,
        "building_coverage_ratio": 0.55,
        "landuse_class": "Vacant/Green",
        "owner_record": "Unregistered / Pending Survey",
        "has_gnss_control": false,
        "tax_assessment_annual_inr": 693747,
        "tax_rate_per_sqm": 450,
        "lulc_confidence": 0.912
      },
      "geometry": {
        "type": "Polygon",
        "coordinates": [
          [
            [
              77.20827028134579,
              28.614209785862794
            ],
            [
              77.20826570762091,
              28.614181753677013
            ],
            [
              77.20804555206486,
              28.61412399105438
            ],
            [
              77.20792355968706,
              28.614179844353515
            ],
            [
              77.20793347529799,
              28.614567729648527
            ],
            [
              77.20827703882995,
              28.614561967904656
            ],
            [
              77.20827764028422,
              28.614561417197482
            ],
            [
              77.20827028134579,
              28.614209785862794
            ]
          ]
        ]
      }
    },
    {
      "type": "Feature",
      "properties": {
        "parcel_id": "ULPIN-2026-8500-00005",
        "survey_number": "UNSURVEYED-5",
        "area_sqm": 1892.33,
        "perimeter_m": 179.64,
        "confidence_score": 0.651,
        "verification_status": "Needs GT Verification",
        "building_count": 1,
        "building_coverage_ratio": 0.342,
        "landuse_class": "Vacant/Green",
        "owner_record": "Unregistered / Pending Survey",
        "has_gnss_control": false,
        "tax_assessment_annual_inr": 851548,
        "tax_rate_per_sqm": 450,
        "lulc_confidence": 0.893
      },
      "geometry": {
        "type": "Polygon",
        "coordinates": [
          [
            [
              77.20789174316788,
              28.61307054139904
            ],
            [
              77.20823671746072,
              28.613064920406025
            ],
            [
              77.20822613445569,
              28.61255919099207
            ],
            [
              77.20788116181285,
              28.61256481186763
            ],
            [
              77.20789174316788,
              28.61307054139904
            ]
          ]
        ]
      }
    },
    {
      "type": "Feature",
      "properties": {
        "parcel_id": "ULPIN-2026-8500-00006",
        "survey_number": "UNSURVEYED-6",
        "area_sqm": 2428.37,
        "perimeter_m": 198.76,
        "confidence_score": 0.64,
        "verification_status": "Needs GT Verification",
        "building_count": 1,
        "building_coverage_ratio": 0.267,
        "landuse_class": "Vacant/Green",
        "owner_record": "Unregistered / Pending Survey",
        "has_gnss_control": false,
        "tax_assessment_annual_inr": 1092766,
        "tax_rate_per_sqm": 450,
        "lulc_confidence": 0.893
      },
      "geometry": {
        "type": "Polygon",
        "coordinates": [
          [
            [
              77.20789174316788,
              28.613070541399047
            ],
            [
              77.20789174316788,
              28.61307054139904
            ],
            [
              77.20788116181285,
              28.61256481186763
            ],
            [
              77.20743846861379,
              28.61257202368436
            ],
            [
              77.20744904785138,
              28.61307775336648
            ],
            [
              77.20789174316788,
              28.613070541399047
            ]
          ]
        ]
      }
    },
    {
      "type": "Feature",
      "properties": {
        "parcel_id": "ULPIN-2026-8500-00007",
        "survey_number": "UNSURVEYED-7",
        "area_sqm": 1602.47,
        "perimeter_m": 156.08,
        "confidence_score": 0.661,
        "verification_status": "Needs GT Verification",
        "building_count": 1,
        "building_coverage_ratio": 0.404,
        "landuse_class": "Vacant/Green",
        "owner_record": "Unregistered / Pending Survey",
        "has_gnss_control": false,
        "tax_assessment_annual_inr": 721111,
        "tax_rate_per_sqm": 450,
        "lulc_confidence": 0.963
      },
      "geometry": {
        "type": "Polygon",
        "coordinates": [
          [
            [
              77.2079049424509,
              28.61370137491306
            ],
            [
              77.20789811259897,
              28.613374958245387
            ],
            [
              77.2074554160079,
              28.613382170303524
            ],
            [
              77.20746120152594,
              28.613658731272587
            ],
            [
              77.20765896364428,
              28.61374208690579
            ],
            [
              77.2079049424509,
              28.61370137491306
            ]
          ]
        ]
      }
    },
    {
      "type": "Feature",
      "properties": {
        "parcel_id": "ULPIN-2026-8500-00008",
        "survey_number": "UNSURVEYED-8",
        "area_sqm": 1613.74,
        "perimeter_m": 206.81,
        "confidence_score": 0.67,
        "verification_status": "Needs GT Verification",
        "building_count": 5,
        "building_coverage_ratio": 0.464,
        "landuse_class": "Vacant/Green",
        "owner_record": "Unregistered / Pending Survey",
        "has_gnss_control": false,
        "tax_assessment_annual_inr": 726183,
        "tax_rate_per_sqm": 450,
        "lulc_confidence": 0.932
      },
      "geometry": {
        "type": "Polygon",
        "coordinates": [
          [
            [
              77.20765896364428,
              28.61374208690579
            ],
            [
              77.20766204677192,
              28.613862526686486
            ],
            [
              77.20777019508864,
              28.613860764770287
            ],
            [
              77.20777395556908,
              28.613860866432024
            ],
            [
              77.20777768664955,
              28.6138612928591
            ],
            [
              77.2077813523977,
              28.61386203994481
            ],
            [
              77.20778491751045,
              28.613863100494306
            ],
            [
              77.20778834765383,
              28.613864464293925
            ],
            [
              77.20779160979367,
              28.613866118209536
            ],
            [
              77.20779467251384,
              28.613868046313048
            ],
            [
              77.20779750631868,
              28.613870230035783
            ],
            [
              77.2078000839171,
              28.613872648347304
            ],
            [
              77.20780238048542,
              28.613875277957973
            ],
            [
              77.20780437390643,
              28.613878093543217
            ],
            [
              77.20780604498236,
              28.613881067987414
            ],
            [
              77.20780737761986,
              28.613884172645072
            ],
            [
              77.20780835898482,
              28.613887377616635
            ],
            [
              77.20780897962618,
              28.61389065203649
            ],
            [
              77.20780923356675,
              28.613893964370195
            ],
            [
              77.20780911836096,
              28.61389728271816
            ],
            [
              77.20780863511823,
              28.613900575122898
            ],
            [
              77.20780778849242,
              28.613903809876724
            ],
            [
              77.20780658663698,
              28.613906955827204
            ],
            [
              77.20780504112642,
              28.613909982677114
            ],
            [
              77.2078031668448,
              28.613912861276205
            ],
            [
              77.20780098184247,
              28.61391556390199
            ],
            [
              77.20779850716217,
              28.6139180645267
            ],
            [
              77.20779576663644,
              28.613920339067924
            ],
            [
              77.20779278665802,
              28.61392236562058
            ],
            [
              77.20778959592575,
              28.613924124667843
            ],
            [
              77.20778622516814,
              28.613925599269106
            ],
            [
              77.20778270684744,
              28.61392677522315
            ],
            [
              77.20777907484702,
              28.613927641204864
            ],
            [
              77.20777536414509,
              28.61392818887438
            ],
            [
              77.20777161047774,
              28.613928412957332
            ],
            [
              77.20766377836765,
              28.613930169725904
            ],
            [
              77.20766962506195,
              28.614158563406036
            ],
            [
              77.20792355968706,
              28.614179844353515
            ],
            [
              77.20804555206486,
              28.61412399105438
            ],
            [
              77.20804136752564,
              28.613924017780047
            ],
            [
              77.20797093060591,
              28.6139251654673
            ],
            [
              77.20796717012335,
              28.613925063811177
            ],
            [
              77.20796343904023,
              28.613924637389488
            ],
            [
              77.2079597732889,
              28.613923890308904
            ],
            [
              77.20795620817263,
              28.61392282976423
            ],
            [
              77.20795277802544,
              28.6139214659691
            ],
            [
              77.20794951588157,
              28.613919812057613
            ],
            [
              77.20794645315723,
              28.613917883957853
            ],
            [
              77.20794361934819,
              28.613915700238493
            ],
            [
              77.20794104174554,
              28.613913281929957
            ],
            [
              77.20793874517304,
              28.613910652321888
            ],
            [
              77.20793675174791,
              28.613907836738868
            ],
            [
              77.20793508066792,
              28.613904862296515
            ],
            [
              77.20793374802646,
              28.61390175764035
            ],
            [
              77.20793276665758,
              28.613898552669916
            ],
            [
              77.20793214601237,
              28.613895278250844
            ],
            [
              77.20793189206792,
              28.613891965917585
            ],
            [
              77.20793200726986,
              28.613888647569716
            ],
            [
              77.20793249050868,
              28.613885355164758
            ],
            [
              77.20793333713048,
              28.613882120410356
            ],
            [
              77.20793453898185,
              28.613878974458956
            ],
            [
              77.2079360844882,
              28.6138759476078
            ],
            [
              77.20793795876547,
              28.61387306900709
            ],
            [
              77.20794014376332,
              28.613870366379306
            ],
            [
              77.20794261843905,
              28.613867865752248
            ],
            [
              77.20794535896012,
              28.61386559120828
            ],
            [
              77.20794833893383,
              28.613863564652508
            ],
            [
              77.20795152966143,
              28.613861805601733
            ],
            [
              77.20795490041446,
              28.61386033099658
            ],
            [
              77.20795841873077,
              28.613859155038288
            ],
            [
              77.20796205072705,
              28.613858289051958
            ],
            [
              77.20796576142523,
              28.61385774137751
            ],
            [
              77.20796951508929,
              28.613857517289343
            ],
            [
              77.20803995196394,
              28.613856369605294
            ],
            [
              77.20803815883366,
              28.61377067749734
            ],
            [
              77.2079049424509,
              28.61370137491306
            ],
            [
              77.20765896364428,
              28.61374208690579
            ]
          ]
        ]
      }
    },
    {
      "type": "Feature",
      "properties": {
        "parcel_id": "ULPIN-2026-8500-00009",
        "survey_number": "UNSURVEYED-9",
        "area_sqm": 1461.72,
        "perimeter_m": 154.12,
        "confidence_score": 0.666,
        "verification_status": "Needs GT Verification",
        "building_count": 1,
        "building_coverage_ratio": 0.443,
        "landuse_class": "Mixed-Use",
        "owner_record": "Unregistered / Pending Survey",
        "has_gnss_control": false,
        "tax_assessment_annual_inr": 4531332,
        "tax_rate_per_sqm": 3100,
        "lulc_confidence": 0.912
      },
      "geometry": {
        "type": "Polygon",
        "coordinates": [
          [
            [
              77.20789811259897,
              28.613374958245387
            ],
            [
              77.20789811259897,
              28.613374958245384
            ],
            [
              77.20789174316788,
              28.613070541399047
            ],
            [
              77.20744904785138,
              28.61307775336648
            ],
            [
              77.2074554160079,
              28.613382170303524
            ],
            [
              77.20789811259897,
              28.613374958245387
            ]
          ]
        ]
      }
    },
    {
      "type": "Feature",
      "properties": {
        "parcel_id": "ULPIN-2026-8500-00010",
        "survey_number": "UNSURVEYED-10",
        "area_sqm": 1139.06,
        "perimeter_m": 135.0,
        "confidence_score": 0.685,
        "verification_status": "Needs GT Verification",
        "building_count": 1,
        "building_coverage_ratio": 0.568,
        "landuse_class": "Mixed-Use",
        "owner_record": "Unregistered / Pending Survey",
        "has_gnss_control": false,
        "tax_assessment_annual_inr": 3531086,
        "tax_rate_per_sqm": 3100,
        "lulc_confidence": 0.935
      },
      "geometry": {
        "type": "Polygon",
        "coordinates": [
          [
            [
              77.20789174316788,
              28.613070541399047
            ],
            [
              77.20789811259897,
              28.613374958245384
            ],
            [
              77.20824308788505,
              28.61336933718166
            ],
            [
              77.20823671746074,
              28.61306492040603
            ],
            [
              77.20823671746072,
              28.613064920406025
            ],
            [
              77.20789174316788,
              28.61307054139904
            ],
            [
              77.20789174316788,
              28.613070541399047
            ]
          ]
        ]
      }
    },
    {
      "type": "Feature",
      "properties": {
        "parcel_id": "ULPIN-2026-8500-00011",
        "survey_number": "UNSURVEYED-11",
        "area_sqm": 1490.81,
        "perimeter_m": 155.89,
        "confidence_score": 0.664,
        "verification_status": "Needs GT Verification",
        "building_count": 1,
        "building_coverage_ratio": 0.424,
        "landuse_class": "Mixed-Use",
        "owner_record": "Unregistered / Pending Survey",
        "has_gnss_control": false,
        "tax_assessment_annual_inr": 4621511,
        "tax_rate_per_sqm": 3100,
        "lulc_confidence": 0.912
      },
      "geometry": {
        "type": "Polygon",
        "coordinates": [
          [
            [
              77.20793842230759,
              28.61487146525199
            ],
            [
              77.20793347379939,
              28.614567731020685
            ],
            [
              77.20748036781312,
              28.61457489563293
            ],
            [
              77.20748672624153,
              28.614878824288237
            ],
            [
              77.20793842230759,
              28.61487146525199
            ]
          ]
        ]
      }
    },
    {
      "type": "Feature",
      "properties": {
        "parcel_id": "ULPIN-2026-8500-00012",
        "survey_number": "UNSURVEYED-12",
        "area_sqm": 1344.19,
        "perimeter_m": 142.92,
        "confidence_score": 0.672,
        "verification_status": "Needs GT Verification",
        "building_count": 1,
        "building_coverage_ratio": 0.482,
        "landuse_class": "Mixed-Use",
        "owner_record": "Unregistered / Pending Survey",
        "has_gnss_control": false,
        "tax_assessment_annual_inr": 4166989,
        "tax_rate_per_sqm": 3100,
        "lulc_confidence": 0.936
      },
      "geometry": {
        "type": "Polygon",
        "coordinates": [
          [
            [
              77.2079049424509,
              28.61370137491306
            ],
            [
              77.20803815883366,
              28.61377067749734
            ],
            [
              77.20824972226042,
              28.613686362075487
            ],
            [
              77.20824308788505,
              28.61336933718166
            ],
            [
              77.20824308788505,
              28.61336933718166
            ],
            [
              77.20789811259897,
              28.613374958245384
            ],
            [
              77.20789811259897,
              28.613374958245387
            ],
            [
              77.2079049424509,
              28.61370137491306
            ]
          ]
        ]
      }
    },
    {
      "type": "Feature",
      "properties": {
        "parcel_id": "ULPIN-2026-8500-00013",
        "survey_number": "UNSURVEYED-13",
        "area_sqm": 1915.1,
        "perimeter_m": 171.1,
        "confidence_score": 0.663,
        "verification_status": "Needs GT Verification",
        "building_count": 2,
        "building_coverage_ratio": 0.418,
        "landuse_class": "Vacant/Green",
        "owner_record": "Unregistered / Pending Survey",
        "has_gnss_control": false,
        "tax_assessment_annual_inr": 861795,
        "tax_rate_per_sqm": 450,
        "lulc_confidence": 0.898
      },
      "geometry": {
        "type": "Polygon",
        "coordinates": [
          [
            [
              77.20747321598148,
              28.61423303718886
            ],
            [
              77.20748036781312,
              28.61457489563293
            ],
            [
              77.20793347379939,
              28.614567731020685
            ],
            [
              77.20793347529799,
              28.614567729648527
            ],
            [
              77.20792355968706,
              28.614179844353515
            ],
            [
              77.20766962506195,
              28.614158563406036
            ],
            [
              77.20747321598148,
              28.61423303718886
            ]
          ]
        ]
      }
    },
    {
      "type": "Feature",
      "properties": {
        "parcel_id": "ULPIN-2026-8500-00014",
        "survey_number": "UNSURVEYED-14",
        "area_sqm": 3401.33,
        "perimeter_m": 230.89,
        "confidence_score": 0.654,
        "verification_status": "Needs GT Verification",
        "building_count": 2,
        "building_coverage_ratio": 0.358,
        "landuse_class": "Vacant/Green",
        "owner_record": "Unregistered / Pending Survey",
        "has_gnss_control": false,
        "tax_assessment_annual_inr": 1530598,
        "tax_rate_per_sqm": 450,
        "lulc_confidence": 0.901
      },
      "geometry": {
        "type": "Polygon",
        "coordinates": [
          [
            [
              77.20823671746072,
              28.613064920406025
            ],
            [
              77.20823671746074,
              28.61306492040603
            ],
            [
              77.20859367606649,
              28.613059103216578
            ],
            [
              77.20891441161967,
              28.612858320168428
            ],
            [
              77.20891137706515,
              28.612548023259688
            ],
            [
              77.20822613445569,
              28.61255919099207
            ],
            [
              77.20823671746072,
              28.613064920406025
            ]
          ]
        ]
      }
    },
    {
      "type": "Feature",
      "properties": {
        "parcel_id": "ULPIN-2026-8500-00015",
        "survey_number": "UNSURVEYED-15",
        "area_sqm": 2142.65,
        "perimeter_m": 273.28,
        "confidence_score": 0.667,
        "verification_status": "Needs GT Verification",
        "building_count": 6,
        "building_coverage_ratio": 0.448,
        "landuse_class": "Vacant/Green",
        "owner_record": "Unregistered / Pending Survey",
        "has_gnss_control": false,
        "tax_assessment_annual_inr": 964192,
        "tax_rate_per_sqm": 450,
        "lulc_confidence": 0.911
      },
      "geometry": {
        "type": "Polygon",
        "coordinates": [
          [
            [
              77.20803815883366,
              28.61377067749734
            ],
            [
              77.20803995196394,
              28.613856369605294
            ],
            [
              77.20821074335366,
              28.61385358661323
            ],
            [
              77.20821450383342,
              28.61385368826272
            ],
            [
              77.20821823491454,
              28.613854114677583
            ],
            [
              77.20822190066474,
              28.613854861751204
            ],
            [
              77.20822546578083,
              28.61385592228887
            ],
            [
              77.20822889592887,
              28.613857286077025
            ],
            [
              77.20823215807467,
              28.61385893998167
            ],
            [
              77.20823522080197,
              28.61386086807478
            ],
            [
              77.20823805461507,
              28.613863051787813
            ],
            [
              77.20824063222281,
              28.613865470090403
            ],
            [
              77.20824292880143,
              28.61386809969301
            ],
            [
              77.20824492223358,
              28.61387091527113
            ],
            [
              77.20824659332143,
              28.613873889709225
            ],
            [
              77.20824792597146,
              28.613876994361842
            ],
            [
              77.20824890734953,
              28.61388019932948
            ],
            [
              77.20824952800437,
              28.61388347374657
            ],
            [
              77.2082497819587,
              28.613886786078695
            ],
            [
              77.20824966676678,
              28.61389010442628
            ],
            [
              77.20824918353793,
              28.613893396831827
            ],
            [
              77.20824833692588,
              28.613896631587664
            ],
            [
              77.20824713508392,
              28.61389977754134
            ],
            [
              77.20824558958645,
              28.613902804395572
            ],
            [
              77.20824371531741,
              28.613905683000098
            ],
            [
              77.208241530327,
              28.61390838563237
            ],
            [
              77.20823905565788,
              28.61391088626454
            ],
            [
              77.20823631514246,
              28.613913160814153
            ],
            [
              77.20823333517338,
              28.613915187376033
            ],
            [
              77.2082301444494,
              28.61391694643326
            ],
            [
              77.20822677369894,
              28.613918421045135
            ],
            [
              77.2082232553842,
              28.61391959701034
            ],
            [
              77.20821962338847,
              28.613920463003666
            ],
            [
              77.20821591268992,
              28.613921010685104
            ],
            [
              77.20821215902463,
              28.613921234780204
            ],
            [
              77.20804136752564,
              28.613924017780047
            ],
            [
              77.20804555206486,
              28.61412399105438
            ],
            [
              77.20826570762091,
              28.614181753677013
            ],
            [
              77.2086231518635,
              28.614043018665026
            ],
            [
              77.20862504740016,
              28.61392100370862
            ],
            [
              77.20840711360896,
              28.613918038363057
            ],
            [
              77.20840335918822,
              28.61391782435561
            ],
            [
              77.20839964661735,
              28.6139172866479
            ],
            [
              77.20839601165046,
              28.61391643041832
            ],
            [
              77.2083924892943,
              28.613915263912848
            ],
            [
              77.20838911347113,
              28.61391379836557
            ],
            [
              77.20838591669198,
              28.613912047890523
            ],
            [
              77.2083829297436,
              28.613910029345753
            ],
            [
              77.20838018139196,
              28.613907762170964
            ],
            [
              77.20837769810517,
              28.61390526820029
            ],
            [
              77.20837550379865,
              28.61390257145207
            ],
            [
              77.20837361960476,
              28.613899697897455
            ],
            [
              77.2083720636693,
              28.613896675210388
            ],
            [
              77.20837085097676,
              28.613893532500988
            ],
            [
              77.20836999320602,
              28.613890300035273
            ],
            [
              77.20836949861783,
              28.61388700894369
            ],
            [
              77.20836937197532,
              28.61388369092122
            ],
            [
              77.20836961449808,
              28.61388037792227
            ],
            [
              77.20837022385048,
              28.613877101852804
            ],
            [
              77.20837119416404,
              28.613873894263175
            ],
            [
              77.20837251609414,
              28.613870786044213
            ],
            [
              77.2083741769098,
              28.613867807129758
            ],
            [
              77.20837616061644,
              28.61386498620837
            ],
            [
              77.20837844810988,
              28.613862350447064
            ],
            [
              77.20838101736027,
              28.613859925229633
            ],
            [
              77.20838384362436,
              28.613857733912237
            ],
            [
              77.20838689968363,
              28.61385579759845
            ],
            [
              77.20839015610662,
              28.61385413493601
            ],
            [
              77.20839358153218,
              28.61385276193726
            ],
            [
              77.2083971429716,
              28.6138516918249
            ],
            [
              77.20840080612635,
              28.613850934904715
            ],
            [
              77.20840453571823,
              28.613850498466213
            ],
            [
              77.20840829582927,
              28.613850386712564
            ],
            [
              77.20862609841758,
              28.61385335028071
            ],
            [
              77.20862697057945,
              28.61379720977225
            ],
            [
              77.20824972226042,
              28.613686362075487
            ],
            [
              77.20803815883366,
              28.61377067749734
            ]
          ]
        ]
      }
    },
    {
      "type": "Feature",
      "properties": {
        "parcel_id": "ULPIN-2026-8500-00016",
        "survey_number": "UNSURVEYED-16",
        "area_sqm": 1139.06,
        "perimeter_m": 134.92,
        "confidence_score": 0.683,
        "verification_status": "Needs GT Verification",
        "building_count": 1,
        "building_coverage_ratio": 0.553,
        "landuse_class": "Mixed-Use",
        "owner_record": "Unregistered / Pending Survey",
        "has_gnss_control": false,
        "tax_assessment_annual_inr": 3531086,
        "tax_rate_per_sqm": 3100,
        "lulc_confidence": 0.905
      },
      "geometry": {
        "type": "Polygon",
        "coordinates": [
          [
            [
              77.20793347379939,
              28.614567731020685
            ],
            [
              77.20793842230759,
              28.61487146525199
            ],
            [
              77.20793904234782,
              28.61487199500058
            ],
            [
              77.20828402597806,
              28.614866538973946
            ],
            [
              77.20828480741292,
              28.61486582092261
            ],
            [
              77.20827703882995,
              28.614561967904656
            ],
            [
              77.20793347529799,
              28.614567729648527
            ],
            [
              77.20793347379939,
              28.614567731020685
            ]
          ]
        ]
      }
    },
    {
      "type": "Feature",
      "properties": {
        "parcel_id": "ULPIN-2026-8500-00017",
        "survey_number": "UNSURVEYED-17",
        "area_sqm": 1600.03,
        "perimeter_m": 163.73,
        "confidence_score": 0.682,
        "verification_status": "Needs GT Verification",
        "building_count": 2,
        "building_coverage_ratio": 0.547,
        "landuse_class": "Vacant/Green",
        "owner_record": "Unregistered / Pending Survey",
        "has_gnss_control": false,
        "tax_assessment_annual_inr": 720013,
        "tax_rate_per_sqm": 450,
        "lulc_confidence": 0.899
      },
      "geometry": {
        "type": "Polygon",
        "coordinates": [
          [
            [
              77.20828480741292,
              28.61486582092261
            ],
            [
              77.20882478113924,
              28.614857020309216
            ],
            [
              77.20870849794926,
              28.614558831414943
            ],
            [
              77.2086690581716,
              28.614555038059372
            ],
            [
              77.20827764028422,
              28.614561417197482
            ],
            [
              77.20827703882995,
              28.614561967904656
            ],
            [
              77.20828480741292,
              28.61486582092261
            ]
          ]
        ]
      }
    },
    {
      "type": "Feature",
      "properties": {
        "parcel_id": "ULPIN-2026-8500-00018",
        "survey_number": "UNSURVEYED-18",
        "area_sqm": 1667.02,
        "perimeter_m": 240.16,
        "confidence_score": 0.655,
        "verification_status": "Needs GT Verification",
        "building_count": 5,
        "building_coverage_ratio": 0.364,
        "landuse_class": "Vacant/Green",
        "owner_record": "Unregistered / Pending Survey",
        "has_gnss_control": false,
        "tax_assessment_annual_inr": 750159,
        "tax_rate_per_sqm": 450,
        "lulc_confidence": 0.889
      },
      "geometry": {
        "type": "Polygon",
        "coordinates": [
          [
            [
              77.2091160802012,
              28.614874118484373
            ],
            [
              77.2090779769538,
              28.61487474831558
            ],
            [
              77.20907854249992,
              28.61487551869206
            ],
            [
              77.20908026865503,
              28.614878468546607
            ],
            [
              77.20908165883465,
              28.614881553495533
            ],
            [
              77.20908269965058,
              28.614884743829116
            ],
            [
              77.20908338107917,
              28.614888008822692
            ],
            [
              77.20908369655784,
              28.61489131703261
            ],
            [
              77.20909239290388,
              28.615111332248485
            ],
            [
              77.20909233939503,
              28.615114651814764
            ],
            [
              77.20909191741254,
              28.615117950768337
            ],
            [
              77.20909113102026,
              28.61512119733849
            ],
            [
              77.20908998779157,
              28.615124360258953
            ],
            [
              77.20908849873636,
              28.615127409069082
            ],
            [
              77.20908667819502,
              28.615130314407146
            ],
            [
              77.20908454370034,
              28.615133048293156
            ],
            [
              77.20908211580863,
              28.61513558439827
            ],
            [
              77.20907941790183,
              28.615137898298403
            ],
            [
              77.20907647596226,
              28.615139967709403
            ],
            [
              77.2090733183224,
              28.615141772701712
            ],
            [
              77.20906997539207,
              28.615143295892242
            ],
            [
              77.20906647936552,
              28.615144522611825
            ],
            [
              77.20906286391143,
              28.615145441046465
            ],
            [
              77.20905916384862,
              28.615146042351135
            ],
            [
              77.20905541481078,
              28.615146320734926
            ],
            [
              77.20905165290318,
              28.615146273516853
            ],
            [
              77.20904791435511,
              28.615145901151635
            ],
            [
              77.20904423517086,
              28.61514520722538
            ],
            [
              77.20904065078304,
              28.615144198420957
            ],
            [
              77.20903719571125,
              28.615142884453725
            ],
            [
              77.20903390322978,
              28.615141277977905
            ],
            [
              77.20903080504702,
              28.61513939446477
            ],
            [
              77.20902793100021,
              28.615137252053568
            ],
            [
              77.20902530876799,
              28.615134871376924
            ],
            [
              77.20902296360387,
              28.61513227536206
            ],
            [
              77.20902091809306,
              28.615129489010037
            ],
            [
              77.20901919193497,
              28.615126539154968
            ],
            [
              77.20901780175339,
              28.61512345420558
            ],
            [
              77.20901676093652,
              28.615120263871628
            ],
            [
              77.20901607950796,
              28.61511699887779
            ],
            [
              77.20901576403023,
              28.615113690667737
            ],
            [
              77.20900706784317,
              28.61489367543823
            ],
            [
              77.2090071213551,
              28.61489035587174
            ],
            [
              77.20900754333987,
              28.61488705691823
            ],
            [
              77.2090083297335,
              28.614883810348427
            ],
            [
              77.20900947296258,
              28.61488064742855
            ],
            [
              77.20901096201716,
              28.614877598619255
            ],
            [
              77.20901206539163,
              28.61487583778164
            ],
            [
              77.20884840537408,
              28.614878542813795
            ],
            [
              77.2086805906851,
              28.615258633845375
            ],
            [
              77.20933461727587,
              28.615247972091595
            ],
            [
              77.2091160802012,
              28.614874118484373
            ]
          ]
        ]
      }
    },
    {
      "type": "Feature",
      "properties": {
        "parcel_id": "ULPIN-2026-8500-00019",
        "survey_number": "UNSURVEYED-19",
        "area_sqm": 1491.12,
        "perimeter_m": 155.86,
        "confidence_score": 0.664,
        "verification_status": "Needs GT Verification",
        "building_count": 1,
        "building_coverage_ratio": 0.424,
        "landuse_class": "Mixed-Use",
        "owner_record": "Unregistered / Pending Survey",
        "has_gnss_control": false,
        "tax_assessment_annual_inr": 4622472,
        "tax_rate_per_sqm": 3100,
        "lulc_confidence": 0.899
      },
      "geometry": {
        "type": "Polygon",
        "coordinates": [
          [
            [
              77.20794738297471,
              28.615270582633276
            ],
            [
              77.20829236444379,
              28.615264961104845
            ],
            [
              77.20828402597806,
              28.614866538973946
            ],
            [
              77.20793904234782,
              28.61487199500058
            ],
            [
              77.20794738297471,
              28.615270582633276
            ]
          ]
        ]
      }
    },
    {
      "type": "Feature",
      "properties": {
        "parcel_id": "ULPIN-2026-8500-00020",
        "survey_number": "UNSURVEYED-20",
        "area_sqm": 2079.11,
        "perimeter_m": 183.63,
        "confidence_score": 0.667,
        "verification_status": "Needs GT Verification",
        "building_count": 2,
        "building_coverage_ratio": 0.444,
        "landuse_class": "Vacant/Green",
        "owner_record": "Unregistered / Pending Survey",
        "has_gnss_control": false,
        "tax_assessment_annual_inr": 935599,
        "tax_rate_per_sqm": 450,
        "lulc_confidence": 0.927
      },
      "geometry": {
        "type": "Polygon",
        "coordinates": [
          [
            [
              77.20828402597806,
              28.614866538973946
            ],
            [
              77.20829236444379,
              28.615264961104845
            ],
            [
              77.2086805906851,
              28.615258633845375
            ],
            [
              77.20884840537408,
              28.614878542813795
            ],
            [
              77.20882478113924,
              28.614857020309216
            ],
            [
              77.20828480741292,
              28.61486582092261
            ],
            [
              77.20828402597806,
              28.614866538973946
            ]
          ]
        ]
      }
    },
    {
      "type": "Feature",
      "properties": {
        "parcel_id": "ULPIN-2026-8500-00021",
        "survey_number": "UNSURVEYED-21",
        "area_sqm": 1051.03,
        "perimeter_m": 130.62,
        "confidence_score": 0.692,
        "verification_status": "Needs GT Verification",
        "building_count": 1,
        "building_coverage_ratio": 0.615,
        "landuse_class": "Mixed-Use",
        "owner_record": "Unregistered / Pending Survey",
        "has_gnss_control": false,
        "tax_assessment_annual_inr": 3258193,
        "tax_rate_per_sqm": 3100,
        "lulc_confidence": 0.907
      },
      "geometry": {
        "type": "Polygon",
        "coordinates": [
          [
            [
              77.20824308788505,
              28.61336933718166
            ],
            [
              77.20852275446445,
              28.613364779620223
            ],
            [
              77.20859367606649,
              28.613059103216578
            ],
            [
              77.20823671746074,
              28.61306492040603
            ],
            [
              77.20824308788505,
              28.61336933718166
            ],
            [
              77.20824308788505,
              28.61336933718166
            ]
          ]
        ]
      }
    },
    {
      "type": "Feature",
      "properties": {
        "parcel_id": "ULPIN-2026-8500-00022",
        "survey_number": "UNSURVEYED-22",
        "area_sqm": 1833.41,
        "perimeter_m": 167.47,
        "confidence_score": 0.669,
        "verification_status": "Needs GT Verification",
        "building_count": 2,
        "building_coverage_ratio": 0.461,
        "landuse_class": "Vacant/Green",
        "owner_record": "Unregistered / Pending Survey",
        "has_gnss_control": false,
        "tax_assessment_annual_inr": 825034,
        "tax_rate_per_sqm": 450,
        "lulc_confidence": 0.895
      },
      "geometry": {
        "type": "Polygon",
        "coordinates": [
          [
            [
              77.20824972226042,
              28.613686362075487
            ],
            [
              77.20862697057945,
              28.61379720977225
            ],
            [
              77.20880622523502,
              28.61360154583318
            ],
            [
              77.20852275446445,
              28.613364779620223
            ],
            [
              77.20824308788505,
              28.61336933718166
            ],
            [
              77.20824972226042,
              28.613686362075487
            ]
          ]
        ]
      }
    },
    {
      "type": "Feature",
      "properties": {
        "parcel_id": "ULPIN-2026-8500-00023",
        "survey_number": "UNSURVEYED-23",
        "area_sqm": 2274.82,
        "perimeter_m": 326.67,
        "confidence_score": 0.666,
        "verification_status": "Needs GT Verification",
        "building_count": 8,
        "building_coverage_ratio": 0.443,
        "landuse_class": "Vacant/Green",
        "owner_record": "Unregistered / Pending Survey",
        "has_gnss_control": false,
        "tax_assessment_annual_inr": 1023669,
        "tax_rate_per_sqm": 450,
        "lulc_confidence": 0.919
      },
      "geometry": {
        "type": "Polygon",
        "coordinates": [
          [
            [
              77.20862609841758,
              28.61385335028071
            ],
            [
              77.20863656989816,
              28.61385349275386
            ],
            [
              77.20863829257702,
              28.613852321217745
            ],
            [
              77.20864148329161,
              28.61385056215136
            ],
            [
              77.20864485403345,
              28.613849087529584
            ],
            [
              77.20864837234042,
              28.613847911553805
            ],
            [
              77.20865200432935,
              28.613847045549306
            ],
            [
              77.20865571502222,
              28.61384649785617
            ],
            [
              77.20865946868307,
              28.61384627374897
            ],
            [
              77.20881688026243,
              28.613843708064724
            ],
            [
              77.20882064074124,
              28.613843809697368
            ],
            [
              77.20882437182328,
              28.61384423609541
            ],
            [
              77.20882803757625,
              28.613844983152408
            ],
            [
              77.208831602697,
              28.613846043673806
            ],
            [
              77.20883503285145,
              28.613847407446205
            ],
            [
              77.20883829500539,
              28.61384906133573
            ],
            [
              77.20884135774253,
              28.61385098941455
            ],
            [
              77.20884419156701,
              28.61385317311423
            ],
            [
              77.20884676918759,
              28.613855591404537
            ],
            [
              77.20884906578034,
              28.613858220996043
            ],
            [
              77.20885105922785,
              28.613861036564366
            ],
            [
              77.2088527303321,
              28.61386401099405
            ],
            [
              77.20885406299941,
              28.61386711563973
            ],
            [
              77.20885504439548,
              28.613870320601983
            ],
            [
              77.20885566506885,
              28.613873595015264
            ],
            [
              77.2088559190421,
              28.613876907345208
            ],
            [
              77.20885580386927,
              28.613880225692267
            ],
            [
              77.20885532065952,
              28.61388351809894
            ],
            [
              77.2088544740664,
              28.61388675285755
            ],
            [
              77.208853272243,
              28.6138898988156
            ],
            [
              77.20885172676353,
              28.61389292567579
            ],
            [
              77.20884985251178,
              28.613895804287793
            ],
            [
              77.20884766753778,
              28.613898506928983
            ],
            [
              77.20884519288403,
              28.61390100757144
            ],
            [
              77.2088424523828,
              28.613903282132576
            ],
            [
              77.20883947242658,
              28.613905308707142
            ],
            [
              77.208836281714,
              28.613907067778076
            ],
            [
              77.2088329109734,
              28.613908542404566
            ],
            [
              77.20882939266683,
              28.61390971838513
            ],
            [
              77.20882576067758,
              28.613910584394414
            ],
            [
              77.2088220499837,
              28.613911132092277
            ],
            [
              77.20881829632123,
              28.613911356204085
            ],
            [
              77.20867327470708,
              28.613913719953434
            ],
            [
              77.20867294517281,
              28.613913975455883
            ],
            [
              77.20866988911762,
              28.613915911775916
            ],
            [
              77.20866663269769,
              28.613917574444926
            ],
            [
              77.20866320727413,
              28.613918947450493
            ],
            [
              77.20865964583565,
              28.613920017569814
            ],
            [
              77.20865598268091,
              28.613920774497032
            ],
            [
              77.20865225308809,
              28.61392121094253
            ],
            [
              77.20864849297526,
              28.613921322703074
            ],
            [
              77.20862504740016,
              28.61392100370862
            ],
            [
              77.2086231518635,
              28.614043018665026
            ],
            [
              77.2088507639053,
              28.614235989394665
            ],
            [
              77.2089908988817,
              28.61422958829338
            ],
            [
              77.20898972265091,
              28.61421070598342
            ],
            [
              77.20898970073245,
              28.61420738613711
            ],
            [
              77.20899004767871,
              28.61420408038098
            ],
            [
              77.2089907601484,
              28.614200820551268
            ],
            [
              77.20899183128,
              28.614197638041908
            ],
            [
              77.20899325075789,
              28.6141945635022
            ],
            [
              77.20899500491171,
              28.614191626541643
            ],
            [
              77.20899641580412,
              28.614189739553332
            ],
            [
              77.20899314441222,
              28.61403347227627
            ],
            [
              77.20899325958054,
              28.61403015392939
            ],
            [
              77.20899374278629,
              28.614026861522493
            ],
            [
              77.2089945893759,
              28.61402362676325
            ],
            [
              77.20899579119623,
              28.614020480804143
            ],
            [
              77.20899733667306,
              28.614017453942484
            ],
            [
              77.20899921092257,
              28.6140145753286
            ],
            [
              77.20900139589472,
              28.614011872685094
            ],
            [
              77.20900387054697,
              28.61400937203988
            ],
            [
              77.2090066110471,
              28.614007097475533
            ],
            [
              77.20900959100258,
              28.61400507089734
            ],
            [
              77.20901278171483,
              28.614003311822344
            ],
            [
              77.20901615245553,
              28.614001837191374
            ],
            [
              77.20901967076267,
              28.61400066120592
            ],
            [
              77.20902330275301,
              28.613999795191358
            ],
            [
              77.20902701344856,
              28.61399924748787
            ],
            [
              77.20903076711329,
              28.61399902337013
            ],
            [
              77.20903452759742,
              28.61399912499652
            ],
            [
              77.20903825868545,
              28.61399955138831
            ],
            [
              77.20904192444503,
              28.614000298439127
            ],
            [
              77.20904548957289,
              28.614001358954468
            ],
            [
              77.20904891973491,
              28.614002722720976
            ],
            [
              77.20905218189682,
              28.614004376604882
            ],
            [
              77.20905524464223,
              28.614006304678355
            ],
            [
              77.20905807847522,
              28.614008488373035
            ],
            [
              77.20906065610447,
              28.61401090665874
            ],
            [
              77.20906295270596,
              28.614013536246095
            ],
            [
              77.20906494616219,
              28.614016351810726
            ],
            [
              77.20906661727506,
              28.61401932623724
            ],
            [
              77.2090679499508,
              28.614022430880294
            ],
            [
              77.20906893135503,
              28.614025635840484
            ],
            [
              77.20906955203623,
              28.614028910252312
            ],
            [
              77.2090698060169,
              28.61403222258139
            ],
            [
              77.20907328051459,
              28.61419818598233
            ],
            [
              77.20907316534898,
              28.614201504329063
            ],
            [
              77.20907268214532,
              28.614204796736082
            ],
            [
              77.20907183555707,
              28.614208031495682
            ],
            [
              77.20907063373731,
              28.614211177455374
            ],
            [
              77.2090690882602,
              28.614214204317822
            ],
            [
              77.2090672140095,
              28.614217082932694
            ],
            [
              77.20906693217532,
              28.614217431539846
            ],
            [
              77.20906747157423,
              28.61422609053587
            ],
            [
              77.20913030895099,
              28.614223220160273
            ],
            [
              77.20904952830205,
              28.613657444289604
            ],
            [
              77.20904854050208,
              28.613658442468854
            ],
            [
              77.20904488651455,
              28.613661475221846
            ],
            [
              77.20904091325384,
              28.613664177326484
            ],
            [
              77.20903879190683,
              28.61366534685251
            ],
            [
              77.20903722635478,
              28.613747024700306
            ],
            [
              77.20903697822878,
              28.613750337375052
            ],
            [
              77.20903636333657,
              28.613753612637193
            ],
            [
              77.20903538759985,
              28.61375681894415
            ],
            [
              77.2090340604155,
              28.613759925417444
            ],
            [
              77.20903239456499,
              28.613762902140028
            ],
            [
              77.20903040609136,
              28.613765720444423
            ],
            [
              77.20902811414466,
              28.6137683531888
            ],
            [
              77.20902554079758,
              28.61377077501838
            ],
            [
              77.20902271083287,
              28.61377296260961
            ],
            [
              77.20901965150462,
              28.61377489489477
            ],
            [
              77.20901639227587,
              28.613776553264888
            ],
            [
              77.20901296453478,
              28.613777921748927
            ],
            [
              77.20900940129238,
              28.613778987167642
            ],
            [
              77.20900573686467,
              28.613779739260448
            ],
            [
              77.20900200654212,
              28.613780170784274
            ],
            [
              77.20899824624983,
              28.613780277583302
            ],
            [
              77.20899449220148,
              28.613780058629
            ],
            [
              77.20899078055065,
              28.613779516030014
            ],
            [
              77.20898714704262,
              28.61377865501187
            ],
            [
              77.20898362667006,
              28.613777483866656
            ],
            [
              77.20898025333614,
              28.613776013873146
            ],
            [
              77.2089770595279,
              28.613774259188197
            ],
            [
              77.20897407600349,
              28.61377223671038
            ],
            [
              77.20897133149589,
              28.613769965917292
            ],
            [
              77.20896885243623,
              28.61376746867792
            ],
            [
              77.2089666626992,
              28.613764769042064
            ],
            [
              77.20896478337312,
              28.613761893008704
            ],
            [
              77.20896323255695,
              28.613758868275628
            ],
            [
              77.20896202518588,
              28.613755723972687
            ],
            [
              77.20896117288751,
              28.613752490381245
            ],
            [
              77.20896068386992,
              28.613749198642555
            ],
            [
              77.20896056284256,
              28.613745880457873
            ],
            [
              77.2089625177972,
              28.613643890620835
            ],
            [
              77.20896276592555,
              28.613640577946068
            ],
            [
              77.20896284082119,
              28.613640179010975
            ],
            [
              77.20896179307267,
              28.61363675736318
            ],
            [
              77.20896096550639,
              28.61363239147945
            ],
            [
              77.20896062687252,
              28.613627975039844
            ],
            [
              77.20895897710467,
              28.61354916625295
            ],
            [
              77.20880622523502,
              28.61360154583318
            ],
            [
              77.20862697057945,
              28.61379720977225
            ],
            [
              77.20862609841758,
              28.61385335028071
            ]
          ]
        ]
      }
    },
    {
      "type": "Feature",
      "properties": {
        "parcel_id": "ULPIN-2026-8500-00024",
        "survey_number": "UNSURVEYED-24",
        "area_sqm": 2424.92,
        "perimeter_m": 204.65,
        "confidence_score": 0.685,
        "verification_status": "Needs GT Verification",
        "building_count": 7,
        "building_coverage_ratio": 0.565,
        "landuse_class": "Vacant/Green",
        "owner_record": "Unregistered / Pending Survey",
        "has_gnss_control": false,
        "tax_assessment_annual_inr": 1091214,
        "tax_rate_per_sqm": 450,
        "lulc_confidence": 0.882
      },
      "geometry": {
        "type": "Polygon",
        "coordinates": [
          [
            [
              77.20852275446445,
              28.613364779620223
            ],
            [
              77.20880622523502,
              28.61360154583318
            ],
            [
              77.20895897710467,
              28.61354916625295
            ],
            [
              77.20894554052548,
              28.612907294122326
            ],
            [
              77.20891441161967,
              28.612858320168428
            ],
            [
              77.20859367606649,
              28.613059103216578
            ],
            [
              77.20852275446445,
              28.613364779620223
            ]
          ]
        ]
      }
    },
    {
      "type": "Feature",
      "properties": {
        "parcel_id": "ULPIN-2026-8500-00025",
        "survey_number": "UNSURVEYED-25",
        "area_sqm": 21.35,
        "perimeter_m": 53.76,
        "confidence_score": 0.6,
        "verification_status": "Needs GT Verification",
        "building_count": 0,
        "building_coverage_ratio": 0.0,
        "landuse_class": "Vacant/Green",
        "owner_record": "Unregistered / Pending Survey",
        "has_gnss_control": false,
        "tax_assessment_annual_inr": 9607,
        "tax_rate_per_sqm": 450,
        "lulc_confidence": 0.894
      },
      "geometry": {
        "type": "Polygon",
        "coordinates": [
          [
            [
              77.20907371425386,
              28.61336463795286
            ],
            [
              77.20905309092075,
              28.613160522579907
            ],
            [
              77.20905813254966,
              28.613401351915783
            ],
            [
              77.20907371425386,
              28.61336463795286
            ]
          ]
        ]
      }
    },
    {
      "type": "Feature",
      "properties": {
        "parcel_id": "ULPIN-2026-8500-00026",
        "survey_number": "UNSURVEYED-26",
        "area_sqm": 2523.48,
        "perimeter_m": 346.53,
        "confidence_score": 0.668,
        "verification_status": "Needs GT Verification",
        "building_count": 7,
        "building_coverage_ratio": 0.453,
        "landuse_class": "Vacant/Green",
        "owner_record": "Unregistered / Pending Survey",
        "has_gnss_control": false,
        "tax_assessment_annual_inr": 1135566,
        "tax_rate_per_sqm": 450,
        "lulc_confidence": 0.918
      },
      "geometry": {
        "type": "Polygon",
        "coordinates": [
          [
            [
              77.20884840537408,
              28.614878542813795
            ],
            [
              77.20901206539163,
              28.61487583778164
            ],
            [
              77.2090127825568,
              28.614874693282232
            ],
            [
              77.20901491704868,
              28.61487195939744
            ],
            [
              77.20901734493644,
              28.614869423293687
            ],
            [
              77.20902004283825,
              28.61486710939501
            ],
            [
              77.20902298477176,
              28.614865039985517
            ],
            [
              77.20902614240462,
              28.614863234994715
            ],
            [
              77.20902948532708,
              28.614861711805666
            ],
            [
              77.20903298134498,
              28.61486048508748
            ],
            [
              77.20903659678979,
              28.614859566654122
            ],
            [
              77.20904029684283,
              28.614858965350596
            ],
            [
              77.20904404587058,
              28.61485868696777
            ],
            [
              77.20904780776792,
              28.614858734186626
            ],
            [
              77.20905154630573,
              28.614859106552412
            ],
            [
              77.2090552254799,
              28.61485980047905
            ],
            [
              77.20905880985798,
              28.61486080928365
            ],
            [
              77.2090622649205,
              28.61486212325087
            ],
            [
              77.20906555739336,
              28.61486372972652
            ],
            [
              77.20906865556822,
              28.614865613239342
            ],
            [
              77.209071529608,
              28.614867755650113
            ],
            [
              77.20907415183414,
              28.614870136326267
            ],
            [
              77.20907649699318,
              28.614872732340586
            ],
            [
              77.2090779769538,
              28.61487474831558
            ],
            [
              77.2091160802012,
              28.614874118484373
            ],
            [
              77.2091332375299,
              28.61486092362485
            ],
            [
              77.20927436304808,
              28.61455410244177
            ],
            [
              77.20914157246091,
              28.61422560540209
            ],
            [
              77.20913030895099,
              28.614223220160273
            ],
            [
              77.20906747157423,
              28.61422609053587
            ],
            [
              77.20907706257644,
              28.614380054967935
            ],
            [
              77.2090770808617,
              28.614382824115214
            ],
            [
              77.20907717047619,
              28.614383992828103
            ],
            [
              77.20907966309231,
              28.614503053522455
            ],
            [
              77.20907954792725,
              28.614506371869062
            ],
            [
              77.20907906472306,
              28.614509664276028
            ],
            [
              77.20907821813321,
              28.61451289903566
            ],
            [
              77.20907701631081,
              28.614516044995455
            ],
            [
              77.20907547083006,
              28.614519071858094
            ],
            [
              77.2090735965747,
              28.61452195047322
            ],
            [
              77.20907141159485,
              28.61452465311818
            ],
            [
              77.20906893693305,
              28.614527153765028
            ],
            [
              77.20906619642163,
              28.61452942833114
            ],
            [
              77.20906321645323,
              28.614531454911187
            ],
            [
              77.20906002572654,
              28.614533213988082
            ],
            [
              77.20905665497006,
              28.614534688620942
            ],
            [
              77.20905313664602,
              28.61453586460822
            ],
            [
              77.2090495046378,
              28.614536730624522
            ],
            [
              77.20904579392372,
              28.614537278329625
            ],
            [
              77.20904204023995,
              28.61453750244881
            ],
            [
              77.2090382797366,
              28.614537400823696
            ],
            [
              77.20903454862938,
              28.61453697443298
            ],
            [
              77.20903088285093,
              28.61453622738304
            ],
            [
              77.20902731770472,
              28.614535166868386
            ],
            [
              77.20902388752513,
              28.614533803102354
            ],
            [
              77.20902062534665,
              28.614532149218775
            ],
            [
              77.20901756258587,
              28.614530221145454
            ],
            [
              77.20901472873886,
              28.61452803745081
            ],
            [
              77.20901215109714,
              28.614525619165036
            ],
            [
              77.2090098544848,
              28.614522989577555
            ],
            [
              77.20900786101946,
              28.61452017401275
            ],
            [
              77.20900618989926,
              28.614517199586057
            ],
            [
              77.20900485721799,
              28.614514094942848
            ],
            [
              77.2090038758101,
              28.614510889982547
            ],
            [
              77.20900325512702,
              28.614507615570687
            ],
            [
              77.20900300114624,
              28.614504303241638
            ],
            [
              77.20900050861646,
              28.61438524254114
            ],
            [
              77.20900054694336,
              28.61438413822122
            ],
            [
              77.2090005032169,
              28.61438376855144
            ],
            [
              77.2089908988817,
              28.61422958829338
            ],
            [
              77.2088507639053,
              28.614235989394665
            ],
            [
              77.20870849794926,
              28.614558831414943
            ],
            [
              77.20882478113924,
              28.614857020309216
            ],
            [
              77.20884840537408,
              28.614878542813795
            ]
          ],
          [
            [
              77.20901122079856,
              28.614818060507925
            ],
            [
              77.20901023938698,
              28.61481485554797
            ],
            [
              77.20900961870126,
              28.614811581136387
            ],
            [
              77.20900936471888,
              28.614808268807543
            ],
            [
              77.2090049083194,
              28.61459540271548
            ],
            [
              77.20900502348671,
              28.614592084368837
            ],
            [
              77.20900550669343,
              28.614588791962028
            ],
            [
              77.20900635328597,
              28.614585557202727
            ],
            [
              77.20900755511116,
              28.614582411243433
            ],
            [
              77.20900910059474,
              28.614579384381436
            ],
            [
              77.20901097485283,
              28.614576505767072
            ],
            [
              77.20901315983528,
              28.614573803122962
            ],
            [
              77.20901563449948,
              28.61457130247702
            ],
            [
              77.20901837501309,
              28.614569027911827
            ],
            [
              77.20902135498345,
              28.614567001332667
            ],
            [
              77.20902454571181,
              28.6145652422566
            ],
            [
              77.20902791646976,
              28.614563767624468
            ],
            [
              77.20903143479504,
              28.61456259163777
            ],
            [
              77.20903506680429,
              28.614561725621904
            ],
            [
              77.20903877751932,
              28.614561177917057
            ],
            [
              77.20904253120392,
              28.614560953797913
            ],
            [
              77.20904629170812,
              28.614561055422865
            ],
            [
              77.20905002281623,
              28.6145614818132
            ],
            [
              77.20905368859567,
              28.614562228862564
            ],
            [
              77.20905725374301,
              28.614563289376456
            ],
            [
              77.20906068392398,
              28.61456465314156
            ],
            [
              77.20906394610405,
              28.61456630702408
            ],
            [
              77.20906700886671,
              28.614568235096236
            ],
            [
              77.20906984271585,
              28.61457041878965
            ],
            [
              77.20907242036,
              28.61457283707418
            ],
            [
              77.209074716975,
              28.61457546666044
            ],
            [
              77.2090767104432,
              28.614578282224088
            ],
            [
              77.20907838156641,
              28.61458125664973
            ],
            [
              77.20907971425078,
              28.614584361292017
            ],
            [
              77.2090806956618,
              28.614587566251565
            ],
            [
              77.20908131634789,
              28.614590840662878
            ],
            [
              77.20908157033152,
              28.614594152991593
            ],
            [
              77.20908602688534,
              28.61480701907266
            ],
            [
              77.20908591172083,
              28.614810337419147
            ],
            [
              77.20908542851612,
              28.61481362982606
            ],
            [
              77.2090845819247,
              28.614816864585723
            ],
            [
              77.20908338009967,
              28.61482001054563
            ],
            [
              77.20908183461525,
              28.614823037408446
            ],
            [
              77.20907996035525,
              28.61482591602383
            ],
            [
              77.20907777536983,
              28.614828618669115
            ],
            [
              77.20907530070157,
              28.614831119316356
            ],
            [
              77.20907256018285,
              28.614833393882932
            ],
            [
              77.2090695802064,
              28.6148354204635
            ],
            [
              77.20906638947099,
              28.61483717954097
            ],
            [
              77.20906301870521,
              28.61483865417446
            ],
            [
              77.20905950037134,
              28.61483983016241
            ],
            [
              77.2090558683529,
              28.614840696179417
            ],
            [
              77.20905215762828,
              28.61484124388526
            ],
            [
              77.20904840393376,
              28.614841468005206
            ],
            [
              77.20904464341955,
              28.614841366380865
            ],
            [
              77.20904091230146,
              28.61484093999093
            ],
            [
              77.20903724651227,
              28.61484019294178
            ],
            [
              77.20903368135554,
              28.61483913242791
            ],
            [
              77.2090302511657,
              28.614837768662646
            ],
            [
              77.20902698897739,
              28.614836114779806
            ],
            [
              77.20902392620728,
              28.614834186707206
            ],
            [
              77.20902109235153,
              28.614832003013248
            ],
            [
              77.20901851470175,
              28.614829584728106
            ],
            [
              77.2090162180821,
              28.61482695514121
            ],
            [
              77.20901422461027,
              28.61482413957694
            ],
            [
              77.20901255348448,
              28.614821165150722
            ],
            [
              77.20901122079856,
              28.614818060507925
            ]
          ]
        ]
      }
    },
    {
      "type": "Feature",
      "properties": {
        "parcel_id": "ULPIN-2026-8500-00027",
        "survey_number": "UNSURVEYED-27",
        "area_sqm": 1734.53,
        "perimeter_m": 169.13,
        "confidence_score": 0.679,
        "verification_status": "Needs GT Verification",
        "building_count": 2,
        "building_coverage_ratio": 0.529,
        "landuse_class": "Vacant/Green",
        "owner_record": "Unregistered / Pending Survey",
        "has_gnss_control": false,
        "tax_assessment_annual_inr": 780538,
        "tax_rate_per_sqm": 450,
        "lulc_confidence": 0.951
      },
      "geometry": {
        "type": "Polygon",
        "coordinates": [
          [
            [
              77.2088507639053,
              28.614235989394665
            ],
            [
              77.2086231518635,
              28.614043018665026
            ],
            [
              77.20826570762091,
              28.614181753677013
            ],
            [
              77.20827028134579,
              28.614209785862794
            ],
            [
              77.2086690581716,
              28.614555038059372
            ],
            [
              77.20870849794926,
              28.614558831414943
            ],
            [
              77.2088507639053,
              28.614235989394665
            ]
          ]
        ]
      }
    },
    {
      "type": "Feature",
      "properties": {
        "parcel_id": "ULPIN-2026-8500-00028",
        "survey_number": "UNSURVEYED-28",
        "area_sqm": 97.48,
        "perimeter_m": 82.93,
        "confidence_score": 0.601,
        "verification_status": "Needs GT Verification",
        "building_count": 3,
        "building_coverage_ratio": 0.005,
        "landuse_class": "Residential",
        "owner_record": "Unregistered / Pending Survey",
        "has_gnss_control": false,
        "tax_assessment_annual_inr": 180338,
        "tax_rate_per_sqm": 1850,
        "lulc_confidence": 0.881
      },
      "geometry": {
        "type": "Polygon",
        "coordinates": [
          [
            [
              77.20891441161967,
              28.612858320168428
            ],
            [
              77.20894554052548,
              28.612907294122326
            ],
            [
              77.20894293499691,
              28.612782824278227
            ],
            [
              77.20894308855867,
              28.612778399815017
            ],
            [
              77.20894373283113,
              28.612774009938942
            ],
            [
              77.20894382788899,
              28.612773646727174
            ],
            [
              77.20894307741268,
              28.61277231092681
            ],
            [
              77.20894174475892,
              28.612769206280927
            ],
            [
              77.20894076337288,
              28.612766001318406
            ],
            [
              77.20894014270584,
              28.612762726904805
            ],
            [
              77.20893988873512,
              28.61275941457451
            ],
            [
              77.20893548949654,
              28.61254925433402
            ],
            [
              77.20893554589736,
              28.612547629305187
            ],
            [
              77.20891137706515,
              28.612548023259688
            ],
            [
              77.20891441161967,
              28.612858320168428
            ]
          ]
        ]
      }
    },
    {
      "type": "Feature",
      "properties": {
        "parcel_id": "ULPIN-2026-8500-00029",
        "survey_number": "UNSURVEYED-29",
        "area_sqm": 3230.77,
        "perimeter_m": 228.9,
        "confidence_score": 0.64,
        "verification_status": "Needs GT Verification",
        "building_count": 2,
        "building_coverage_ratio": 0.266,
        "landuse_class": "Vacant/Green",
        "owner_record": "Unregistered / Pending Survey",
        "has_gnss_control": false,
        "tax_assessment_annual_inr": 1453846,
        "tax_rate_per_sqm": 450,
        "lulc_confidence": 0.883
      },
      "geometry": {
        "type": "Polygon",
        "coordinates": [
          [
            [
              77.2096174708217,
              28.61305125237692
            ],
            [
              77.20961855347254,
              28.61305015405858
            ],
            [
              77.20960780146464,
              28.61253666974128
            ],
            [
              77.20901202565376,
              28.612546382648734
            ],
            [
              77.20901215002645,
              28.61254800473082
            ],
            [
              77.20901619818079,
              28.612741386364767
            ],
            [
              77.20901730126022,
              28.61274182493444
            ],
            [
              77.20902165075499,
              28.612744030117238
            ],
            [
              77.2090257343639,
              28.612746600885945
            ],
            [
              77.20902951275959,
              28.61274951248268
            ],
            [
              77.20903294955401,
              28.612752736867193
            ],
            [
              77.209036011649,
              28.612756242986933
            ],
            [
              77.2090386695549,
              28.612759997076086
            ],
            [
              77.20904089767457,
              28.612763962980726
            ],
            [
              77.20904267454998,
              28.612768102507054
            ],
            [
              77.20904398306878,
              28.612772375789195
            ],
            [
              77.20904481062921,
              28.612776741673123
            ],
            [
              77.20904514926134,
              28.612781158112988
            ],
            [
              77.20905099676594,
              28.613060487787152
            ],
            [
              77.2096174708217,
              28.61305125237692
            ]
          ]
        ]
      }
    },
    {
      "type": "Feature",
      "properties": {
        "parcel_id": "ULPIN-2026-8500-00030",
        "survey_number": "UNSURVEYED-30",
        "area_sqm": 1482.44,
        "perimeter_m": 157.56,
        "confidence_score": 0.655,
        "verification_status": "Needs GT Verification",
        "building_count": 2,
        "building_coverage_ratio": 0.368,
        "landuse_class": "Mixed-Use",
        "owner_record": "Unregistered / Pending Survey",
        "has_gnss_control": false,
        "tax_assessment_annual_inr": 4595564,
        "tax_rate_per_sqm": 3100,
        "lulc_confidence": 0.917
      },
      "geometry": {
        "type": "Polygon",
        "coordinates": [
          [
            [
              77.20941820586121,
              28.61375494108674
            ],
            [
              77.2096311835606,
              28.613660425253084
            ],
            [
              77.20962930296707,
              28.613567547712062
            ],
            [
              77.20919475684173,
              28.613362664721517
            ],
            [
              77.20907371425386,
              28.61336463795286
            ],
            [
              77.20905813254966,
              28.613401351915783
            ],
            [
              77.20906182172777,
              28.6135775752871
            ],
            [
              77.20941820586121,
              28.61375494108674
            ]
          ]
        ]
      }
    },
    {
      "type": "Feature",
      "properties": {
        "parcel_id": "ULPIN-2026-8500-00031",
        "survey_number": "UNSURVEYED-31",
        "area_sqm": 1810.57,
        "perimeter_m": 165.29,
        "confidence_score": 0.671,
        "verification_status": "Needs GT Verification",
        "building_count": 2,
        "building_coverage_ratio": 0.473,
        "landuse_class": "Vacant/Green",
        "owner_record": "Unregistered / Pending Survey",
        "has_gnss_control": false,
        "tax_assessment_annual_inr": 814756,
        "tax_rate_per_sqm": 450,
        "lulc_confidence": 0.917
      },
      "geometry": {
        "type": "Polygon",
        "coordinates": [
          [
            [
              77.20927436304808,
              28.61455410244177
            ],
            [
              77.20965946045614,
              28.614547823486394
            ],
            [
              77.20965455097112,
              28.614313381530007
            ],
            [
              77.20942752346285,
              28.61410610159361
            ],
            [
              77.20942554688033,
              28.614105540397773
            ],
            [
              77.20914157246091,
              28.61422560540209
            ],
            [
              77.20927436304808,
              28.61455410244177
            ]
          ]
        ]
      }
    },
    {
      "type": "Feature",
      "properties": {
        "parcel_id": "ULPIN-2026-8500-00032",
        "survey_number": "UNSURVEYED-32",
        "area_sqm": 1895.64,
        "perimeter_m": 177.42,
        "confidence_score": 0.657,
        "verification_status": "Needs GT Verification",
        "building_count": 2,
        "building_coverage_ratio": 0.382,
        "landuse_class": "Vacant/Green",
        "owner_record": "Unregistered / Pending Survey",
        "has_gnss_control": false,
        "tax_assessment_annual_inr": 853038,
        "tax_rate_per_sqm": 450,
        "lulc_confidence": 0.961
      },
      "geometry": {
        "type": "Polygon",
        "coordinates": [
          [
            [
              77.20933461727587,
              28.615247972091595
            ],
            [
              77.20967400683513,
              28.61524243821611
            ],
            [
              77.2096658353748,
              28.614852239902707
            ],
            [
              77.2091332375299,
              28.61486092362485
            ],
            [
              77.2091160802012,
              28.614874118484373
            ],
            [
              77.20933461727587,
              28.615247972091595
            ]
          ]
        ]
      }
    },
    {
      "type": "Feature",
      "properties": {
        "parcel_id": "ULPIN-2026-8500-00033",
        "survey_number": "UNSURVEYED-33",
        "area_sqm": 1709.55,
        "perimeter_m": 210.84,
        "confidence_score": 0.644,
        "verification_status": "Needs GT Verification",
        "building_count": 5,
        "building_coverage_ratio": 0.294,
        "landuse_class": "Vacant/Green",
        "owner_record": "Unregistered / Pending Survey",
        "has_gnss_control": false,
        "tax_assessment_annual_inr": 769297,
        "tax_rate_per_sqm": 450,
        "lulc_confidence": 0.94
      },
      "geometry": {
        "type": "Polygon",
        "coordinates": [
          [
            [
              77.20906182172777,
              28.6135775752871
            ],
            [
              77.20906284195398,
              28.613626308816418
            ],
            [
              77.20906268839855,
              28.613630733279045
            ],
            [
              77.20906204412834,
              28.613635123155188
            ],
            [
              77.20906091534802,
              28.61363943616793
            ],
            [
              77.20905931292826,
              28.61364363078059
            ],
            [
              77.2090572523012,
              28.61364766659675
            ],
            [
              77.20905475331178,
              28.61365150474927
            ],
            [
              77.20905184002658,
              28.613655108274617
            ],
            [
              77.20904952830205,
              28.613657444289604
            ],
            [
              77.20913030895099,
              28.614223220160273
            ],
            [
              77.20914157246091,
              28.61422560540209
            ],
            [
              77.20942554688033,
              28.614105540397773
            ],
            [
              77.20942150335141,
              28.61391242650929
            ],
            [
              77.20930198700657,
              28.613916995089397
            ],
            [
              77.20929822482596,
              28.61391697584652
            ],
            [
              77.20929448289874,
              28.613916631294344
            ],
            [
              77.20929079726174,
              28.61391596475109
            ],
            [
              77.20928720340969,
              28.613914982635936
            ],
            [
              77.20928373595338,
              28.6139136944072
            ],
            [
              77.20928042828633,
              28.613912112471247
            ],
            [
              77.20927731226321,
              28.613910252062976
            ],
            [
              77.20927441789303,
              28.613908131099166
            ],
            [
              77.20927177305018,
              28.61390577000586
            ],
            [
              77.20926940320594,
              28.6139031915217
            ],
            [
              77.20926733118318,
              28.613900420478917
            ],
            [
              77.20926557693663,
              28.61389748356417
            ],
            [
              77.20926415736061,
              28.613894409061576
            ],
            [
              77.2092630861264,
              28.613891226580286
            ],
            [
              77.20926237355054,
              28.613887966769344
            ],
            [
              77.20926202649547,
              28.613884661022524
            ],
            [
              77.20926204830353,
              28.613881341175965
            ],
            [
              77.20926243876463,
              28.613878039201634
            ],
            [
              77.20926319411838,
              28.61387478689931
            ],
            [
              77.2092643070903,
              28.61387161559046
            ],
            [
              77.20926576696182,
              28.61386855581652
            ],
            [
              77.20926755967353,
              28.613865637044764
            ],
            [
              77.20926966796067,
              28.61386288738455
            ],
            [
              77.20927207151922,
              28.61386033331659
            ],
            [
              77.20927474720162,
              28.61385799943796
            ],
            [
              77.20927766923954,
              28.613855908225162
            ],
            [
              77.20928080949221,
              28.613854079817692
            ],
            [
              77.20928413771726,
              28.613852531824115
            ],
            [
              77.20928762186212,
              28.613851279152424
            ],
            [
              77.20929122837255,
              28.613850333866537
            ],
            [
              77.20929155280562,
              28.613850278643362
            ],
            [
              77.2092936437124,
              28.61384885667161
            ],
            [
              77.20929683441487,
              28.6138470975904
            ],
            [
              77.20930020514629,
              28.61384562295282
            ],
            [
              77.20930372344463,
              28.61384444696042
            ],
            [
              77.20930735542682,
              28.61384358093865
            ],
            [
              77.20931106611489,
              28.613843033227756
            ],
            [
              77.20931481977294,
              28.613842809102476
            ],
            [
              77.20942000976278,
              28.613841094100007
            ],
            [
              77.20941820586121,
              28.61375494108674
            ],
            [
              77.20906182172777,
              28.6135775752871
            ]
          ]
        ]
      }
    },
    {
      "type": "Feature",
      "properties": {
        "parcel_id": "ULPIN-2026-8500-00034",
        "survey_number": "UNSURVEYED-34",
        "area_sqm": 1255.81,
        "perimeter_m": 139.81,
        "confidence_score": 0.683,
        "verification_status": "Needs GT Verification",
        "building_count": 1,
        "building_coverage_ratio": 0.556,
        "landuse_class": "Mixed-Use",
        "owner_record": "Unregistered / Pending Survey",
        "has_gnss_control": false,
        "tax_assessment_annual_inr": 3893011,
        "tax_rate_per_sqm": 3100,
        "lulc_confidence": 0.966
      },
      "geometry": {
        "type": "Polygon",
        "coordinates": [
          [
            [
              77.20966608852095,
              28.61335550070705
            ],
            [
              77.21000713378935,
              28.61334848356038
            ],
            [
              77.21000123780642,
              28.61304563777313
            ],
            [
              77.20961855347254,
              28.61305015405858
            ],
            [
              77.2096174708217,
              28.61305125237692
            ],
            [
              77.2096233002586,
              28.613311168400593
            ],
            [
              77.20966608852095,
              28.61335550070705
            ]
          ]
        ]
      }
    },
    {
      "type": "Feature",
      "properties": {
        "parcel_id": "ULPIN-2026-8500-00035",
        "survey_number": "UNSURVEYED-35",
        "area_sqm": 655.36,
        "perimeter_m": 120.73,
        "confidence_score": 0.657,
        "verification_status": "Needs GT Verification",
        "building_count": 2,
        "building_coverage_ratio": 0.377,
        "landuse_class": "Mixed-Use",
        "owner_record": "Unregistered / Pending Survey",
        "has_gnss_control": false,
        "tax_assessment_annual_inr": 2031616,
        "tax_rate_per_sqm": 3100,
        "lulc_confidence": 0.937
      },
      "geometry": {
        "type": "Polygon",
        "coordinates": [
          [
            [
              77.2096233002586,
              28.613311168400593
            ],
            [
              77.20919475684173,
              28.613362664721517
            ],
            [
              77.20962930296707,
              28.613567547712062
            ],
            [
              77.20966608852095,
              28.61335550070705
            ],
            [
              77.2096233002586,
              28.613311168400593
            ]
          ]
        ]
      }
    },
    {
      "type": "Feature",
      "properties": {
        "parcel_id": "ULPIN-2026-8500-00036",
        "survey_number": "UNSURVEYED-36",
        "area_sqm": 1749.41,
        "perimeter_m": 172.19,
        "confidence_score": 0.669,
        "verification_status": "Needs GT Verification",
        "building_count": 2,
        "building_coverage_ratio": 0.459,
        "landuse_class": "Vacant/Green",
        "owner_record": "Unregistered / Pending Survey",
        "has_gnss_control": false,
        "tax_assessment_annual_inr": 787234,
        "tax_rate_per_sqm": 450,
        "lulc_confidence": 0.903
      },
      "geometry": {
        "type": "Polygon",
        "coordinates": [
          [
            [
              77.20907371425386,
              28.61336463795286
            ],
            [
              77.20919475684173,
              28.613362664721517
            ],
            [
              77.2096233002586,
              28.613311168400593
            ],
            [
              77.2096174708217,
              28.61305125237692
            ],
            [
              77.20905099676594,
              28.613060487787152
            ],
            [
              77.20905309092075,
              28.613160522579907
            ],
            [
              77.20907371425386,
              28.61336463795286
            ]
          ]
        ]
      }
    },
    {
      "type": "Feature",
      "properties": {
        "parcel_id": "ULPIN-2026-8500-00037",
        "survey_number": "UNSURVEYED-37",
        "area_sqm": 1515.04,
        "perimeter_m": 160.24,
        "confidence_score": 0.671,
        "verification_status": "Needs GT Verification",
        "building_count": 2,
        "building_coverage_ratio": 0.472,
        "landuse_class": "Vacant/Green",
        "owner_record": "Unregistered / Pending Survey",
        "has_gnss_control": false,
        "tax_assessment_annual_inr": 681768,
        "tax_rate_per_sqm": 450,
        "lulc_confidence": 0.937
      },
      "geometry": {
        "type": "Polygon",
        "coordinates": [
          [
            [
              77.2091332375299,
              28.61486092362485
            ],
            [
              77.2096658353748,
              28.614852239902707
            ],
            [
              77.20966583537482,
              28.614852239902703
            ],
            [
              77.20965946045614,
              28.614547823486394
            ],
            [
              77.20965946045614,
              28.614547823486394
            ],
            [
              77.20927436304808,
              28.61455410244177
            ],
            [
              77.2091332375299,
              28.61486092362485
            ]
          ]
        ]
      }
    },
    {
      "type": "Feature",
      "properties": {
        "parcel_id": "ULPIN-2026-8500-00038",
        "survey_number": "UNSURVEYED-38",
        "area_sqm": 2138.42,
        "perimeter_m": 189.01,
        "confidence_score": 0.649,
        "verification_status": "Needs GT Verification",
        "building_count": 1,
        "building_coverage_ratio": 0.328,
        "landuse_class": "Vacant/Green",
        "owner_record": "Unregistered / Pending Survey",
        "has_gnss_control": false,
        "tax_assessment_annual_inr": 962289,
        "tax_rate_per_sqm": 450,
        "lulc_confidence": 0.959
      },
      "geometry": {
        "type": "Polygon",
        "coordinates": [
          [
            [
              77.20961855347254,
              28.61305015405858
            ],
            [
              77.21000123780642,
              28.61304563777313
            ],
            [
              77.21000188033975,
              28.613044983874925
            ],
            [
              77.20999110384551,
              28.612530419394112
            ],
            [
              77.20960780146464,
              28.61253666974128
            ],
            [
              77.20961855347254,
              28.61305015405858
            ]
          ]
        ]
      }
    },
    {
      "type": "Feature",
      "properties": {
        "parcel_id": "ULPIN-2026-8500-00039",
        "survey_number": "UNSURVEYED-39",
        "area_sqm": 1815.59,
        "perimeter_m": 185.64,
        "confidence_score": 0.685,
        "verification_status": "Needs GT Verification",
        "building_count": 3,
        "building_coverage_ratio": 0.568,
        "landuse_class": "Vacant/Green",
        "owner_record": "Unregistered / Pending Survey",
        "has_gnss_control": false,
        "tax_assessment_annual_inr": 817015,
        "tax_rate_per_sqm": 450,
        "lulc_confidence": 0.883
      },
      "geometry": {
        "type": "Polygon",
        "coordinates": [
          [
            [
              77.20965455097112,
              28.614313381530007
            ],
            [
              77.21003568928025,
              28.614203499690685
            ],
            [
              77.21020363985282,
              28.613942694572405
            ],
            [
              77.21012358396412,
              28.613899999063563
            ],
            [
              77.21007575252285,
              28.613900779160243
            ],
            [
              77.21007377702526,
              28.61390072578785
            ],
            [
              77.20942752346285,
              28.61410610159361
            ],
            [
              77.20965455097112,
              28.614313381530007
            ]
          ]
        ]
      }
    },
    {
      "type": "Feature",
      "properties": {
        "parcel_id": "ULPIN-2026-8500-00040",
        "survey_number": "UNSURVEYED-40",
        "area_sqm": 1622.27,
        "perimeter_m": 161.52,
        "confidence_score": 0.664,
        "verification_status": "Needs GT Verification",
        "building_count": 1,
        "building_coverage_ratio": 0.428,
        "landuse_class": "Vacant/Green",
        "owner_record": "Unregistered / Pending Survey",
        "has_gnss_control": false,
        "tax_assessment_annual_inr": 730021,
        "tax_rate_per_sqm": 450,
        "lulc_confidence": 0.955
      },
      "geometry": {
        "type": "Polygon",
        "coordinates": [
          [
            [
              77.21004914614788,
              28.61484598893053
            ],
            [
              77.20966583537482,
              28.614852239902703
            ],
            [
              77.2096658353748,
              28.614852239902707
            ],
            [
              77.20967400683513,
              28.61524243821611
            ],
            [
              77.2100573190229,
              28.61523618714315
            ],
            [
              77.21004914614788,
              28.61484598893053
            ]
          ]
        ]
      }
    },
    {
      "type": "Feature",
      "properties": {
        "parcel_id": "ULPIN-2026-8500-00041",
        "survey_number": "UNSURVEYED-41",
        "area_sqm": 1190.13,
        "perimeter_m": 140.19,
        "confidence_score": 0.687,
        "verification_status": "Needs GT Verification",
        "building_count": 1,
        "building_coverage_ratio": 0.58,
        "landuse_class": "Mixed-Use",
        "owner_record": "Unregistered / Pending Survey",
        "has_gnss_control": false,
        "tax_assessment_annual_inr": 3689403,
        "tax_rate_per_sqm": 3100,
        "lulc_confidence": 0.93
      },
      "geometry": {
        "type": "Polygon",
        "coordinates": [
          [
            [
              77.20965946045614,
              28.614547823486394
            ],
            [
              77.21004277012555,
              28.614541572592827
            ],
            [
              77.21003568928025,
              28.614203499690685
            ],
            [
              77.20965455097112,
              28.614313381530007
            ],
            [
              77.20965946045614,
              28.614547823486394
            ],
            [
              77.20965946045614,
              28.614547823486394
            ]
          ]
        ]
      }
    },
    {
      "type": "Feature",
      "properties": {
        "parcel_id": "ULPIN-2026-8500-00042",
        "survey_number": "UNSURVEYED-42",
        "area_sqm": 1521.39,
        "perimeter_m": 302.82,
        "confidence_score": 0.647,
        "verification_status": "Needs GT Verification",
        "building_count": 7,
        "building_coverage_ratio": 0.314,
        "landuse_class": "Vacant/Green",
        "owner_record": "Unregistered / Pending Survey",
        "has_gnss_control": false,
        "tax_assessment_annual_inr": 684625,
        "tax_rate_per_sqm": 450,
        "lulc_confidence": 0.917
      },
      "geometry": {
        "type": "Polygon",
        "coordinates": [
          [
            [
              77.20942752346285,
              28.61410610159361
            ],
            [
              77.21007377702526,
              28.61390072578785
            ],
            [
              77.21007199204327,
              28.613900677562633
            ],
            [
              77.21006826095659,
              28.613900251199347
            ],
            [
              77.21006459519525,
              28.61389950417652
            ],
            [
              77.21006103006256,
              28.61389844368837
            ],
            [
              77.21005759989274,
              28.613897079948
            ],
            [
              77.21005433772021,
              28.613895426088988
            ],
            [
              77.21005127496149,
              28.613893498038895
            ],
            [
              77.21004844111265,
              28.613891314365933
            ],
            [
              77.2100458634652,
              28.61388889610007
            ],
            [
              77.2100435668433,
              28.613886266530546
            ],
            [
              77.21004157336468,
              28.613883450981568
            ],
            [
              77.21003990222759,
              28.61388047656842
            ],
            [
              77.21003856952598,
              28.613877371936344
            ],
            [
              77.21003758809447,
              28.613874166984658
            ],
            [
              77.21003696738477,
              28.613870892578813
            ],
            [
              77.2100367133746,
              28.613867580253117
            ],
            [
              77.21003682851021,
              28.613864261907096
            ],
            [
              77.21003731168273,
              28.61386096949823
            ],
            [
              77.2100381582389,
              28.61385773473422
            ],
            [
              77.2100393600259,
              28.613854588767605
            ],
            [
              77.21004090546984,
              28.613851561895746
            ],
            [
              77.21004277968721,
              28.613848683269076
            ],
            [
              77.21004496462828,
              28.613845980610325
            ],
            [
              77.21004743925083,
              28.613843479947576
            ],
            [
              77.21005017972288,
              28.613841205363535
            ],
            [
              77.21005315965225,
              28.613839178763694
            ],
            [
              77.21005635034051,
              28.61383741966529
            ],
            [
              77.21005737264224,
              28.613836972418536
            ],
            [
              77.21001770755858,
              28.613793136979684
            ],
            [
              77.2096311835606,
              28.613660425253084
            ],
            [
              77.20941820586121,
              28.61375494108674
            ],
            [
              77.20942000976278,
              28.613841094100007
            ],
            [
              77.2095028958538,
              28.61383974267957
            ],
            [
              77.20950665633178,
              28.613839844293143
            ],
            [
              77.20951038741512,
              28.613840270672146
            ],
            [
              77.20951405317152,
              28.61384101771031
            ],
            [
              77.209514493594,
              28.61384114872093
            ],
            [
              77.20958678355049,
              28.61383838529613
            ],
            [
              77.20959054572778,
              28.613838404531137
            ],
            [
              77.20959428765259,
              28.61383874907524
            ],
            [
              77.2095979732882,
              28.613839415610286
            ],
            [
              77.20960156713993,
              28.613840397717183
            ],
            [
              77.20960503459708,
              28.613841685937704
            ],
            [
              77.20960834226616,
              28.613843267865605
            ],
            [
              77.20961145829251,
              28.613845128266068
            ],
            [
              77.20961435266715,
              28.613847249222417
            ],
            [
              77.20961699751564,
              28.61384961030871
            ],
            [
              77.20961936736666,
              28.6138521887864
            ],
            [
              77.20962143939724,
              28.61385495982336
            ],
            [
              77.20962319365258,
              28.613857896733002
            ],
            [
              77.20962461323823,
              28.6138609712313
            ],
            [
              77.20962568448279,
              28.61386415370916
            ],
            [
              77.20962639706953,
              28.613867413517585
            ],
            [
              77.20962674413586,
              28.613870719262863
            ],
            [
              77.20962672233927,
              28.613874039108843
            ],
            [
              77.20962633188965,
              28.61387734108362
            ],
            [
              77.20962557654723,
              28.613880593387346
            ],
            [
              77.20962446358631,
              28.613883764698564
            ],
            [
              77.2096230037253,
              28.61388682447581
            ],
            [
              77.20962121102343,
              28.61388974325174
            ],
            [
              77.20961910274536,
              28.613892492916946
            ],
            [
              77.20961669919498,
              28.613895046990624
            ],
            [
              77.20961402351975,
              28.613897380875635
            ],
            [
              77.20961110148791,
              28.61389947209538
            ],
            [
              77.20960796124021,
              28.613901300510253
            ],
            [
              77.20960463301897,
              28.61390284851161
            ],
            [
              77.20960114887681,
              28.613904101191327
            ],
            [
              77.20959754236793,
              28.613905046485407
            ],
            [
              77.20959384822503,
              28.613905675290134
            ],
            [
              77.20959010202473,
              28.613905981549788
            ],
            [
              77.20942150335141,
              28.61391242650929
            ],
            [
              77.20942554688033,
              28.614105540397773
            ],
            [
              77.20942752346285,
              28.61410610159361
            ]
          ],
          [
            [
              77.20999036644214,
              28.613900820347553
            ],
            [
              77.20998672393767,
              28.613901651246927
            ],
            [
              77.2099830066791,
              28.61390216309441
            ],
            [
              77.2099792504657,
              28.61390235096064
            ],
            [
              77.20983602866859,
              28.61390330265846
            ],
            [
              77.20969286480064,
              28.61390702114929
            ],
            [
              77.20968910328519,
              28.613906955877205
            ],
            [
              77.20968536713269,
              28.613906565574965
            ],
            [
              77.20968169232437,
              28.613905854001377
            ],
            [
              77.20967811425069,
              28.61390482800931
            ],
            [
              77.20967466737048,
              28.613903497479626
            ],
            [
              77.20967138487907,
              28.61390187522607
            ],
            [
              77.20966829838872,
              28.613899976871824
            ],
            [
              77.20966543762401,
              28.61389782069911
            ],
            [
              77.20966283013567,
              28.613895427473043
            ],
            [
              77.20966050103523,
              28.61389282024174
            ],
            [
              77.20965847275323,
              28.613890024114266
            ],
            [
              77.2096567648231,
              28.61388706601887
            ],
            [
              77.20965539369311,
              28.613883974443638
            ],
            [
              77.20965437256798,
              28.61388077916215
            ],
            [
              77.20965371128167,
              28.613877510946722
            ],
            [
              77.20965341620273,
              28.613874201272065
            ],
            [
              77.20965349017284,
              28.61387088201214
            ],
            [
              77.20965393247964,
              28.613867585133256
            ],
            [
              77.2096547388634,
              28.61386434238615
            ],
            [
              77.20965590155821,
              28.613861185000243
            ],
            [
              77.20965740936663,
              28.61385814338289
            ],
            [
              77.20965924776762,
              28.613855246826503
            ],
            [
              77.20966139905636,
              28.6138525232265
            ],
            [
              77.20966384251474,
              28.613849998812633
            ],
            [
              77.20966655461092,
              28.613847697896354
            ],
            [
              77.20966950922593,
              28.613845642636747
            ],
            [
              77.20967267790522,
              28.613843852827056
            ],
            [
              77.20967603013267,
              28.61384234570412
            ],
            [
              77.20967953362454,
              28.61384113578235
            ],
            [
              77.20967973452584,
              28.61384108578925
            ],
            [
              77.20968050920088,
              28.6138406690319
            ],
            [
              77.20968389801993,
              28.613839227038127
            ],
            [
              77.20968743069285,
              28.61383808509682
            ],
            [
              77.2096910731981,
              28.613837254205485
            ],
            [
              77.2096947904564,
              28.613836742366058
            ],
            [
              77.20969854666853,
              28.613836554507813
            ],
            [
              77.20983461187322,
              28.6138356505109
            ],
            [
              77.20997062201154,
              28.61383211769241
            ],
            [
              77.20997438352393,
              28.613832182956816
            ],
            [
              77.20997811967429,
              28.61383257325117
            ],
            [
              77.20998179448145,
              28.613833284816746
            ],
            [
              77.20998537255505,
              28.613834310800772
            ],
            [
              77.2099888194363,
              28.613835641322474
            ],
            [
              77.209989611032,
              28.613836032538096
            ],
            [
              77.20998981388932,
              28.61383607594697
            ],
            [
              77.20999336564812,
              28.613837170816417
            ],
            [
              77.20999677868974,
              28.613838567615787
            ],
            [
              77.21000002014472,
              28.613840252893144
            ],
            [
              77.2100030587961,
              28.61384221041836
            ],
            [
              77.21000586538005,
              28.613844421339405
            ],
            [
              77.2100084128676,
              28.613846864363925
            ],
            [
              77.21001067672506,
              28.61384951596427
            ],
            [
              77.21001263515026,
              28.61385235060408
            ],
            [
              77.21001426928247,
              28.613855340984266
            ],
            [
              77.21001556338408,
              28.613858458305824
            ],
            [
              77.21001650499213,
              28.613861672547262
            ],
            [
              77.21001708503843,
              28.613864952753683
            ],
            [
              77.21001729793679,
              28.613868267334926
            ],
            [
              77.21001714163681,
              28.61387158436975
            ],
            [
              77.21001661764375,
              28.613874871913296
            ],
            [
              77.21001573100388,
              28.613878098304724
            ],
            [
              77.21001449025603,
              28.613881232472128
            ],
            [
              77.21001290734921,
              28.613884244231734
            ],
            [
              77.21001099752769,
              28.61388710457866
            ],
            [
              77.21000877918407,
              28.613889785966176
            ],
            [
              77.21000627368218,
              28.613892262571046
            ],
            [
              77.21000350515139,
              28.613894510542192
            ],
            [
              77.21000050025414,
              28.613896508230415
            ],
            [
              77.20999728792926,
              28.61389823639686
            ],
            [
              77.20999389911321,
              28.613899678398326
            ],
            [
              77.20999036644214,
              28.613900820347553
            ]
          ]
        ]
      }
    },
    {
      "type": "Feature",
      "properties": {
        "parcel_id": "ULPIN-2026-8500-00043",
        "survey_number": "UNSURVEYED-43",
        "area_sqm": 1509.61,
        "perimeter_m": 157.35,
        "confidence_score": 0.672,
        "verification_status": "Needs GT Verification",
        "building_count": 2,
        "building_coverage_ratio": 0.481,
        "landuse_class": "Vacant/Green",
        "owner_record": "Unregistered / Pending Survey",
        "has_gnss_control": false,
        "tax_assessment_annual_inr": 679324,
        "tax_rate_per_sqm": 450,
        "lulc_confidence": 0.933
      },
      "geometry": {
        "type": "Polygon",
        "coordinates": [
          [
            [
              77.20962930296707,
              28.613567547712062
            ],
            [
              77.2096311835606,
              28.613660425253084
            ],
            [
              77.21001770755858,
              28.613793136979684
            ],
            [
              77.21000810711342,
              28.61334940271387
            ],
            [
              77.21000713378935,
              28.61334848356038
            ],
            [
              77.20966608852095,
              28.61335550070705
            ],
            [
              77.20962930296707,
              28.613567547712062
            ]
          ]
        ]
      }
    },
    {
      "type": "Feature",
      "properties": {
        "parcel_id": "ULPIN-2026-8500-00044",
        "survey_number": "UNSURVEYED-44",
        "area_sqm": 1699.37,
        "perimeter_m": 168.11,
        "confidence_score": 0.662,
        "verification_status": "Needs GT Verification",
        "building_count": 1,
        "building_coverage_ratio": 0.413,
        "landuse_class": "Vacant/Green",
        "owner_record": "Unregistered / Pending Survey",
        "has_gnss_control": false,
        "tax_assessment_annual_inr": 764716,
        "tax_rate_per_sqm": 450,
        "lulc_confidence": 0.963
      },
      "geometry": {
        "type": "Polygon",
        "coordinates": [
          [
            [
              77.21000188033975,
              28.613044983874925
            ],
            [
              77.21000123780642,
              28.61304563777313
            ],
            [
              77.21000713378935,
              28.61334848356038
            ],
            [
              77.21000810711342,
              28.61334940271387
            ],
            [
              77.21052204575098,
              28.613341020217547
            ],
            [
              77.21051566876294,
              28.613036603909638
            ],
            [
              77.21000188033975,
              28.613044983874925
            ]
          ]
        ]
      }
    },
    {
      "type": "Feature",
      "properties": {
        "parcel_id": "ULPIN-2026-8500-00045",
        "survey_number": "UNSURVEYED-45",
        "area_sqm": 2706.37,
        "perimeter_m": 208.06,
        "confidence_score": 0.646,
        "verification_status": "Needs GT Verification",
        "building_count": 2,
        "building_coverage_ratio": 0.309,
        "landuse_class": "Vacant/Green",
        "owner_record": "Unregistered / Pending Survey",
        "has_gnss_control": false,
        "tax_assessment_annual_inr": 1217866,
        "tax_rate_per_sqm": 450,
        "lulc_confidence": 0.919
      },
      "geometry": {
        "type": "Polygon",
        "coordinates": [
          [
            [
              77.21000810711342,
              28.61334940271387
            ],
            [
              77.21001770755858,
              28.613793136979684
            ],
            [
              77.21005737264224,
              28.613836972418536
            ],
            [
              77.21005972105965,
              28.61383594500941
            ],
            [
              77.21006297901339,
              28.613834856016314
            ],
            [
              77.2100634487312,
              28.61383459705025
            ],
            [
              77.21006681945016,
              28.613833122394194
            ],
            [
              77.21007033773814,
              28.613831946382366
            ],
            [
              77.21007396971216,
              28.613831080340404
            ],
            [
              77.21007768039432,
              28.61383053260874
            ],
            [
              77.21008143404879,
              28.613830308462322
            ],
            [
              77.21035434861318,
              28.61382585718936
            ],
            [
              77.2103581090898,
              28.613825958779273
            ],
            [
              77.21036184017443,
              28.613826385134647
            ],
            [
              77.21036550593473,
              28.613827132149467
            ],
            [
              77.21036907106746,
              28.613828192629576
            ],
            [
              77.21037250123845,
              28.613829556361967
            ],
            [
              77.21037298148025,
              28.613829799834047
            ],
            [
              77.21037628281238,
              28.61383078184412
            ],
            [
              77.21037971298355,
              28.613832145576318
            ],
            [
              77.21038297515861,
              28.61383379942734
            ],
            [
              77.21038603792104,
              28.613835727469702
            ],
            [
              77.2103888717748,
              28.613837911135313
            ],
            [
              77.21039144942831,
              28.613840329394296
            ],
            [
              77.21039245152876,
              28.613841476765707
            ],
            [
              77.2105304988286,
              28.613839224946815
            ],
            [
              77.21053248360397,
              28.613839278563262
            ],
            [
              77.21052204575098,
              28.613341020217547
            ],
            [
              77.21000810711342,
              28.61334940271387
            ]
          ]
        ]
      }
    },
    {
      "type": "Feature",
      "properties": {
        "parcel_id": "ULPIN-2026-8500-00046",
        "survey_number": "UNSURVEYED-46",
        "area_sqm": 147.5,
        "perimeter_m": 85.2,
        "confidence_score": 0.612,
        "verification_status": "Needs GT Verification",
        "building_count": 3,
        "building_coverage_ratio": 0.08,
        "landuse_class": "Residential",
        "owner_record": "Unregistered / Pending Survey",
        "has_gnss_control": false,
        "tax_assessment_annual_inr": 272875,
        "tax_rate_per_sqm": 1850,
        "lulc_confidence": 0.94
      },
      "geometry": {
        "type": "Polygon",
        "coordinates": [
          [
            [
              77.21020363985282,
              28.613942694572405
            ],
            [
              77.2105344789895,
              28.613934528268466
            ],
            [
              77.21053389716012,
              28.61390675469694
            ],
            [
              77.21053191598517,
              28.613906873007846
            ],
            [
              77.21038983678315,
              28.613909190597752
            ],
            [
              77.21038607630359,
              28.613909089008892
            ],
            [
              77.21038234521595,
              28.613908662654357
            ],
            [
              77.21037867945269,
              28.61390791564016
            ],
            [
              77.21037511431713,
              28.613906855160476
            ],
            [
              77.21037168414352,
              28.6139054914283
            ],
            [
              77.21036842196632,
              28.61390383757714
            ],
            [
              77.21036535920211,
              28.613901909534487
            ],
            [
              77.210362525347,
              28.613899725868468
            ],
            [
              77.21035994769255,
              28.613897307608994
            ],
            [
              77.21035894559186,
              28.61389616023736
            ],
            [
              77.21012358396412,
              28.613899999063563
            ],
            [
              77.21020363985282,
              28.613942694572405
            ]
          ]
        ]
      }
    },
    {
      "type": "Feature",
      "properties": {
        "parcel_id": "ULPIN-2026-8500-00047",
        "survey_number": "UNSURVEYED-47",
        "area_sqm": 2134.14,
        "perimeter_m": 185.19,
        "confidence_score": 0.649,
        "verification_status": "Needs GT Verification",
        "building_count": 1,
        "building_coverage_ratio": 0.326,
        "landuse_class": "Vacant/Green",
        "owner_record": "Unregistered / Pending Survey",
        "has_gnss_control": false,
        "tax_assessment_annual_inr": 960363,
        "tax_rate_per_sqm": 450,
        "lulc_confidence": 0.959
      },
      "geometry": {
        "type": "Polygon",
        "coordinates": [
          [
            [
              77.21004914614788,
              28.614845988930526
            ],
            [
              77.21004914614788,
              28.61484598893053
            ],
            [
              77.2100573190229,
              28.61523618714315
            ],
            [
              77.21056157608778,
              28.615227962043754
            ],
            [
              77.21055340135173,
              28.614837763963724
            ],
            [
              77.21004914614788,
              28.614845988930526
            ]
          ]
        ]
      }
    },
    {
      "type": "Feature",
      "properties": {
        "parcel_id": "ULPIN-2026-8500-00048",
        "survey_number": "UNSURVEYED-48",
        "area_sqm": 3022.45,
        "perimeter_m": 218.83,
        "confidence_score": 0.668,
        "verification_status": "Needs GT Verification",
        "building_count": 2,
        "building_coverage_ratio": 0.452,
        "landuse_class": "Vacant/Green",
        "owner_record": "Unregistered / Pending Survey",
        "has_gnss_control": false,
        "tax_assessment_annual_inr": 1360102,
        "tax_rate_per_sqm": 450,
        "lulc_confidence": 0.916
      },
      "geometry": {
        "type": "Polygon",
        "coordinates": [
          [
            [
              77.21020363985282,
              28.613942694572405
            ],
            [
              77.21003568928025,
              28.614203499690685
            ],
            [
              77.21004277012555,
              28.614541572592827
            ],
            [
              77.21004277012555,
              28.614541572592827
            ],
            [
              77.21054702387748,
              28.614533347729488
            ],
            [
              77.2105344789895,
              28.613934528268466
            ],
            [
              77.21020363985282,
              28.613942694572405
            ]
          ]
        ]
      }
    },
    {
      "type": "Feature",
      "properties": {
        "parcel_id": "ULPIN-2026-8500-00049",
        "survey_number": "UNSURVEYED-49",
        "area_sqm": 1265.62,
        "perimeter_m": 142.5,
        "confidence_score": 0.682,
        "verification_status": "Needs GT Verification",
        "building_count": 1,
        "building_coverage_ratio": 0.549,
        "landuse_class": "Mixed-Use",
        "owner_record": "Unregistered / Pending Survey",
        "has_gnss_control": false,
        "tax_assessment_annual_inr": 3923421,
        "tax_rate_per_sqm": 3100,
        "lulc_confidence": 0.958
      },
      "geometry": {
        "type": "Polygon",
        "coordinates": [
          [
            [
              77.20966583537482,
              28.614852239902703
            ],
            [
              77.21004914614788,
              28.61484598893053
            ],
            [
              77.21004914614788,
              28.614845988930526
            ],
            [
              77.21004277012555,
              28.614541572592827
            ],
            [
              77.21004277012555,
              28.614541572592827
            ],
            [
              77.20965946045614,
              28.614547823486394
            ],
            [
              77.20966583537482,
              28.614852239902703
            ]
          ]
        ]
      }
    },
    {
      "type": "Feature",
      "properties": {
        "parcel_id": "ULPIN-2026-8500-00050",
        "survey_number": "UNSURVEYED-50",
        "area_sqm": 1664.96,
        "perimeter_m": 166.16,
        "confidence_score": 0.663,
        "verification_status": "Needs GT Verification",
        "building_count": 1,
        "building_coverage_ratio": 0.417,
        "landuse_class": "Vacant/Green",
        "owner_record": "Unregistered / Pending Survey",
        "has_gnss_control": false,
        "tax_assessment_annual_inr": 749232,
        "tax_rate_per_sqm": 450,
        "lulc_confidence": 0.931
      },
      "geometry": {
        "type": "Polygon",
        "coordinates": [
          [
            [
              77.21004277012555,
              28.614541572592827
            ],
            [
              77.21004914614788,
              28.614845988930526
            ],
            [
              77.21055340135173,
              28.614837763963724
            ],
            [
              77.21054702387748,
              28.614533347729488
            ],
            [
              77.21004277012555,
              28.614541572592827
            ]
          ]
        ]
      }
    },
    {
      "type": "Feature",
      "properties": {
        "parcel_id": "ULPIN-2026-8500-00051",
        "survey_number": "UNSURVEYED-51",
        "area_sqm": 2867.59,
        "perimeter_m": 214.63,
        "confidence_score": 0.637,
        "verification_status": "Needs GT Verification",
        "building_count": 1,
        "building_coverage_ratio": 0.244,
        "landuse_class": "Vacant/Green",
        "owner_record": "Unregistered / Pending Survey",
        "has_gnss_control": false,
        "tax_assessment_annual_inr": 1290415,
        "tax_rate_per_sqm": 450,
        "lulc_confidence": 0.914
      },
      "geometry": {
        "type": "Polygon",
        "coordinates": [
          [
            [
              77.21000188033975,
              28.613044983874925
            ],
            [
              77.21051566876294,
              28.613036603909638
            ],
            [
              77.21050488976833,
              28.612522039606993
            ],
            [
              77.20999110384551,
              28.612530419394112
            ],
            [
              77.21000188033975,
              28.613044983874925
            ]
          ]
        ]
      }
    }
  ]
}