{
  "type": "FeatureCollection",
  "features": [
    {
      "type": "Feature",
      "properties": {
        "parcel_id": "ULPIN-2026-9079-00001",
        "survey_number": "SY-100/1",
        "area_sqm": 1779.37,
        "perimeter_m": 170.5,
        "confidence_score": 0.93,
        "verification_status": "Needs GT Verification",
        "building_count": 1,
        "building_coverage_ratio": 0.77,
        "landuse_class": "Vacant/Green",
        "owner_record": "Property Owner 1",
        "has_gnss_control": true,
        "tax_assessment_annual_inr": 800716,
        "tax_rate_per_sqm": 450,
        "lulc_confidence": 0.966
      },
      "geometry": {
        "type": "Polygon",
        "coordinates": [
          [
            [
              73.73113034135352,
              18.593019130223837
            ],
            [
              73.7311327839992,
              18.592689321652344
            ],
            [
              73.73067082723419,
              18.592686210229715
            ],
            [
              73.73066838369982,
              18.593016018742084
            ],
            [
              73.73113034135352,
              18.593019130223837
            ]
          ]
        ]
      }
    },
    {
      "type": "Feature",
      "properties": {
        "parcel_id": "ULPIN-2026-9079-00002",
        "survey_number": "SY-100/2",
        "area_sqm": 1779.37,
        "perimeter_m": 170.5,
        "confidence_score": 0.93,
        "verification_status": "Needs GT Verification",
        "building_count": 1,
        "building_coverage_ratio": 0.77,
        "landuse_class": "Vacant/Green",
        "owner_record": "Property Owner 2",
        "has_gnss_control": true,
        "tax_assessment_annual_inr": 800716,
        "tax_rate_per_sqm": 450,
        "lulc_confidence": 0.936
      },
      "geometry": {
        "type": "Polygon",
        "coordinates": [
          [
            [
              73.73112789865667,
              18.593348938783485
            ],
            [
              73.73113034135352,
              18.593019130223837
            ],
            [
              73.73066838369982,
              18.593016018742084
            ],
            [
              73.7306659401142,
              18.59334582724261
            ],
            [
              73.73112789865667,
              18.593348938783485
            ]
          ]
        ]
      }
    },
    {
      "type": "Feature",
      "properties": {
        "parcel_id": "ULPIN-2026-9079-00003",
        "survey_number": "SY-100/3",
        "area_sqm": 1779.38,
        "perimeter_m": 170.5,
        "confidence_score": 0.93,
        "verification_status": "Needs GT Verification",
        "building_count": 1,
        "building_coverage_ratio": 0.77,
        "landuse_class": "Vacant/Green",
        "owner_record": "Property Owner 3",
        "has_gnss_control": true,
        "tax_assessment_annual_inr": 800721,
        "tax_rate_per_sqm": 450,
        "lulc_confidence": 0.901
      },
      "geometry": {
        "type": "Polygon",
        "coordinates": [
          [
            [
              73.73112545590858,
              18.593678747331303
            ],
            [
              73.73112789865667,
              18.593348938783485
            ],
            [
              73.7306659401142,
              18.59334582724261
            ],
            [
              73.73066349647739,
              18.593675635731305
            ],
            [
              73.73112545590858,
              18.593678747331303
            ]
          ]
        ]
      }
    },
    {
      "type": "Feature",
      "properties": {
        "parcel_id": "ULPIN-2026-9079-00004",
        "survey_number": "SY-100/4",
        "area_sqm": 1779.38,
        "perimeter_m": 170.5,
        "confidence_score": 0.93,
        "verification_status": "Needs GT Verification",
        "building_count": 1,
        "building_coverage_ratio": 0.77,
        "landuse_class": "Vacant/Green",
        "owner_record": "Property Owner 4",
        "has_gnss_control": true,
        "tax_assessment_annual_inr": 800721,
        "tax_rate_per_sqm": 450,
        "lulc_confidence": 0.961
      },
      "geometry": {
        "type": "Polygon",
        "coordinates": [
          [
            [
              73.73112545590858,
              18.593678747331303
            ],
            [
              73.73066349647739,
              18.593675635731305
            ],
            [
              73.73066105278934,
              18.59400544420816
            ],
            [
              73.73112301310931,
              18.594008555867283
            ],
            [
              73.73112545590858,
              18.593678747331303
            ]
          ]
        ]
      }
    },
    {
      "type": "Feature",
      "properties": {
        "parcel_id": "ULPIN-2026-9079-00005",
        "survey_number": "SY-100/5",
        "area_sqm": 2042.18,
        "perimeter_m": 179.92,
        "confidence_score": 0.98,
        "verification_status": "Needs GT Verification",
        "building_count": 1,
        "building_coverage_ratio": 0.679,
        "landuse_class": "Vacant/Green",
        "owner_record": "Property Owner 5",
        "has_gnss_control": true,
        "tax_assessment_annual_inr": 918981,
        "tax_rate_per_sqm": 450,
        "lulc_confidence": 0.893
      },
      "geometry": {
        "type": "Polygon",
        "coordinates": [
          [
            [
              73.73111612727051,
              18.593019034502813
            ],
            [
              73.73111618587576,
              18.593020363466163
            ],
            [
              73.73111638080603,
              18.59302168055271
            ],
            [
              73.73111671018397,
              18.593022973078213
            ],
            [
              73.73111717083755,
              18.593024228594928
            ],
            [
              73.73111775833041,
              18.59302543501155
            ],
            [
              73.73111846700468,
              18.59302658070962
            ],
            [
              73.73111929003542,
              18.593027654655433
            ],
            [
              73.73112021949642,
              18.593028646506312
            ],
            [
              73.73112124643644,
              18.59302954671018
            ],
            [
              73.73112236096551,
              18.593030346597597
            ],
            [
              73.73112355235013,
              18.593031038465206
            ],
            [
              73.73112480911652,
              18.59303161564993
            ],
            [
              73.7311261191614,
              18.593032072593175
            ],
            [
              73.73112746986833,
              18.593032404894295
            ],
            [
              73.73112884822923,
              18.593032609353095
            ],
            [
              73.73113024096973,
              18.59303268400049
            ],
            [
              73.73159219875131,
              18.593035794352772
            ],
            [
              73.73159359245867,
              18.59303573846645
            ],
            [
              73.73159497371026,
              18.593035552588034
            ],
            [
              73.73159632920388,
              18.593035238507643
            ],
            [
              73.73159764588536,
              18.59303479925002
            ],
            [
              73.73159891107437,
              18.59303423904549
            ],
            [
              73.73160011258642,
              18.593033563289097
            ],
            [
              73.73160123885029,
              18.593032778488762
            ],
            [
              73.73160227901944,
              18.593031892202525
            ],
            [
              73.73160322307649,
              18.593030912965844
            ],
            [
              73.73160406192964,
              18.593029850209277
            ],
            [
              73.7316047875003,
              18.593028714167747
            ],
            [
              73.7316053928008,
              18.593027515781973
            ],
            [
              73.73160587200177,
              18.593026266593057
            ],
            [
              73.73160622048826,
              18.593024978631384
            ],
            [
              73.73160643490415,
              18.593023664300734
            ],
            [
              73.73160651318449,
              18.5930223362588
            ],
            [
              73.73160895491411,
              18.592692527626387
            ],
            [
              73.73160889630496,
              18.592691198662926
            ],
            [
              73.7316087013711,
              18.592689881576636
            ],
            [
              73.73160837198985,
              18.59268858905176
            ],
            [
              73.73160791133333,
              18.592687333536045
            ],
            [
              73.73160732383792,
              18.592686127120782
            ],
            [
              73.73160661516154,
              18.5926849814244
            ],
            [
              73.73160579212909,
              18.592683907480595
            ],
            [
              73.73160486266686,
              18.59268291563201
            ],
            [
              73.73160383572608,
              18.59268201543071
            ],
            [
              73.73160272119674,
              18.59268121554611
            ],
            [
              73.73160152981235,
              18.592680523681548
            ],
            [
              73.73160027304662,
              18.59267994650004
            ],
            [
              73.73159896300288,
              18.592679489560176
            ],
            [
              73.73159761229756,
              18.592679157262527
            ],
            [
              73.7315962339387,
              18.59267895280729
            ],
            [
              73.73159484120062,
              18.592678878163493
            ],
            [
              73.7311328843808,
              18.592675767875175
            ],
            [
              73.73113149067646,
              18.59267582375825
            ],
            [
              73.73113010942751,
              18.592676009633415
            ],
            [
              73.73112875393615,
              18.59267632371059
            ],
            [
              73.73112743725649,
              18.592676762965027
            ],
            [
              73.73112617206887,
              18.5926773231665
            ],
            [
              73.73112497055774,
              18.59267799891992
            ],
            [
              73.73112384429432,
              18.592678783717446
            ],
            [
              73.73112280412512,
              18.592679670001058
            ],
            [
              73.73112186006756,
              18.592680649235326
            ],
            [
              73.7311210212134,
              18.59268171198971
            ],
            [
              73.73112029564128,
              18.592682848029305
            ],
            [
              73.73111969033887,
              18.592684046413424
            ],
            [
              73.73111921113555,
              18.592685295600987
            ],
            [
              73.73111886264633,
              18.592686583561633
            ],
            [
              73.73111864822732,
              18.592687897891587
            ],
            [
              73.73111856994353,
              18.59268922593314
            ],
            [
              73.73111612727051,
              18.593019034502813
            ]
          ]
        ]
      }
    },
    {
      "type": "Feature",
      "properties": {
        "parcel_id": "ULPIN-2026-9079-00006",
        "survey_number": "SY-100/6",
        "area_sqm": 1779.37,
        "perimeter_m": 170.5,
        "confidence_score": 0.93,
        "verification_status": "Needs GT Verification",
        "building_count": 1,
        "building_coverage_ratio": 0.779,
        "landuse_class": "Vacant/Green",
        "owner_record": "Property Owner 6",
        "has_gnss_control": true,
        "tax_assessment_annual_inr": 800716,
        "tax_rate_per_sqm": 450,
        "lulc_confidence": 0.931
      },
      "geometry": {
        "type": "Polygon",
        "coordinates": [
          [
            [
              73.73113034135352,
              18.593019130223837
            ],
            [
              73.73112789865667,
              18.593348938783485
            ],
            [
              73.73158985729044,
              18.59335204919244
            ],
            [
              73.73159229909858,
              18.593022240573674
            ],
            [
              73.73113034135352,
              18.593019130223837
            ]
          ]
        ]
      }
    },
    {
      "type": "Feature",
      "properties": {
        "parcel_id": "ULPIN-2026-9079-00007",
        "survey_number": "SY-100/7",
        "area_sqm": 1779.37,
        "perimeter_m": 170.5,
        "confidence_score": 0.93,
        "verification_status": "AI Confirmed",
        "building_count": 1,
        "building_coverage_ratio": 0.779,
        "landuse_class": "Vacant/Green",
        "owner_record": "Property Owner 7",
        "has_gnss_control": true,
        "tax_assessment_annual_inr": 800716,
        "tax_rate_per_sqm": 450,
        "lulc_confidence": 0.952
      },
      "geometry": {
        "type": "Polygon",
        "coordinates": [
          [
            [
              73.73112789865667,
              18.593348938783485
            ],
            [
              73.73112545590858,
              18.593678747331303
            ],
            [
              73.73158741543112,
              18.593681857799346
            ],
            [
              73.73158985729044,
              18.59335204919244
            ],
            [
              73.73112789865667,
              18.593348938783485
            ]
          ]
        ]
      }
    },
    {
      "type": "Feature",
      "properties": {
        "parcel_id": "ULPIN-2026-9079-00008",
        "survey_number": "SY-100/8",
        "area_sqm": 1992.38,
        "perimeter_m": 180.5,
        "confidence_score": 0.98,
        "verification_status": "AI Confirmed",
        "building_count": 2,
        "building_coverage_ratio": 0.704,
        "landuse_class": "Vacant/Green",
        "owner_record": "Property Owner 8",
        "has_gnss_control": true,
        "tax_assessment_annual_inr": 896571,
        "tax_rate_per_sqm": 450,
        "lulc_confidence": 0.925
      },
      "geometry": {
        "type": "Polygon",
        "coordinates": [
          [
            [
              73.73109716148679,
              18.59366048418017
            ],
            [
              73.7310945847793,
              18.594008364413252
            ],
            [
              73.73158497352063,
              18.594011666394426
            ],
            [
              73.73158754923296,
              18.593663786095167
            ],
            [
              73.73109716148679,
              18.59366048418017
            ]
          ]
        ]
      }
    },
    {
      "type": "Feature",
      "properties": {
        "parcel_id": "ULPIN-2026-9079-00009",
        "survey_number": "SY-100/9",
        "area_sqm": 1779.38,
        "perimeter_m": 170.5,
        "confidence_score": 0.93,
        "verification_status": "AI Confirmed",
        "building_count": 1,
        "building_coverage_ratio": 0.77,
        "landuse_class": "Vacant/Green",
        "owner_record": "Property Owner 9",
        "has_gnss_control": true,
        "tax_assessment_annual_inr": 800721,
        "tax_rate_per_sqm": 450,
        "lulc_confidence": 0.904
      },
      "geometry": {
        "type": "Polygon",
        "coordinates": [
          [
            [
              73.73159229909858,
              18.593022240573674
            ],
            [
              73.73205425693494,
              18.593025349791613
            ],
            [
              73.7320566978032,
              18.592695541101946
            ],
            [
              73.73159474085554,
              18.59269243194309
            ],
            [
              73.73159229909858,
              18.593022240573674
            ]
          ]
        ]
      }
    },
    {
      "type": "Feature",
      "properties": {
        "parcel_id": "ULPIN-2026-9079-00010",
        "survey_number": "SY-100/10",
        "area_sqm": 1485.43,
        "perimeter_m": 156.1,
        "confidence_score": 0.78,
        "verification_status": "Needs GT Verification",
        "building_count": 1,
        "building_coverage_ratio": 0.922,
        "landuse_class": "Commercial",
        "owner_record": "Property Owner 10",
        "has_gnss_control": true,
        "tax_assessment_annual_inr": 6238806,
        "tax_rate_per_sqm": 4200,
        "lulc_confidence": 0.944
      },
      "geometry": {
        "type": "Polygon",
        "coordinates": [
          [
            [
              73.73160923558657,
              18.593038619930713
            ],
            [
              73.73160703464387,
              18.593335899482184
            ],
            [
              73.7320348794533,
              18.593338779148343
            ],
            [
              73.73203707965406,
              18.59304149954756
            ],
            [
              73.73160923558657,
              18.593038619930713
            ]
          ]
        ]
      }
    },
    {
      "type": "Feature",
      "properties": {
        "parcel_id": "ULPIN-2026-9079-00011",
        "survey_number": "SY-100/11",
        "area_sqm": 1779.37,
        "perimeter_m": 170.5,
        "confidence_score": 0.93,
        "verification_status": "AI Confirmed",
        "building_count": 1,
        "building_coverage_ratio": 0.77,
        "landuse_class": "Vacant/Green",
        "owner_record": "Property Owner 11",
        "has_gnss_control": true,
        "tax_assessment_annual_inr": 800716,
        "tax_rate_per_sqm": 450,
        "lulc_confidence": 0.882
      },
      "geometry": {
        "type": "Polygon",
        "coordinates": [
          [
            [
              73.73158985729044,
              18.59335204919244
            ],
            [
              73.73158741543112,
              18.593681857799346
            ],
            [
              73.73204937504495,
              18.593684967135438
            ],
            [
              73.73205181601553,
              18.593355158469443
            ],
            [
              73.73158985729044,
              18.59335204919244
            ]
          ]
        ]
      }
    },
    {
      "type": "Feature",
      "properties": {
        "parcel_id": "ULPIN-2026-9079-00012",
        "survey_number": "SY-100/12",
        "area_sqm": 1779.37,
        "perimeter_m": 170.5,
        "confidence_score": 0.93,
        "verification_status": "AI Confirmed",
        "building_count": 1,
        "building_coverage_ratio": 0.77,
        "landuse_class": "Vacant/Green",
        "owner_record": "Property Owner 12",
        "has_gnss_control": true,
        "tax_assessment_annual_inr": 800716,
        "tax_rate_per_sqm": 450,
        "lulc_confidence": 0.961
      },
      "geometry": {
        "type": "Polygon",
        "coordinates": [
          [
            [
              73.73204937504495,
              18.593684967135438
            ],
            [
              73.73158741543112,
              18.593681857799346
            ],
            [
              73.73158497352063,
              18.594011666394426
            ],
            [
              73.73204693402323,
              18.594014775789585
            ],
            [
              73.73204937504495,
              18.593684967135438
            ]
          ]
        ]
      }
    },
    {
      "type": "Feature",
      "properties": {
        "parcel_id": "ULPIN-2026-9079-00013",
        "survey_number": "SY-100/13",
        "area_sqm": 1779.37,
        "perimeter_m": 170.5,
        "confidence_score": 0.85,
        "verification_status": "AI Confirmed",
        "building_count": 0,
        "building_coverage_ratio": 0.0,
        "landuse_class": "Vacant/Green",
        "owner_record": "Property Owner 13",
        "has_gnss_control": false,
        "tax_assessment_annual_inr": 800716,
        "tax_rate_per_sqm": 450,
        "lulc_confidence": 0.961
      },
      "geometry": {
        "type": "Polygon",
        "coordinates": [
          [
            [
              73.7325186548421,
              18.592698649128906
            ],
            [
              73.7320566978032,
              18.592695541101946
            ],
            [
              73.73205425693494,
              18.593025349791613
            ],
            [
              73.73251621486256,
              18.59302845787764
            ],
            [
              73.7325186548421,
              18.592698649128906
            ]
          ]
        ]
      }
    },
    {
      "type": "Feature",
      "properties": {
        "parcel_id": "ULPIN-2026-9079-00014",
        "survey_number": "SY-100/14",
        "area_sqm": 1779.37,
        "perimeter_m": 170.5,
        "confidence_score": 0.93,
        "verification_status": "AI Confirmed",
        "building_count": 1,
        "building_coverage_ratio": 0.779,
        "landuse_class": "Vacant/Green",
        "owner_record": "Property Owner 14",
        "has_gnss_control": true,
        "tax_assessment_annual_inr": 800716,
        "tax_rate_per_sqm": 450,
        "lulc_confidence": 0.962
      },
      "geometry": {
        "type": "Polygon",
        "coordinates": [
          [
            [
              73.73251621486256,
              18.59302845787764
            ],
            [
              73.73205425693494,
              18.593025349791613
            ],
            [
              73.73205181601553,
              18.593355158469443
            ],
            [
              73.73251377483189,
              18.593358266614523
            ],
            [
              73.73251621486256,
              18.59302845787764
            ]
          ]
        ]
      }
    },
    {
      "type": "Feature",
      "properties": {
        "parcel_id": "ULPIN-2026-9079-00015",
        "survey_number": "SY-100/15",
        "area_sqm": 2042.18,
        "perimeter_m": 179.92,
        "confidence_score": 0.98,
        "verification_status": "AI Confirmed",
        "building_count": 1,
        "building_coverage_ratio": 0.679,
        "landuse_class": "Vacant/Green",
        "owner_record": "Property Owner 15",
        "has_gnss_control": true,
        "tax_assessment_annual_inr": 918981,
        "tax_rate_per_sqm": 450,
        "lulc_confidence": 0.919
      },
      "geometry": {
        "type": "Polygon",
        "coordinates": [
          [
            [
              73.73252798895075,
              18.593358362231804
            ],
            [
              73.73252793033457,
              18.59335703326828
            ],
            [
              73.73252773539318,
              18.59335571618256
            ],
            [
              73.73252740600392,
              18.593354423658905
            ],
            [
              73.73252694533905,
              18.59335316814501
            ],
            [
              73.732526357835,
              18.593351961732168
            ],
            [
              73.73252564914978,
              18.593350816038793
            ],
            [
              73.73252482610837,
              18.59334974209854
            ],
            [
              73.73252389663718,
              18.593348750254027
            ],
            [
              73.73252286968747,
              18.59334785005726
            ],
            [
              73.73252175514934,
              18.593347050177652
            ],
            [
              73.73252056375642,
              18.59334635831845
            ],
            [
              73.73251930698245,
              18.593345781142638
            ],
            [
              73.73251799693085,
              18.593345324208748
            ],
            [
              73.73251664621816,
              18.593344991917274
            ],
            [
              73.73251526785243,
              18.593344787468407
            ],
            [
              73.73251387510813,
              18.593344712831062
            ],
            [
              73.7320519163283,
              18.59334160468839
            ],
            [
              73.73205052261837,
              18.59334166057796
            ],
            [
              73.73204914136456,
              18.59334184645959
            ],
            [
              73.7320477858691,
              18.59334216054314
            ],
            [
              73.73204646918614,
              18.593342599803815
            ],
            [
              73.73204520399605,
              18.5933431600113
            ],
            [
              73.73204400248333,
              18.593343835770472
            ],
            [
              73.73204287621918,
              18.59334462057344
            ],
            [
              73.73204183605013,
              18.593345506862097
            ],
            [
              73.73204089199359,
              18.59334648610099
            ],
            [
              73.73204005314133,
              18.593347548859548
            ],
            [
              73.73203932757198,
              18.593348684902793
            ],
            [
              73.73203872227315,
              18.593349883290042
            ],
            [
              73.7320382430742,
              18.593351132480144
            ],
            [
              73.73203789459006,
              18.59335242044273
            ],
            [
              73.73203768017689,
              18.593353734774016
            ],
            [
              73.73203760189955,
              18.593355062816258
            ],
            [
              73.73203516090166,
              18.59368487148044
            ],
            [
              73.73203521951393,
              18.593686200443845
            ],
            [
              73.73203541445173,
              18.593687517529823
            ],
            [
              73.73203574383767,
              18.59368881005413
            ],
            [
              73.73203620449961,
              18.593690065569017
            ],
            [
              73.73203679200111,
              18.59369127198321
            ],
            [
              73.73203750068421,
              18.59369241767827
            ],
            [
              73.7320383237239,
              18.59369349162053
            ],
            [
              73.73203925319389,
              18.593694483467345
            ],
            [
              73.73204028014283,
              18.593695383666677
            ],
            [
              73.73204139468068,
              18.593696183549113
            ],
            [
              73.73204258607382,
              18.593696875411354
            ],
            [
              73.73204384284847,
              18.593697452590384
            ],
            [
              73.73204515290121,
              18.59369790952765
            ],
            [
              73.7320465036155,
              18.59369824182259
            ],
            [
              73.73204788198325,
              18.593698446275035
            ],
            [
              73.73204927473,
              18.593698520915982
            ],
            [
              73.73251123447163,
              18.593701629122542
            ],
            [
              73.73251262818458,
              18.593701573229744
            ],
            [
              73.73251400944103,
              18.59370138734486
            ],
            [
              73.73251536493875,
              18.593701073258096
            ],
            [
              73.73251668162354,
              18.593700633994253
            ],
            [
              73.732517946815,
              18.593700073783683
            ],
            [
              73.73251914832865,
              18.59369939802154
            ],
            [
              73.73252027459324,
              18.59369861321577
            ],
            [
              73.73252131476225,
              18.593697726924486
            ],
            [
              73.73252225881828,
              18.593696747683158
            ],
            [
              73.73252309766953,
              18.59369568492243
            ],
            [
              73.73252382323743,
              18.59369454887724
            ],
            [
              73.73252442853435,
              18.59369335048836
            ],
            [
              73.73252490773095,
              18.593692101296913
            ],
            [
              73.73252525621233,
              18.593690813333296
            ],
            [
              73.73252547062239,
              18.593689499001307
            ],
            [
              73.73252554889629,
              18.59368817095867
            ],
            [
              73.73252798895075,
              18.593358362231804
            ]
          ]
        ]
      }
    },
    {
      "type": "Feature",
      "properties": {
        "parcel_id": "ULPIN-2026-9079-00016",
        "survey_number": "SY-100/16",
        "area_sqm": 1992.38,
        "perimeter_m": 180.5,
        "confidence_score": 0.98,
        "verification_status": "AI Confirmed",
        "building_count": 2,
        "building_coverage_ratio": 0.704,
        "landuse_class": "Vacant/Green",
        "owner_record": "Property Owner 16",
        "has_gnss_control": true,
        "tax_assessment_annual_inr": 896571,
        "tax_rate_per_sqm": 450,
        "lulc_confidence": 0.958
      },
      "geometry": {
        "type": "Polygon",
        "coordinates": [
          [
            [
              73.7325114684545,
              18.593670003628926
            ],
            [
              73.73202108051453,
              18.593666704117148
            ],
            [
              73.73201850568196,
              18.59401458447489
            ],
            [
              73.73250889461711,
              18.594017884052793
            ],
            [
              73.7325114684545,
              18.593670003628926
            ]
          ]
        ]
      }
    },
    {
      "type": "Feature",
      "properties": {
        "parcel_id": "ULPIN-2026-9079-00017",
        "survey_number": "SY-101/17",
        "area_sqm": 1852.5,
        "perimeter_m": 173.5,
        "confidence_score": 0.85,
        "verification_status": "AI Confirmed",
        "building_count": 1,
        "building_coverage_ratio": 0.775,
        "landuse_class": "Vacant/Green",
        "owner_record": "Property Owner 17",
        "has_gnss_control": false,
        "tax_assessment_annual_inr": 833625,
        "tax_rate_per_sqm": 450,
        "lulc_confidence": 0.916
      },
      "geometry": {
        "type": "Polygon",
        "coordinates": [
          [
            [
              73.73111993444004,
              18.59442420496425
            ],
            [
              73.73112247769441,
              18.594080842668106
            ],
            [
              73.73066051717964,
              18.594077730996027
            ],
            [
              73.73065797299995,
              18.59442109323062
            ],
            [
              73.73111993444004,
              18.59442420496425
            ]
          ]
        ]
      }
    },
    {
      "type": "Feature",
      "properties": {
        "parcel_id": "ULPIN-2026-9079-00018",
        "survey_number": "SY-101/18",
        "area_sqm": 1852.5,
        "perimeter_m": 173.5,
        "confidence_score": 0.93,
        "verification_status": "AI Confirmed",
        "building_count": 1,
        "building_coverage_ratio": 0.775,
        "landuse_class": "Vacant/Green",
        "owner_record": "Property Owner 18",
        "has_gnss_control": true,
        "tax_assessment_annual_inr": 833625,
        "tax_rate_per_sqm": 450,
        "lulc_confidence": 0.917
      },
      "geometry": {
        "type": "Polygon",
        "coordinates": [
          [
            [
              73.73111739113018,
              18.594767567247555
            ],
            [
              73.73111993444004,
              18.59442420496425
            ],
            [
              73.73065797299995,
              18.59442109323062
            ],
            [
              73.73065542876475,
              18.594764455452374
            ],
            [
              73.73111739113018,
              18.594767567247555
            ]
          ]
        ]
      }
    },
    {
      "type": "Feature",
      "properties": {
        "parcel_id": "ULPIN-2026-9079-00019",
        "survey_number": "SY-101/19",
        "area_sqm": 1852.5,
        "perimeter_m": 173.5,
        "confidence_score": 0.93,
        "verification_status": "AI Confirmed",
        "building_count": 1,
        "building_coverage_ratio": 0.775,
        "landuse_class": "Vacant/Green",
        "owner_record": "Property Owner 19",
        "has_gnss_control": true,
        "tax_assessment_annual_inr": 833625,
        "tax_rate_per_sqm": 450,
        "lulc_confidence": 0.93
      },
      "geometry": {
        "type": "Polygon",
        "coordinates": [
          [
            [
              73.73111484776481,
              18.595110929518032
            ],
            [
              73.73111739113018,
              18.594767567247555
            ],
            [
              73.73065542876475,
              18.594764455452374
            ],
            [
              73.73065288447404,
              18.595107817661297
            ],
            [
              73.73111484776481,
              18.595110929518032
            ]
          ]
        ]
      }
    },
    {
      "type": "Feature",
      "properties": {
        "parcel_id": "ULPIN-2026-9079-00020",
        "survey_number": "SY-101/20",
        "area_sqm": 1553.16,
        "perimeter_m": 159.1,
        "confidence_score": 0.78,
        "verification_status": "Needs GT Verification",
        "building_count": 1,
        "building_coverage_ratio": 0.924,
        "landuse_class": "Vacant/Green",
        "owner_record": "Property Owner 20",
        "has_gnss_control": true,
        "tax_assessment_annual_inr": 698922,
        "tax_rate_per_sqm": 450,
        "lulc_confidence": 0.929
      },
      "geometry": {
        "type": "Polygon",
        "coordinates": [
          [
            [
              73.73109536768274,
              18.595437912366606
            ],
            [
              73.73109767017887,
              18.595127079167014
            ],
            [
              73.73066982105973,
              18.595124197106223
            ],
            [
              73.73066751778777,
              18.59543503025422
            ],
            [
              73.73109536768274,
              18.595437912366606
            ]
          ]
        ]
      }
    },
    {
      "type": "Feature",
      "properties": {
        "parcel_id": "ULPIN-2026-9079-00021",
        "survey_number": "SY-101/21",
        "area_sqm": 1852.5,
        "perimeter_m": 173.5,
        "confidence_score": 0.93,
        "verification_status": "Needs GT Verification",
        "building_count": 1,
        "building_coverage_ratio": 0.775,
        "landuse_class": "Vacant/Green",
        "owner_record": "Property Owner 21",
        "has_gnss_control": true,
        "tax_assessment_annual_inr": 833625,
        "tax_rate_per_sqm": 450,
        "lulc_confidence": 0.891
      },
      "geometry": {
        "type": "Polygon",
        "coordinates": [
          [
            [
              73.73111230434395,
              18.59545429177568
            ],
            [
              73.7306503401278,
              18.595451179857392
            ],
            [
              73.73064779572606,
              18.595794542040647
            ],
            [
              73.7311097608676,
              18.595797654020487
            ],
            [
              73.73111230434395,
              18.59545429177568
            ]
          ]
        ]
      }
    },
    {
      "type": "Feature",
      "properties": {
        "parcel_id": "ULPIN-2026-9079-00022",
        "survey_number": "SY-101/22",
        "area_sqm": 1852.5,
        "perimeter_m": 173.5,
        "confidence_score": 0.93,
        "verification_status": "Needs GT Verification",
        "building_count": 1,
        "building_coverage_ratio": 0.784,
        "landuse_class": "Vacant/Green",
        "owner_record": "Property Owner 22",
        "has_gnss_control": true,
        "tax_assessment_annual_inr": 833625,
        "tax_rate_per_sqm": 450,
        "lulc_confidence": 0.903
      },
      "geometry": {
        "type": "Polygon",
        "coordinates": [
          [
            [
              73.73111993444004,
              18.59442420496425
            ],
            [
              73.73158189597146,
              18.594427315565877
            ],
            [
              73.73158443830052,
              18.594083953208198
            ],
            [
              73.73112247769441,
              18.594080842668106
            ],
            [
              73.73111993444004,
              18.59442420496425
            ]
          ]
        ]
      }
    },
    {
      "type": "Feature",
      "properties": {
        "parcel_id": "ULPIN-2026-9079-00023",
        "survey_number": "SY-101/23",
        "area_sqm": 1852.5,
        "perimeter_m": 173.5,
        "confidence_score": 0.93,
        "verification_status": "Needs GT Verification",
        "building_count": 1,
        "building_coverage_ratio": 0.784,
        "landuse_class": "Vacant/Green",
        "owner_record": "Property Owner 23",
        "has_gnss_control": true,
        "tax_assessment_annual_inr": 833625,
        "tax_rate_per_sqm": 450,
        "lulc_confidence": 0.923
      },
      "geometry": {
        "type": "Polygon",
        "coordinates": [
          [
            [
              73.73111993444004,
              18.59442420496425
            ],
            [
              73.73111739113018,
              18.594767567247555
            ],
            [
              73.73157935358694,
              18.59477067791072
            ],
            [
              73.73158189597146,
              18.594427315565877
            ],
            [
              73.73111993444004,
              18.59442420496425
            ]
          ]
        ]
      }
    },
    {
      "type": "Feature",
      "properties": {
        "parcel_id": "ULPIN-2026-9079-00024",
        "survey_number": "SY-101/24",
        "area_sqm": 2070.0,
        "perimeter_m": 183.5,
        "confidence_score": 0.98,
        "verification_status": "Needs GT Verification",
        "building_count": 2,
        "building_coverage_ratio": 0.709,
        "landuse_class": "Vacant/Green",
        "owner_record": "Property Owner 24",
        "has_gnss_control": true,
        "tax_assessment_annual_inr": 931500,
        "tax_rate_per_sqm": 450,
        "lulc_confidence": 0.896
      },
      "geometry": {
        "type": "Polygon",
        "coordinates": [
          [
            [
              73.73108909653708,
              18.594749304086548
            ],
            [
              73.73108641925198,
              18.59511073805184
            ],
            [
              73.73157681114694,
              18.595114040242716
            ],
            [
              73.73157948739804,
              18.59475260620867
            ],
            [
              73.73108909653708,
              18.594749304086548
            ]
          ]
        ]
      }
    },
    {
      "type": "Feature",
      "properties": {
        "parcel_id": "ULPIN-2026-9079-00025",
        "survey_number": "SY-101/25",
        "area_sqm": 2119.81,
        "perimeter_m": 182.92,
        "confidence_score": 0.98,
        "verification_status": "Needs GT Verification",
        "building_count": 1,
        "building_coverage_ratio": 0.685,
        "landuse_class": "Vacant/Green",
        "owner_record": "Property Owner 25",
        "has_gnss_control": true,
        "tax_assessment_annual_inr": 953914,
        "tax_rate_per_sqm": 450,
        "lulc_confidence": 0.924
      },
      "geometry": {
        "type": "Polygon",
        "coordinates": [
          [
            [
              73.73111494816187,
              18.59509737574444
            ],
            [
              73.73111355443777,
              18.595097431626186
            ],
            [
              73.73111217316911,
              18.595097617500002
            ],
            [
              73.73111081765826,
              18.59509793157582
            ],
            [
              73.73110950095953,
              18.595098370828914
            ],
            [
              73.73110823575348,
              18.595098931029042
            ],
            [
              73.73110703422468,
              18.595099606781165
            ],
            [
              73.7311059079445,
              18.595100391577436
            ],
            [
              73.73110486775968,
              18.595101277859825
            ],
            [
              73.73110392368775,
              18.595102257092968
            ],
            [
              73.73110308482065,
              18.595103319846285
            ],
            [
              73.7311023592371,
              18.5951044558849
            ],
            [
              73.7311017539249,
              18.595105654268156
            ],
            [
              73.73110127471351,
              18.595106903454937
            ],
            [
              73.73110092621802,
              18.595108191414916
            ],
            [
              73.73110071179462,
              18.595109505744336
            ],
            [
              73.73110063350836,
              18.59511083378548
            ],
            [
              73.73109809005902,
              18.595454196041228
            ],
            [
              73.73109814866373,
              18.595455525004287
            ],
            [
              73.73109834359538,
              18.595456842090684
            ],
            [
              73.73109867297667,
              18.595458134616152
            ],
            [
              73.73109913363548,
              18.595459390132987
            ],
            [
              73.73109972113544,
              18.595460596549852
            ],
            [
              73.73110042981857,
              18.59546174224829
            ],
            [
              73.7311012528599,
              18.595462816194612
            ],
            [
              73.73110218233309,
              18.59546380804612
            ],
            [
              73.73110320928676,
              18.595464708250734
            ],
            [
              73.73110432383085,
              18.595465508139
            ],
            [
              73.73110551523163,
              18.595466200007554
            ],
            [
              73.73110677201531,
              18.595466777193316
            ],
            [
              73.73110808207835,
              18.595467234137665
            ],
            [
              73.73110943280412,
              18.59546756644
            ],
            [
              73.7311108111844,
              18.59546777090004
            ],
            [
              73.73111220394462,
              18.59546784554874
            ],
            [
              73.73157416828866,
              18.595470956337387
            ],
            [
              73.73157556201588,
              18.595470900452412
            ],
            [
              73.7315769432873,
              18.595470714575352
            ],
            [
              73.7315782988005,
              18.595470400496314
            ],
            [
              73.73157961550116,
              18.59546996124006
            ],
            [
              73.73158088070873,
              18.59546940103686
            ],
            [
              73.73158208223855,
              18.595468725281783
            ],
            [
              73.73158320851924,
              18.595467940482706
            ],
            [
              73.73158424870412,
              18.595467054197695
            ],
            [
              73.73158519277561,
              18.595466074962154
            ],
            [
              73.7315860316418,
              18.595465012206642
            ],
            [
              73.73158675722394,
              18.595463876166107
            ],
            [
              73.73158736253427,
              18.595462677781214
            ],
            [
              73.73158784174336,
              18.59546142859308
            ],
            [
              73.73158819023614,
              18.595460140632067
            ],
            [
              73.73158840465645,
              18.59545882630195
            ],
            [
              73.73158848293929,
              18.595457498260448
            ],
            [
              73.7315910254063,
              18.595114135939376
            ],
            [
              73.7315909667977,
              18.595112806976204
            ],
            [
              73.73159077186246,
              18.595111489890055
            ],
            [
              73.73159044247788,
              18.595110197365212
            ],
            [
              73.73158998181616,
              18.595108941849382
            ],
            [
              73.73158939431369,
              18.59510773543387
            ],
            [
              73.73158868562845,
              18.595106589737128
            ],
            [
              73.73158786258551,
              18.595105515792806
            ],
            [
              73.73158693311116,
              18.59510452394361
            ],
            [
              73.7315859061568,
              18.595103623741583
            ],
            [
              73.73158479161253,
              18.59510282385614
            ],
            [
              73.73158360021202,
              18.59510213199063
            ],
            [
              73.73158234342914,
              18.59510155480809
            ],
            [
              73.73158103336735,
              18.595101097867108
            ],
            [
              73.73157968264329,
              18.59510076556826
            ],
            [
              73.73157830426514,
              18.59510056111178
            ],
            [
              73.73157691150746,
              18.595100486466695
            ],
            [
              73.73111494816187,
              18.59509737574444
            ]
          ]
        ]
      }
    },
    {
      "type": "Feature",
      "properties": {
        "parcel_id": "ULPIN-2026-9079-00026",
        "survey_number": "SY-101/26",
        "area_sqm": 1852.5,
        "perimeter_m": 173.5,
        "confidence_score": 0.93,
        "verification_status": "Needs GT Verification",
        "building_count": 1,
        "building_coverage_ratio": 0.784,
        "landuse_class": "Vacant/Green",
        "owner_record": "Property Owner 26",
        "has_gnss_control": true,
        "tax_assessment_annual_inr": 833625,
        "tax_rate_per_sqm": 450,
        "lulc_confidence": 0.924
      },
      "geometry": {
        "type": "Polygon",
        "coordinates": [
          [
            [
              73.73157426865146,
              18.595457402561895
            ],
            [
              73.73111230434395,
              18.59545429177568
            ],
            [
              73.7311097608676,
              18.595797654020487
            ],
            [
              73.7315717261005,
              18.595800764868226
            ],
            [
              73.73157426865146,
              18.595457402561895
            ]
          ]
        ]
      }
    },
    {
      "type": "Feature",
      "properties": {
        "parcel_id": "ULPIN-2026-9079-00027",
        "survey_number": "SY-101/27",
        "area_sqm": 1852.5,
        "perimeter_m": 173.5,
        "confidence_score": 0.93,
        "verification_status": "AI Confirmed",
        "building_count": 1,
        "building_coverage_ratio": 0.775,
        "landuse_class": "Vacant/Green",
        "owner_record": "Property Owner 27",
        "has_gnss_control": true,
        "tax_assessment_annual_inr": 833625,
        "tax_rate_per_sqm": 450,
        "lulc_confidence": 0.914
      },
      "geometry": {
        "type": "Polygon",
        "coordinates": [
          [
            [
              73.73158189597146,
              18.594427315565877
            ],
            [
              73.73204385759419,
              18.594430425035497
            ],
            [
              73.73204639899794,
              18.594087062616314
            ],
            [
              73.73158443830052,
              18.594083953208198
            ],
            [
              73.73158189597146,
              18.594427315565877
            ]
          ]
        ]
      }
    },
    {
      "type": "Feature",
      "properties": {
        "parcel_id": "ULPIN-2026-9079-00028",
        "survey_number": "SY-101/28",
        "area_sqm": 1852.5,
        "perimeter_m": 173.5,
        "confidence_score": 0.93,
        "verification_status": "AI Confirmed",
        "building_count": 1,
        "building_coverage_ratio": 0.775,
        "landuse_class": "Vacant/Green",
        "owner_record": "Property Owner 28",
        "has_gnss_control": true,
        "tax_assessment_annual_inr": 833625,
        "tax_rate_per_sqm": 450,
        "lulc_confidence": 0.944
      },
      "geometry": {
        "type": "Polygon",
        "coordinates": [
          [
            [
              73.73158189597146,
              18.594427315565877
            ],
            [
              73.73157935358694,
              18.59477067791072
            ],
            [
              73.73204131613501,
              18.594773787441856
            ],
            [
              73.73204385759419,
              18.594430425035497
            ],
            [
              73.73158189597146,
              18.594427315565877
            ]
          ]
        ]
      }
    },
    {
      "type": "Feature",
      "properties": {
        "parcel_id": "ULPIN-2026-9079-00029",
        "survey_number": "SY-101/29",
        "area_sqm": 1852.5,
        "perimeter_m": 173.5,
        "confidence_score": 0.93,
        "verification_status": "AI Confirmed",
        "building_count": 1,
        "building_coverage_ratio": 0.775,
        "landuse_class": "Vacant/Green",
        "owner_record": "Property Owner 29",
        "has_gnss_control": true,
        "tax_assessment_annual_inr": 833625,
        "tax_rate_per_sqm": 450,
        "lulc_confidence": 0.934
      },
      "geometry": {
        "type": "Polygon",
        "coordinates": [
          [
            [
              73.73157935358694,
              18.59477067791072
            ],
            [
              73.73157681114694,
              18.595114040242716
            ],
            [
              73.73203877462036,
              18.59511714983536
            ],
            [
              73.73204131613501,
              18.594773787441856
            ],
            [
              73.73157935358694,
              18.59477067791072
            ]
          ]
        ]
      }
    },
    {
      "type": "Feature",
      "properties": {
        "parcel_id": "ULPIN-2026-9079-00030",
        "survey_number": "SY-101/30",
        "area_sqm": 1553.16,
        "perimeter_m": 159.1,
        "confidence_score": 0.78,
        "verification_status": "Needs GT Verification",
        "building_count": 1,
        "building_coverage_ratio": 0.924,
        "landuse_class": "Vacant/Green",
        "owner_record": "Property Owner 30",
        "has_gnss_control": true,
        "tax_assessment_annual_inr": 698922,
        "tax_rate_per_sqm": 450,
        "lulc_confidence": 0.906
      },
      "geometry": {
        "type": "Polygon",
        "coordinates": [
          [
            [
              73.73159374782705,
              18.595130419609884
            ],
            [
              73.7315914462305,
              18.59544125286929
            ],
            [
              73.73201929629464,
              18.59544413288474
            ],
            [
              73.73202159711535,
              18.59513329957376
            ],
            [
              73.73159374782705,
              18.595130419609884
            ]
          ]
        ]
      }
    },
    {
      "type": "Feature",
      "properties": {
        "parcel_id": "ULPIN-2026-9079-00031",
        "survey_number": "SY-101/31",
        "area_sqm": 1852.5,
        "perimeter_m": 173.5,
        "confidence_score": 0.85,
        "verification_status": "AI Confirmed",
        "building_count": 1,
        "building_coverage_ratio": 0.775,
        "landuse_class": "Vacant/Green",
        "owner_record": "Property Owner 31",
        "has_gnss_control": false,
        "tax_assessment_annual_inr": 833625,
        "tax_rate_per_sqm": 450,
        "lulc_confidence": 0.881
      },
      "geometry": {
        "type": "Polygon",
        "coordinates": [
          [
            [
              73.73203623305027,
              18.595460512216043
            ],
            [
              73.73157426865146,
              18.595457402561895
            ],
            [
              73.7315717261005,
              18.595800764868226
            ],
            [
              73.7320336914247,
              18.595803874583883
            ],
            [
              73.73203623305027,
              18.595460512216043
            ]
          ]
        ]
      }
    },
    {
      "type": "Feature",
      "properties": {
        "parcel_id": "ULPIN-2026-9079-00032",
        "survey_number": "SY-101/32",
        "area_sqm": 2070.0,
        "perimeter_m": 183.5,
        "confidence_score": 0.98,
        "verification_status": "AI Confirmed",
        "building_count": 2,
        "building_coverage_ratio": 0.709,
        "landuse_class": "Vacant/Green",
        "owner_record": "Property Owner 32",
        "has_gnss_control": true,
        "tax_assessment_annual_inr": 931500,
        "tax_rate_per_sqm": 450,
        "lulc_confidence": 0.908
      },
      "geometry": {
        "type": "Polygon",
        "coordinates": [
          [
            [
              73.73250849349446,
              18.59407209918259
            ],
            [
              73.73201810440423,
              18.594068799594393
            ],
            [
              73.732015429184,
              18.594430233716217
            ],
            [
              73.7325058193082,
              18.594433533373127
            ],
            [
              73.73250849349446,
              18.59407209918259
            ]
          ]
        ]
      }
    },
    {
      "type": "Feature",
      "properties": {
        "parcel_id": "ULPIN-2026-9079-00033",
        "survey_number": "SY-101/33",
        "area_sqm": 1852.5,
        "perimeter_m": 173.5,
        "confidence_score": 0.93,
        "verification_status": "AI Confirmed",
        "building_count": 1,
        "building_coverage_ratio": 0.784,
        "landuse_class": "Vacant/Green",
        "owner_record": "Property Owner 33",
        "has_gnss_control": true,
        "tax_assessment_annual_inr": 833625,
        "tax_rate_per_sqm": 450,
        "lulc_confidence": 0.932
      },
      "geometry": {
        "type": "Polygon",
        "coordinates": [
          [
            [
              73.7325058193082,
              18.594433533373127
            ],
            [
              73.73204385759419,
              18.594430425035497
            ],
            [
              73.73204131613501,
              18.594773787441856
            ],
            [
              73.73250327877435,
              18.59477689584096
            ],
            [
              73.7325058193082,
              18.594433533373127
            ]
          ]
        ]
      }
    },
    {
      "type": "Feature",
      "properties": {
        "parcel_id": "ULPIN-2026-9079-00034",
        "survey_number": "SY-101/34",
        "area_sqm": 1852.5,
        "perimeter_m": 173.5,
        "confidence_score": 0.85,
        "verification_status": "AI Confirmed",
        "building_count": 1,
        "building_coverage_ratio": 0.784,
        "landuse_class": "Vacant/Green",
        "owner_record": "Property Owner 34",
        "has_gnss_control": false,
        "tax_assessment_annual_inr": 833625,
        "tax_rate_per_sqm": 450,
        "lulc_confidence": 0.932
      },
      "geometry": {
        "type": "Polygon",
        "coordinates": [
          [
            [
              73.73250327877435,
              18.59477689584096
            ],
            [
              73.73204131613501,
              18.594773787441856
            ],
            [
              73.73203877462036,
              18.59511714983536
            ],
            [
              73.73250073818507,
              18.595120258295953
            ],
            [
              73.73250327877435,
              18.59477689584096
            ]
          ]
        ]
      }
    },
    {
      "type": "Feature",
      "properties": {
        "parcel_id": "ULPIN-2026-9079-00035",
        "survey_number": "SY-101/35",
        "area_sqm": 2119.81,
        "perimeter_m": 182.92,
        "confidence_score": 0.98,
        "verification_status": "AI Confirmed",
        "building_count": 1,
        "building_coverage_ratio": 0.685,
        "landuse_class": "Vacant/Green",
        "owner_record": "Property Owner 35",
        "has_gnss_control": true,
        "tax_assessment_annual_inr": 953914,
        "tax_rate_per_sqm": 450,
        "lulc_confidence": 0.941
      },
      "geometry": {
        "type": "Polygon",
        "coordinates": [
          [
            [
              73.73251495245005,
              18.595120353922947
            ],
            [
              73.73251489383426,
              18.595119024959626
            ],
            [
              73.73251469889183,
              18.595117707874014
            ],
            [
              73.73251436950018,
              18.59511641535038
            ],
            [
              73.7325139088315,
              18.595115159836396
            ],
            [
              73.73251332132234,
              18.59511395342339
            ],
            [
              73.73251261263067,
              18.595112807729738
            ],
            [
              73.73251178958164,
              18.59511173378912
            ],
            [
              73.73251086010161,
              18.595110741944158
            ],
            [
              73.73250983314202,
              18.595109841746865
            ],
            [
              73.73250871859304,
              18.595109041866632
            ],
            [
              73.73250752718837,
              18.595108350006743
            ],
            [
              73.73250627040191,
              18.59510777283018
            ],
            [
              73.7325049603372,
              18.595107315895476
            ],
            [
              73.73250360961086,
              18.59510698360314
            ],
            [
              73.73250223123112,
              18.59510677915337
            ],
            [
              73.73250083847253,
              18.595106704515075
            ],
            [
              73.73203887494437,
              18.595103596056912
            ],
            [
              73.73203748122008,
              18.595103651945507
            ],
            [
              73.73203609995191,
              18.595103837826162
            ],
            [
              73.73203474444226,
              18.59510415190872
            ],
            [
              73.73203342774544,
              18.595104591168415
            ],
            [
              73.73203216254193,
              18.59510515137492
            ],
            [
              73.73203096101635,
              18.59510582713316
            ],
            [
              73.73202983474003,
              18.5951066119352
            ],
            [
              73.7320287945596,
              18.59510749822298
            ],
            [
              73.73202785049261,
              18.59510847746106
            ],
            [
              73.73202701163093,
              18.595109540218836
            ],
            [
              73.73202628605327,
              18.59511067626137
            ],
            [
              73.7320256807473,
              18.59511187464798
            ],
            [
              73.73202520154247,
              18.595113123837525
            ],
            [
              73.7320248530538,
              18.595114411799624
            ],
            [
              73.73202463863743,
              18.595115726130512
            ],
            [
              73.73202456035828,
              18.59511705417247
            ],
            [
              73.73202201875971,
              18.59546041655126
            ],
            [
              73.7320220773716,
              18.595461745514456
            ],
            [
              73.73202227231043,
              18.595463062600324
            ],
            [
              73.7320226016988,
              18.595464355124605
            ],
            [
              73.73202306236456,
              18.59546561063957
            ],
            [
              73.73202364987122,
              18.595466817053943
            ],
            [
              73.7320243585608,
              18.595467962749286
            ],
            [
              73.73202518160821,
              18.595469036691902
            ],
            [
              73.73202611108707,
              18.59547002853918
            ],
            [
              73.73202713804599,
              18.595470928739047
            ],
            [
              73.73202825259477,
              18.59547172862211
            ],
            [
              73.73202944399974,
              18.595472420485038
            ],
            [
              73.73203070078698,
              18.595472997664825
            ],
            [
              73.73203201085295,
              18.595473454602903
            ],
            [
              73.73203336158099,
              18.595473786898715
            ],
            [
              73.73203473996286,
              18.59547399135207
            ],
            [
              73.73203613272399,
              18.59547406599397
            ],
            [
              73.7324980972506,
              18.595477174518464
            ],
            [
              73.73249949097803,
              18.595477118626636
            ],
            [
              73.73250087224893,
              18.595476932742756
            ],
            [
              73.73250222776093,
              18.595476618656974
            ],
            [
              73.7325035444597,
              18.595476179394115
            ],
            [
              73.73250480966469,
              18.595475619184533
            ],
            [
              73.7325060111913,
              18.59547494342334
            ],
            [
              73.73250713746818,
              18.595474158618497
            ],
            [
              73.73250817764865,
              18.595473272328096
            ],
            [
              73.73250912171518,
              18.59547229308761
            ],
            [
              73.73250996057594,
              18.595471230327643
            ],
            [
              73.73251068615221,
              18.595470094283186
            ],
            [
              73.7325112914563,
              18.59546889589494
            ],
            [
              73.73251177065883,
              18.595467646704055
            ],
            [
              73.73251211914479,
              18.595466358740914
            ],
            [
              73.73251233355808,
              18.595465044409327
            ],
            [
              73.7325124118338,
              18.595463716367004
            ],
            [
              73.73251495245005,
              18.595120353922947
            ]
          ]
        ]
      }
    },
    {
      "type": "Feature",
      "properties": {
        "parcel_id": "ULPIN-2026-9079-00036",
        "survey_number": "SY-101/36",
        "area_sqm": 1852.5,
        "perimeter_m": 173.5,
        "confidence_score": 0.93,
        "verification_status": "AI Confirmed",
        "building_count": 1,
        "building_coverage_ratio": 0.784,
        "landuse_class": "Vacant/Green",
        "owner_record": "Property Owner 36",
        "has_gnss_control": true,
        "tax_assessment_annual_inr": 833625,
        "tax_rate_per_sqm": 450,
        "lulc_confidence": 0.907
      },
      "geometry": {
        "type": "Polygon",
        "coordinates": [
          [
            [
              73.73249819754034,
              18.595463620738123
            ],
            [
              73.73203623305027,
              18.595460512216043
            ],
            [
              73.7320336914247,
              18.595803874583883
            ],
            [
              73.73249565684019,
              18.595806983167456
            ],
            [
              73.73249819754034,
              18.595463620738123
            ]
          ]
        ]
      }
    },
    {
      "type": "Feature",
      "properties": {
        "parcel_id": "ULPIN-2026-9079-00037",
        "survey_number": "SY-102/37",
        "area_sqm": 1950.0,
        "perimeter_m": 177.5,
        "confidence_score": 0.93,
        "verification_status": "AI Confirmed",
        "building_count": 1,
        "building_coverage_ratio": 0.781,
        "landuse_class": "Vacant/Green",
        "owner_record": "Property Owner 37",
        "has_gnss_control": true,
        "tax_assessment_annual_inr": 877500,
        "tax_rate_per_sqm": 450,
        "lulc_confidence": 0.885
      },
      "geometry": {
        "type": "Polygon",
        "coordinates": [
          [
            [
              73.73110628023107,
              18.596267518124165
            ],
            [
              73.731108957653,
              18.595906084200383
            ],
            [
              73.7306469922192,
              18.59590297220111
            ],
            [
              73.73064431382313,
              18.5962644060601
            ],
            [
              73.73110628023107,
              18.596267518124165
            ]
          ]
        ]
      }
    },
    {
      "type": "Feature",
      "properties": {
        "parcel_id": "ULPIN-2026-9079-00038",
        "survey_number": "SY-102/38",
        "area_sqm": 1950.0,
        "perimeter_m": 177.5,
        "confidence_score": 0.93,
        "verification_status": "AI Confirmed",
        "building_count": 1,
        "building_coverage_ratio": 0.781,
        "landuse_class": "Vacant/Green",
        "owner_record": "Property Owner 38",
        "has_gnss_control": true,
        "tax_assessment_annual_inr": 877500,
        "tax_rate_per_sqm": 450,
        "lulc_confidence": 0.899
      },
      "geometry": {
        "type": "Polygon",
        "coordinates": [
          [
            [
              73.73110360274762,
              18.596628952033715
            ],
            [
              73.73110628023107,
              18.596267518124165
            ],
            [
              73.73064431382313,
              18.5962644060601
            ],
            [
              73.73064163536556,
              18.596625839904846
            ],
            [
              73.73110360274762,
              18.596628952033715
            ]
          ]
        ]
      }
    },
    {
      "type": "Feature",
      "properties": {
        "parcel_id": "ULPIN-2026-9079-00039",
        "survey_number": "SY-102/39",
        "area_sqm": 1950.0,
        "perimeter_m": 177.5,
        "confidence_score": 0.93,
        "verification_status": "AI Confirmed",
        "building_count": 0,
        "building_coverage_ratio": 0.0,
        "landuse_class": "Vacant/Green",
        "owner_record": "Property Owner 39",
        "has_gnss_control": true,
        "tax_assessment_annual_inr": 877500,
        "tax_rate_per_sqm": 450,
        "lulc_confidence": 0.896
      },
      "geometry": {
        "type": "Polygon",
        "coordinates": [
          [
            [
              73.73110092520268,
              18.596990385929043
            ],
            [
              73.73110360274762,
              18.596628952033715
            ],
            [
              73.73064163536556,
              18.596625839904846
            ],
            [
              73.73063895684643,
              18.596987273735387
            ],
            [
              73.73110092520268,
              18.596990385929043
            ]
          ]
        ]
      }
    },
    {
      "type": "Feature",
      "properties": {
        "parcel_id": "ULPIN-2026-9079-00040",
        "survey_number": "SY-102/40",
        "area_sqm": 1643.46,
        "perimeter_m": 163.1,
        "confidence_score": 0.78,
        "verification_status": "Needs GT Verification",
        "building_count": 1,
        "building_coverage_ratio": 0.926,
        "landuse_class": "Vacant/Green",
        "owner_record": "Property Owner 40",
        "has_gnss_control": true,
        "tax_assessment_annual_inr": 739557,
        "tax_rate_per_sqm": 450,
        "lulc_confidence": 0.969
      },
      "geometry": {
        "type": "Polygon",
        "coordinates": [
          [
            [
              73.73108374741533,
              18.59700653556225
            ],
            [
              73.73065589360478,
              18.597003653189432
            ],
            [
              73.73065345612915,
              18.597332557964446
            ],
            [
              73.73108131076074,
              18.59733544039188
            ],
            [
              73.73108374741533,
              18.59700653556225
            ]
          ]
        ]
      }
    },
    {
      "type": "Feature",
      "properties": {
        "parcel_id": "ULPIN-2026-9079-00041",
        "survey_number": "SY-102/41",
        "area_sqm": 1950.0,
        "perimeter_m": 177.5,
        "confidence_score": 0.93,
        "verification_status": "Needs GT Verification",
        "building_count": 1,
        "building_coverage_ratio": 0.79,
        "landuse_class": "Vacant/Green",
        "owner_record": "Property Owner 41",
        "has_gnss_control": true,
        "tax_assessment_annual_inr": 877500,
        "tax_rate_per_sqm": 450,
        "lulc_confidence": 0.921
      },
      "geometry": {
        "type": "Polygon",
        "coordinates": [
          [
            [
              73.73110628023107,
              18.596267518124165
            ],
            [
              73.73156824673033,
              18.59627062905611
            ],
            [
              73.73157092317814,
              18.595909195067563
            ],
            [
              73.731108957653,
              18.595906084200383
            ],
            [
              73.73110628023107,
              18.596267518124165
            ]
          ]
        ]
      }
    },
    {
      "type": "Feature",
      "properties": {
        "parcel_id": "ULPIN-2026-9079-00042",
        "survey_number": "SY-102/42",
        "area_sqm": 1950.0,
        "perimeter_m": 177.5,
        "confidence_score": 0.93,
        "verification_status": "Needs GT Verification",
        "building_count": 1,
        "building_coverage_ratio": 0.79,
        "landuse_class": "Vacant/Green",
        "owner_record": "Property Owner 42",
        "has_gnss_control": true,
        "tax_assessment_annual_inr": 877500,
        "tax_rate_per_sqm": 450,
        "lulc_confidence": 0.894
      },
      "geometry": {
        "type": "Polygon",
        "coordinates": [
          [
            [
              73.73110628023107,
              18.596267518124165
            ],
            [
              73.73110360274762,
              18.596628952033715
            ],
            [
              73.73156557022105,
              18.596632063030423
            ],
            [
              73.73156824673033,
              18.59627062905611
            ],
            [
              73.73110628023107,
              18.596267518124165
            ]
          ]
        ]
      }
    },
    {
      "type": "Feature",
      "properties": {
        "parcel_id": "ULPIN-2026-9079-00043",
        "survey_number": "SY-102/43",
        "area_sqm": 1950.0,
        "perimeter_m": 177.5,
        "confidence_score": 0.93,
        "verification_status": "Needs GT Verification",
        "building_count": 1,
        "building_coverage_ratio": 0.79,
        "landuse_class": "Vacant/Green",
        "owner_record": "Property Owner 43",
        "has_gnss_control": true,
        "tax_assessment_annual_inr": 877500,
        "tax_rate_per_sqm": 450,
        "lulc_confidence": 0.923
      },
      "geometry": {
        "type": "Polygon",
        "coordinates": [
          [
            [
              73.73110360274762,
              18.596628952033715
            ],
            [
              73.73110092520268,
              18.596990385929043
            ],
            [
              73.73156289365029,
              18.596993496990528
            ],
            [
              73.73156557022105,
              18.596632063030423
            ],
            [
              73.73110360274762,
              18.596628952033715
            ]
          ]
        ]
      }
    },
    {
      "type": "Feature",
      "properties": {
        "parcel_id": "ULPIN-2026-9079-00044",
        "survey_number": "SY-102/44",
        "area_sqm": 1950.0,
        "perimeter_m": 177.5,
        "confidence_score": 0.93,
        "verification_status": "Needs GT Verification",
        "building_count": 1,
        "building_coverage_ratio": 0.79,
        "landuse_class": "Vacant/Green",
        "owner_record": "Property Owner 44",
        "has_gnss_control": true,
        "tax_assessment_annual_inr": 877500,
        "tax_rate_per_sqm": 450,
        "lulc_confidence": 0.89
      },
      "geometry": {
        "type": "Polygon",
        "coordinates": [
          [
            [
              73.73156289365029,
              18.596993496990528
            ],
            [
              73.73110092520268,
              18.596990385929043
            ],
            [
              73.73109824759625,
              18.59735181981015
            ],
            [
              73.73156021701806,
              18.597354930936397
            ],
            [
              73.73156289365029,
              18.596993496990528
            ]
          ]
        ]
      }
    },
    {
      "type": "Feature",
      "properties": {
        "parcel_id": "ULPIN-2026-9079-00045",
        "survey_number": "SY-102/45",
        "area_sqm": 2223.31,
        "perimeter_m": 186.92,
        "confidence_score": 0.98,
        "verification_status": "Needs GT Verification",
        "building_count": 1,
        "building_coverage_ratio": 0.685,
        "landuse_class": "Vacant/Green",
        "owner_record": "Property Owner 45",
        "has_gnss_control": true,
        "tax_assessment_annual_inr": 1000489,
        "tax_rate_per_sqm": 450,
        "lulc_confidence": 0.942
      },
      "geometry": {
        "type": "Polygon",
        "coordinates": [
          [
            [
              73.73155403237514,
              18.596270533352012
            ],
            [
              73.73155409098325,
              18.59627186231504
            ],
            [
              73.73155428591896,
              18.596273179401127
            ],
            [
              73.73155461530492,
              18.596274471925987
            ],
            [
              73.73155507596894,
              18.596275727441935
            ],
            [
              73.73155566347464,
              18.59627693385763
            ],
            [
              73.73155637216395,
              18.596278079554644
            ],
            [
              73.73155719521185,
              18.596279153499278
            ],
            [
              73.73155812469196,
              18.596280145348878
            ],
            [
              73.7315591516528,
              18.59628104555137
            ],
            [
              73.73156026620426,
              18.596281845437307
            ],
            [
              73.73156145761254,
              18.596282537303374
            ],
            [
              73.73156271440376,
              18.5962831144865
            ],
            [
              73.73156402447432,
              18.596283571428085
            ],
            [
              73.73156537520752,
              18.596283903727556
            ],
            [
              73.73156675359508,
              18.596284108184676
            ],
            [
              73.73156814636236,
              18.596284182830406
            ],
            [
              73.73203011298945,
              18.596287292632653
            ],
            [
              73.73203150672342,
              18.596287236744693
            ],
            [
              73.7320328880012,
              18.59628705086467
            ],
            [
              73.73203424352033,
              18.596286736782726
            ],
            [
              73.73203556022645,
              18.59628629752362
            ],
            [
              73.73203682543894,
              18.59628573731768
            ],
            [
              73.7320380269731,
              18.59628506155997
            ],
            [
              73.7320391532575,
              18.596284276758446
            ],
            [
              73.7320401934454,
              18.596283390471147
            ],
            [
              73.73204113751925,
              18.596282411233506
            ],
            [
              73.73204197638705,
              18.596281348476133
            ],
            [
              73.73204270197012,
              18.596280212433957
            ],
            [
              73.73204330728062,
              18.596279014047685
            ],
            [
              73.73204378648913,
              18.596277764858442
            ],
            [
              73.7320441349806,
              18.59627647689658
            ],
            [
              73.73204434939888,
              18.596275162565913
            ],
            [
              73.73204442767899,
              18.596273834524133
            ],
            [
              73.73204710312268,
              18.59591240046885
            ],
            [
              73.73204704451068,
              18.595911071505704
            ],
            [
              73.73204684957138,
              18.595909754419882
            ],
            [
              73.73204652018218,
              18.59590846189564
            ],
            [
              73.73204605951527,
              18.595907206380705
            ],
            [
              73.73204547200713,
              18.595905999966345
            ],
            [
              73.73204476331581,
              18.59590485427103
            ],
            [
              73.73204394026634,
              18.595903780328406
            ],
            [
              73.73204301078518,
              18.595902788481123
            ],
            [
              73.73204198382373,
              18.59590188828121
            ],
            [
              73.7320408692722,
              18.595901088398108
            ],
            [
              73.73203967786434,
              18.595900396535097
            ],
            [
              73.73203842107401,
              18.595899819355214
            ],
            [
              73.73203711100484,
              18.59589936241699
            ],
            [
              73.73203576027348,
              18.59589903012103
            ],
            [
              73.73203438188821,
              18.595898825667486
            ],
            [
              73.73203298912365,
              18.595898751025377
            ],
            [
              73.73157102354374,
              18.595895641292714
            ],
            [
              73.73156962981305,
              18.595895697177458
            ],
            [
              73.73156824853817,
              18.59589588305425
            ],
            [
              73.73156689302152,
              18.595896197132998
            ],
            [
              73.7315655763175,
              18.595896636388936
            ],
            [
              73.73156431110664,
              18.595897196591824
            ],
            [
              73.73156310957363,
              18.59589787234658
            ],
            [
              73.7315619832899,
              18.595898657145316
            ],
            [
              73.73156094310215,
              18.59589954343
            ],
            [
              73.73155999902798,
              18.595900522665236
            ],
            [
              73.73155916015932,
              18.595901585420442
            ],
            [
              73.73155843457496,
              18.595902721460696
            ],
            [
              73.73155782926267,
              18.595903919845334
            ],
            [
              73.73155735005192,
              18.595905169033237
            ],
            [
              73.73155700155777,
              18.59590645699407
            ],
            [
              73.73155678713644,
              18.595907771324054
            ],
            [
              73.73155670885293,
              18.595909099365457
            ],
            [
              73.73155403237514,
              18.596270533352012
            ]
          ]
        ]
      }
    },
    {
      "type": "Feature",
      "properties": {
        "parcel_id": "ULPIN-2026-9079-00046",
        "survey_number": "SY-102/46",
        "area_sqm": 1950.0,
        "perimeter_m": 177.5,
        "confidence_score": 0.93,
        "verification_status": "Needs GT Verification",
        "building_count": 1,
        "building_coverage_ratio": 0.781,
        "landuse_class": "Vacant/Green",
        "owner_record": "Property Owner 46",
        "has_gnss_control": true,
        "tax_assessment_annual_inr": 877500,
        "tax_rate_per_sqm": 450,
        "lulc_confidence": 0.93
      },
      "geometry": {
        "type": "Polygon",
        "coordinates": [
          [
            [
              73.73156824673033,
              18.59627062905611
            ],
            [
              73.73156557022105,
              18.596632063030423
            ],
            [
              73.73202753778577,
              18.596635172894995
            ],
            [
              73.7320302133209,
              18.596273738855942
            ],
            [
              73.73156824673033,
              18.59627062905611
            ]
          ]
        ]
      }
    },
    {
      "type": "Feature",
      "properties": {
        "parcel_id": "ULPIN-2026-9079-00047",
        "survey_number": "SY-102/47",
        "area_sqm": 1950.0,
        "perimeter_m": 177.5,
        "confidence_score": 0.93,
        "verification_status": "AI Confirmed",
        "building_count": 1,
        "building_coverage_ratio": 0.781,
        "landuse_class": "Vacant/Green",
        "owner_record": "Property Owner 47",
        "has_gnss_control": true,
        "tax_assessment_annual_inr": 877500,
        "tax_rate_per_sqm": 450,
        "lulc_confidence": 0.923
      },
      "geometry": {
        "type": "Polygon",
        "coordinates": [
          [
            [
              73.73156557022105,
              18.596632063030423
            ],
            [
              73.73156289365029,
              18.596993496990528
            ],
            [
              73.73202486218919,
              18.59699660691985
            ],
            [
              73.73202753778577,
              18.596635172894995
            ],
            [
              73.73156557022105,
              18.596632063030423
            ]
          ]
        ]
      }
    },
    {
      "type": "Feature",
      "properties": {
        "parcel_id": "ULPIN-2026-9079-00048",
        "survey_number": "SY-102/48",
        "area_sqm": 2173.5,
        "perimeter_m": 187.5,
        "confidence_score": 0.98,
        "verification_status": "AI Confirmed",
        "building_count": 2,
        "building_coverage_ratio": 0.713,
        "landuse_class": "Vacant/Green",
        "owner_record": "Property Owner 48",
        "has_gnss_control": true,
        "tax_assessment_annual_inr": 978075,
        "tax_rate_per_sqm": 450,
        "lulc_confidence": 0.89
      },
      "geometry": {
        "type": "Polygon",
        "coordinates": [
          [
            [
              73.7315345986531,
              18.596975233875817
            ],
            [
              73.73153178812792,
              18.597354739515172
            ],
            [
              73.73202218653117,
              18.597358040930462
            ],
            [
              73.73202499597049,
              18.59697853521895
            ],
            [
              73.7315345986531,
              18.596975233875817
            ]
          ]
        ]
      }
    },
    {
      "type": "Feature",
      "properties": {
        "parcel_id": "ULPIN-2026-9079-00049",
        "survey_number": "SY-102/49",
        "area_sqm": 1950.0,
        "perimeter_m": 177.5,
        "confidence_score": 0.85,
        "verification_status": "AI Confirmed",
        "building_count": 1,
        "building_coverage_ratio": 0.79,
        "landuse_class": "Vacant/Green",
        "owner_record": "Property Owner 49",
        "has_gnss_control": false,
        "tax_assessment_annual_inr": 877500,
        "tax_rate_per_sqm": 450,
        "lulc_confidence": 0.883
      },
      "geometry": {
        "type": "Polygon",
        "coordinates": [
          [
            [
              73.7324948545023,
              18.595915413405635
            ],
            [
              73.73203288879458,
              18.595912304802642
            ],
            [
              73.7320302133209,
              18.596273738855942
            ],
            [
              73.73249218000275,
              18.596276847523647
            ],
            [
              73.7324948545023,
              18.595915413405635
            ]
          ]
        ]
      }
    },
    {
      "type": "Feature",
      "properties": {
        "parcel_id": "ULPIN-2026-9079-00050",
        "survey_number": "SY-102/50",
        "area_sqm": 1643.46,
        "perimeter_m": 163.1,
        "confidence_score": 0.78,
        "verification_status": "Needs GT Verification",
        "building_count": 1,
        "building_coverage_ratio": 0.937,
        "landuse_class": "Vacant/Green",
        "owner_record": "Property Owner 50",
        "has_gnss_control": true,
        "tax_assessment_annual_inr": 739557,
        "tax_rate_per_sqm": 450,
        "lulc_confidence": 0.948
      },
      "geometry": {
        "type": "Polygon",
        "coordinates": [
          [
            [
              73.73247500241426,
              18.59629299729705
            ],
            [
              73.73204715015449,
              18.596290118189813
            ],
            [
              73.73204471545024,
              18.59661902316753
            ],
            [
              73.73247256853105,
              18.596621902329336
            ],
            [
              73.73247500241426,
              18.59629299729705
            ]
          ]
        ]
      }
    },
    {
      "type": "Feature",
      "properties": {
        "parcel_id": "ULPIN-2026-9079-00051",
        "survey_number": "SY-102/51",
        "area_sqm": 1950.0,
        "perimeter_m": 177.5,
        "confidence_score": 0.93,
        "verification_status": "AI Confirmed",
        "building_count": 1,
        "building_coverage_ratio": 0.79,
        "landuse_class": "Vacant/Green",
        "owner_record": "Property Owner 51",
        "has_gnss_control": true,
        "tax_assessment_annual_inr": 877500,
        "tax_rate_per_sqm": 450,
        "lulc_confidence": 0.959
      },
      "geometry": {
        "type": "Polygon",
        "coordinates": [
          [
            [
              73.73248950544179,
              18.596638281627428
            ],
            [
              73.73202753778577,
              18.596635172894995
            ],
            [
              73.73202486218919,
              18.59699660691985
            ],
            [
              73.7324868308194,
              18.596999715716997
            ],
            [
              73.73248950544179,
              18.596638281627428
            ]
          ]
        ]
      }
    },
    {
      "type": "Feature",
      "properties": {
        "parcel_id": "ULPIN-2026-9079-00052",
        "survey_number": "SY-102/52",
        "area_sqm": 1950.0,
        "perimeter_m": 177.5,
        "confidence_score": 0.93,
        "verification_status": "AI Confirmed",
        "building_count": 0,
        "building_coverage_ratio": 0.0,
        "landuse_class": "Vacant/Green",
        "owner_record": "Property Owner 52",
        "has_gnss_control": true,
        "tax_assessment_annual_inr": 877500,
        "tax_rate_per_sqm": 450,
        "lulc_confidence": 0.919
      },
      "geometry": {
        "type": "Polygon",
        "coordinates": [
          [
            [
              73.7324868308194,
              18.596999715716997
            ],
            [
              73.73202486218919,
              18.59699660691985
            ],
            [
              73.73202218653117,
              18.597358040930462
            ],
            [
              73.73248415613556,
              18.597361149792338
            ],
            [
              73.7324868308194,
              18.596999715716997
            ]
          ]
        ]
      }
    },
    {
      "type": "Feature",
      "properties": {
        "parcel_id": "ULPIN-2026-9079-00053",
        "survey_number": "SY-103/53",
        "area_sqm": 1852.5,
        "perimeter_m": 173.5,
        "confidence_score": 0.93,
        "verification_status": "AI Confirmed",
        "building_count": 1,
        "building_coverage_ratio": 0.775,
        "landuse_class": "Vacant/Green",
        "owner_record": "Property Owner 53",
        "has_gnss_control": true,
        "tax_assessment_annual_inr": 833625,
        "tax_rate_per_sqm": 450,
        "lulc_confidence": 0.9
      },
      "geometry": {
        "type": "Polygon",
        "coordinates": [
          [
            [
              73.73109516827284,
              18.597767468755833
            ],
            [
              73.7310977120676,
              18.597424106584665
            ],
            [
              73.73063574254229,
              18.59742099431325
            ],
            [
              73.73063319782203,
              18.59776435642288
            ],
            [
              73.73109516827284,
              18.597767468755833
            ]
          ]
        ]
      }
    },
    {
      "type": "Feature",
      "properties": {
        "parcel_id": "ULPIN-2026-9079-00054",
        "survey_number": "SY-103/54",
        "area_sqm": 1852.5,
        "perimeter_m": 173.5,
        "confidence_score": 0.93,
        "verification_status": "AI Confirmed",
        "building_count": 1,
        "building_coverage_ratio": 0.775,
        "landuse_class": "Vacant/Green",
        "owner_record": "Property Owner 54",
        "has_gnss_control": true,
        "tax_assessment_annual_inr": 833625,
        "tax_rate_per_sqm": 450,
        "lulc_confidence": 0.966
      },
      "geometry": {
        "type": "Polygon",
        "coordinates": [
          [
            [
              73.73109516827284,
              18.597767468755833
            ],
            [
              73.73063319782203,
              18.59776435642288
            ],
            [
              73.73063065304623,
              18.59810771851966
            ],
            [
              73.73109262442257,
              18.598110830914177
            ],
            [
              73.73109516827284,
              18.597767468755833
            ]
          ]
        ]
      }
    },
    {
      "type": "Feature",
      "properties": {
        "parcel_id": "ULPIN-2026-9079-00055",
        "survey_number": "SY-103/55",
        "area_sqm": 2119.81,
        "perimeter_m": 182.92,
        "confidence_score": 0.98,
        "verification_status": "AI Confirmed",
        "building_count": 1,
        "building_coverage_ratio": 0.685,
        "landuse_class": "Vacant/Green",
        "owner_record": "Property Owner 55",
        "has_gnss_control": true,
        "tax_assessment_annual_inr": 953914,
        "tax_rate_per_sqm": 450,
        "lulc_confidence": 0.9
      },
      "geometry": {
        "type": "Polygon",
        "coordinates": [
          [
            [
              73.73108095379607,
              18.597767373008626
            ],
            [
              73.73108101240025,
              18.597768701971415
            ],
            [
              73.73108120733323,
              18.597770019057666
            ],
            [
              73.7310815367177,
              18.59777131158313
            ],
            [
              73.73108199738148,
              18.59777256710005
            ],
            [
              73.73108258488817,
              18.597773773517154
            ],
            [
              73.73108329357977,
              18.597774919215947
            ],
            [
              73.73108411663114,
              18.597775993162745
            ],
            [
              73.73108504611588,
              18.597776985014843
            ],
            [
              73.73108607308255,
              18.59777788522016
            ],
            [
              73.73108718764087,
              18.59777868510924
            ],
            [
              73.73108837905708,
              18.597779376978686
            ],
            [
              73.73108963585716,
              18.597779954165443
            ],
            [
              73.73109094593742,
              18.59778041111086
            ],
            [
              73.73109229668111,
              18.597780743414315
            ],
            [
              73.73109367507979,
              18.59778094787556
            ],
            [
              73.73109506785875,
              18.59778102252549
            ],
            [
              73.73155703843744,
              18.59778413372866
            ],
            [
              73.73155843218353,
              18.597784077844945
            ],
            [
              73.7315598134738,
              18.597783891969176
            ],
            [
              73.73156116900562,
              18.597783577891445
            ],
            [
              73.7315624857245,
              18.59778313863648
            ],
            [
              73.73156375094969,
              18.59778257843455
            ],
            [
              73.7315649524964,
              18.597781902680712
            ],
            [
              73.73156607879308,
              18.597781117882846
            ],
            [
              73.73156711899287,
              18.597780231598982
            ],
            [
              73.73156806307807,
              18.597779252364532
            ],
            [
              73.73156890195663,
              18.597778189610047
            ],
            [
              73.7315696275497,
              18.597777053570436
            ],
            [
              73.7315702328694,
              18.59777585518638
            ],
            [
              73.73157071208618,
              18.59777460599898
            ],
            [
              73.73157106058495,
              18.5977733180386
            ],
            [
              73.73157127500946,
              18.597772003708993
            ],
            [
              73.73157135329467,
              18.597770675667878
            ],
            [
              73.73157389613542,
              18.597427313433275
            ],
            [
              73.73157383752735,
              18.597425984470377
            ],
            [
              73.73157364259077,
              18.597424667384384
            ],
            [
              73.73157331320303,
              18.597423374859563
            ],
            [
              73.73157285253632,
              18.597422119343623
            ],
            [
              73.73157226502713,
              18.597420912927877
            ],
            [
              73.73157155633346,
              18.597419767230786
            ],
            [
              73.73157073328045,
              18.597418693285995
            ],
            [
              73.73156980379454,
              18.597417701436193
            ],
            [
              73.73156877682722,
              18.59741680123346
            ],
            [
              73.73156766226866,
              18.597416001347213
            ],
            [
              73.73156647085277,
              18.597415309480798
            ],
            [
              73.73156521405346,
              18.597414732297285
            ],
            [
              73.73156390397445,
              18.597414275355224
            ],
            [
              73.73156255323248,
              18.597413943055255
            ],
            [
              73.73156117483595,
              18.597413738597584
            ],
            [
              73.73155978205952,
              18.59741366395127
            ],
            [
              73.7310978124794,
              18.597410552814484
            ],
            [
              73.73109641873643,
              18.59741060869496
            ],
            [
              73.73109503744892,
              18.59741079456749
            ],
            [
              73.73109368191948,
              18.597411108642014
            ],
            [
              73.73109236520254,
              18.59741154789381
            ],
            [
              73.73109109997883,
              18.597412108092666
            ],
            [
              73.73108989843313,
              18.59741278384355
            ],
            [
              73.73108877213699,
              18.59741356863861
            ],
            [
              73.73108773193725,
              18.59741445491985
            ],
            [
              73.73108678785161,
              18.59741543415189
            ],
            [
              73.73108594897212,
              18.5974164969042
            ],
            [
              73.73108522337766,
              18.597417632941887
            ],
            [
              73.73108461805609,
              18.597418831324305
            ],
            [
              73.731084138837,
              18.59742008051035
            ],
            [
              73.73108379033553,
              18.597421368469703
            ],
            [
              73.73108357590795,
              18.5974226827986
            ],
            [
              73.7310834976193,
              18.597424010839347
            ],
            [
              73.73108095379607,
              18.597767373008626
            ]
          ]
        ]
      }
    },
    {
      "type": "Feature",
      "properties": {
        "parcel_id": "ULPIN-2026-9079-00056",
        "survey_number": "SY-103/56",
        "area_sqm": 2070.0,
        "perimeter_m": 183.5,
        "confidence_score": 0.98,
        "verification_status": "AI Confirmed",
        "building_count": 2,
        "building_coverage_ratio": 0.709,
        "landuse_class": "Vacant/Green",
        "owner_record": "Property Owner 56",
        "has_gnss_control": true,
        "tax_assessment_annual_inr": 931500,
        "tax_rate_per_sqm": 450,
        "lulc_confidence": 0.899
      },
      "geometry": {
        "type": "Polygon",
        "coordinates": [
          [
            [
              73.7315572726516,
              18.597752508260438
            ],
            [
              73.7310668732077,
              18.59774920556765
            ],
            [
              73.73106419541216,
              18.598110639414905
            ],
            [
              73.73155459589027,
              18.598113942176447
            ],
            [
              73.7315572726516,
              18.597752508260438
            ]
          ]
        ]
      }
    },
    {
      "type": "Feature",
      "properties": {
        "parcel_id": "ULPIN-2026-9079-00057",
        "survey_number": "SY-103/57",
        "area_sqm": 1852.5,
        "perimeter_m": 173.5,
        "confidence_score": 0.93,
        "verification_status": "AI Confirmed",
        "building_count": 1,
        "building_coverage_ratio": 0.775,
        "landuse_class": "Vacant/Green",
        "owner_record": "Property Owner 57",
        "has_gnss_control": true,
        "tax_assessment_annual_inr": 833625,
        "tax_rate_per_sqm": 450,
        "lulc_confidence": 0.94
      },
      "geometry": {
        "type": "Polygon",
        "coordinates": [
          [
            [
              73.73155713881499,
              18.597770579956585
            ],
            [
              73.73201910944846,
              18.597773690025104
            ],
            [
              73.73202165139219,
              18.59743032773089
            ],
            [
              73.73155968168425,
              18.597427217723876
            ],
            [
              73.73155713881499,
              18.597770579956585
            ]
          ]
        ]
      }
    },
    {
      "type": "Feature",
      "properties": {
        "parcel_id": "ULPIN-2026-9079-00058",
        "survey_number": "SY-103/58",
        "area_sqm": 1852.5,
        "perimeter_m": 173.5,
        "confidence_score": 0.93,
        "verification_status": "AI Confirmed",
        "building_count": 1,
        "building_coverage_ratio": 0.775,
        "landuse_class": "Vacant/Green",
        "owner_record": "Property Owner 58",
        "has_gnss_control": true,
        "tax_assessment_annual_inr": 833625,
        "tax_rate_per_sqm": 450,
        "lulc_confidence": 0.943
      },
      "geometry": {
        "type": "Polygon",
        "coordinates": [
          [
            [
              73.73201910944846,
              18.597773690025104
            ],
            [
              73.73155713881499,
              18.597770579956585
            ],
            [
              73.73155459589027,
              18.598113942176447
            ],
            [
              73.73201656744928,
              18.59811705230649
            ],
            [
              73.73201910944846,
              18.597773690025104
            ]
          ]
        ]
      }
    },
    {
      "type": "Feature",
      "properties": {
        "parcel_id": "ULPIN-2026-9079-00059",
        "survey_number": "SY-103/59",
        "area_sqm": 1852.5,
        "perimeter_m": 173.5,
        "confidence_score": 0.93,
        "verification_status": "AI Confirmed",
        "building_count": 1,
        "building_coverage_ratio": 0.784,
        "landuse_class": "Vacant/Green",
        "owner_record": "Property Owner 59",
        "has_gnss_control": true,
        "tax_assessment_annual_inr": 833625,
        "tax_rate_per_sqm": 450,
        "lulc_confidence": 0.899
      },
      "geometry": {
        "type": "Polygon",
        "coordinates": [
          [
            [
              73.73248362119143,
              18.59743343660571
            ],
            [
              73.73202165139219,
              18.59743032773089
            ],
            [
              73.73201910944846,
              18.597773690025104
            ],
            [
              73.73248108017322,
              18.5977767989614
            ],
            [
              73.73248362119143,
              18.59743343660571
            ]
          ]
        ]
      }
    },
    {
      "type": "Feature",
      "properties": {
        "parcel_id": "ULPIN-2026-9079-00060",
        "survey_number": "SY-103/60",
        "area_sqm": 1553.16,
        "perimeter_m": 159.1,
        "confidence_score": 0.78,
        "verification_status": "Needs GT Verification",
        "building_count": 1,
        "building_coverage_ratio": 0.935,
        "landuse_class": "Vacant/Green",
        "owner_record": "Property Owner 60",
        "has_gnss_control": true,
        "tax_assessment_annual_inr": 698922,
        "tax_rate_per_sqm": 450,
        "lulc_confidence": 0.895
      },
      "geometry": {
        "type": "Polygon",
        "coordinates": [
          [
            [
              73.73246390242397,
              18.597792948722255
            ],
            [
              73.73203604641985,
              18.597790069366244
            ],
            [
              73.73203374527255,
              18.598100902591447
            ],
            [
              73.73246160205267,
              18.59810378199901
            ],
            [
              73.73246390242397,
              18.597792948722255
            ]
          ]
        ]
      }
    },
    {
      "type": "Feature",
      "properties": {
        "parcel_id": "ULPIN-2026-9079-00061",
        "survey_number": "SY-104/61",
        "area_sqm": 1995.0,
        "perimeter_m": 181.0,
        "confidence_score": 0.93,
        "verification_status": "Needs GT Verification",
        "building_count": 1,
        "building_coverage_ratio": 0.786,
        "landuse_class": "Vacant/Green",
        "owner_record": "Property Owner 61",
        "has_gnss_control": true,
        "tax_assessment_annual_inr": 897750,
        "tax_rate_per_sqm": 450,
        "lulc_confidence": 0.927
      },
      "geometry": {
        "type": "Polygon",
        "coordinates": [
          [
            [
              73.7290459154312,
              18.59775365413781
            ],
            [
              73.72904846333145,
              18.59741029223986
            ],
            [
              73.7285509581294,
              18.597406935107436
            ],
            [
              73.72854840923247,
              18.597750296939004
            ],
            [
              73.7290459154312,
              18.59775365413781
            ]
          ]
        ]
      }
    },
    {
      "type": "Feature",
      "properties": {
        "parcel_id": "ULPIN-2026-9079-00062",
        "survey_number": "SY-104/62",
        "area_sqm": 1995.0,
        "perimeter_m": 181.0,
        "confidence_score": 0.93,
        "verification_status": "Needs GT Verification",
        "building_count": 1,
        "building_coverage_ratio": 0.786,
        "landuse_class": "Vacant/Green",
        "owner_record": "Property Owner 62",
        "has_gnss_control": true,
        "tax_assessment_annual_inr": 897750,
        "tax_rate_per_sqm": 450,
        "lulc_confidence": 0.941
      },
      "geometry": {
        "type": "Polygon",
        "coordinates": [
          [
            [
              73.7290459154312,
              18.59775365413781
            ],
            [
              73.72854840923247,
              18.597750296939004
            ],
            [
              73.72854586027992,
              18.59809365875773
            ],
            [
              73.72904336747538,
              18.598097016022937
            ],
            [
              73.7290459154312,
              18.59775365413781
            ]
          ]
        ]
      }
    },
    {
      "type": "Feature",
      "properties": {
        "parcel_id": "ULPIN-2026-9079-00063",
        "survey_number": "SY-104/63",
        "area_sqm": 1995.0,
        "perimeter_m": 181.0,
        "confidence_score": 0.93,
        "verification_status": "Needs GT Verification",
        "building_count": 1,
        "building_coverage_ratio": 0.786,
        "landuse_class": "Vacant/Green",
        "owner_record": "Property Owner 63",
        "has_gnss_control": true,
        "tax_assessment_annual_inr": 897750,
        "tax_rate_per_sqm": 450,
        "lulc_confidence": 0.964
      },
      "geometry": {
        "type": "Polygon",
        "coordinates": [
          [
            [
              73.7290459154312,
              18.59775365413781
            ],
            [
              73.72954342173607,
              18.597757010023532
            ],
            [
              73.72954596863958,
              18.59741364805921
            ],
            [
              73.72904846333145,
              18.59741029223986
            ],
            [
              73.7290459154312,
              18.59775365413781
            ]
          ]
        ]
      }
    },
    {
      "type": "Feature",
      "properties": {
        "parcel_id": "ULPIN-2026-9079-00064",
        "survey_number": "SY-104/64",
        "area_sqm": 2220.0,
        "perimeter_m": 191.0,
        "confidence_score": 0.98,
        "verification_status": "Needs GT Verification",
        "building_count": 2,
        "building_coverage_ratio": 0.717,
        "landuse_class": "Vacant/Green",
        "owner_record": "Property Owner 64",
        "has_gnss_control": true,
        "tax_assessment_annual_inr": 999000,
        "tax_rate_per_sqm": 450,
        "lulc_confidence": 0.905
      },
      "geometry": {
        "type": "Polygon",
        "coordinates": [
          [
            [
              73.72954355578499,
              18.597738938341525
            ],
            [
              73.72901762060711,
              18.597735390654933
            ],
            [
              73.72901493848993,
              18.598096824214586
            ],
            [
              73.72954087477696,
              18.598100371975026
            ],
            [
              73.72954355578499,
              18.597738938341525
            ]
          ]
        ]
      }
    },
    {
      "type": "Feature",
      "properties": {
        "parcel_id": "ULPIN-2026-9079-00065",
        "survey_number": "SY-104/65",
        "area_sqm": 2273.56,
        "perimeter_m": 190.42,
        "confidence_score": 0.93,
        "verification_status": "Needs GT Verification",
        "building_count": 0,
        "building_coverage_ratio": 0.0,
        "landuse_class": "Vacant/Green",
        "owner_record": "Property Owner 65",
        "has_gnss_control": true,
        "tax_assessment_annual_inr": 1023102,
        "tax_rate_per_sqm": 450,
        "lulc_confidence": 0.88
      },
      "geometry": {
        "type": "Polygon",
        "coordinates": [
          [
            [
              73.72952920726874,
              18.5977569141593
            ],
            [
              73.72952926586083,
              18.597758243121856
            ],
            [
              73.72952946078176,
              18.597759560209
            ],
            [
              73.72952979015432,
              18.59776085273647
            ],
            [
              73.72953025080648,
              18.597762108256518
            ],
            [
              73.72953083830188,
              18.5977633146778
            ],
            [
              73.72953154698264,
              18.59776446038181
            ],
            [
              73.7295323700238,
              18.597765534334798
            ],
            [
              73.729533299499,
              18.59776652619402
            ],
            [
              73.72953432645689,
              18.597767426407312
            ],
            [
              73.72953544100731,
              18.597768226305128
            ],
            [
              73.72953663241653,
              18.597768918184016
            ],
            [
              73.7295378892106,
              18.59776949538081
            ],
            [
              73.72953919928595,
              18.597769952336773
            ],
            [
              73.7295405500258,
              18.597770284651173
            ],
            [
              73.72954192842181,
              18.597770489123658
            ],
            [
              73.72954332119924,
              18.597770563785023
            ],
            [
              73.73004082764952,
              18.597773918360254
            ],
            [
              73.73004222139531,
              18.597773862487784
            ],
            [
              73.73004360268637,
              18.597773676623223
            ],
            [
              73.73004495822018,
              18.597773362556563
            ],
            [
              73.73004627494215,
              18.597772923312426
            ],
            [
              73.73004754017157,
              18.59777236312098
            ],
            [
              73.73004874172356,
              18.59777168737717
            ],
            [
              73.73004986802653,
              18.59777090258879
            ],
            [
              73.73005090823355,
              18.59777001631376
            ],
            [
              73.73005185232685,
              18.59776903708742
            ],
            [
              73.73005269121434,
              18.597767974340243
            ],
            [
              73.73005341681701,
              18.59776683830708
            ],
            [
              73.73005402214697,
              18.59776563992853
            ],
            [
              73.73005450137454,
              18.59776439074565
            ],
            [
              73.7300548498845,
              18.597763102788747
            ],
            [
              73.7300550643205,
              18.597761788461565
            ],
            [
              73.73005514261742,
              18.597760460421775
            ],
            [
              73.73005768849576,
              18.59741709838922
            ],
            [
              73.73005762989948,
              18.597415769426533
            ],
            [
              73.73005743497467,
              18.597414452339677
            ],
            [
              73.73005710559858,
              18.59741315981289
            ],
            [
              73.73005664494325,
              18.59741190429391
            ],
            [
              73.73005605744507,
              18.59741069787408
            ],
            [
              73.73005534876197,
              18.597409552171865
            ],
            [
              73.73005452571896,
              18.597408478221027
            ],
            [
              73.73005359624237,
              18.59740748636428
            ],
            [
              73.7300525692836,
              18.59740658615376
            ],
            [
              73.7300514547328,
              18.597405786258967
            ],
            [
              73.73005026332372,
              18.59740509438334
            ],
            [
              73.73004900653028,
              18.597404517189993
            ],
            [
              73.73004769645607,
              18.59740406023765
            ],
            [
              73.73004634571784,
              18.597403727926984
            ],
            [
              73.73004496732392,
              18.59740352345833
            ],
            [
              73.73004357454899,
              18.597403448800844
            ],
            [
              73.72954606917412,
              18.597400094297193
            ],
            [
              73.72954467543147,
              18.59740015016615
            ],
            [
              73.72954329414313,
              18.597400336027206
            ],
            [
              73.72954193861165,
              18.5974006500904
            ],
            [
              73.72954062189152,
              18.59740108933112
            ],
            [
              73.7295393566635,
              18.597401649519245
            ],
            [
              73.72953815511241,
              18.59740232525986
            ],
            [
              73.72953702880983,
              18.597403110045224
            ],
            [
              73.72953598860269,
              18.597403996317425
            ],
            [
              73.72953504450875,
              18.597404975541153
            ],
            [
              73.72953420562014,
              18.597406038285982
            ],
            [
              73.72953348001583,
              18.59740717431708
            ],
            [
              73.72953287468377,
              18.59740837269386
            ],
            [
              73.72953239545366,
              18.597409621875286
            ],
            [
              73.72953204694073,
              18.59741090983107
            ],
            [
              73.72953183250137,
              18.597412224157495
            ],
            [
              73.72953175420075,
              18.597413552196873
            ],
            [
              73.72952920726874,
              18.5977569141593
            ]
          ]
        ]
      }
    },
    {
      "type": "Feature",
      "properties": {
        "parcel_id": "ULPIN-2026-9079-00066",
        "survey_number": "SY-104/66",
        "area_sqm": 1995.0,
        "perimeter_m": 181.0,
        "confidence_score": 0.93,
        "verification_status": "Needs GT Verification",
        "building_count": 1,
        "building_coverage_ratio": 0.786,
        "landuse_class": "Vacant/Green",
        "owner_record": "Property Owner 66",
        "has_gnss_control": true,
        "tax_assessment_annual_inr": 897750,
        "tax_rate_per_sqm": 450,
        "lulc_confidence": 0.969
      },
      "geometry": {
        "type": "Polygon",
        "coordinates": [
          [
            [
              73.73004092814698,
              18.59776036459614
            ],
            [
              73.72954342173607,
              18.597757010023532
            ],
            [
              73.72954087477696,
              18.598100371975026
            ],
            [
              73.7300383821846,
              18.598103726613985
            ],
            [
              73.73004092814698,
              18.59776036459614
            ]
          ]
        ]
      }
    },
    {
      "type": "Feature",
      "properties": {
        "parcel_id": "ULPIN-2026-9079-00067",
        "survey_number": "SY-104/67",
        "area_sqm": 1995.0,
        "perimeter_m": 181.0,
        "confidence_score": 0.93,
        "verification_status": "AI Confirmed",
        "building_count": 1,
        "building_coverage_ratio": 0.786,
        "landuse_class": "Vacant/Green",
        "owner_record": "Property Owner 67",
        "has_gnss_control": true,
        "tax_assessment_annual_inr": 897750,
        "tax_rate_per_sqm": 450,
        "lulc_confidence": 0.953
      },
      "geometry": {
        "type": "Polygon",
        "coordinates": [
          [
            [
              73.73054097957404,
              18.597420355758665
            ],
            [
              73.7300434740538,
              18.59741700256548
            ],
            [
              73.73004092814698,
              18.59776036459614
            ],
            [
              73.73053843466393,
              18.597763717855656
            ],
            [
              73.73054097957404,
              18.597420355758665
            ]
          ]
        ]
      }
    },
    {
      "type": "Feature",
      "properties": {
        "parcel_id": "ULPIN-2026-9079-00068",
        "survey_number": "SY-104/68",
        "area_sqm": 1995.0,
        "perimeter_m": 181.0,
        "confidence_score": 0.93,
        "verification_status": "AI Confirmed",
        "building_count": 1,
        "building_coverage_ratio": 0.786,
        "landuse_class": "Vacant/Green",
        "owner_record": "Property Owner 68",
        "has_gnss_control": true,
        "tax_assessment_annual_inr": 897750,
        "tax_rate_per_sqm": 450,
        "lulc_confidence": 0.943
      },
      "geometry": {
        "type": "Polygon",
        "coordinates": [
          [
            [
              73.73053843466393,
              18.597763717855656
            ],
            [
              73.73004092814698,
              18.59776036459614
            ],
            [
              73.7300383821846,
              18.598103726613985
            ],
            [
              73.73053588969827,
              18.598107079939812
            ],
            [
              73.73053843466393,
              18.597763717855656
            ]
          ]
        ]
      }
    },
    {
      "type": "Feature",
      "properties": {
        "parcel_id": "ULPIN-2026-9079-00069",
        "survey_number": "SY-105/69",
        "area_sqm": 2216.67,
        "perimeter_m": 192.67,
        "confidence_score": 0.93,
        "verification_status": "AI Confirmed",
        "building_count": 1,
        "building_coverage_ratio": 0.789,
        "landuse_class": "Vacant/Green",
        "owner_record": "Property Owner 69",
        "has_gnss_control": true,
        "tax_assessment_annual_inr": 997501,
        "tax_rate_per_sqm": 450,
        "lulc_confidence": 0.895
      },
      "geometry": {
        "type": "Polygon",
        "coordinates": [
          [
            [
              73.72734807725357,
              18.59774219162484
            ],
            [
              73.72735062855523,
              18.59739882995359
            ],
            [
              73.7267978454067,
              18.597395094746382
            ],
            [
              73.72679529299756,
              18.597738456343762
            ],
            [
              73.72734807725357,
              18.59774219162484
            ]
          ]
        ]
      }
    },
    {
      "type": "Feature",
      "properties": {
        "parcel_id": "ULPIN-2026-9079-00070",
        "survey_number": "SY-105/70",
        "area_sqm": 1882.83,
        "perimeter_m": 178.27,
        "confidence_score": 0.78,
        "verification_status": "Needs GT Verification",
        "building_count": 1,
        "building_coverage_ratio": 0.929,
        "landuse_class": "Vacant/Green",
        "owner_record": "Property Owner 70",
        "has_gnss_control": true,
        "tax_assessment_annual_inr": 847273,
        "tax_rate_per_sqm": 450,
        "lulc_confidence": 0.962
      },
      "geometry": {
        "type": "Polygon",
        "coordinates": [
          [
            [
              73.72733089905472,
              18.59775834088877
            ],
            [
              73.72681222943501,
              18.597754836124615
            ],
            [
              73.72680991881359,
              18.598065668719002
            ],
            [
              73.72732858937397,
              18.598069173545912
            ],
            [
              73.72733089905472,
              18.59775834088877
            ]
          ]
        ]
      }
    },
    {
      "type": "Feature",
      "properties": {
        "parcel_id": "ULPIN-2026-9079-00071",
        "survey_number": "SY-105/71",
        "area_sqm": 2216.67,
        "perimeter_m": 192.67,
        "confidence_score": 0.93,
        "verification_status": "AI Confirmed",
        "building_count": 1,
        "building_coverage_ratio": 0.796,
        "landuse_class": "Vacant/Green",
        "owner_record": "Property Owner 71",
        "has_gnss_control": true,
        "tax_assessment_annual_inr": 997501,
        "tax_rate_per_sqm": 450,
        "lulc_confidence": 0.958
      },
      "geometry": {
        "type": "Polygon",
        "coordinates": [
          [
            [
              73.72734807725357,
              18.59774219162484
            ],
            [
              73.72790086164073,
              18.59774592528482
            ],
            [
              73.72790341183496,
              18.597402563539717
            ],
            [
              73.72735062855523,
              18.59739882995359
            ],
            [
              73.72734807725357,
              18.59774219162484
            ]
          ]
        ]
      }
    },
    {
      "type": "Feature",
      "properties": {
        "parcel_id": "ULPIN-2026-9079-00072",
        "survey_number": "SY-105/72",
        "area_sqm": 2453.33,
        "perimeter_m": 202.67,
        "confidence_score": 0.98,
        "verification_status": "AI Confirmed",
        "building_count": 2,
        "building_coverage_ratio": 0.725,
        "landuse_class": "Vacant/Green",
        "owner_record": "Property Owner 72",
        "has_gnss_control": true,
        "tax_assessment_annual_inr": 1103998,
        "tax_rate_per_sqm": 450,
        "lulc_confidence": 0.908
      },
      "geometry": {
        "type": "Polygon",
        "coordinates": [
          [
            [
              73.72790099586287,
              18.597727853614337
            ],
            [
              73.72731978262918,
              18.597723927897828
            ],
            [
              73.72731709693147,
              18.598085361218835
            ],
            [
              73.72789831139086,
              18.59808928701708
            ],
            [
              73.72790099586287,
              18.597727853614337
            ]
          ]
        ]
      }
    },
    {
      "type": "Feature",
      "properties": {
        "parcel_id": "ULPIN-2026-9079-00073",
        "survey_number": "SY-105/73",
        "area_sqm": 2216.67,
        "perimeter_m": 192.67,
        "confidence_score": 0.93,
        "verification_status": "AI Confirmed",
        "building_count": 1,
        "building_coverage_ratio": 0.796,
        "landuse_class": "Vacant/Green",
        "owner_record": "Property Owner 73",
        "has_gnss_control": true,
        "tax_assessment_annual_inr": 997501,
        "tax_rate_per_sqm": 450,
        "lulc_confidence": 0.936
      },
      "geometry": {
        "type": "Polygon",
        "coordinates": [
          [
            [
              73.72845619524581,
              18.597406295504776
            ],
            [
              73.72790341183496,
              18.597402563539717
            ],
            [
              73.72790086164073,
              18.59774592528482
            ],
            [
              73.72845364615902,
              18.59774965732368
            ],
            [
              73.72845619524581,
              18.597406295504776
            ]
          ]
        ]
      }
    },
    {
      "type": "Feature",
      "properties": {
        "parcel_id": "ULPIN-2026-9079-00074",
        "survey_number": "SY-105/74",
        "area_sqm": 2216.67,
        "perimeter_m": 192.67,
        "confidence_score": 0.93,
        "verification_status": "AI Confirmed",
        "building_count": 1,
        "building_coverage_ratio": 0.796,
        "landuse_class": "Vacant/Green",
        "owner_record": "Property Owner 74",
        "has_gnss_control": true,
        "tax_assessment_annual_inr": 997501,
        "tax_rate_per_sqm": 450,
        "lulc_confidence": 0.946
      },
      "geometry": {
        "type": "Polygon",
        "coordinates": [
          [
            [
              73.72845364615902,
              18.59774965732368
            ],
            [
              73.72790086164073,
              18.59774592528482
            ],
            [
              73.72789831139086,
              18.59808928701708
            ],
            [
              73.72845109701663,
              18.598093019129756
            ],
            [
              73.72845364615902,
              18.59774965732368
            ]
          ]
        ]
      }
    },
    {
      "type": "Feature",
      "properties": {
        "parcel_id": "ULPIN-2026-9079-00075",
        "survey_number": "SY-106/75",
        "area_sqm": 2635.39,
        "perimeter_m": 206.09,
        "confidence_score": 0.98,
        "verification_status": "AI Confirmed",
        "building_count": 1,
        "building_coverage_ratio": 0.704,
        "landuse_class": "Vacant/Green",
        "owner_record": "Property Owner 75",
        "has_gnss_control": true,
        "tax_assessment_annual_inr": 1185925,
        "tax_rate_per_sqm": 450,
        "lulc_confidence": 0.921
      },
      "geometry": {
        "type": "Polygon",
        "coordinates": [
          [
            [
              73.72735912130315,
              18.59625579692914
            ],
            [
              73.7273605150361,
              18.596255741075815
            ],
            [
              73.72736189631644,
              18.59625555523034
            ],
            [
              73.7273632518417,
              18.596255241182508
            ],
            [
              73.72736456855738,
              18.596254801956764
            ],
            [
              73.72736583378287,
              18.596254241783097
            ],
            [
              73.72736703533324,
              18.596253566056284
            ],
            [
              73.72736816163699,
              18.59625278128394
            ],
            [
              73.72736920184717,
              18.596251895023876
            ],
            [
              73.727370145946,
              18.596250915811236
            ],
            [
              73.72737098484127,
              18.5962498530764
            ],
            [
              73.72737171045397,
              18.596248717054056
            ],
            [
              73.72737231579606,
              18.59624751868474
            ],
            [
              73.72737279503775,
              18.596246269509415
            ],
            [
              73.72737314356371,
              18.5962449815583
            ],
            [
              73.72737335801743,
              18.596243667235083
            ],
            [
              73.72737343633361,
              18.596242339197413
            ],
            [
              73.72737612162685,
              18.59588090579787
            ],
            [
              73.72737606305117,
              18.59587957683543
            ],
            [
              73.72737586814813,
              18.59587825974691
            ],
            [
              73.72737553879477,
              18.595876967216622
            ],
            [
              73.72737507816292,
              18.595875711692308
            ],
            [
              73.72737449068877,
              18.595874505265368
            ],
            [
              73.72737378202994,
              18.595873359554353
            ],
            [
              73.72737295901125,
              18.59587228559307
            ],
            [
              73.72737202955884,
              18.595871293724365
            ],
            [
              73.7273710026238,
              18.59587039350047
            ],
            [
              73.7273698880961,
              18.59586959359103
            ],
            [
              73.72736869670926,
              18.59586890169962
            ],
            [
              73.72736743993697,
              18.59586832448952
            ],
            [
              73.72736612988263,
              18.59586786751957
            ],
            [
              73.72736477916278,
              18.595867535190663
            ],
            [
              73.72736340078562,
              18.595867330703282
            ],
            [
              73.72736200802561,
              18.595867256026764
            ],
            [
              73.72680922981654,
              18.595863521149077
            ],
            [
              73.72680783608688,
              18.595863576998507
            ],
            [
              73.72680645480939,
              18.59586376284007
            ],
            [
              73.72680509928652,
              18.59586407688404
            ],
            [
              73.72680378257273,
              18.59586451610599
            ],
            [
              73.72680251734864,
              18.595865076275953
            ],
            [
              73.72680131579908,
              18.595865751999227
            ],
            [
              73.72680018949563,
              18.595866536768202
            ],
            [
              73.72679914928518,
              18.595867423025126
            ],
            [
              73.72679820518553,
              18.59586840223487
            ],
            [
              73.7267973662889,
              18.5958694649671
            ],
            [
              73.72679664067432,
              18.59587060098714
            ],
            [
              73.72679603532983,
              18.59587179935449
            ],
            [
              73.72679555608525,
              18.595873048528215
            ],
            [
              73.72679520755595,
              18.595874336478094
            ],
            [
              73.7267949930985,
              18.59587565080046
            ],
            [
              73.72679491477821,
              18.595876978837683
            ],
            [
              73.72679222825941,
              18.59623841215548
            ],
            [
              73.72679228683047,
              18.596239741117778
            ],
            [
              73.7267924817292,
              18.596241058206598
            ],
            [
              73.72679281107862,
              18.596242350737636
            ],
            [
              73.72679327170691,
              18.596243606263126
            ],
            [
              73.72679385917796,
              18.596244812691666
            ],
            [
              73.72679456783413,
              18.59624595840469
            ],
            [
              73.72679539085065,
              18.596247032368343
            ],
            [
              73.72679632030145,
              18.596248024239785
            ],
            [
              73.72679734723539,
              18.596248924466725
            ],
            [
              73.72679846176254,
              18.596249724379508
            ],
            [
              73.7267996531494,
              18.596250416274525
            ],
            [
              73.72680090992225,
              18.59625099348845
            ],
            [
              73.72680221997767,
              18.596251450462386
            ],
            [
              73.72680357069913,
              18.59625178279544
            ],
            [
              73.72680494907844,
              18.59625198728705
            ],
            [
              73.72680634184105,
              18.596252061967856
            ],
            [
              73.72735912130315,
              18.59625579692914
            ]
          ]
        ]
      }
    },
    {
      "type": "Feature",
      "properties": {
        "parcel_id": "ULPIN-2026-9079-00076",
        "survey_number": "SY-106/76",
        "area_sqm": 2333.33,
        "perimeter_m": 196.67,
        "confidence_score": 0.93,
        "verification_status": "AI Confirmed",
        "building_count": 1,
        "building_coverage_ratio": 0.795,
        "landuse_class": "Vacant/Green",
        "owner_record": "Property Owner 76",
        "has_gnss_control": true,
        "tax_assessment_annual_inr": 1049998,
        "tax_rate_per_sqm": 450,
        "lulc_confidence": 0.917
      },
      "geometry": {
        "type": "Polygon",
        "coordinates": [
          [
            [
              73.72735653661908,
              18.59660367656033
            ],
            [
              73.72735922200397,
              18.596242243177002
            ],
            [
              73.72680644258558,
              18.596238508218644
            ],
            [
              73.72680375603505,
              18.5965999415242
            ],
            [
              73.72735653661908,
              18.59660367656033
            ]
          ]
        ]
      }
    },
    {
      "type": "Feature",
      "properties": {
        "parcel_id": "ULPIN-2026-9079-00077",
        "survey_number": "SY-106/77",
        "area_sqm": 2333.33,
        "perimeter_m": 196.67,
        "confidence_score": 0.93,
        "verification_status": "AI Confirmed",
        "building_count": 1,
        "building_coverage_ratio": 0.795,
        "landuse_class": "Vacant/Green",
        "owner_record": "Property Owner 77",
        "has_gnss_control": true,
        "tax_assessment_annual_inr": 1049998,
        "tax_rate_per_sqm": 450,
        "lulc_confidence": 0.961
      },
      "geometry": {
        "type": "Polygon",
        "coordinates": [
          [
            [
              73.72735385117252,
              18.59696510992944
            ],
            [
              73.72735653661908,
              18.59660367656033
            ],
            [
              73.72680375603505,
              18.5965999415242
            ],
            [
              73.7268010694228,
              18.596961374815553
            ],
            [
              73.72735385117252,
              18.59696510992944
            ]
          ]
        ]
      }
    },
    {
      "type": "Feature",
      "properties": {
        "parcel_id": "ULPIN-2026-9079-00078",
        "survey_number": "SY-106/78",
        "area_sqm": 2333.33,
        "perimeter_m": 196.67,
        "confidence_score": 0.93,
        "verification_status": "AI Confirmed",
        "building_count": 0,
        "building_coverage_ratio": 0.0,
        "landuse_class": "Vacant/Green",
        "owner_record": "Property Owner 78",
        "has_gnss_control": true,
        "tax_assessment_annual_inr": 1049998,
        "tax_rate_per_sqm": 450,
        "lulc_confidence": 0.939
      },
      "geometry": {
        "type": "Polygon",
        "coordinates": [
          [
            [
              73.72735385117252,
              18.59696510992944
            ],
            [
              73.7268010694228,
              18.596961374815553
            ],
            [
              73.72679838274887,
              18.597322808092663
            ],
            [
              73.72735116566429,
              18.597326543284318
            ],
            [
              73.72735385117252,
              18.59696510992944
            ]
          ]
        ]
      }
    },
    {
      "type": "Feature",
      "properties": {
        "parcel_id": "ULPIN-2026-9079-00079",
        "survey_number": "SY-106/79",
        "area_sqm": 2333.33,
        "perimeter_m": 196.67,
        "confidence_score": 0.93,
        "verification_status": "AI Confirmed",
        "building_count": 1,
        "building_coverage_ratio": 0.803,
        "landuse_class": "Vacant/Green",
        "owner_record": "Property Owner 79",
        "has_gnss_control": true,
        "tax_assessment_annual_inr": 1049998,
        "tax_rate_per_sqm": 450,
        "lulc_confidence": 0.95
      },
      "geometry": {
        "type": "Polygon",
        "coordinates": [
          [
            [
              73.72735922200397,
              18.596242243177002
            ],
            [
              73.72791200155353,
              18.596245976514407
            ],
            [
              73.72791468571113,
              18.595884543039126
            ],
            [
              73.72736190732718,
              18.59588080977945
            ],
            [
              73.72735922200397,
              18.596242243177002
            ]
          ]
        ]
      }
    },
    {
      "type": "Feature",
      "properties": {
        "parcel_id": "ULPIN-2026-9079-00080",
        "survey_number": "SY-106/80",
        "area_sqm": 1992.29,
        "perimeter_m": 182.27,
        "confidence_score": 0.78,
        "verification_status": "Needs GT Verification",
        "building_count": 1,
        "building_coverage_ratio": 0.94,
        "landuse_class": "Vacant/Green",
        "owner_record": "Property Owner 80",
        "has_gnss_control": true,
        "tax_assessment_annual_inr": 896530,
        "tax_rate_per_sqm": 450,
        "lulc_confidence": 0.947
      },
      "geometry": {
        "type": "Polygon",
        "coordinates": [
          [
            [
              73.72737615836016,
              18.596258622904024
            ],
            [
              73.72737371469265,
              18.59658752728504
            ],
            [
              73.72789238089166,
              18.596591030291844
            ],
            [
              73.72789482356389,
              18.596262125844454
            ],
            [
              73.72737615836016,
              18.596258622904024
            ]
          ]
        ]
      }
    },
    {
      "type": "Feature",
      "properties": {
        "parcel_id": "ULPIN-2026-9079-00081",
        "survey_number": "SY-106/81",
        "area_sqm": 2333.33,
        "perimeter_m": 196.67,
        "confidence_score": 0.93,
        "verification_status": "Needs GT Verification",
        "building_count": 1,
        "building_coverage_ratio": 0.802,
        "landuse_class": "Vacant/Green",
        "owner_record": "Property Owner 81",
        "has_gnss_control": true,
        "tax_assessment_annual_inr": 1049998,
        "tax_rate_per_sqm": 450,
        "lulc_confidence": 0.918
      },
      "geometry": {
        "type": "Polygon",
        "coordinates": [
          [
            [
              73.72735653661908,
              18.59660367656033
            ],
            [
              73.72735385117252,
              18.59696510992944
            ],
            [
              73.72790663305341,
              18.596968843422296
            ],
            [
              73.72790931733431,
              18.59660740997546
            ],
            [
              73.72735653661908,
              18.59660367656033
            ]
          ]
        ]
      }
    },
    {
      "type": "Feature",
      "properties": {
        "parcel_id": "ULPIN-2026-9079-00082",
        "survey_number": "SY-106/82",
        "area_sqm": 2333.33,
        "perimeter_m": 196.67,
        "confidence_score": 0.93,
        "verification_status": "Needs GT Verification",
        "building_count": 1,
        "building_coverage_ratio": 0.803,
        "landuse_class": "Vacant/Green",
        "owner_record": "Property Owner 82",
        "has_gnss_control": true,
        "tax_assessment_annual_inr": 1049998,
        "tax_rate_per_sqm": 450,
        "lulc_confidence": 0.932
      },
      "geometry": {
        "type": "Polygon",
        "coordinates": [
          [
            [
              73.72790663305341,
              18.596968843422296
            ],
            [
              73.72735385117252,
              18.59696510992944
            ],
            [
              73.72735116566429,
              18.597326543284318
            ],
            [
              73.72790394871087,
              18.597330276854905
            ],
            [
              73.72790663305341,
              18.596968843422296
            ]
          ]
        ]
      }
    },
    {
      "type": "Feature",
      "properties": {
        "parcel_id": "ULPIN-2026-9079-00083",
        "survey_number": "SY-106/83",
        "area_sqm": 2333.33,
        "perimeter_m": 196.67,
        "confidence_score": 0.93,
        "verification_status": "Needs GT Verification",
        "building_count": 1,
        "building_coverage_ratio": 0.803,
        "landuse_class": "Vacant/Green",
        "owner_record": "Property Owner 83",
        "has_gnss_control": true,
        "tax_assessment_annual_inr": 1049998,
        "tax_rate_per_sqm": 450,
        "lulc_confidence": 0.962
      },
      "geometry": {
        "type": "Polygon",
        "coordinates": [
          [
            [
              73.7284674642262,
              18.59588827467786
            ],
            [
              73.72791468571113,
              18.595884543039126
            ],
            [
              73.72791200155353,
              18.596245976514407
            ],
            [
              73.72846478123421,
              18.596249708230832
            ],
            [
              73.7284674642262,
              18.59588827467786
            ]
          ]
        ]
      }
    },
    {
      "type": "Feature",
      "properties": {
        "parcel_id": "ULPIN-2026-9079-00084",
        "survey_number": "SY-106/84",
        "area_sqm": 2333.33,
        "perimeter_m": 196.67,
        "confidence_score": 0.93,
        "verification_status": "Needs GT Verification",
        "building_count": 1,
        "building_coverage_ratio": 0.802,
        "landuse_class": "Vacant/Green",
        "owner_record": "Property Owner 84",
        "has_gnss_control": true,
        "tax_assessment_annual_inr": 1049998,
        "tax_rate_per_sqm": 450,
        "lulc_confidence": 0.902
      },
      "geometry": {
        "type": "Polygon",
        "coordinates": [
          [
            [
              73.72846478123421,
              18.596249708230832
            ],
            [
              73.72791200155353,
              18.596245976514407
            ],
            [
              73.72790931733431,
              18.59660740997546
            ],
            [
              73.72846209818063,
              18.596611141769582
            ],
            [
              73.72846478123421,
              18.596249708230832
            ]
          ]
        ]
      }
    },
    {
      "type": "Feature",
      "properties": {
        "parcel_id": "ULPIN-2026-9079-00085",
        "survey_number": "SY-106/85",
        "area_sqm": 2635.39,
        "perimeter_m": 206.09,
        "confidence_score": 0.9,
        "verification_status": "Needs GT Verification",
        "building_count": 1,
        "building_coverage_ratio": 0.711,
        "landuse_class": "Vacant/Green",
        "owner_record": "Property Owner 85",
        "has_gnss_control": false,
        "tax_assessment_annual_inr": 1185925,
        "tax_rate_per_sqm": 450,
        "lulc_confidence": 0.964
      },
      "geometry": {
        "type": "Polygon",
        "coordinates": [
          [
            [
              73.72847631254697,
              18.596611237708625
            ],
            [
              73.72847625396287,
              18.59660990874611
            ],
            [
              73.72847605905083,
              18.596608591658285
            ],
            [
              73.728475729688,
              18.596607299129424
            ],
            [
              73.72847526904633,
              18.5966060436073
            ],
            [
              73.72847468156198,
              18.596604837183275
            ],
            [
              73.72847397289283,
              18.596603691475853
            ],
            [
              73.72847314986373,
              18.596602617518837
            ],
            [
              73.72847222040089,
              18.596601625655016
            ],
            [
              73.72847119345555,
              18.59660072543657
            ],
            [
              73.72847007891775,
              18.596599925533102
            ],
            [
              73.72846888752112,
              18.59659923364814
            ],
            [
              73.72846763073944,
              18.59659865644488
            ],
            [
              73.7284663206762,
              18.59659819948211
            ],
            [
              73.72846496994804,
              18.59659786716064
            ],
            [
              73.72846359156318,
              18.5965976626809
            ],
            [
              73.72846219879625,
              18.59659758801214
            ],
            [
              73.72790941799363,
              18.59659385622093
            ],
            [
              73.72790802425784,
              18.596593912078152
            ],
            [
              73.72790664297509,
              18.5965940979275
            ],
            [
              73.72790528744784,
              18.59659441197913
            ],
            [
              73.72790397073062,
              18.596594851208575
            ],
            [
              73.72790270550408,
              18.596595411385778
            ],
            [
              73.72790150395309,
              18.596596087115973
            ],
            [
              73.72790037764922,
              18.596596871891478
            ],
            [
              73.72789933743937,
              18.596597758154495
            ],
            [
              73.72789839334135,
              18.59659873736981
            ],
            [
              73.72789755444735,
              18.596599800107057
            ],
            [
              73.72789682883636,
              18.59660093613151
            ],
            [
              73.72789622349642,
              18.596602134502604
            ],
            [
              73.72789574425728,
              18.59660338367939
            ],
            [
              73.72789539573428,
              18.596604671631617
            ],
            [
              73.7278951812839,
              18.596605985955595
            ],
            [
              73.7278951029714,
              18.59660731399366
            ],
            [
              73.72789241866055,
              18.596968747438492
            ],
            [
              73.72789247724005,
              18.596970076400886
            ],
            [
              73.7278926721478,
              18.596971393489024
            ],
            [
              73.72789300150666,
              18.596972686018624
            ],
            [
              73.7278934621448,
              18.596973941541936
            ],
            [
              73.727894049626,
              18.596975147967562
            ],
            [
              73.7278947582925,
              18.596976293676985
            ],
            [
              73.72789558131946,
              18.596977367636363
            ],
            [
              73.72789651078067,
              18.596978359502923
            ],
            [
              73.72789753772491,
              18.596979259724424
            ],
            [
              73.72789865226217,
              18.59698005963123
            ],
            [
              73.7278998436588,
              18.59698075151979
            ],
            [
              73.72790110044104,
              18.596981328726873
            ],
            [
              73.72790241050537,
              18.59698178569364
            ],
            [
              73.72790376123518,
              18.596982118019252
            ],
            [
              73.72790513962214,
              18.596982322503223
            ],
            [
              73.72790653239169,
              18.59698239717627
            ],
            [
              73.72845931444739,
              18.596986129051015
            ],
            [
              73.72846070818647,
              18.596986073189882
            ],
            [
              73.7284620894721,
              18.596985887336633
            ],
            [
              73.72846344500172,
              18.59698557328112
            ],
            [
              73.72846476172086,
              18.596985134047895
            ],
            [
              73.72846602694875,
              18.59698457386698
            ],
            [
              73.72846722850058,
              18.596983898133256
            ],
            [
              73.72846835480475,
              18.596983113354394
            ],
            [
              73.72846939501432,
              18.596982227088237
            ],
            [
              73.72847033911151,
              18.596981247870012
            ],
            [
              73.72847117800416,
              18.59698018513016
            ],
            [
              73.72847190361325,
              18.59697904910341
            ],
            [
              73.72847250895079,
              18.596977850730354
            ],
            [
              73.72847298818705,
              18.59697660155195
            ],
            [
              73.72847333670671,
              18.59697531359849
            ],
            [
              73.72847355115336,
              18.596973999273676
            ],
            [
              73.72847362946173,
              18.596972671235157
            ],
            [
              73.72847631254697,
              18.596611237708625
            ]
          ]
        ]
      }
    },
    {
      "type": "Feature",
      "properties": {
        "parcel_id": "ULPIN-2026-9079-00086",
        "survey_number": "SY-106/86",
        "area_sqm": 2333.33,
        "perimeter_m": 196.67,
        "confidence_score": 0.85,
        "verification_status": "Needs GT Verification",
        "building_count": 1,
        "building_coverage_ratio": 0.802,
        "landuse_class": "Vacant/Green",
        "owner_record": "Property Owner 86",
        "has_gnss_control": false,
        "tax_assessment_annual_inr": 1049998,
        "tax_rate_per_sqm": 450,
        "lulc_confidence": 0.933
      },
      "geometry": {
        "type": "Polygon",
        "coordinates": [
          [
            [
              73.7284594150654,
              18.596972575294114
            ],
            [
              73.72790663305341,
              18.596968843422296
            ],
            [
              73.72790394871087,
              18.597330276854905
            ],
            [
              73.72845673188858,
              18.59733400880442
            ],
            [
              73.7284594150654,
              18.596972575294114
            ]
          ]
        ]
      }
    },
    {
      "type": "Feature",
      "properties": {
        "parcel_id": "ULPIN-2026-9079-00087",
        "survey_number": "SY-107/87",
        "area_sqm": 2216.67,
        "perimeter_m": 192.67,
        "confidence_score": 0.93,
        "verification_status": "AI Confirmed",
        "building_count": 1,
        "building_coverage_ratio": 0.789,
        "landuse_class": "Vacant/Green",
        "owner_record": "Property Owner 87",
        "has_gnss_control": true,
        "tax_assessment_annual_inr": 997501,
        "tax_rate_per_sqm": 450,
        "lulc_confidence": 0.913
      },
      "geometry": {
        "type": "Polygon",
        "coordinates": [
          [
            [
              73.72737291650753,
              18.59439893270079
            ],
            [
              73.72737546726721,
              18.59405557090455
            ],
            [
              73.72682269490039,
              18.594051836416636
            ],
            [
              73.72682014303349,
              18.594395198139004
            ],
            [
              73.72737291650753,
              18.59439893270079
            ]
          ]
        ]
      }
    },
    {
      "type": "Feature",
      "properties": {
        "parcel_id": "ULPIN-2026-9079-00088",
        "survey_number": "SY-107/88",
        "area_sqm": 2333.33,
        "perimeter_m": 196.67,
        "confidence_score": 0.98,
        "verification_status": "AI Confirmed",
        "building_count": 1,
        "building_coverage_ratio": 0.75,
        "landuse_class": "Vacant/Green",
        "owner_record": "Property Owner 88",
        "has_gnss_control": true,
        "tax_assessment_annual_inr": 1049998,
        "tax_rate_per_sqm": 450,
        "lulc_confidence": 0.933
      },
      "geometry": {
        "type": "Polygon",
        "coordinates": [
          [
            [
              73.72737036569215,
              18.594742294484206
            ],
            [
              73.7273730507594,
              18.594380861027638
            ],
            [
              73.72682027734368,
              18.594377126469727
            ],
            [
              73.7268175911109,
              18.59473855984854
            ],
            [
              73.72737036569215,
              18.594742294484206
            ]
          ]
        ]
      }
    },
    {
      "type": "Feature",
      "properties": {
        "parcel_id": "ULPIN-2026-9079-00089",
        "survey_number": "SY-107/89",
        "area_sqm": 2216.67,
        "perimeter_m": 192.67,
        "confidence_score": 0.85,
        "verification_status": "AI Confirmed",
        "building_count": 1,
        "building_coverage_ratio": 0.789,
        "landuse_class": "Vacant/Green",
        "owner_record": "Property Owner 89",
        "has_gnss_control": false,
        "tax_assessment_annual_inr": 997501,
        "tax_rate_per_sqm": 450,
        "lulc_confidence": 0.953
      },
      "geometry": {
        "type": "Polygon",
        "coordinates": [
          [
            [
              73.72736781482114,
              18.595085656254774
            ],
            [
              73.72737036569215,
              18.594742294484206
            ],
            [
              73.7268175911109,
              18.59473855984854
            ],
            [
              73.72681503913262,
              18.595081921545244
            ],
            [
              73.72736781482114,
              18.595085656254774
            ]
          ]
        ]
      }
    },
    {
      "type": "Feature",
      "properties": {
        "parcel_id": "ULPIN-2026-9079-00090",
        "survey_number": "SY-107/90",
        "area_sqm": 1882.83,
        "perimeter_m": 178.27,
        "confidence_score": 0.78,
        "verification_status": "Needs GT Verification",
        "building_count": 1,
        "building_coverage_ratio": 0.929,
        "landuse_class": "Vacant/Green",
        "owner_record": "Property Owner 90",
        "has_gnss_control": true,
        "tax_assessment_annual_inr": 847273,
        "tax_rate_per_sqm": 450,
        "lulc_confidence": 0.949
      },
      "geometry": {
        "type": "Polygon",
        "coordinates": [
          [
            [
              73.72734832761618,
              18.595412638288085
            ],
            [
              73.72735063690705,
              18.59510180554104
            ],
            [
              73.7268319753261,
              18.595098301313165
            ],
            [
              73.72682966509473,
              18.59540913399746
            ],
            [
              73.72734832761618,
              18.595412638288085
            ]
          ]
        ]
      }
    },
    {
      "type": "Feature",
      "properties": {
        "parcel_id": "ULPIN-2026-9079-00091",
        "survey_number": "SY-107/91",
        "area_sqm": 2216.67,
        "perimeter_m": 192.67,
        "confidence_score": 0.93,
        "verification_status": "AI Confirmed",
        "building_count": 1,
        "building_coverage_ratio": 0.789,
        "landuse_class": "Vacant/Green",
        "owner_record": "Property Owner 91",
        "has_gnss_control": true,
        "tax_assessment_annual_inr": 997501,
        "tax_rate_per_sqm": 450,
        "lulc_confidence": 0.933
      },
      "geometry": {
        "type": "Polygon",
        "coordinates": [
          [
            [
              73.72736526389446,
              18.595429018012513
            ],
            [
              73.72681248709867,
              18.59542528322911
            ],
            [
              73.72680993500902,
              18.595768644900144
            ],
            [
              73.72736271291211,
              18.595772379757413
            ],
            [
              73.72736526389446,
              18.595429018012513
            ]
          ]
        ]
      }
    },
    {
      "type": "Feature",
      "properties": {
        "parcel_id": "ULPIN-2026-9079-00092",
        "survey_number": "SY-107/92",
        "area_sqm": 2216.67,
        "perimeter_m": 192.67,
        "confidence_score": 0.93,
        "verification_status": "AI Confirmed",
        "building_count": 1,
        "building_coverage_ratio": 0.796,
        "landuse_class": "Vacant/Green",
        "owner_record": "Property Owner 92",
        "has_gnss_control": true,
        "tax_assessment_annual_inr": 997501,
        "tax_rate_per_sqm": 450,
        "lulc_confidence": 0.881
      },
      "geometry": {
        "type": "Polygon",
        "coordinates": [
          [
            [
              73.72737291650753,
              18.59439893270079
            ],
            [
              73.7279256901127,
              18.594402665641795
            ],
            [
              73.72792823976518,
              18.594059303771697
            ],
            [
              73.72737546726721,
              18.59405557090455
            ],
            [
              73.72737291650753,
              18.59439893270079
            ]
          ]
        ]
      }
    },
    {
      "type": "Feature",
      "properties": {
        "parcel_id": "ULPIN-2026-9079-00093",
        "survey_number": "SY-107/93",
        "area_sqm": 2216.67,
        "perimeter_m": 192.67,
        "confidence_score": 0.93,
        "verification_status": "AI Confirmed",
        "building_count": 1,
        "building_coverage_ratio": 0.796,
        "landuse_class": "Vacant/Green",
        "owner_record": "Property Owner 93",
        "has_gnss_control": true,
        "tax_assessment_annual_inr": 997501,
        "tax_rate_per_sqm": 450,
        "lulc_confidence": 0.897
      },
      "geometry": {
        "type": "Polygon",
        "coordinates": [
          [
            [
              73.72737291650753,
              18.59439893270079
            ],
            [
              73.72737036569215,
              18.594742294484206
            ],
            [
              73.72792314040457,
              18.594746027499035
            ],
            [
              73.7279256901127,
              18.594402665641795
            ],
            [
              73.72737291650753,
              18.59439893270079
            ]
          ]
        ]
      }
    },
    {
      "type": "Feature",
      "properties": {
        "parcel_id": "ULPIN-2026-9079-00094",
        "survey_number": "SY-107/94",
        "area_sqm": 2216.67,
        "perimeter_m": 192.67,
        "confidence_score": 0.85,
        "verification_status": "AI Confirmed",
        "building_count": 1,
        "building_coverage_ratio": 0.796,
        "landuse_class": "Vacant/Green",
        "owner_record": "Property Owner 94",
        "has_gnss_control": false,
        "tax_assessment_annual_inr": 997501,
        "tax_rate_per_sqm": 450,
        "lulc_confidence": 0.904
      },
      "geometry": {
        "type": "Polygon",
        "coordinates": [
          [
            [
              73.72737036569215,
              18.594742294484206
            ],
            [
              73.72736781482114,
              18.595085656254774
            ],
            [
              73.7279205906408,
              18.59508938934345
            ],
            [
              73.72792314040457,
              18.594746027499035
            ],
            [
              73.72737036569215,
              18.594742294484206
            ]
          ]
        ]
      }
    },
    {
      "type": "Feature",
      "properties": {
        "parcel_id": "ULPIN-2026-9079-00095",
        "survey_number": "SY-107/95",
        "area_sqm": 2512.72,
        "perimeter_m": 202.09,
        "confidence_score": 0.98,
        "verification_status": "AI Confirmed",
        "building_count": 1,
        "building_coverage_ratio": 0.703,
        "landuse_class": "Vacant/Green",
        "owner_record": "Property Owner 95",
        "has_gnss_control": true,
        "tax_assessment_annual_inr": 1130724,
        "tax_rate_per_sqm": 450,
        "lulc_confidence": 0.893
      },
      "geometry": {
        "type": "Polygon",
        "coordinates": [
          [
            [
              73.72736791551446,
              18.595072102500914
            ],
            [
              73.72736652179118,
              18.595072158354874
            ],
            [
              73.72736514052046,
              18.59507234420098
            ],
            [
              73.72736378500475,
              18.59507265824943
            ],
            [
              73.72736246829831,
              18.595073097475773
            ],
            [
              73.72736120308183,
              18.595073657650005
            ],
            [
              73.72736000154,
              18.59507433337735
            ],
            [
              73.72735887524435,
              18.595075118150206
            ],
            [
              73.72735783504164,
              18.595076004410743
            ],
            [
              73.72735689094966,
              18.595076983623827
            ],
            [
              73.72735605206056,
              18.595078046359074
            ],
            [
              73.72735532645322,
              18.59507918238178
            ],
            [
              73.72735472111569,
              18.59508038075142
            ],
            [
              73.72735424187769,
              18.595081629927048
            ],
            [
              73.72735389335453,
              18.595082917878422
            ],
            [
              73.7273536789027,
              18.59508423220185
            ],
            [
              73.72735360058749,
              18.595085560239692
            ],
            [
              73.72735104963236,
              18.595428921995527
            ],
            [
              73.72735110820791,
              18.595430250958014
            ],
            [
              73.72735130311047,
              18.595431568046568
            ],
            [
              73.72735163246301,
              18.595432860576906
            ],
            [
              73.7273520930937,
              18.59543411610125
            ],
            [
              73.7273526805664,
              18.595435322528214
            ],
            [
              73.72735338922345,
              18.595436468239253
            ],
            [
              73.7273542122401,
              18.595437542200532
            ],
            [
              73.72735514169023,
              18.59543853406922
            ],
            [
              73.72735616862273,
              18.595439434293077
            ],
            [
              73.72735728314767,
              18.595440234202464
            ],
            [
              73.7273584745316,
              18.595440926093804
            ],
            [
              73.72735973130082,
              18.5954415033038
            ],
            [
              73.72736104135194,
              18.59544196027361
            ],
            [
              73.72736239206849,
              18.595442292602357
            ],
            [
              73.72736377044228,
              18.59544249708955
            ],
            [
              73.72736516319884,
              18.595442571765844
            ],
            [
              73.7279179401695,
              18.595446304931276
            ],
            [
              73.72791933389594,
              18.595446249073408
            ],
            [
              73.72792071516936,
              18.59544606322339
            ],
            [
              73.72792207068734,
              18.595445749171056
            ],
            [
              73.7279233873955,
              18.595445309940914
            ],
            [
              73.72792465261323,
              18.595444749762986
            ],
            [
              73.72792585415576,
              18.59544407403207
            ],
            [
              73.7279269804516,
              18.595443289255865
            ],
            [
              73.72792802065389,
              18.595442402992163
            ],
            [
              73.72792896474493,
              18.59544142377619
            ],
            [
              73.7279298036326,
              18.595440361038314
            ],
            [
              73.72793052923797,
              18.5954392250133
            ],
            [
              73.72793113457303,
              18.59543802664168
            ],
            [
              73.7279316138081,
              18.595436777464435
            ],
            [
              73.72793196232786,
              18.59543548951184
            ],
            [
              73.7279321767759,
              18.59543417518756
            ],
            [
              73.72793225508698,
              18.59543284714926
            ],
            [
              73.7279348048779,
              18.595089485315782
            ],
            [
              73.72793474629775,
              18.595088156353164
            ],
            [
              73.72793455139087,
              18.59508683926492
            ],
            [
              73.72793422203436,
              18.595085546735348
            ],
            [
              73.72793376140008,
              18.595084291212178
            ],
            [
              73.7279331739242,
              18.595083084786804
            ],
            [
              73.72793246526443,
              18.595081939077755
            ],
            [
              73.72793164224557,
              18.59508086511886
            ],
            [
              73.72793071279372,
              18.595079873252892
            ],
            [
              73.72792968586002,
              18.595078973032077
            ],
            [
              73.7279285713344,
              18.595078173126034
            ],
            [
              73.72792737995036,
              18.59507748123829
            ],
            [
              73.72792612318158,
              18.5950769040321
            ],
            [
              73.72792481313141,
              18.59507644706628
            ],
            [
              73.72792346241636,
              18.59507611474166
            ],
            [
              73.72792208404454,
              18.59507591025869
            ],
            [
              73.72792069129044,
              18.59507583558667
            ],
            [
              73.72736791551446,
              18.595072102500914
            ]
          ]
        ]
      }
    },
    {
      "type": "Feature",
      "properties": {
        "parcel_id": "ULPIN-2026-9079-00096",
        "survey_number": "SY-107/96",
        "area_sqm": 2453.33,
        "perimeter_m": 202.67,
        "confidence_score": 0.98,
        "verification_status": "AI Confirmed",
        "building_count": 2,
        "building_coverage_ratio": 0.725,
        "landuse_class": "Vacant/Green",
        "owner_record": "Property Owner 96",
        "has_gnss_control": true,
        "tax_assessment_annual_inr": 1103998,
        "tax_rate_per_sqm": 450,
        "lulc_confidence": 0.931
      },
      "geometry": {
        "type": "Polygon",
        "coordinates": [
          [
            [
              73.72733696963401,
              18.59541075430654
            ],
            [
              73.72733428433104,
              18.595772187718577
            ],
            [
              73.7279154909464,
              18.595776112993768
            ],
            [
              73.72791817502382,
              18.595414679500003
            ],
            [
              73.72733696963401,
              18.59541075430654
            ]
          ]
        ]
      }
    },
    {
      "type": "Feature",
      "properties": {
        "parcel_id": "ULPIN-2026-9079-00097",
        "survey_number": "SY-107/97",
        "area_sqm": 2216.67,
        "perimeter_m": 192.67,
        "confidence_score": 0.85,
        "verification_status": "AI Confirmed",
        "building_count": 1,
        "building_coverage_ratio": 0.796,
        "landuse_class": "Vacant/Green",
        "owner_record": "Property Owner 97",
        "has_gnss_control": false,
        "tax_assessment_annual_inr": 997501,
        "tax_rate_per_sqm": 450,
        "lulc_confidence": 0.91
      },
      "geometry": {
        "type": "Polygon",
        "coordinates": [
          [
            [
              73.72848101239424,
              18.594063035018095
            ],
            [
              73.72792823976518,
              18.594059303771697
            ],
            [
              73.7279256901127,
              18.594402665641795
            ],
            [
              73.72847846384897,
              18.59440639696199
            ],
            [
              73.72848101239424,
              18.594063035018095
            ]
          ]
        ]
      }
    },
    {
      "type": "Feature",
      "properties": {
        "parcel_id": "ULPIN-2026-9079-00098",
        "survey_number": "SY-107/98",
        "area_sqm": 2216.67,
        "perimeter_m": 192.67,
        "confidence_score": 0.93,
        "verification_status": "AI Confirmed",
        "building_count": 1,
        "building_coverage_ratio": 0.796,
        "landuse_class": "Vacant/Green",
        "owner_record": "Property Owner 98",
        "has_gnss_control": true,
        "tax_assessment_annual_inr": 997501,
        "tax_rate_per_sqm": 450,
        "lulc_confidence": 0.908
      },
      "geometry": {
        "type": "Polygon",
        "coordinates": [
          [
            [
              73.72847846384897,
              18.59440639696199
            ],
            [
              73.7279256901127,
              18.594402665641795
            ],
            [
              73.72792314040457,
              18.594746027499035
            ],
            [
              73.72847591524808,
              18.59474975889304
            ],
            [
              73.72847846384897,
              18.59440639696199
            ]
          ]
        ]
      }
    },
    {
      "type": "Feature",
      "properties": {
        "parcel_id": "ULPIN-2026-9079-00099",
        "survey_number": "SY-107/99",
        "area_sqm": 2216.67,
        "perimeter_m": 192.67,
        "confidence_score": 0.93,
        "verification_status": "AI Confirmed",
        "building_count": 1,
        "building_coverage_ratio": 0.796,
        "landuse_class": "Vacant/Green",
        "owner_record": "Property Owner 99",
        "has_gnss_control": true,
        "tax_assessment_annual_inr": 997501,
        "tax_rate_per_sqm": 450,
        "lulc_confidence": 0.882
      },
      "geometry": {
        "type": "Polygon",
        "coordinates": [
          [
            [
              73.72847591524808,
              18.59474975889304
            ],
            [
              73.72792314040457,
              18.594746027499035
            ],
            [
              73.7279205906408,
              18.59508938934345
            ],
            [
              73.7284733665916,
              18.595093120811264
            ],
            [
              73.72847591524808,
              18.59474975889304
            ]
          ]
        ]
      }
    },
    {
      "type": "Feature",
      "properties": {
        "parcel_id": "ULPIN-2026-9079-00100",
        "survey_number": "SY-107/100",
        "area_sqm": 1882.83,
        "perimeter_m": 178.27,
        "confidence_score": 0.78,
        "verification_status": "Needs GT Verification",
        "building_count": 1,
        "building_coverage_ratio": 0.938,
        "landuse_class": "Vacant/Green",
        "owner_record": "Property Owner 100",
        "has_gnss_control": true,
        "tax_assessment_annual_inr": 847273,
        "tax_rate_per_sqm": 450,
        "lulc_confidence": 0.97
      },
      "geometry": {
        "type": "Polygon",
        "coordinates": [
          [
            [
              73.72845618877432,
              18.59510927020455
            ],
            [
              73.7279375269473,
              18.59510576901833
            ],
            [
              73.72793521872066,
              18.595416601836348
            ],
            [
              73.7284538814882,
              18.595420103085257
            ],
            [
              73.72845618877432,
              18.59510927020455
            ]
          ]
        ]
      }
    },
    {
      "type": "Feature",
      "properties": {
        "parcel_id": "ULPIN-2026-9079-00101",
        "survey_number": "SY-107/101",
        "area_sqm": 2216.67,
        "perimeter_m": 192.67,
        "confidence_score": 0.93,
        "verification_status": "Needs GT Verification",
        "building_count": 1,
        "building_coverage_ratio": 0.796,
        "landuse_class": "Vacant/Green",
        "owner_record": "Property Owner 101",
        "has_gnss_control": true,
        "tax_assessment_annual_inr": 997501,
        "tax_rate_per_sqm": 450,
        "lulc_confidence": 0.946
      },
      "geometry": {
        "type": "Polygon",
        "coordinates": [
          [
            [
              73.72847081787948,
              18.595436482716647
            ],
            [
              73.72791804082141,
              18.59543275117503
            ],
            [
              73.7279154909464,
              18.595776112993768
            ],
            [
              73.72846826911174,
              18.595779844609194
            ],
            [
              73.72847081787948,
              18.595436482716647
            ]
          ]
        ]
      }
    },
    {
      "type": "Feature",
      "properties": {
        "parcel_id": "ULPIN-2026-9079-00102",
        "survey_number": "SY-108/102",
        "area_sqm": 2129.17,
        "perimeter_m": 189.67,
        "confidence_score": 0.93,
        "verification_status": "Needs GT Verification",
        "building_count": 1,
        "building_coverage_ratio": 0.784,
        "landuse_class": "Vacant/Green",
        "owner_record": "Property Owner 102",
        "has_gnss_control": true,
        "tax_assessment_annual_inr": 958126,
        "tax_rate_per_sqm": 450,
        "lulc_confidence": 0.923
      },
      "geometry": {
        "type": "Polygon",
        "coordinates": [
          [
            [
              73.72738335413254,
              18.592993860006015
            ],
            [
              73.72738580398664,
              18.59266405191468
            ],
            [
              73.7268330361067,
              18.592660317726136
            ],
            [
              73.72683058518919,
              18.59299012574651
            ],
            [
              73.72738335413254,
              18.592993860006015
            ]
          ]
        ]
      }
    },
    {
      "type": "Feature",
      "properties": {
        "parcel_id": "ULPIN-2026-9079-00103",
        "survey_number": "SY-108/103",
        "area_sqm": 2129.17,
        "perimeter_m": 189.67,
        "confidence_score": 0.93,
        "verification_status": "Needs GT Verification",
        "building_count": 1,
        "building_coverage_ratio": 0.784,
        "landuse_class": "Vacant/Green",
        "owner_record": "Property Owner 103",
        "has_gnss_control": true,
        "tax_assessment_annual_inr": 958126,
        "tax_rate_per_sqm": 450,
        "lulc_confidence": 0.932
      },
      "geometry": {
        "type": "Polygon",
        "coordinates": [
          [
            [
              73.72738090422709,
              18.593323668085503
            ],
            [
              73.72738335413254,
              18.592993860006015
            ],
            [
              73.72683058518919,
              18.59299012574651
            ],
            [
              73.72682813422031,
              18.59331993375506
            ],
            [
              73.72738090422709,
              18.593323668085503
            ]
          ]
        ]
      }
    },
    {
      "type": "Feature",
      "properties": {
        "parcel_id": "ULPIN-2026-9079-00104",
        "survey_number": "SY-108/104",
        "area_sqm": 2245.83,
        "perimeter_m": 193.67,
        "confidence_score": 0.93,
        "verification_status": "Needs GT Verification",
        "building_count": 0,
        "building_coverage_ratio": 0.0,
        "landuse_class": "Vacant/Green",
        "owner_record": "Property Owner 104",
        "has_gnss_control": true,
        "tax_assessment_annual_inr": 1010623,
        "tax_rate_per_sqm": 450,
        "lulc_confidence": 0.898
      },
      "geometry": {
        "type": "Polygon",
        "coordinates": [
          [
            [
              73.7273784542703,
              18.59365347615316
            ],
            [
              73.72738103846982,
              18.59330559641022
            ],
            [
              73.72682826852132,
              18.59330186208366
            ],
            [
              73.72682568320006,
              18.59364974175175
            ],
            [
              73.7273784542703,
              18.59365347615316
            ]
          ]
        ]
      }
    },
    {
      "type": "Feature",
      "properties": {
        "parcel_id": "ULPIN-2026-9079-00105",
        "survey_number": "SY-108/105",
        "area_sqm": 2420.72,
        "perimeter_m": 199.09,
        "confidence_score": 0.98,
        "verification_status": "Needs GT Verification",
        "building_count": 1,
        "building_coverage_ratio": 0.69,
        "landuse_class": "Vacant/Green",
        "owner_record": "Property Owner 105",
        "has_gnss_control": true,
        "tax_assessment_annual_inr": 1089324,
        "tax_rate_per_sqm": 450,
        "lulc_confidence": 0.889
      },
      "geometry": {
        "type": "Polygon",
        "coordinates": [
          [
            [
              73.72739266838528,
              18.593653572159248
            ],
            [
              73.72739260980909,
              18.59365224319654
            ],
            [
              73.72739241490733,
              18.593650926107898
            ],
            [
              73.72739208555701,
              18.593649633577584
            ],
            [
              73.72739162492998,
              18.59364837805337
            ],
            [
              73.72739103746227,
              18.59364717162666
            ],
            [
              73.72739032881158,
              18.593646025915987
            ],
            [
              73.72738950580256,
              18.593644951955163
            ],
            [
              73.72738857636128,
              18.59364396008703
            ],
            [
              73.72738754943876,
              18.593643059863822
            ],
            [
              73.72738643492477,
              18.593642259955168
            ],
            [
              73.72738524355276,
              18.59364156806462
            ],
            [
              73.72738398679624,
              18.593640990855477
            ],
            [
              73.7273826767585,
              18.593640533886557
            ],
            [
              73.72738132605589,
              18.59364020155874
            ],
            [
              73.72737994769643,
              18.59363999707251
            ],
            [
              73.72737855495447,
              18.593639922397188
            ],
            [
              73.72682578392794,
              18.5936361879987
            ],
            [
              73.72682439021645,
              18.59363624384935
            ],
            [
              73.72682300895711,
              18.593636429692168
            ],
            [
              73.72682165345216,
              18.593636743737374
            ],
            [
              73.72682033675589,
              18.593637182960574
            ],
            [
              73.7268190715488,
              18.593637743131772
            ],
            [
              73.72681787001551,
              18.593638418856237
            ],
            [
              73.72681674372744,
              18.593639203626385
            ],
            [
              73.72681570353134,
              18.593640089884424
            ],
            [
              73.72681475944492,
              18.593641069095217
            ],
            [
              73.72681392056022,
              18.593642131828428
            ],
            [
              73.72681319495614,
              18.593643267849362
            ],
            [
              73.72681258962066,
              18.59364446621752
            ],
            [
              73.7268121103835,
              18.59364571539195
            ],
            [
              73.72681176185999,
              18.593647003342436
            ],
            [
              73.72681154740657,
              18.59364831766532
            ],
            [
              73.72681146908856,
              18.593649645702914
            ],
            [
              73.72680901798958,
              18.593979453685947
            ],
            [
              73.72680907656118,
              18.59398078264851
            ],
            [
              73.7268092714586,
              18.593982099737467
            ],
            [
              73.72680960080493,
              18.59398339226854
            ],
            [
              73.72681006142837,
              18.593984647793924
            ],
            [
              73.72681064889285,
              18.593985854222236
            ],
            [
              73.72681135754077,
              18.5939869999349
            ],
            [
              73.72681218054748,
              18.593988073898085
            ],
            [
              73.72681310998699,
              18.593989065768938
            ],
            [
              73.72681413690826,
              18.593989965995203
            ],
            [
              73.7268152514215,
              18.593990765907193
            ],
            [
              73.7268164427933,
              18.593991457801323
            ],
            [
              73.72681769955014,
              18.593992035014274
            ],
            [
              73.72681900958875,
              18.593992491987176
            ],
            [
              73.72682036029273,
              18.59399282431912
            ],
            [
              73.72682173865407,
              18.593993028809557
            ],
            [
              73.72682313139838,
              18.593993103489158
            ],
            [
              73.7273759035758,
              18.593996837964433
            ],
            [
              73.7273772972903,
              18.593996782109876
            ],
            [
              73.72737867855226,
              18.593996596263146
            ],
            [
              73.72738003405932,
              18.593996282214032
            ],
            [
              73.72738135075724,
              18.593995842987024
            ],
            [
              73.72738261596547,
              18.593995282812106
            ],
            [
              73.72738381749937,
              18.593994607084085
            ],
            [
              73.72738494378751,
              18.593993822310566
            ],
            [
              73.72738598398313,
              18.593992936049368
            ],
            [
              73.72738692806854,
              18.59399195683567
            ],
            [
              73.72738776695172,
              18.593990894099825
            ],
            [
              73.72738849255376,
              18.593989758076575
            ],
            [
              73.72738909788671,
              18.59398855970644
            ],
            [
              73.72738957712089,
              18.593987310530395
            ],
            [
              73.72738992564099,
              18.593986022578655
            ],
            [
              73.7273901400906,
              18.593984708254943
            ],
            [
              73.72739021840445,
              18.593983380216887
            ],
            [
              73.72739266838528,
              18.593653572159248
            ]
          ]
        ]
      }
    },
    {
      "type": "Feature",
      "properties": {
        "parcel_id": "ULPIN-2026-9079-00106",
        "survey_number": "SY-108/106",
        "area_sqm": 2129.17,
        "perimeter_m": 189.67,
        "confidence_score": 0.93,
        "verification_status": "Needs GT Verification",
        "building_count": 1,
        "building_coverage_ratio": 0.792,
        "landuse_class": "Vacant/Green",
        "owner_record": "Property Owner 106",
        "has_gnss_control": true,
        "tax_assessment_annual_inr": 958126,
        "tax_rate_per_sqm": 450,
        "lulc_confidence": 0.946
      },
      "geometry": {
        "type": "Polygon",
        "coordinates": [
          [
            [
              73.72738335413254,
              18.592993860006015
            ],
            [
              73.72793612320706,
              18.592997592644846
            ],
            [
              73.72793857199774,
              18.592667784482597
            ],
            [
              73.72738580398664,
              18.59266405191468
            ],
            [
              73.72738335413254,
              18.592993860006015
            ]
          ]
        ]
      }
    },
    {
      "type": "Feature",
      "properties": {
        "parcel_id": "ULPIN-2026-9079-00107",
        "survey_number": "SY-108/107",
        "area_sqm": 2129.17,
        "perimeter_m": 189.67,
        "confidence_score": 0.93,
        "verification_status": "AI Confirmed",
        "building_count": 1,
        "building_coverage_ratio": 0.792,
        "landuse_class": "Vacant/Green",
        "owner_record": "Property Owner 107",
        "has_gnss_control": true,
        "tax_assessment_annual_inr": 958126,
        "tax_rate_per_sqm": 450,
        "lulc_confidence": 0.883
      },
      "geometry": {
        "type": "Polygon",
        "coordinates": [
          [
            [
              73.72738335413254,
              18.592993860006015
            ],
            [
              73.72738090422709,
              18.593323668085503
            ],
            [
              73.72793367436505,
              18.59332740079527
            ],
            [
              73.72793612320706,
              18.592997592644846
            ],
            [
              73.72738335413254,
              18.592993860006015
            ]
          ]
        ]
      }
    },
    {
      "type": "Feature",
      "properties": {
        "parcel_id": "ULPIN-2026-9079-00108",
        "survey_number": "SY-108/108",
        "area_sqm": 2129.17,
        "perimeter_m": 189.67,
        "confidence_score": 0.93,
        "verification_status": "AI Confirmed",
        "building_count": 1,
        "building_coverage_ratio": 0.792,
        "landuse_class": "Vacant/Green",
        "owner_record": "Property Owner 108",
        "has_gnss_control": true,
        "tax_assessment_annual_inr": 958126,
        "tax_rate_per_sqm": 450,
        "lulc_confidence": 0.905
      },
      "geometry": {
        "type": "Polygon",
        "coordinates": [
          [
            [
              73.72738090422709,
              18.593323668085503
            ],
            [
              73.7273784542703,
              18.59365347615316
            ],
            [
              73.7279312254717,
              18.59365720893385
            ],
            [
              73.72793367436505,
              18.59332740079527
            ],
            [
              73.72738090422709,
              18.593323668085503
            ]
          ]
        ]
      }
    },
    {
      "type": "Feature",
      "properties": {
        "parcel_id": "ULPIN-2026-9079-00109",
        "survey_number": "SY-108/109",
        "area_sqm": 2129.17,
        "perimeter_m": 189.67,
        "confidence_score": 0.93,
        "verification_status": "AI Confirmed",
        "building_count": 1,
        "building_coverage_ratio": 0.792,
        "landuse_class": "Vacant/Green",
        "owner_record": "Property Owner 109",
        "has_gnss_control": true,
        "tax_assessment_annual_inr": 958126,
        "tax_rate_per_sqm": 450,
        "lulc_confidence": 0.922
      },
      "geometry": {
        "type": "Polygon",
        "coordinates": [
          [
            [
              73.7279312254717,
              18.59365720893385
            ],
            [
              73.7273784542703,
              18.59365347615316
            ],
            [
              73.72737600426214,
              18.59398328420897
            ],
            [
              73.72792877652702,
              18.59398701706058
            ],
            [
              73.7279312254717,
              18.59365720893385
            ]
          ]
        ]
      }
    },
    {
      "type": "Feature",
      "properties": {
        "parcel_id": "ULPIN-2026-9079-00110",
        "survey_number": "SY-108/110",
        "area_sqm": 1800.73,
        "perimeter_m": 175.27,
        "confidence_score": 0.78,
        "verification_status": "Needs GT Verification",
        "building_count": 1,
        "building_coverage_ratio": 0.936,
        "landuse_class": "Vacant/Green",
        "owner_record": "Property Owner 110",
        "has_gnss_control": true,
        "tax_assessment_annual_inr": 810328,
        "tax_rate_per_sqm": 450,
        "lulc_confidence": 0.956
      },
      "geometry": {
        "type": "Polygon",
        "coordinates": [
          [
            [
              73.7284741625822,
              18.59268766484351
            ],
            [
              73.72795550808185,
              18.592684164145687
            ],
            [
              73.72795330084531,
              18.5929814432857
            ],
            [
              73.72847195624503,
              18.592984944043472
            ],
            [
              73.7284741625822,
              18.59268766484351
            ]
          ]
        ]
      }
    },
    {
      "type": "Feature",
      "properties": {
        "parcel_id": "ULPIN-2026-9079-00111",
        "survey_number": "SY-108/111",
        "area_sqm": 2129.17,
        "perimeter_m": 189.67,
        "confidence_score": 0.93,
        "verification_status": "AI Confirmed",
        "building_count": 1,
        "building_coverage_ratio": 0.792,
        "landuse_class": "Vacant/Green",
        "owner_record": "Property Owner 111",
        "has_gnss_control": true,
        "tax_assessment_annual_inr": 958126,
        "tax_rate_per_sqm": 450,
        "lulc_confidence": 0.951
      },
      "geometry": {
        "type": "Polygon",
        "coordinates": [
          [
            [
              73.72848889241267,
              18.59300132366302
            ],
            [
              73.72793612320706,
              18.592997592644846
            ],
            [
              73.72793367436505,
              18.59332740079527
            ],
            [
              73.72848644463409,
              18.593331131884334
            ],
            [
              73.72848889241267,
              18.59300132366302
            ]
          ]
        ]
      }
    },
    {
      "type": "Feature",
      "properties": {
        "parcel_id": "ULPIN-2026-9079-00112",
        "survey_number": "SY-108/112",
        "area_sqm": 2361.33,
        "perimeter_m": 199.67,
        "confidence_score": 0.9,
        "verification_status": "AI Confirmed",
        "building_count": 2,
        "building_coverage_ratio": 0.721,
        "landuse_class": "Vacant/Green",
        "owner_record": "Property Owner 112",
        "has_gnss_control": false,
        "tax_assessment_annual_inr": 1062598,
        "tax_rate_per_sqm": 450,
        "lulc_confidence": 0.896
      },
      "geometry": {
        "type": "Polygon",
        "coordinates": [
          [
            [
              73.72790538037077,
              18.593309137187894
            ],
            [
              73.72790279723529,
              18.593657017001796
            ],
            [
              73.72848399680421,
              18.5936609400938
            ],
            [
              73.72848657876028,
              18.593313060201275
            ],
            [
              73.72790538037077,
              18.593309137187894
            ]
          ]
        ]
      }
    },
    {
      "type": "Feature",
      "properties": {
        "parcel_id": "ULPIN-2026-9079-00113",
        "survey_number": "SY-108/113",
        "area_sqm": 2129.17,
        "perimeter_m": 189.67,
        "confidence_score": 0.85,
        "verification_status": "AI Confirmed",
        "building_count": 1,
        "building_coverage_ratio": 0.792,
        "landuse_class": "Vacant/Green",
        "owner_record": "Property Owner 113",
        "has_gnss_control": false,
        "tax_assessment_annual_inr": 958126,
        "tax_rate_per_sqm": 450,
        "lulc_confidence": 0.966
      },
      "geometry": {
        "type": "Polygon",
        "coordinates": [
          [
            [
              73.72848399680421,
              18.5936609400938
            ],
            [
              73.7279312254717,
              18.59365720893385
            ],
            [
              73.72792877652702,
              18.59398701706058
            ],
            [
              73.728481548923,
              18.59399074829143
            ],
            [
              73.72848399680421,
              18.5936609400938
            ]
          ]
        ]
      }
    },
    {
      "type": "Feature",
      "properties": {
        "parcel_id": "ULPIN-2026-9079-00114",
        "survey_number": "SY-109/114",
        "area_sqm": 1916.25,
        "perimeter_m": 178.0,
        "confidence_score": 0.93,
        "verification_status": "AI Confirmed",
        "building_count": 1,
        "building_coverage_ratio": 0.781,
        "landuse_class": "Vacant/Green",
        "owner_record": "Property Owner 114",
        "has_gnss_control": true,
        "tax_assessment_annual_inr": 862312,
        "tax_rate_per_sqm": 450,
        "lulc_confidence": 0.911
      },
      "geometry": {
        "type": "Polygon",
        "coordinates": [
          [
            [
              73.7290811452784,
              18.593005319384048
            ],
            [
              73.7290835918663,
              18.59267551107497
            ],
            [
              73.72858610040605,
              18.592672154858107
            ],
            [
              73.72858365286108,
              18.59300196310341
            ],
            [
              73.7290811452784,
              18.593005319384048
            ]
          ]
        ]
      }
    },
    {
      "type": "Feature",
      "properties": {
        "parcel_id": "ULPIN-2026-9079-00115",
        "survey_number": "SY-109/115",
        "area_sqm": 2190.31,
        "perimeter_m": 187.42,
        "confidence_score": 0.98,
        "verification_status": "AI Confirmed",
        "building_count": 1,
        "building_coverage_ratio": 0.683,
        "landuse_class": "Vacant/Green",
        "owner_record": "Property Owner 115",
        "has_gnss_control": true,
        "tax_assessment_annual_inr": 985639,
        "tax_rate_per_sqm": 450,
        "lulc_confidence": 0.891
      },
      "geometry": {
        "type": "Polygon",
        "coordinates": [
          [
            [
              73.72907859809129,
              18.593348681446667
            ],
            [
              73.7290799918008,
              18.593348625579154
            ],
            [
              73.72908137305646,
              18.593348439719488
            ],
            [
              73.729082728556,
              18.593348125657617
            ],
            [
              73.72908404524523,
              18.59334768641812
            ],
            [
              73.72908531044372,
              18.593347126231105
            ],
            [
              73.72908651196691,
              18.593346450491506
            ],
            [
              73.72908763824346,
              18.593345665707023
            ],
            [
              73.72908867842672,
              18.593344779435604
            ],
            [
              73.72908962249916,
              18.5933438002125
            ],
            [
              73.72909046136883,
              18.593342737468184
            ],
            [
              73.72909118695698,
              18.593341601437462
            ],
            [
              73.72909179227578,
              18.593340403060918
            ],
            [
              73.72909227149569,
              18.593339153879594
            ],
            [
              73.72909262000157,
              18.593337865923793
            ],
            [
              73.72909283443711,
              18.59333655159721
            ],
            [
              73.72909291273717,
              18.593335223557535
            ],
            [
              73.72909535934902,
              18.593005415258485
            ],
            [
              73.72909530075947,
              18.593004086295448
            ],
            [
              73.72909510584492,
              18.59300276920773
            ],
            [
              73.72909477648248,
              18.593001476679618
            ],
            [
              73.72909431584411,
              18.59300022115884
            ],
            [
              73.729093728366,
              18.592999014736762
            ],
            [
              73.72909301970589,
              18.592997869031894
            ],
            [
              73.72909219668854,
              18.592996795077987
            ],
            [
              73.72909126724012,
              18.592995803217818
            ],
            [
              73.72909024031168,
              18.59299490300352
            ],
            [
              73.72908912579311,
              18.592994103104658
            ],
            [
              73.72908793441785,
              18.592993411224693
            ],
            [
              73.72908667765945,
              18.592992834026813
            ],
            [
              73.72908536762124,
              18.592992377069734
            ],
            [
              73.72908401691954,
              18.592992044754215
            ],
            [
              73.7290826385624,
              18.592991840280618
            ],
            [
              73.72908124582412,
              18.59299176561815
            ],
            [
              73.72858375344613,
              18.59298840934014
            ],
            [
              73.72858235973963,
              18.592988465204137
            ],
            [
              73.72858097848662,
              18.592988651060292
            ],
            [
              73.72857962298927,
              18.592988965118685
            ],
            [
              73.7285783063018,
              18.592989404354757
            ],
            [
              73.7285770411046,
              18.592989964538447
            ],
            [
              73.7285758395822,
              18.592990640274856
            ],
            [
              73.72857471330596,
              18.592991425056304
            ],
            [
              73.7285736731225,
              18.59299231132489
            ],
            [
              73.72857272904935,
              18.592993290545383
            ],
            [
              73.72857189017847,
              18.592994353287335
            ],
            [
              73.72857116458863,
              18.592995489315985
            ],
            [
              73.72857055926768,
              18.59299668769074
            ],
            [
              73.72857008004516,
              18.592997936870614
            ],
            [
              73.72856973153628,
              18.592999224825306
            ],
            [
              73.72856951709737,
              18.593000539151127
            ],
            [
              73.72856943879357,
              18.593001867190388
            ],
            [
              73.72856699116996,
              18.59333167542202
            ],
            [
              73.72856704975533,
              18.59333300438495
            ],
            [
              73.728567244666,
              18.593334321472938
            ],
            [
              73.72856757402485,
              18.593335614001738
            ],
            [
              73.72856803466004,
              18.59333686952358
            ],
            [
              73.72856862213534,
              18.593338075947088
            ],
            [
              73.72856933079308,
              18.593339221653775
            ],
            [
              73.72857015380848,
              18.593340295609824
            ],
            [
              73.72857108325546,
              18.593341287472462
            ],
            [
              73.72857211018297,
              18.59334218768952
            ],
            [
              73.72857322470105,
              18.593342987591406
            ],
            [
              73.72857441607637,
              18.59334367947462
            ],
            [
              73.72857567283529,
              18.59334425667596
            ],
            [
              73.72857698287456,
              18.593344713636636
            ],
            [
              73.72857833357777,
              18.593345045955893
            ],
            [
              73.72857971193687,
              18.593345250433302
            ],
            [
              73.72858110467756,
              18.593345325099634
            ],
            [
              73.72907859809129,
              18.593348681446667
            ]
          ]
        ]
      }
    },
    {
      "type": "Feature",
      "properties": {
        "parcel_id": "ULPIN-2026-9079-00116",
        "survey_number": "SY-109/116",
        "area_sqm": 1916.25,
        "perimeter_m": 178.0,
        "confidence_score": 0.93,
        "verification_status": "AI Confirmed",
        "building_count": 1,
        "building_coverage_ratio": 0.781,
        "landuse_class": "Vacant/Green",
        "owner_record": "Property Owner 116",
        "has_gnss_control": true,
        "tax_assessment_annual_inr": 862312,
        "tax_rate_per_sqm": 450,
        "lulc_confidence": 0.919
      },
      "geometry": {
        "type": "Polygon",
        "coordinates": [
          [
            [
              73.72907625194874,
              18.59366493596667
            ],
            [
              73.7290786986392,
              18.593335127681275
            ],
            [
              73.7285812052648,
              18.593331771336864
            ],
            [
              73.72857875761723,
              18.59366157955849
            ],
            [
              73.72907625194874,
              18.59366493596667
            ]
          ]
        ]
      }
    },
    {
      "type": "Feature",
      "properties": {
        "parcel_id": "ULPIN-2026-9079-00117",
        "survey_number": "SY-109/117",
        "area_sqm": 1916.25,
        "perimeter_m": 178.0,
        "confidence_score": 0.93,
        "verification_status": "AI Confirmed",
        "building_count": 0,
        "building_coverage_ratio": 0.0,
        "landuse_class": "Vacant/Green",
        "owner_record": "Property Owner 117",
        "has_gnss_control": true,
        "tax_assessment_annual_inr": 862312,
        "tax_rate_per_sqm": 450,
        "lulc_confidence": 0.945
      },
      "geometry": {
        "type": "Polygon",
        "coordinates": [
          [
            [
              73.72907625194874,
              18.59366493596667
            ],
            [
              73.72857875761723,
              18.59366157955849
            ],
            [
              73.72857630991834,
              18.593991387768266
            ],
            [
              73.72907380520701,
              18.593994744240216
            ],
            [
              73.72907625194874,
              18.59366493596667
            ]
          ]
        ]
      }
    },
    {
      "type": "Feature",
      "properties": {
        "parcel_id": "ULPIN-2026-9079-00118",
        "survey_number": "SY-109/118",
        "area_sqm": 1916.25,
        "perimeter_m": 178.0,
        "confidence_score": 0.93,
        "verification_status": "AI Confirmed",
        "building_count": 1,
        "building_coverage_ratio": 0.781,
        "landuse_class": "Vacant/Green",
        "owner_record": "Property Owner 118",
        "has_gnss_control": true,
        "tax_assessment_annual_inr": 862312,
        "tax_rate_per_sqm": 450,
        "lulc_confidence": 0.954
      },
      "geometry": {
        "type": "Polygon",
        "coordinates": [
          [
            [
              73.7290811452784,
              18.593005319384048
            ],
            [
              73.7295786378018,
              18.593008674351942
            ],
            [
              73.72958108343263,
              18.59267886597912
            ],
            [
              73.7290835918663,
              18.59267551107497
            ],
            [
              73.7290811452784,
              18.593005319384048
            ]
          ]
        ]
      }
    },
    {
      "type": "Feature",
      "properties": {
        "parcel_id": "ULPIN-2026-9079-00119",
        "survey_number": "SY-109/119",
        "area_sqm": 1916.25,
        "perimeter_m": 178.0,
        "confidence_score": 0.93,
        "verification_status": "AI Confirmed",
        "building_count": 1,
        "building_coverage_ratio": 0.781,
        "landuse_class": "Vacant/Green",
        "owner_record": "Property Owner 119",
        "has_gnss_control": true,
        "tax_assessment_annual_inr": 862312,
        "tax_rate_per_sqm": 450,
        "lulc_confidence": 0.881
      },
      "geometry": {
        "type": "Polygon",
        "coordinates": [
          [
            [
              73.7290811452784,
              18.593005319384048
            ],
            [
              73.7290786986392,
              18.593335127681275
            ],
            [
              73.72957619211971,
              18.59333848271292
            ],
            [
              73.7295786378018,
              18.593008674351942
            ],
            [
              73.7290811452784,
              18.593005319384048
            ]
          ]
        ]
      }
    },
    {
      "type": "Feature",
      "properties": {
        "parcel_id": "ULPIN-2026-9079-00120",
        "survey_number": "SY-109/120",
        "area_sqm": 1608.81,
        "perimeter_m": 163.6,
        "confidence_score": 0.78,
        "verification_status": "Needs GT Verification",
        "building_count": 1,
        "building_coverage_ratio": 0.93,
        "landuse_class": "Vacant/Green",
        "owner_record": "Property Owner 120",
        "has_gnss_control": true,
        "tax_assessment_annual_inr": 723964,
        "tax_rate_per_sqm": 450,
        "lulc_confidence": 0.891
      },
      "geometry": {
        "type": "Polygon",
        "coordinates": [
          [
            [
              73.72909563490089,
              18.593351507251235
            ],
            [
              73.72909342955741,
              18.593648786502232
            ],
            [
              73.72955681004677,
              18.593651911531005
            ],
            [
              73.7295590145867,
              18.593354632226497
            ],
            [
              73.72909563490089,
              18.593351507251235
            ]
          ]
        ]
      }
    },
    {
      "type": "Feature",
      "properties": {
        "parcel_id": "ULPIN-2026-9079-00121",
        "survey_number": "SY-109/121",
        "area_sqm": 1916.25,
        "perimeter_m": 178.0,
        "confidence_score": 0.93,
        "verification_status": "Needs GT Verification",
        "building_count": 1,
        "building_coverage_ratio": 0.781,
        "landuse_class": "Vacant/Green",
        "owner_record": "Property Owner 121",
        "has_gnss_control": true,
        "tax_assessment_annual_inr": 862312,
        "tax_rate_per_sqm": 450,
        "lulc_confidence": 0.88
      },
      "geometry": {
        "type": "Polygon",
        "coordinates": [
          [
            [
              73.72957374638635,
              18.593668291062055
            ],
            [
              73.72907625194874,
              18.59366493596667
            ],
            [
              73.72907380520701,
              18.593994744240216
            ],
            [
              73.72957130060173,
              18.59399809939937
            ],
            [
              73.72957374638635,
              18.593668291062055
            ]
          ]
        ]
      }
    },
    {
      "type": "Feature",
      "properties": {
        "parcel_id": "ULPIN-2026-9079-00122",
        "survey_number": "SY-109/122",
        "area_sqm": 1916.25,
        "perimeter_m": 178.0,
        "confidence_score": 0.93,
        "verification_status": "Needs GT Verification",
        "building_count": 1,
        "building_coverage_ratio": 0.781,
        "landuse_class": "Vacant/Green",
        "owner_record": "Property Owner 122",
        "has_gnss_control": true,
        "tax_assessment_annual_inr": 862312,
        "tax_rate_per_sqm": 450,
        "lulc_confidence": 0.905
      },
      "geometry": {
        "type": "Polygon",
        "coordinates": [
          [
            [
              73.7295786378018,
              18.593008674351942
            ],
            [
              73.73007613043127,
              18.5930120280071
            ],
            [
              73.73007857510503,
              18.592682219570552
            ],
            [
              73.72958108343263,
              18.59267886597912
            ],
            [
              73.7295786378018,
              18.593008674351942
            ]
          ]
        ]
      }
    },
    {
      "type": "Feature",
      "properties": {
        "parcel_id": "ULPIN-2026-9079-00123",
        "survey_number": "SY-109/123",
        "area_sqm": 1916.25,
        "perimeter_m": 178.0,
        "confidence_score": 0.93,
        "verification_status": "Needs GT Verification",
        "building_count": 1,
        "building_coverage_ratio": 0.781,
        "landuse_class": "Vacant/Green",
        "owner_record": "Property Owner 123",
        "has_gnss_control": true,
        "tax_assessment_annual_inr": 862312,
        "tax_rate_per_sqm": 450,
        "lulc_confidence": 0.904
      },
      "geometry": {
        "type": "Polygon",
        "coordinates": [
          [
            [
              73.7295786378018,
              18.593008674351942
            ],
            [
              73.72957619211971,
              18.59333848271292
            ],
            [
              73.73007368570627,
              18.593341836431797
            ],
            [
              73.73007613043127,
              18.5930120280071
            ],
            [
              73.7295786378018,
              18.593008674351942
            ]
          ]
        ]
      }
    },
    {
      "type": "Feature",
      "properties": {
        "parcel_id": "ULPIN-2026-9079-00124",
        "survey_number": "SY-109/124",
        "area_sqm": 1916.25,
        "perimeter_m": 178.0,
        "confidence_score": 0.85,
        "verification_status": "Needs GT Verification",
        "building_count": 1,
        "building_coverage_ratio": 0.781,
        "landuse_class": "Vacant/Green",
        "owner_record": "Property Owner 124",
        "has_gnss_control": false,
        "tax_assessment_annual_inr": 862312,
        "tax_rate_per_sqm": 450,
        "lulc_confidence": 0.89
      },
      "geometry": {
        "type": "Polygon",
        "coordinates": [
          [
            [
              73.72957619211971,
              18.59333848271292
            ],
            [
              73.72957374638635,
              18.593668291062055
            ],
            [
              73.73007124093003,
              18.593671644844665
            ],
            [
              73.73007368570627,
              18.593341836431797
            ],
            [
              73.72957619211971,
              18.59333848271292
            ]
          ]
        ]
      }
    },
    {
      "type": "Feature",
      "properties": {
        "parcel_id": "ULPIN-2026-9079-00125",
        "survey_number": "SY-109/125",
        "area_sqm": 2190.31,
        "perimeter_m": 187.42,
        "confidence_score": 0.9,
        "verification_status": "Needs GT Verification",
        "building_count": 1,
        "building_coverage_ratio": 0.683,
        "landuse_class": "Vacant/Green",
        "owner_record": "Property Owner 125",
        "has_gnss_control": false,
        "tax_assessment_annual_inr": 985639,
        "tax_rate_per_sqm": 450,
        "lulc_confidence": 0.918
      },
      "geometry": {
        "type": "Polygon",
        "coordinates": [
          [
            [
              73.73008545506141,
              18.593671740647736
            ],
            [
              73.73008539646428,
              18.59367041168462
            ],
            [
              73.73008520154163,
              18.59366909459751
            ],
            [
              73.73008487217065,
              18.593667802070694
            ],
            [
              73.73008441152338,
              18.593666546551887
            ],
            [
              73.73008382403611,
              18.593665340132436
            ],
            [
              73.73008311536667,
              18.593664194430808
            ],
            [
              73.73008229233992,
              18.59366312048073
            ],
            [
              73.73008136288206,
              18.59366212862495
            ],
            [
              73.7300803359443,
              18.593661228415563
            ],
            [
              73.73007922141659,
              18.59366042852208
            ],
            [
              73.73007803003244,
              18.593659736647908
            ],
            [
              73.73007677326555,
              18.59365915945618
            ],
            [
              73.73007546321925,
              18.593658702505554
            ],
            [
              73.73007411251001,
              18.593658370196724
            ],
            [
              73.73007273414589,
              18.593658165730005
            ],
            [
              73.7300713414013,
              18.593658091074506
            ],
            [
              73.72957384689695,
              18.593654737294525
            ],
            [
              73.72957245318486,
              18.59365479316555
            ],
            [
              73.72957107192703,
              18.59365497902869
            ],
            [
              73.72956971642567,
              18.593655293093974
            ],
            [
              73.72956839973504,
              18.59365573233679
            ],
            [
              73.72956713453557,
              18.593656292526976
            ],
            [
              73.72956593301183,
              18.59365696826962
            ],
            [
              73.72956480673514,
              18.593657753056938
            ],
            [
              73.72956376655216,
              18.593658639330997
            ],
            [
              73.72956282248043,
              18.5936596185565
            ],
            [
              73.72956198361187,
              18.593660681302968
            ],
            [
              73.72956125802523,
              18.593661817335573
            ],
            [
              73.72956065270833,
              18.593663015713716
            ],
            [
              73.7295601734907,
              18.593664264896333
            ],
            [
              73.72955982498745,
              18.593665552853135
            ],
            [
              73.72955961055489,
              18.593666867180392
            ],
            [
              73.7295595322581,
              18.593668195220413
            ],
            [
              73.72955708644612,
              18.59399800355589
            ],
            [
              73.7295571450391,
              18.59399933251889
            ],
            [
              73.72955733995786,
              18.59400064960627
            ],
            [
              73.72955766932526,
              18.594001942133776
            ],
            [
              73.72955812996932,
              18.59400319765365
            ],
            [
              73.72955871745378,
              18.594004404074543
            ],
            [
              73.72955942612084,
              18.594005549777982
            ],
            [
              73.72956024914566,
              18.594006623730206
            ],
            [
              73.7295611786021,
              18.594007615588456
            ],
            [
              73.72956220553888,
              18.594008515800603
            ],
            [
              73.72956332006613,
              18.59400931569711
            ],
            [
              73.72956451145032,
              18.594010007574525
            ],
            [
              73.72956576821775,
              18.594010584769705
            ],
            [
              73.72956707826509,
              18.59401104172394
            ],
            [
              73.72956842897585,
              18.5940113740365
            ],
            [
              73.72956980734195,
              18.594011578507043
            ],
            [
              73.72957120008894,
              18.5940116531664
            ],
            [
              73.73006869562909,
              18.594015007015347
            ],
            [
              73.7300700893442,
              18.59401495114081
            ],
            [
              73.73007147060466,
              18.59401476527416
            ],
            [
              73.73007282610821,
              18.594014451205393
            ],
            [
              73.7300741428006,
              18.594014011959146
            ],
            [
              73.73007540800135,
              18.594013451765637
            ],
            [
              73.73007660952591,
              18.594012776019806
            ],
            [
              73.73007773580288,
              18.594011991229458
            ],
            [
              73.73007877598566,
              18.594011104952553
            ],
            [
              73.7300797200567,
              18.594010125724452
            ],
            [
              73.73008055892404,
              18.59400906297562
            ],
            [
              73.73008128450898,
              18.594007926940925
            ],
            [
              73.73008188982372,
              18.594006728561038
            ],
            [
              73.73008236903878,
              18.594005479376953
            ],
            [
              73.73008271753902,
              18.594004191419025
            ],
            [
              73.7300829319682,
              18.594002877091008
            ],
            [
              73.73008301026127,
              18.59400154905058
            ],
            [
              73.73008545506141,
              18.593671740647736
            ]
          ]
        ]
      }
    },
    {
      "type": "Feature",
      "properties": {
        "parcel_id": "ULPIN-2026-9079-00126",
        "survey_number": "SY-109/126",
        "area_sqm": 1916.25,
        "perimeter_m": 178.0,
        "confidence_score": 0.93,
        "verification_status": "Needs GT Verification",
        "building_count": 1,
        "building_coverage_ratio": 0.781,
        "landuse_class": "Vacant/Green",
        "owner_record": "Property Owner 126",
        "has_gnss_control": true,
        "tax_assessment_annual_inr": 862312,
        "tax_rate_per_sqm": 450,
        "lulc_confidence": 0.92
      },
      "geometry": {
        "type": "Polygon",
        "coordinates": [
          [
            [
              73.73057606688343,
              18.592685571849266
            ],
            [
              73.73007857510503,
              18.592682219570552
            ],
            [
              73.73007613043127,
              18.5930120280071
            ],
            [
              73.73057362316675,
              18.593015380349506
            ],
            [
              73.73057606688343,
              18.592685571849266
            ]
          ]
        ]
      }
    },
    {
      "type": "Feature",
      "properties": {
        "parcel_id": "ULPIN-2026-9079-00127",
        "survey_number": "SY-109/127",
        "area_sqm": 1916.25,
        "perimeter_m": 178.0,
        "confidence_score": 0.85,
        "verification_status": "AI Confirmed",
        "building_count": 1,
        "building_coverage_ratio": 0.781,
        "landuse_class": "Vacant/Green",
        "owner_record": "Property Owner 127",
        "has_gnss_control": false,
        "tax_assessment_annual_inr": 862312,
        "tax_rate_per_sqm": 450,
        "lulc_confidence": 0.947
      },
      "geometry": {
        "type": "Polygon",
        "coordinates": [
          [
            [
              73.73057362316675,
              18.593015380349506
            ],
            [
              73.73007613043127,
              18.5930120280071
            ],
            [
              73.73007368570627,
              18.593341836431797
            ],
            [
              73.73057117939884,
              18.593345188837908
            ],
            [
              73.73057362316675,
              18.593015380349506
            ]
          ]
        ]
      }
    },
    {
      "type": "Feature",
      "properties": {
        "parcel_id": "ULPIN-2026-9079-00128",
        "survey_number": "SY-109/128",
        "area_sqm": 2136.75,
        "perimeter_m": 188.0,
        "confidence_score": 0.98,
        "verification_status": "AI Confirmed",
        "building_count": 2,
        "building_coverage_ratio": 0.711,
        "landuse_class": "Vacant/Green",
        "owner_record": "Property Owner 128",
        "has_gnss_control": true,
        "tax_assessment_annual_inr": 961537,
        "tax_rate_per_sqm": 450,
        "lulc_confidence": 0.916
      },
      "geometry": {
        "type": "Polygon",
        "coordinates": [
          [
            [
              73.73004539146032,
              18.593323573132093
            ],
            [
              73.73004281266755,
              18.593671453235313
            ],
            [
              73.73056873557972,
              18.59367499731447
            ],
            [
              73.73057131330526,
              18.593327117140223
            ],
            [
              73.73004539146032,
              18.593323573132093
            ]
          ]
        ]
      }
    },
    {
      "type": "Feature",
      "properties": {
        "parcel_id": "ULPIN-2026-9079-00129",
        "survey_number": "SY-109/129",
        "area_sqm": 1916.25,
        "perimeter_m": 178.0,
        "confidence_score": 0.93,
        "verification_status": "AI Confirmed",
        "building_count": 1,
        "building_coverage_ratio": 0.781,
        "landuse_class": "Vacant/Green",
        "owner_record": "Property Owner 129",
        "has_gnss_control": true,
        "tax_assessment_annual_inr": 862312,
        "tax_rate_per_sqm": 450,
        "lulc_confidence": 0.946
      },
      "geometry": {
        "type": "Polygon",
        "coordinates": [
          [
            [
              73.73056873557972,
              18.59367499731447
            ],
            [
              73.73007124093003,
              18.593671644844665
            ],
            [
              73.73006879610254,
              18.594001453245692
            ],
            [
              73.73056629170937,
              18.5940048057792
            ],
            [
              73.73056873557972,
              18.59367499731447
            ]
          ]
        ]
      }
    },
    {
      "type": "Feature",
      "properties": {
        "parcel_id": "ULPIN-2026-9079-00130",
        "survey_number": "SY-110/130",
        "area_sqm": 1779.96,
        "perimeter_m": 170.6,
        "confidence_score": 0.78,
        "verification_status": "Needs GT Verification",
        "building_count": 1,
        "building_coverage_ratio": 0.934,
        "landuse_class": "Vacant/Green",
        "owner_record": "Property Owner 130",
        "has_gnss_control": true,
        "tax_assessment_annual_inr": 800982,
        "tax_rate_per_sqm": 450,
        "lulc_confidence": 0.91
      },
      "geometry": {
        "type": "Polygon",
        "coordinates": [
          [
            [
              73.72904010879674,
              18.596237325114174
            ],
            [
              73.7290425492157,
              18.595908420507435
            ],
            [
              73.72857916271617,
              18.595905293848855
            ],
            [
              73.72857672140806,
              18.596234198396363
            ],
            [
              73.72904010879674,
              18.596237325114174
            ]
          ]
        ]
      }
    },
    {
      "type": "Feature",
      "properties": {
        "parcel_id": "ULPIN-2026-9079-00131",
        "survey_number": "SY-110/131",
        "area_sqm": 2100.0,
        "perimeter_m": 185.0,
        "confidence_score": 0.93,
        "verification_status": "AI Confirmed",
        "building_count": 1,
        "building_coverage_ratio": 0.792,
        "landuse_class": "Vacant/Green",
        "owner_record": "Property Owner 131",
        "has_gnss_control": true,
        "tax_assessment_annual_inr": 945000,
        "tax_rate_per_sqm": 450,
        "lulc_confidence": 0.952
      },
      "geometry": {
        "type": "Polygon",
        "coordinates": [
          [
            [
              73.72905436351856,
              18.596615138321617
            ],
            [
              73.72905704532323,
              18.596253704699667
            ],
            [
              73.72855954347834,
              18.596250347790903
            ],
            [
              73.72855686062458,
              18.596611781342958
            ],
            [
              73.72905436351856,
              18.596615138321617
            ]
          ]
        ]
      }
    },
    {
      "type": "Feature",
      "properties": {
        "parcel_id": "ULPIN-2026-9079-00132",
        "survey_number": "SY-110/132",
        "area_sqm": 2100.0,
        "perimeter_m": 185.0,
        "confidence_score": 0.93,
        "verification_status": "AI Confirmed",
        "building_count": 1,
        "building_coverage_ratio": 0.792,
        "landuse_class": "Vacant/Green",
        "owner_record": "Property Owner 132",
        "has_gnss_control": true,
        "tax_assessment_annual_inr": 945000,
        "tax_rate_per_sqm": 450,
        "lulc_confidence": 0.908
      },
      "geometry": {
        "type": "Polygon",
        "coordinates": [
          [
            [
              73.72905168165228,
              18.596976571929357
            ],
            [
              73.72905436351856,
              18.596615138321617
            ],
            [
              73.72855686062458,
              18.596611781342958
            ],
            [
              73.72855417770921,
              18.596973214880805
            ],
            [
              73.72905168165228,
              18.596976571929357
            ]
          ]
        ]
      }
    },
    {
      "type": "Feature",
      "properties": {
        "parcel_id": "ULPIN-2026-9079-00133",
        "survey_number": "SY-110/133",
        "area_sqm": 2100.0,
        "perimeter_m": 185.0,
        "confidence_score": 0.93,
        "verification_status": "AI Confirmed",
        "building_count": 1,
        "building_coverage_ratio": 0.792,
        "landuse_class": "Vacant/Green",
        "owner_record": "Property Owner 133",
        "has_gnss_control": true,
        "tax_assessment_annual_inr": 945000,
        "tax_rate_per_sqm": 450,
        "lulc_confidence": 0.967
      },
      "geometry": {
        "type": "Polygon",
        "coordinates": [
          [
            [
              73.72905168165228,
              18.596976571929357
            ],
            [
              73.72855417770921,
              18.596973214880805
            ],
            [
              73.7285514947322,
              18.597334648404424
            ],
            [
              73.72904899972441,
              18.597338005522868
            ],
            [
              73.72905168165228,
              18.596976571929357
            ]
          ]
        ]
      }
    },
    {
      "type": "Feature",
      "properties": {
        "parcel_id": "ULPIN-2026-9079-00134",
        "survey_number": "SY-110/134",
        "area_sqm": 2100.0,
        "perimeter_m": 185.0,
        "confidence_score": 0.93,
        "verification_status": "AI Confirmed",
        "building_count": 1,
        "building_coverage_ratio": 0.792,
        "landuse_class": "Vacant/Green",
        "owner_record": "Property Owner 134",
        "has_gnss_control": true,
        "tax_assessment_annual_inr": 945000,
        "tax_rate_per_sqm": 450,
        "lulc_confidence": 0.905
      },
      "geometry": {
        "type": "Polygon",
        "coordinates": [
          [
            [
              73.72905704532323,
              18.596253704699667
            ],
            [
              73.72955454727422,
              18.596257060295446
            ],
            [
              73.72955722796824,
              18.595895626589403
            ],
            [
              73.72905972706631,
              18.59589227106349
            ],
            [
              73.72905704532323,
              18.596253704699667
            ]
          ]
        ]
      }
    },
    {
      "type": "Feature",
      "properties": {
        "parcel_id": "ULPIN-2026-9079-00135",
        "survey_number": "SY-110/135",
        "area_sqm": 2384.56,
        "perimeter_m": 194.42,
        "confidence_score": 0.98,
        "verification_status": "AI Confirmed",
        "building_count": 1,
        "building_coverage_ratio": 0.697,
        "landuse_class": "Vacant/Green",
        "owner_record": "Property Owner 135",
        "has_gnss_control": true,
        "tax_assessment_annual_inr": 1073052,
        "tax_rate_per_sqm": 450,
        "lulc_confidence": 0.886
      },
      "geometry": {
        "type": "Polygon",
        "coordinates": [
          [
            [
              73.72905714588971,
              18.59624015093857
            ],
            [
              73.72905575215661,
              18.596240206804485
            ],
            [
              73.72905437087742,
              18.5962403926625
            ],
            [
              73.7290530153546,
              18.59624070672271
            ],
            [
              73.72905169864255,
              18.59624114596051
            ],
            [
              73.72905043342196,
              18.59624170614584
            ],
            [
              73.72904923187758,
              18.596242381883794
            ],
            [
              73.72904810558094,
              18.596243166666653
            ],
            [
              73.72904706537891,
              18.59624405293652
            ],
            [
              73.72904612128916,
              18.596245032158134
            ],
            [
              73.72904528240382,
              18.596246094901062
            ],
            [
              73.7290445568018,
              18.596247230930512
            ],
            [
              73.72904395147107,
              18.596248429305906
            ],
            [
              73.72904347224127,
              18.596249678486224
            ],
            [
              73.72904312372765,
              18.59625096644118
            ],
            [
              73.72904290928662,
              18.59625228076706
            ],
            [
              73.72904283098333,
              18.596253608806197
            ],
            [
              73.72904014914867,
              18.59661504242617
            ],
            [
              73.72904020773719,
              18.596616371388777
            ],
            [
              73.72904040265358,
              18.596617688476275
            ],
            [
              73.72904073202076,
              18.596618981004404
            ],
            [
              73.72904119266673,
              18.596620236525393
            ],
            [
              73.7290417801552,
              18.5966214429479
            ],
            [
              73.72904248882836,
              18.59662258865341
            ],
            [
              73.72904331186129,
              18.596623662608152
            ],
            [
              73.72904424132773,
              18.596624654469363
            ],
            [
              73.72904526827642,
              18.59662555468486
            ],
            [
              73.72904638281729,
              18.596626354585087
            ],
            [
              73.72904757421668,
              18.596627046466566
            ],
            [
              73.72904883100077,
              18.59662762366607
            ],
            [
              73.72905014106605,
              18.596628080624896
            ],
            [
              73.72905149179586,
              18.59662841294225
            ],
            [
              73.72905287018195,
              18.596628617417746
            ],
            [
              73.72905426294967,
              18.596628692082167
            ],
            [
              73.72955176598909,
              18.59663204775043
            ],
            [
              73.72955315972547,
              18.59663199188103
            ],
            [
              73.72955454100757,
              18.596631806019513
            ],
            [
              73.72955589653283,
              18.596631491955854
            ],
            [
              73.72955721324688,
              18.596631052714635
            ],
            [
              73.729558478469,
              18.59663049252599
            ],
            [
              73.7295596800144,
              18.596629816784866
            ],
            [
              73.72956080631157,
              18.596629031998987
            ],
            [
              73.7295618465136,
              18.596628145726307
            ],
            [
              73.72956279060283,
              18.596627166502085
            ],
            [
              73.72956362948713,
              18.59662610375681
            ],
            [
              73.7295643550876,
              18.596624967725294
            ],
            [
              73.72956496041631,
              18.59662376934814
            ],
            [
              73.72956543964362,
              18.59662252016638
            ],
            [
              73.7295657881543,
              18.596621232210314
            ],
            [
              73.72956600259202,
              18.596619917883675
            ],
            [
              73.72956608089162,
              18.59661858984413
            ],
            [
              73.72956876161723,
              18.596257156150315
            ],
            [
              73.72956870302455,
              18.596255827187587
            ],
            [
              73.72956850810428,
              18.59625451010036
            ],
            [
              73.72956817873357,
              18.59625321757292
            ],
            [
              73.72956771808448,
              18.596251962053
            ],
            [
              73.72956713059328,
              18.59625075563193
            ],
            [
              73.72956642191787,
              18.596249609928233
            ],
            [
              73.72956559888314,
              18.596248535975644
            ],
            [
              73.72956466941541,
              18.596247544116913
            ],
            [
              73.72956364246593,
              18.596246643904195
            ],
            [
              73.72956252792481,
              18.59624584400699
            ],
            [
              73.72956133652568,
              18.596245152128787
            ],
            [
              73.72956007974236,
              18.596244574932733
            ],
            [
              73.72955876967835,
              18.596244117977534
            ],
            [
              73.72955741895028,
              18.596243785663923
            ],
            [
              73.72955604056644,
              18.596243581192258
            ],
            [
              73.72955464780135,
              18.596243506531724
            ],
            [
              73.72905714588971,
              18.59624015093857
            ]
          ]
        ]
      }
    },
    {
      "type": "Feature",
      "properties": {
        "parcel_id": "ULPIN-2026-9079-00136",
        "survey_number": "SY-110/136",
        "area_sqm": 2331.0,
        "perimeter_m": 195.0,
        "confidence_score": 0.98,
        "verification_status": "AI Confirmed",
        "building_count": 2,
        "building_coverage_ratio": 0.724,
        "landuse_class": "Vacant/Green",
        "owner_record": "Property Owner 136",
        "has_gnss_control": true,
        "tax_assessment_annual_inr": 1048950,
        "tax_rate_per_sqm": 450,
        "lulc_confidence": 0.919
      },
      "geometry": {
        "type": "Polygon",
        "coordinates": [
          [
            [
              73.72902606887358,
              18.596596874849077
            ],
            [
              73.72902325285267,
              18.59697638013338
            ],
            [
              73.72954918570146,
              18.59697992766486
            ],
            [
              73.72955200055786,
              18.596600422303005
            ],
            [
              73.72902606887358,
              18.596596874849077
            ]
          ]
        ]
      }
    },
    {
      "type": "Feature",
      "properties": {
        "parcel_id": "ULPIN-2026-9079-00137",
        "survey_number": "SY-110/137",
        "area_sqm": 2100.0,
        "perimeter_m": 185.0,
        "confidence_score": 0.93,
        "verification_status": "AI Confirmed",
        "building_count": 1,
        "building_coverage_ratio": 0.792,
        "landuse_class": "Vacant/Green",
        "owner_record": "Property Owner 137",
        "has_gnss_control": true,
        "tax_assessment_annual_inr": 945000,
        "tax_rate_per_sqm": 450,
        "lulc_confidence": 0.934
      },
      "geometry": {
        "type": "Polygon",
        "coordinates": [
          [
            [
              73.72954918570146,
              18.59697992766486
            ],
            [
              73.72905168165228,
              18.596976571929357
            ],
            [
              73.72904899972441,
              18.597338005522868
            ],
            [
              73.72954650482272,
              18.597341361328233
            ],
            [
              73.72954918570146,
              18.59697992766486
            ]
          ]
        ]
      }
    },
    {
      "type": "Feature",
      "properties": {
        "parcel_id": "ULPIN-2026-9079-00138",
        "survey_number": "SY-110/138",
        "area_sqm": 2100.0,
        "perimeter_m": 185.0,
        "confidence_score": 0.93,
        "verification_status": "AI Confirmed",
        "building_count": 1,
        "building_coverage_ratio": 0.792,
        "landuse_class": "Vacant/Green",
        "owner_record": "Property Owner 138",
        "has_gnss_control": true,
        "tax_assessment_annual_inr": 945000,
        "tax_rate_per_sqm": 450,
        "lulc_confidence": 0.889
      },
      "geometry": {
        "type": "Polygon",
        "coordinates": [
          [
            [
              73.72955454727422,
              18.596257060295446
            ],
            [
              73.73005204933126,
              18.596260414578243
            ],
            [
              73.73005472897623,
              18.595898980802353
            ],
            [
              73.72955722796824,
              18.595895626589403
            ],
            [
              73.72955454727422,
              18.596257060295446
            ]
          ]
        ]
      }
    },
    {
      "type": "Feature",
      "properties": {
        "parcel_id": "ULPIN-2026-9079-00139",
        "survey_number": "SY-110/139",
        "area_sqm": 2100.0,
        "perimeter_m": 185.0,
        "confidence_score": 0.93,
        "verification_status": "AI Confirmed",
        "building_count": 1,
        "building_coverage_ratio": 0.792,
        "landuse_class": "Vacant/Green",
        "owner_record": "Property Owner 139",
        "has_gnss_control": true,
        "tax_assessment_annual_inr": 945000,
        "tax_rate_per_sqm": 450,
        "lulc_confidence": 0.894
      },
      "geometry": {
        "type": "Polygon",
        "coordinates": [
          [
            [
              73.72955454727422,
              18.596257060295446
            ],
            [
              73.72955186651862,
              18.59661849398726
            ],
            [
              73.73004936962477,
              18.596621848339886
            ],
            [
              73.73005204933126,
              18.596260414578243
            ],
            [
              73.72955454727422,
              18.596257060295446
            ]
          ]
        ]
      }
    },
    {
      "type": "Feature",
      "properties": {
        "parcel_id": "ULPIN-2026-9079-00140",
        "survey_number": "SY-110/140",
        "area_sqm": 1779.96,
        "perimeter_m": 170.6,
        "confidence_score": 0.78,
        "verification_status": "Needs GT Verification",
        "building_count": 1,
        "building_coverage_ratio": 0.934,
        "landuse_class": "Vacant/Green",
        "owner_record": "Property Owner 140",
        "has_gnss_control": true,
        "tax_assessment_annual_inr": 800982,
        "tax_rate_per_sqm": 450,
        "lulc_confidence": 0.908
      },
      "geometry": {
        "type": "Polygon",
        "coordinates": [
          [
            [
              73.72956880313238,
              18.59663487353128
            ],
            [
              73.7295663636215,
              18.596963778180076
            ],
            [
              73.73002975316214,
              18.596966902582075
            ],
            [
              73.73003219178379,
              18.596637997874083
            ],
            [
              73.72956880313238,
              18.59663487353128
            ]
          ]
        ]
      }
    },
    {
      "type": "Feature",
      "properties": {
        "parcel_id": "ULPIN-2026-9079-00141",
        "survey_number": "SY-110/141",
        "area_sqm": 2100.0,
        "perimeter_m": 185.0,
        "confidence_score": 0.93,
        "verification_status": "Needs GT Verification",
        "building_count": 1,
        "building_coverage_ratio": 0.792,
        "landuse_class": "Vacant/Green",
        "owner_record": "Property Owner 141",
        "has_gnss_control": true,
        "tax_assessment_annual_inr": 945000,
        "tax_rate_per_sqm": 450,
        "lulc_confidence": 0.915
      },
      "geometry": {
        "type": "Polygon",
        "coordinates": [
          [
            [
              73.7300466898567,
              18.59698328208733
            ],
            [
              73.72954918570146,
              18.59697992766486
            ],
            [
              73.72954650482272,
              18.597341361328233
            ],
            [
              73.73004401002711,
              18.597344715820533
            ],
            [
              73.7300466898567,
              18.59698328208733
            ]
          ]
        ]
      }
    },
    {
      "type": "Feature",
      "properties": {
        "parcel_id": "ULPIN-2026-9079-00142",
        "survey_number": "SY-110/142",
        "area_sqm": 2100.0,
        "perimeter_m": 185.0,
        "confidence_score": 0.85,
        "verification_status": "Needs GT Verification",
        "building_count": 1,
        "building_coverage_ratio": 0.792,
        "landuse_class": "Vacant/Green",
        "owner_record": "Property Owner 142",
        "has_gnss_control": false,
        "tax_assessment_annual_inr": 945000,
        "tax_rate_per_sqm": 450,
        "lulc_confidence": 0.898
      },
      "geometry": {
        "type": "Polygon",
        "coordinates": [
          [
            [
              73.73055223009024,
              18.59590233370235
            ],
            [
              73.73005472897623,
              18.595898980802353
            ],
            [
              73.73005204933126,
              18.596260414578243
            ],
            [
              73.73054955149435,
              18.59626376754805
            ],
            [
              73.73055223009024,
              18.59590233370235
            ]
          ]
        ]
      }
    },
    {
      "type": "Feature",
      "properties": {
        "parcel_id": "ULPIN-2026-9079-00143",
        "survey_number": "SY-110/143",
        "area_sqm": 2100.0,
        "perimeter_m": 185.0,
        "confidence_score": 0.93,
        "verification_status": "Needs GT Verification",
        "building_count": 1,
        "building_coverage_ratio": 0.792,
        "landuse_class": "Vacant/Green",
        "owner_record": "Property Owner 143",
        "has_gnss_control": true,
        "tax_assessment_annual_inr": 945000,
        "tax_rate_per_sqm": 450,
        "lulc_confidence": 0.932
      },
      "geometry": {
        "type": "Polygon",
        "coordinates": [
          [
            [
              73.73054955149435,
              18.59626376754805
            ],
            [
              73.73005204933126,
              18.596260414578243
            ],
            [
              73.73004936962477,
              18.596621848339886
            ],
            [
              73.73054687283692,
              18.59662520137951
            ],
            [
              73.73054955149435,
              18.59626376754805
            ]
          ]
        ]
      }
    },
    {
      "type": "Feature",
      "properties": {
        "parcel_id": "ULPIN-2026-9079-00144",
        "survey_number": "SY-110/144",
        "area_sqm": 2331.0,
        "perimeter_m": 195.0,
        "confidence_score": 0.98,
        "verification_status": "Needs GT Verification",
        "building_count": 2,
        "building_coverage_ratio": 0.724,
        "landuse_class": "Vacant/Green",
        "owner_record": "Property Owner 144",
        "has_gnss_control": true,
        "tax_assessment_annual_inr": 1048950,
        "tax_rate_per_sqm": 450,
        "lulc_confidence": 0.962
      },
      "geometry": {
        "type": "Polygon",
        "coordinates": [
          [
            [
              73.73002107486276,
              18.596603585010428
            ],
            [
              73.73001826104498,
              18.596983090441416
            ],
            [
              73.73054419411798,
              18.596986635196753
            ],
            [
              73.73054700677127,
              18.596607129688266
            ],
            [
              73.73002107486276,
              18.596603585010428
            ]
          ]
        ]
      }
    },
    {
      "type": "Feature",
      "properties": {
        "parcel_id": "ULPIN-2026-9079-00145",
        "survey_number": "SY-110/145",
        "area_sqm": 2384.56,
        "perimeter_m": 194.42,
        "confidence_score": 0.98,
        "verification_status": "Needs GT Verification",
        "building_count": 1,
        "building_coverage_ratio": 0.697,
        "landuse_class": "Vacant/Green",
        "owner_record": "Property Owner 145",
        "has_gnss_control": true,
        "tax_assessment_annual_inr": 1073052,
        "tax_rate_per_sqm": 450,
        "lulc_confidence": 0.912
      },
      "geometry": {
        "type": "Polygon",
        "coordinates": [
          [
            [
              73.730558408527,
              18.596986730980582
            ],
            [
              73.73055834992677,
              18.59698540201778
            ],
            [
              73.73055815499833,
              18.596984084931172
            ],
            [
              73.73055782561902,
              18.596982792405022
            ],
            [
              73.73055736496089,
              18.596981536887068
            ],
            [
              73.73055677746035,
              18.596980330468615
            ],
            [
              73.73055606877537,
              18.59697918476815
            ],
            [
              73.73055524573095,
              18.59697811081939
            ],
            [
              73.73055431625347,
              18.596977118965032
            ],
            [
              73.73055328929433,
              18.59697621875719
            ],
            [
              73.73055217474366,
              18.596975418865355
            ],
            [
              73.73055098333523,
              18.596974726992926
            ],
            [
              73.73054972654295,
              18.596974149802982
            ],
            [
              73.73054841647038,
              18.59697369285422
            ],
            [
              73.73054706573429,
              18.596973360547274
            ],
            [
              73.73054568734295,
              18.59697315608245
            ],
            [
              73.73054429457106,
              18.596973081428864
            ],
            [
              73.73004679034912,
              18.59696972832205
            ],
            [
              73.73004539660991,
              18.596969784194947
            ],
            [
              73.73004401532538,
              18.596969970059927
            ],
            [
              73.73004265979802,
              18.59697028412699
            ],
            [
              73.73004134308233,
              18.596970723371502
            ],
            [
              73.73004007785902,
              18.596971283563313
            ],
            [
              73.7300388763128,
              18.59697195930746
            ],
            [
              73.7300377500153,
              18.596972744096153
            ],
            [
              73.73003670981335,
              18.596973630371455
            ],
            [
              73.73003576572461,
              18.596974609598067
            ],
            [
              73.73003492684126,
              18.596975672345476
            ],
            [
              73.73003420124215,
              18.59697680837887
            ],
            [
              73.73003359591522,
              18.59697800675761
            ],
            [
              73.73003311669007,
              18.596979255940646
            ],
            [
              73.73003276818194,
              18.5969805438977
            ],
            [
              73.73003255374717,
              18.596981858225014
            ],
            [
              73.73003247545081,
              18.596983186264907
            ],
            [
              73.73002979559122,
              18.597344619996118
            ],
            [
              73.73002985418731,
              18.5973459489588
            ],
            [
              73.73003004911185,
              18.59734726604568
            ],
            [
              73.73003037848765,
              18.597348558572513
            ],
            [
              73.73003083914264,
              18.59734981409153
            ],
            [
              73.73003142664047,
              18.597351020511436
            ],
            [
              73.73003213532319,
              18.597352166213714
            ],
            [
              73.7300329583658,
              18.597353240164626
            ],
            [
              73.73003388784198,
              18.59735423202146
            ],
            [
              73.73003491480036,
              18.597355132232067
            ],
            [
              73.73003602935076,
              18.59735593212694
            ],
            [
              73.73003722075944,
              18.597356624002643
            ],
            [
              73.7300384775525,
              18.59735720119603
            ],
            [
              73.73003978762632,
              18.59735765814843
            ],
            [
              73.73004113836419,
              18.597357990459116
            ],
            [
              73.73004251675773,
              18.597358194927775
            ],
            [
              73.7300439095323,
              18.59735826958526
            ],
            [
              73.73054141488205,
              18.597361622767096
            ],
            [
              73.73054280862453,
              18.597361566890715
            ],
            [
              73.73054418991197,
              18.59736138102226
            ],
            [
              73.73054554544179,
              18.597361066951713
            ],
            [
              73.73054686215946,
              18.597360627703804
            ],
            [
              73.73054812738432,
              18.59736006750869
            ],
            [
              73.73054932893156,
              18.59735939176136
            ],
            [
              73.73055045522958,
              18.597358606969653
            ],
            [
              73.73055149543156,
              18.59735772069152
            ],
            [
              73.73055243951973,
              18.597356741462324
            ],
            [
              73.73055327840206,
              18.59735567871256
            ],
            [
              73.73055400399963,
              18.59735454267711
            ],
            [
              73.73055460932454,
              18.597353344296604
            ],
            [
              73.73055508854719,
              18.597352095112115
            ],
            [
              73.73055543705239,
              18.59735080715396
            ],
            [
              73.73055565148387,
              18.59734949282589
            ],
            [
              73.73055572977651,
              18.597348164785593
            ],
            [
              73.730558408527,
              18.596986730980582
            ]
          ]
        ]
      }
    },
    {
      "type": "Feature",
      "properties": {
        "parcel_id": "ULPIN-2026-9079-00146",
        "survey_number": "SY-111/146",
        "area_sqm": 1995.0,
        "perimeter_m": 181.0,
        "confidence_score": 0.85,
        "verification_status": "Needs GT Verification",
        "building_count": 1,
        "building_coverage_ratio": 0.786,
        "landuse_class": "Vacant/Green",
        "owner_record": "Property Owner 146",
        "has_gnss_control": false,
        "tax_assessment_annual_inr": 897750,
        "tax_rate_per_sqm": 450,
        "lulc_confidence": 0.952
      },
      "geometry": {
        "type": "Polygon",
        "coordinates": [
          [
            [
              73.729070721569,
              18.59441039300647
            ],
            [
              73.72907326892796,
              18.59406703098353
            ],
            [
              73.72857577342954,
              18.594063674497598
            ],
            [
              73.72857322507407,
              18.59440703645414
            ],
            [
              73.729070721569,
              18.59441039300647
            ]
          ]
        ]
      }
    },
    {
      "type": "Feature",
      "properties": {
        "parcel_id": "ULPIN-2026-9079-00147",
        "survey_number": "SY-111/147",
        "area_sqm": 1995.0,
        "perimeter_m": 181.0,
        "confidence_score": 0.93,
        "verification_status": "AI Confirmed",
        "building_count": 1,
        "building_coverage_ratio": 0.786,
        "landuse_class": "Vacant/Green",
        "owner_record": "Property Owner 147",
        "has_gnss_control": true,
        "tax_assessment_annual_inr": 897750,
        "tax_rate_per_sqm": 450,
        "lulc_confidence": 0.969
      },
      "geometry": {
        "type": "Polygon",
        "coordinates": [
          [
            [
              73.72906817415443,
              18.594753755016562
            ],
            [
              73.729070721569,
              18.59441039300647
            ],
            [
              73.72857322507407,
              18.59440703645414
            ],
            [
              73.728570676663,
              18.594750398397835
            ],
            [
              73.72906817415443,
              18.594753755016562
            ]
          ]
        ]
      }
    },
    {
      "type": "Feature",
      "properties": {
        "parcel_id": "ULPIN-2026-9079-00148",
        "survey_number": "SY-111/148",
        "area_sqm": 1995.0,
        "perimeter_m": 181.0,
        "confidence_score": 0.93,
        "verification_status": "AI Confirmed",
        "building_count": 1,
        "building_coverage_ratio": 0.786,
        "landuse_class": "Vacant/Green",
        "owner_record": "Property Owner 148",
        "has_gnss_control": true,
        "tax_assessment_annual_inr": 897750,
        "tax_rate_per_sqm": 450,
        "lulc_confidence": 0.918
      },
      "geometry": {
        "type": "Polygon",
        "coordinates": [
          [
            [
              73.72906562668427,
              18.595097117013836
            ],
            [
              73.72906817415443,
              18.594753755016562
            ],
            [
              73.728570676663,
              18.594750398397835
            ],
            [
              73.72856812819632,
              18.595093760328712
            ],
            [
              73.72906562668427,
              18.595097117013836
            ]
          ]
        ]
      }
    },
    {
      "type": "Feature",
      "properties": {
        "parcel_id": "ULPIN-2026-9079-00149",
        "survey_number": "SY-111/149",
        "area_sqm": 1995.0,
        "perimeter_m": 181.0,
        "confidence_score": 0.93,
        "verification_status": "AI Confirmed",
        "building_count": 1,
        "building_coverage_ratio": 0.786,
        "landuse_class": "Vacant/Green",
        "owner_record": "Property Owner 149",
        "has_gnss_control": true,
        "tax_assessment_annual_inr": 897750,
        "tax_rate_per_sqm": 450,
        "lulc_confidence": 0.905
      },
      "geometry": {
        "type": "Polygon",
        "coordinates": [
          [
            [
              73.72906307915855,
              18.595440478998253
            ],
            [
              73.72906562668427,
              18.595097117013836
            ],
            [
              73.72856812819632,
              18.595093760328712
            ],
            [
              73.72856557967403,
              18.595437122246743
            ],
            [
              73.72906307915855,
              18.595440478998253
            ]
          ]
        ]
      }
    },
    {
      "type": "Feature",
      "properties": {
        "parcel_id": "ULPIN-2026-9079-00150",
        "survey_number": "SY-111/150",
        "area_sqm": 1682.16,
        "perimeter_m": 166.6,
        "confidence_score": 0.78,
        "verification_status": "Needs GT Verification",
        "building_count": 1,
        "building_coverage_ratio": 0.932,
        "landuse_class": "Vacant/Green",
        "owner_record": "Property Owner 150",
        "has_gnss_control": true,
        "tax_assessment_annual_inr": 756972,
        "tax_rate_per_sqm": 450,
        "lulc_confidence": 0.882
      },
      "geometry": {
        "type": "Polygon",
        "coordinates": [
          [
            [
              73.72904590135634,
              18.595456628446
            ],
            [
              73.7285825160782,
              18.59545350186881
            ],
            [
              73.72858020897546,
              18.59576433475347
            ],
            [
              73.7290435950939,
              18.59576746138665
            ],
            [
              73.72904590135634,
              18.595456628446
            ]
          ]
        ]
      }
    },
    {
      "type": "Feature",
      "properties": {
        "parcel_id": "ULPIN-2026-9079-00151",
        "survey_number": "SY-111/151",
        "area_sqm": 1995.0,
        "perimeter_m": 181.0,
        "confidence_score": 0.93,
        "verification_status": "AI Confirmed",
        "building_count": 1,
        "building_coverage_ratio": 0.786,
        "landuse_class": "Vacant/Green",
        "owner_record": "Property Owner 151",
        "has_gnss_control": true,
        "tax_assessment_annual_inr": 897750,
        "tax_rate_per_sqm": 450,
        "lulc_confidence": 0.887
      },
      "geometry": {
        "type": "Polygon",
        "coordinates": [
          [
            [
              73.729070721569,
              18.59441039300647
            ],
            [
              73.72956821817003,
              18.594413748245948
            ],
            [
              73.7295707645325,
              18.594070386156634
            ],
            [
              73.72907326892796,
              18.59406703098353
            ],
            [
              73.729070721569,
              18.59441039300647
            ]
          ]
        ]
      }
    },
    {
      "type": "Feature",
      "properties": {
        "parcel_id": "ULPIN-2026-9079-00152",
        "survey_number": "SY-111/152",
        "area_sqm": 2220.0,
        "perimeter_m": 191.0,
        "confidence_score": 0.98,
        "verification_status": "AI Confirmed",
        "building_count": 2,
        "building_coverage_ratio": 0.717,
        "landuse_class": "Vacant/Green",
        "owner_record": "Property Owner 152",
        "has_gnss_control": true,
        "tax_assessment_annual_inr": 999000,
        "tax_rate_per_sqm": 450,
        "lulc_confidence": 0.887
      },
      "geometry": {
        "type": "Polygon",
        "coordinates": [
          [
            [
              73.7290424272709,
              18.59439212955395
            ],
            [
              73.7290397457235,
              18.59475356324515
            ],
            [
              73.72956567175197,
              18.594757110322423
            ],
            [
              73.72956835219048,
              18.594395676557355
            ],
            [
              73.7290424272709,
              18.59439212955395
            ]
          ]
        ]
      }
    },
    {
      "type": "Feature",
      "properties": {
        "parcel_id": "ULPIN-2026-9079-00153",
        "survey_number": "SY-111/153",
        "area_sqm": 1995.0,
        "perimeter_m": 181.0,
        "confidence_score": 0.93,
        "verification_status": "AI Confirmed",
        "building_count": 1,
        "building_coverage_ratio": 0.786,
        "landuse_class": "Vacant/Green",
        "owner_record": "Property Owner 153",
        "has_gnss_control": true,
        "tax_assessment_annual_inr": 897750,
        "tax_rate_per_sqm": 450,
        "lulc_confidence": 0.95
      },
      "geometry": {
        "type": "Polygon",
        "coordinates": [
          [
            [
              73.72906817415443,
              18.594753755016562
            ],
            [
              73.72906562668427,
              18.595097117013836
            ],
            [
              73.72956312527837,
              18.59510047238605
            ],
            [
              73.72956567175197,
              18.594757110322423
            ],
            [
              73.72906817415443,
              18.594753755016562
            ]
          ]
        ]
      }
    },
    {
      "type": "Feature",
      "properties": {
        "parcel_id": "ULPIN-2026-9079-00154",
        "survey_number": "SY-111/154",
        "area_sqm": 1995.0,
        "perimeter_m": 181.0,
        "confidence_score": 0.93,
        "verification_status": "AI Confirmed",
        "building_count": 1,
        "building_coverage_ratio": 0.786,
        "landuse_class": "Vacant/Green",
        "owner_record": "Property Owner 154",
        "has_gnss_control": true,
        "tax_assessment_annual_inr": 897750,
        "tax_rate_per_sqm": 450,
        "lulc_confidence": 0.924
      },
      "geometry": {
        "type": "Polygon",
        "coordinates": [
          [
            [
              73.72906562668427,
              18.595097117013836
            ],
            [
              73.72906307915855,
              18.595440478998253
            ],
            [
              73.72956057874919,
              18.59544383443685
            ],
            [
              73.72956312527837,
              18.59510047238605
            ],
            [
              73.72906562668427,
              18.595097117013836
            ]
          ]
        ]
      }
    },
    {
      "type": "Feature",
      "properties": {
        "parcel_id": "ULPIN-2026-9079-00155",
        "survey_number": "SY-111/155",
        "area_sqm": 2273.56,
        "perimeter_m": 190.42,
        "confidence_score": 0.98,
        "verification_status": "AI Confirmed",
        "building_count": 1,
        "building_coverage_ratio": 0.689,
        "landuse_class": "Vacant/Green",
        "owner_record": "Property Owner 155",
        "has_gnss_control": true,
        "tax_assessment_annual_inr": 1023102,
        "tax_rate_per_sqm": 450,
        "lulc_confidence": 0.937
      },
      "geometry": {
        "type": "Polygon",
        "coordinates": [
          [
            [
              73.72957479302477,
              18.595443930287235
            ],
            [
              73.7295747344319,
              18.595442601324415
            ],
            [
              73.72957453951209,
              18.59544128423714
            ],
            [
              73.72957421014249,
              18.59543999170968
            ],
            [
              73.72957374949515,
              18.59543873618979
            ],
            [
              73.72957316200632,
              18.595437529768816
            ],
            [
              73.72957245333387,
              18.595436384065245
            ],
            [
              73.72957163030269,
              18.595435310112826
            ],
            [
              73.72957070083902,
              18.5954343182543
            ],
            [
              73.7295696738941,
              18.595433418041814
            ],
            [
              73.729568559358,
              18.595432618144905
            ],
            [
              73.7295673679643,
              18.595431926267025
            ],
            [
              73.7295661111867,
              18.5954313490713
            ],
            [
              73.72956480112876,
              18.595430892116493
            ],
            [
              73.72956345040703,
              18.59543055980328
            ],
            [
              73.72956207202962,
              18.595430355332034
            ],
            [
              73.72956067927112,
              18.595430280671934
            ],
            [
              73.72906317971983,
              18.595426925235966
            ],
            [
              73.72906178599337,
              18.595426981102325
            ],
            [
              73.7290604047208,
              18.5954271669608
            ],
            [
              73.72905904920451,
              18.595427481021456
            ],
            [
              73.72905773249887,
              18.59542792025972
            ],
            [
              73.7290564672845,
              18.59542848044549
            ],
            [
              73.72905526574606,
              18.595429156183897
            ],
            [
              73.72905413945503,
              18.595429940967165
            ],
            [
              73.72905309925824,
              18.595430827237443
            ],
            [
              73.7290521551733,
              18.595431806459455
            ],
            [
              73.72905131629231,
              18.59543286920274
            ],
            [
              73.72905059069414,
              18.595434005232505
            ],
            [
              73.72904998536669,
              18.595435203608197
            ],
            [
              73.7290495061396,
              18.59543645278877
            ],
            [
              73.7290491576281,
              18.59543774074395
            ],
            [
              73.72904894318853,
              18.595439055070027
            ],
            [
              73.7290488648861,
              18.5954403831093
            ],
            [
              73.7290463172763,
              18.595783745078997
            ],
            [
              73.72904637586498,
              18.595785074041697
            ],
            [
              73.72904657078092,
              18.59578639112926
            ],
            [
              73.72904690014695,
              18.59578768365739
            ],
            [
              73.72904736079114,
              18.59578893917834
            ],
            [
              73.7290479482772,
              18.595790145600773
            ],
            [
              73.7290486569473,
              18.59579129130615
            ],
            [
              73.72904947997661,
              18.59579236526072
            ],
            [
              73.72905040943891,
              18.59579335712172
            ],
            [
              73.72905143638293,
              18.595794257336955
            ],
            [
              73.72905255091867,
              18.5957950572369
            ],
            [
              73.72905374231253,
              18.59579574911804
            ],
            [
              73.72905499909074,
              18.595796326317213
            ],
            [
              73.72905630914981,
              18.59579678327564
            ],
            [
              73.72905765987319,
              18.595797115592593
            ],
            [
              73.72905903825266,
              18.595797320067664
            ],
            [
              73.72906043101366,
              18.595797394731633
            ],
            [
              73.72955793164022,
              18.595800750239214
            ],
            [
              73.7295593253698,
              18.59580069436935
            ],
            [
              73.72956070664513,
              18.595800508507377
            ],
            [
              73.72956206216374,
              18.595800194443246
            ],
            [
              73.72956337887122,
              18.595799755201565
            ],
            [
              73.72956464408699,
              18.59579919501246
            ],
            [
              73.72956584562633,
              18.59579851927088
            ],
            [
              73.72956697191773,
              18.595797734484588
            ],
            [
              73.72956801211443,
              18.595796848211474
            ],
            [
              73.72956895619872,
              18.595795868986873
            ],
            [
              73.72956979507858,
              18.595794806241226
            ],
            [
              73.72957052067514,
              18.595793670209382
            ],
            [
              73.72957112600048,
              18.59579247183192
            ],
            [
              73.729571605225,
              18.59579122264989
            ],
            [
              73.72957195373354,
              18.595789934693602
            ],
            [
              73.72957216816975,
              18.59578862036678
            ],
            [
              73.72957224646849,
              18.5957872923271
            ],
            [
              73.72957479302477,
              18.595443930287235
            ]
          ]
        ]
      }
    },
    {
      "type": "Feature",
      "properties": {
        "parcel_id": "ULPIN-2026-9079-00156",
        "survey_number": "SY-111/156",
        "area_sqm": 1995.0,
        "perimeter_m": 181.0,
        "confidence_score": 0.93,
        "verification_status": "AI Confirmed",
        "building_count": 0,
        "building_coverage_ratio": 0.0,
        "landuse_class": "Vacant/Green",
        "owner_record": "Property Owner 156",
        "has_gnss_control": true,
        "tax_assessment_annual_inr": 897750,
        "tax_rate_per_sqm": 450,
        "lulc_confidence": 0.917
      },
      "geometry": {
        "type": "Polygon",
        "coordinates": [
          [
            [
              73.72956821817003,
              18.594413748245948
            ],
            [
              73.7300657148771,
              18.59441710217259
            ],
            [
              73.73006826024309,
              18.594073740016935
            ],
            [
              73.7295707645325,
              18.594070386156634
            ],
            [
              73.72956821817003,
              18.594413748245948
            ]
          ]
        ]
      }
    },
    {
      "type": "Feature",
      "properties": {
        "parcel_id": "ULPIN-2026-9079-00157",
        "survey_number": "SY-111/157",
        "area_sqm": 1995.0,
        "perimeter_m": 181.0,
        "confidence_score": 0.93,
        "verification_status": "AI Confirmed",
        "building_count": 1,
        "building_coverage_ratio": 0.786,
        "landuse_class": "Vacant/Green",
        "owner_record": "Property Owner 157",
        "has_gnss_control": true,
        "tax_assessment_annual_inr": 897750,
        "tax_rate_per_sqm": 450,
        "lulc_confidence": 0.903
      },
      "geometry": {
        "type": "Polygon",
        "coordinates": [
          [
            [
              73.72956821817003,
              18.594413748245948
            ],
            [
              73.72956567175197,
              18.594757110322423
            ],
            [
              73.73006316945558,
              18.594760464315392
            ],
            [
              73.7300657148771,
              18.59441710217259
            ],
            [
              73.72956821817003,
              18.594413748245948
            ]
          ]
        ]
      }
    },
    {
      "type": "Feature",
      "properties": {
        "parcel_id": "ULPIN-2026-9079-00158",
        "survey_number": "SY-111/158",
        "area_sqm": 1995.0,
        "perimeter_m": 181.0,
        "confidence_score": 0.93,
        "verification_status": "AI Confirmed",
        "building_count": 1,
        "building_coverage_ratio": 0.786,
        "landuse_class": "Vacant/Green",
        "owner_record": "Property Owner 158",
        "has_gnss_control": true,
        "tax_assessment_annual_inr": 897750,
        "tax_rate_per_sqm": 450,
        "lulc_confidence": 0.968
      },
      "geometry": {
        "type": "Polygon",
        "coordinates": [
          [
            [
              73.72956567175197,
              18.594757110322423
            ],
            [
              73.72956312527837,
              18.59510047238605
            ],
            [
              73.7300606239785,
              18.59510382644537
            ],
            [
              73.73006316945558,
              18.594760464315392
            ],
            [
              73.72956567175197,
              18.594757110322423
            ]
          ]
        ]
      }
    },
    {
      "type": "Feature",
      "properties": {
        "parcel_id": "ULPIN-2026-9079-00159",
        "survey_number": "SY-111/159",
        "area_sqm": 1995.0,
        "perimeter_m": 181.0,
        "confidence_score": 0.93,
        "verification_status": "AI Confirmed",
        "building_count": 1,
        "building_coverage_ratio": 0.786,
        "landuse_class": "Vacant/Green",
        "owner_record": "Property Owner 159",
        "has_gnss_control": true,
        "tax_assessment_annual_inr": 897750,
        "tax_rate_per_sqm": 450,
        "lulc_confidence": 0.954
      },
      "geometry": {
        "type": "Polygon",
        "coordinates": [
          [
            [
              73.72956312527837,
              18.59510047238605
            ],
            [
              73.72956057874919,
              18.59544383443685
            ],
            [
              73.73005807844588,
              18.595447188562517
            ],
            [
              73.7300606239785,
              18.59510382644537
            ],
            [
              73.72956312527837,
              18.59510047238605
            ]
          ]
        ]
      }
    },
    {
      "type": "Feature",
      "properties": {
        "parcel_id": "ULPIN-2026-9079-00160",
        "survey_number": "SY-111/160",
        "area_sqm": 1682.16,
        "perimeter_m": 166.6,
        "confidence_score": 0.7,
        "verification_status": "Needs GT Verification",
        "building_count": 1,
        "building_coverage_ratio": 0.932,
        "landuse_class": "Vacant/Green",
        "owner_record": "Property Owner 160",
        "has_gnss_control": false,
        "tax_assessment_annual_inr": 756972,
        "tax_rate_per_sqm": 450,
        "lulc_confidence": 0.946
      },
      "geometry": {
        "type": "Polygon",
        "coordinates": [
          [
            [
              73.73004090073083,
              18.595463338106565
            ],
            [
              73.72957751525506,
              18.595460213975176
            ],
            [
              73.72957520995664,
              18.595771046980015
            ],
            [
              73.7300385962727,
              18.59577417116736
            ],
            [
              73.73004090073083,
              18.595463338106565
            ]
          ]
        ]
      }
    },
    {
      "type": "Feature",
      "properties": {
        "parcel_id": "ULPIN-2026-9079-00161",
        "survey_number": "SY-111/161",
        "area_sqm": 1995.0,
        "perimeter_m": 181.0,
        "confidence_score": 0.93,
        "verification_status": "Needs GT Verification",
        "building_count": 1,
        "building_coverage_ratio": 0.786,
        "landuse_class": "Vacant/Green",
        "owner_record": "Property Owner 161",
        "has_gnss_control": true,
        "tax_assessment_annual_inr": 897750,
        "tax_rate_per_sqm": 450,
        "lulc_confidence": 0.924
      },
      "geometry": {
        "type": "Polygon",
        "coordinates": [
          [
            [
              73.7305657560597,
              18.594077092564405
            ],
            [
              73.73006826024309,
              18.594073740016935
            ],
            [
              73.7300657148771,
              18.59441710217259
            ],
            [
              73.73056321169021,
              18.594420454786363
            ],
            [
              73.7305657560597,
              18.594077092564405
            ]
          ]
        ]
      }
    },
    {
      "type": "Feature",
      "properties": {
        "parcel_id": "ULPIN-2026-9079-00162",
        "survey_number": "SY-111/162",
        "area_sqm": 1995.0,
        "perimeter_m": 181.0,
        "confidence_score": 0.93,
        "verification_status": "Needs GT Verification",
        "building_count": 1,
        "building_coverage_ratio": 0.786,
        "landuse_class": "Vacant/Green",
        "owner_record": "Property Owner 162",
        "has_gnss_control": true,
        "tax_assessment_annual_inr": 897750,
        "tax_rate_per_sqm": 450,
        "lulc_confidence": 0.916
      },
      "geometry": {
        "type": "Polygon",
        "coordinates": [
          [
            [
              73.73056321169021,
              18.594420454786363
            ],
            [
              73.7300657148771,
              18.59441710217259
            ],
            [
              73.73006316945558,
              18.594760464315392
            ],
            [
              73.7305606672652,
              18.5947638169955
            ],
            [
              73.73056321169021,
              18.594420454786363
            ]
          ]
        ]
      }
    },
    {
      "type": "Feature",
      "properties": {
        "parcel_id": "ULPIN-2026-9079-00163",
        "survey_number": "SY-111/163",
        "area_sqm": 1995.0,
        "perimeter_m": 181.0,
        "confidence_score": 0.85,
        "verification_status": "Needs GT Verification",
        "building_count": 1,
        "building_coverage_ratio": 0.786,
        "landuse_class": "Vacant/Green",
        "owner_record": "Property Owner 163",
        "has_gnss_control": false,
        "tax_assessment_annual_inr": 897750,
        "tax_rate_per_sqm": 450,
        "lulc_confidence": 0.945
      },
      "geometry": {
        "type": "Polygon",
        "coordinates": [
          [
            [
              73.7305606672652,
              18.5947638169955
            ],
            [
              73.73006316945558,
              18.594760464315392
            ],
            [
              73.7300606239785,
              18.59510382644537
            ],
            [
              73.73055812278466,
              18.595107179191785
            ],
            [
              73.7305606672652,
              18.5947638169955
            ]
          ]
        ]
      }
    },
    {
      "type": "Feature",
      "properties": {
        "parcel_id": "ULPIN-2026-9079-00164",
        "survey_number": "SY-111/164",
        "area_sqm": 1995.0,
        "perimeter_m": 181.0,
        "confidence_score": 0.93,
        "verification_status": "Needs GT Verification",
        "building_count": 1,
        "building_coverage_ratio": 0.786,
        "landuse_class": "Vacant/Green",
        "owner_record": "Property Owner 164",
        "has_gnss_control": true,
        "tax_assessment_annual_inr": 897750,
        "tax_rate_per_sqm": 450,
        "lulc_confidence": 0.892
      },
      "geometry": {
        "type": "Polygon",
        "coordinates": [
          [
            [
              73.73055812278466,
              18.595107179191785
            ],
            [
              73.7300606239785,
              18.59510382644537
            ],
            [
              73.73005807844588,
              18.595447188562517
            ],
            [
              73.7305555782486,
              18.595450541375254
            ],
            [
              73.73055812278466,
              18.595107179191785
            ]
          ]
        ]
      }
    },
    {
      "type": "Feature",
      "properties": {
        "parcel_id": "ULPIN-2026-9079-00165",
        "survey_number": "SY-111/165",
        "area_sqm": 2273.56,
        "perimeter_m": 190.42,
        "confidence_score": 0.98,
        "verification_status": "Needs GT Verification",
        "building_count": 1,
        "building_coverage_ratio": 0.689,
        "landuse_class": "Vacant/Green",
        "owner_record": "Property Owner 165",
        "has_gnss_control": true,
        "tax_assessment_annual_inr": 1023102,
        "tax_rate_per_sqm": 450,
        "lulc_confidence": 0.893
      },
      "geometry": {
        "type": "Polygon",
        "coordinates": [
          [
            [
              73.73056979253023,
              18.595450637150606
            ],
            [
              73.73056973392964,
              18.595449308187632
            ],
            [
              73.73056953900209,
              18.595447991100933
            ],
            [
              73.73056920962486,
              18.59544669857476
            ],
            [
              73.73056874897004,
              18.595445443056878
            ],
            [
              73.73056816147398,
              18.59544423663857
            ],
            [
              73.73056745279462,
              18.595443090938353
            ],
            [
              73.73056662975686,
              18.5954420169899
            ],
            [
              73.73056570028707,
              18.595441025135944
            ],
            [
              73.73056467333654,
              18.59544012492857
            ],
            [
              73.73056355879537,
              18.595439325037272
            ],
            [
              73.73056236739716,
              18.595438633165433
            ],
            [
              73.73056111061575,
              18.595438055976157
            ],
            [
              73.73055980055464,
              18.5954375990281
            ],
            [
              73.73055844983043,
              18.595437266721902
            ],
            [
              73.73055707145132,
              18.59543706225787
            ],
            [
              73.73055567869186,
              18.59543698760509
            ],
            [
              73.73005817892849,
              18.595433634794965
            ],
            [
              73.7300567852018,
              18.595433690668717
            ],
            [
              73.73005540392978,
              18.595433876534546
            ],
            [
              73.73005404841479,
              18.59543419060247
            ],
            [
              73.7300527317112,
              18.595434629847844
            ],
            [
              73.73005146649957,
              18.5954351900405
            ],
            [
              73.73005026496459,
              18.595435865785465
            ],
            [
              73.7300491386777,
              18.595436650574964
            ],
            [
              73.73004809848564,
              18.595437536851048
            ],
            [
              73.73004715440604,
              18.595438516078367
            ],
            [
              73.7300463155309,
              18.59543957882646
            ],
            [
              73.73004558993904,
              18.595440714860462
            ],
            [
              73.73004498461832,
              18.59544191323976
            ],
            [
              73.7300445053983,
              18.5954431624233
            ],
            [
              73.73004415689414,
              18.59544445038077
            ],
            [
              73.73004394246213,
              18.595445764708423
            ],
            [
              73.73004386416736,
              18.595447092748575
            ],
            [
              73.73004131855072,
              18.59579045485099
            ],
            [
              73.73004137714715,
              18.59579178381385
            ],
            [
              73.7300415720708,
              18.595793100900835
            ],
            [
              73.73004190144448,
              18.59579439342767
            ],
            [
              73.73004236209611,
              18.59579564894663
            ],
            [
              73.73004294958942,
              18.595796855366373
            ],
            [
              73.73004365826647,
              18.5957980010684
            ],
            [
              73.73004448130236,
              18.59579907501901
            ],
            [
              73.73004541077074,
              18.595800066875434
            ],
            [
              73.7300464377204,
              18.595800967085573
            ],
            [
              73.73004755226121,
              18.595801766979907
            ],
            [
              73.73004874365955,
              18.59580245885499
            ],
            [
              73.7300500004416,
              18.595803036047727
            ],
            [
              73.73005131050384,
              18.595803492999398
            ],
            [
              73.73005266122966,
              18.595803825309336
            ],
            [
              73.73005403961086,
              18.59580402977719
            ],
            [
              73.73005543237284,
              18.59580410443384
            ],
            [
              73.73055293321147,
              18.595807457315505
            ],
            [
              73.73055432694127,
              18.59580740143826
            ],
            [
              73.73055570821604,
              18.595807215568932
            ],
            [
              73.73055706373334,
              18.595806901497536
            ],
            [
              73.73055838043881,
              18.59580646224875
            ],
            [
              73.73055964565181,
              18.59580590205277
            ],
            [
              73.73056084718769,
              18.595805226304616
            ],
            [
              73.73056197347498,
              18.595804441512094
            ],
            [
              73.73056301366691,
              18.59580355523319
            ],
            [
              73.73056395774589,
              18.59580257600325
            ],
            [
              73.7305647966199,
              18.595801513252812
            ],
            [
              73.73056552221013,
              18.59580037721674
            ],
            [
              73.73056612752875,
              18.59579917883567
            ],
            [
              73.73056660674622,
              18.595797929650672
            ],
            [
              73.7305669552474,
              18.595796641692107
            ],
            [
              73.73056716967606,
              18.59579532736369
            ],
            [
              73.73056724796712,
              18.59579399932313
            ],
            [
              73.73056979253023,
              18.595450637150606
            ]
          ]
        ]
      }
    }
  ]
}