{
  "type": "FeatureCollection",
  "features": [
    {
      "type": "Feature",
      "properties": {
        "legacy_id": "LEGACY-SY-100-1",
        "survey_number": "SY-100/1",
        "recorded_area_sqm": 546.21,
        "vintage_year": 1999
      },
      "geometry": {
        "type": "Polygon",
        "coordinates": [
          [
            [
              77.212009734838,
              28.611144058258816
            ],
            [
              77.21183302188668,
              28.61114694252115
            ],
            [
              77.21182666175027,
              28.611423798921898
            ],
            [
              77.21201548616526,
              28.611418443784345
            ],
            [
              77.212009734838,
              28.611144058258816
            ]
          ]
        ]
      }
    },
    {
      "type": "Feature",
      "properties": {
        "legacy_id": "LEGACY-SY-100-2",
        "survey_number": "SY-100/2",
        "recorded_area_sqm": 1371.59,
        "vintage_year": 2000
      },
      "geometry": {
        "type": "Polygon",
        "coordinates": [
          [
            [
              77.21183302188668,
              28.61114694252115
            ],
            [
              77.2113702664005,
              28.611154494402523
            ],
            [
              77.21138407170835,
              28.611436349924485
            ],
            [
              77.21182666175027,
              28.611423798921898
            ],
            [
              77.21183302188668,
              28.61114694252115
            ]
          ]
        ]
      }
    },
    {
      "type": "Feature",
      "properties": {
        "legacy_id": "LEGACY-SY-100-3",
        "survey_number": "SY-100/3",
        "recorded_area_sqm": 879.14,
        "vintage_year": 2001
      },
      "geometry": {
        "type": "Polygon",
        "coordinates": [
          [
            [
              77.2113702664005,
              28.611154494402523
            ],
            [
              77.21108531610093,
              28.611159143827745
            ],
            [
              77.21109781517043,
              28.611444466839163
            ],
            [
              77.21138407170835,
              28.611436349924485
            ],
            [
              77.2113702664005,
              28.611154494402523
            ]
          ]
        ]
      }
    },
    {
      "type": "Feature",
      "properties": {
        "legacy_id": "LEGACY-SY-100-4",
        "survey_number": "SY-100/4",
        "recorded_area_sqm": 1461.62,
        "vintage_year": 2002
      },
      "geometry": {
        "type": "Polygon",
        "coordinates": [
          [
            [
              77.21108531610093,
              28.611159143827745
            ],
            [
              77.2106181607196,
              28.611166764927145
            ],
            [
              77.2106302240264,
              28.611457724265122
            ],
            [
              77.21109781517043,
              28.611444466839163
            ],
            [
              77.21108531610093,
              28.611159143827745
            ]
          ]
        ]
      }
    },
    {
      "type": "Feature",
      "properties": {
        "legacy_id": "LEGACY-SY-100-5",
        "survey_number": "SY-100/5",
        "recorded_area_sqm": 1026.56,
        "vintage_year": 2003
      },
      "geometry": {
        "type": "Polygon",
        "coordinates": [
          [
            [
              77.2106181607196,
              28.611166764927145
            ],
            [
              77.21030076258192,
              28.6111719419915
            ],
            [
              77.21030176360497,
              28.611467036007564
            ],
            [
              77.2106302240264,
              28.611457724265122
            ],
            [
              77.2106181607196,
              28.611166764927145
            ]
          ]
        ]
      }
    },
    {
      "type": "Feature",
      "properties": {
        "legacy_id": "LEGACY-SY-100-6",
        "survey_number": "SY-100/6",
        "recorded_area_sqm": 426.09,
        "vintage_year": 2004
      },
      "geometry": {
        "type": "Polygon",
        "coordinates": [
          [
            [
              77.21027834043568,
              28.6111921579107
            ],
            [
              77.21011710608417,
              28.611194787485452
            ],
            [
              77.21013415987761,
              28.61145193014026
            ],
            [
              77.2102792076371,
              28.611447818363548
            ],
            [
              77.21027834043568,
              28.6111921579107
            ]
          ]
        ]
      }
    },
    {
      "type": "Feature",
      "properties": {
        "legacy_id": "LEGACY-SY-100-7",
        "survey_number": "SY-100/7",
        "recorded_area_sqm": 1052.78,
        "vintage_year": 2005
      },
      "geometry": {
        "type": "Polygon",
        "coordinates": [
          [
            [
              77.2101129874497,
              28.611472387387536
            ],
            [
              77.21015064993578,
              28.61204026926449
            ],
            [
              77.21030368712104,
              28.612034021042735
            ],
            [
              77.21030176360497,
              28.611467036007564
            ],
            [
              77.2101129874497,
              28.611472387387536
            ]
          ]
        ]
      }
    },
    {
      "type": "Feature",
      "properties": {
        "legacy_id": "LEGACY-SY-100-8",
        "survey_number": "SY-100/8",
        "recorded_area_sqm": 381.3,
        "vintage_year": 2006
      },
      "geometry": {
        "type": "Polygon",
        "coordinates": [
          [
            [
              77.21015064993578,
              28.61204026926449
            ],
            [
              77.21016669055591,
              28.61228212981241
            ],
            [
              77.21030450476374,
              28.612275012331224
            ],
            [
              77.21030368712104,
              28.612034021042735
            ],
            [
              77.21015064993578,
              28.61204026926449
            ]
          ]
        ]
      }
    },
    {
      "type": "Feature",
      "properties": {
        "legacy_id": "LEGACY-SY-100-9",
        "survey_number": "SY-100/9",
        "recorded_area_sqm": 1057.81,
        "vintage_year": 2007
      },
      "geometry": {
        "type": "Polygon",
        "coordinates": [
          [
            [
              77.21026749776463,
              28.61202603374306
            ],
            [
              77.21027272347382,
              28.6122755306869
            ],
            [
              77.21066360694995,
              28.61226915482455
            ],
            [
              77.21065838031846,
              28.612019657946437
            ],
            [
              77.21026749776463,
              28.61202603374306
            ]
          ]
        ]
      }
    },
    {
      "type": "Feature",
      "properties": {
        "legacy_id": "LEGACY-SY-100-10",
        "survey_number": "SY-100/10",
        "recorded_area_sqm": 1192.87,
        "vintage_year": 2008
      },
      "geometry": {
        "type": "Polygon",
        "coordinates": [
          [
            [
              77.21066334141443,
              28.612256479379358
            ],
            [
              77.2111323262846,
              28.61223225612895
            ],
            [
              77.21112217793001,
              28.612000600655414
            ],
            [
              77.21065352568709,
              28.612019737138628
            ],
            [
              77.21066334141443,
              28.612256479379358
            ]
          ]
        ]
      }
    },
    {
      "type": "Feature",
      "properties": {
        "legacy_id": "LEGACY-SY-100-11",
        "survey_number": "SY-100/11",
        "recorded_area_sqm": 723.67,
        "vintage_year": 2009
      },
      "geometry": {
        "type": "Polygon",
        "coordinates": [
          [
            [
              77.2111323262846,
              28.61223225612895
            ],
            [
              77.21142232224695,
              28.612217276909803
            ],
            [
              77.2114111311811,
              28.611988801014114
            ],
            [
              77.21112217793001,
              28.612000600655414
            ],
            [
              77.2111323262846,
              28.61223225612895
            ]
          ]
        ]
      }
    },
    {
      "type": "Feature",
      "properties": {
        "legacy_id": "LEGACY-SY-100-12",
        "survey_number": "SY-100/12",
        "recorded_area_sqm": 709.62,
        "vintage_year": 2010
      },
      "geometry": {
        "type": "Polygon",
        "coordinates": [
          [
            [
              77.21144380591949,
              28.612196286395083
            ],
            [
              77.2117868273445,
              28.61217856738246
            ],
            [
              77.2117910868322,
              28.611993152332822
            ],
            [
              77.2114345692411,
              28.612007711932485
            ],
            [
              77.21144380591949,
              28.612196286395083
            ]
          ]
        ]
      }
    },
    {
      "type": "Feature",
      "properties": {
        "legacy_id": "LEGACY-SY-100-13",
        "survey_number": "SY-100/13",
        "recorded_area_sqm": 528.25,
        "vintage_year": 2011
      },
      "geometry": {
        "type": "Polygon",
        "coordinates": [
          [
            [
              77.2118088922514,
              28.612197308363687
            ],
            [
              77.21202973405491,
              28.61218590012777
            ],
            [
              77.2120324225597,
              28.6122264264934
            ],
            [
              77.21202691439917,
              28.61196365294517
            ],
            [
              77.21181406019934,
              28.61197234604885
            ],
            [
              77.2118088922514,
              28.612197308363687
            ]
          ]
        ]
      }
    },
    {
      "type": "Feature",
      "properties": {
        "legacy_id": "LEGACY-SY-100-14",
        "survey_number": "SY-100/14",
        "recorded_area_sqm": 1190.9,
        "vintage_year": 2012
      },
      "geometry": {
        "type": "Polygon",
        "coordinates": [
          [
            [
              77.21202691439917,
              28.61196365294517
            ],
            [
              77.21201548616526,
              28.611418443784345
            ],
            [
              77.21182666175027,
              28.611423798921898
            ],
            [
              77.21181406019934,
              28.61197234604885
            ],
            [
              77.21202691439917,
              28.61196365294517
            ]
          ]
        ]
      }
    },
    {
      "type": "Feature",
      "properties": {
        "legacy_id": "LEGACY-SY-100-15",
        "survey_number": "SY-100/15",
        "recorded_area_sqm": 2077.51,
        "vintage_year": 2013
      },
      "geometry": {
        "type": "Polygon",
        "coordinates": [
          [
            [
              77.2106302240264,
              28.611457724265122
            ],
            [
              77.21030176360497,
              28.611467036007564
            ],
            [
              77.21030368712104,
              28.612034021042735
            ],
            [
              77.21065352568709,
              28.612019737138628
            ],
            [
              77.2106302240264,
              28.611457724265122
            ]
          ]
        ]
      }
    },
    {
      "type": "Feature",
      "properties": {
        "legacy_id": "LEGACY-SY-100-16",
        "survey_number": "SY-100/16",
        "recorded_area_sqm": 2841.96,
        "vintage_year": 2014
      },
      "geometry": {
        "type": "Polygon",
        "coordinates": [
          [
            [
              77.21109781517043,
              28.611444466839163
            ],
            [
              77.2106302240264,
              28.611457724265122
            ],
            [
              77.21065352568709,
              28.612019737138628
            ],
            [
              77.21112217793001,
              28.612000600655414
            ],
            [
              77.21109781517043,
              28.611444466839163
            ]
          ]
        ]
      }
    },
    {
      "type": "Feature",
      "properties": {
        "legacy_id": "LEGACY-SY-100-17",
        "survey_number": "SY-100/17",
        "recorded_area_sqm": 1731.34,
        "vintage_year": 2015
      },
      "geometry": {
        "type": "Polygon",
        "coordinates": [
          [
            [
              77.21138407170835,
              28.611436349924485
            ],
            [
              77.21109781517043,
              28.611444466839163
            ],
            [
              77.21112217793001,
              28.612000600655414
            ],
            [
              77.2114111311811,
              28.611988801014114
            ],
            [
              77.21138407170835,
              28.611436349924485
            ]
          ]
        ]
      }
    },
    {
      "type": "Feature",
      "properties": {
        "legacy_id": "LEGACY-SY-100-18",
        "survey_number": "SY-100/18",
        "recorded_area_sqm": 2093.25,
        "vintage_year": 2016
      },
      "geometry": {
        "type": "Polygon",
        "coordinates": [
          [
            [
              77.21180369534125,
              28.611444307301962
            ],
            [
              77.21140752340361,
              28.611455541979037
            ],
            [
              77.21143262679537,
              28.61196805514078
            ],
            [
              77.21179200053703,
              28.61195337890379
            ],
            [
              77.21180369534125,
              28.611444307301962
            ]
          ]
        ]
      }
    },
    {
      "type": "Feature",
      "properties": {
        "legacy_id": "LEGACY-SY-101-19",
        "survey_number": "SY-101/19",
        "recorded_area_sqm": 526.32,
        "vintage_year": 2017
      },
      "geometry": {
        "type": "Polygon",
        "coordinates": [
          [
            [
              77.21203327405398,
              28.612267047756585
            ],
            [
              77.21188160056283,
              28.612274882942113
            ],
            [
              77.21188388561681,
              28.61258744553889
            ],
            [
              77.21203994185922,
              28.61258513819599
            ],
            [
              77.21203327405398,
              28.612267047756585
            ]
          ]
        ]
      }
    },
    {
      "type": "Feature",
      "properties": {
        "legacy_id": "LEGACY-SY-101-20",
        "survey_number": "SY-101/20",
        "recorded_area_sqm": 1298.07,
        "vintage_year": 2018
      },
      "geometry": {
        "type": "Polygon",
        "coordinates": [
          [
            [
              77.21188160056283,
              28.612274882942113
            ],
            [
              77.2114893713752,
              28.61229514402122
            ],
            [
              77.21149215187533,
              28.61259323665929
            ],
            [
              77.21188388561681,
              28.61258744553889
            ],
            [
              77.21188160056283,
              28.612274882942113
            ]
          ]
        ]
      }
    },
    {
      "type": "Feature",
      "properties": {
        "legacy_id": "LEGACY-SY-101-21",
        "survey_number": "SY-101/21",
        "recorded_area_sqm": 1202.53,
        "vintage_year": 2019
      },
      "geometry": {
        "type": "Polygon",
        "coordinates": [
          [
            [
              77.2114893713752,
              28.61229514402122
            ],
            [
              77.21110850928785,
              28.612314816828235
            ],
            [
              77.21111120872901,
              28.61259886717277
            ],
            [
              77.21149215187533,
              28.61259323665929
            ],
            [
              77.2114893713752,
              28.61229514402122
            ]
          ]
        ]
      }
    },
    {
      "type": "Feature",
      "properties": {
        "legacy_id": "LEGACY-SY-101-22",
        "survey_number": "SY-101/22",
        "recorded_area_sqm": 1217.69,
        "vintage_year": 1998
      },
      "geometry": {
        "type": "Polygon",
        "coordinates": [
          [
            [
              77.21110850928785,
              28.612314816828235
            ],
            [
              77.21069897204748,
              28.612335969604317
            ],
            [
              77.21070889649236,
              28.6126048123683
            ],
            [
              77.21111120872901,
              28.61259886717277
            ],
            [
              77.21110850928785,
              28.612314816828235
            ]
          ]
        ]
      }
    },
    {
      "type": "Feature",
      "properties": {
        "legacy_id": "LEGACY-SY-101-23",
        "survey_number": "SY-101/23",
        "recorded_area_sqm": 1043.19,
        "vintage_year": 1999
      },
      "geometry": {
        "type": "Polygon",
        "coordinates": [
          [
            [
              77.21069897204748,
              28.612335969604317
            ],
            [
              77.21032631171258,
              28.612355216592537
            ],
            [
              77.21034830435616,
              28.612610140027115
            ],
            [
              77.21070889649236,
              28.6126048123683
            ],
            [
              77.21069897204748,
              28.612335969604317
            ]
          ]
        ]
      }
    },
    {
      "type": "Feature",
      "properties": {
        "legacy_id": "LEGACY-SY-101-24",
        "survey_number": "SY-101/24",
        "recorded_area_sqm": 258.7,
        "vintage_year": 2000
      },
      "geometry": {
        "type": "Polygon",
        "coordinates": [
          [
            [
              77.21030556334713,
              28.612376168954178
            ],
            [
              77.21019583264449,
              28.61238183606178
            ],
            [
              77.21020979359314,
              28.612592336624935
            ],
            [
              77.2103240667864,
              28.61259064848858
            ],
            [
              77.21030556334713,
              28.612376168954178
            ]
          ]
        ]
      }
    },
    {
      "type": "Feature",
      "properties": {
        "legacy_id": "LEGACY-SY-101-25",
        "survey_number": "SY-101/25",
        "recorded_area_sqm": 633.64,
        "vintage_year": 2001
      },
      "geometry": {
        "type": "Polygon",
        "coordinates": [
          [
            [
              77.21018860142867,
              28.612612499291384
            ],
            [
              77.21021238784367,
              28.61297114435225
            ],
            [
              77.21037905375601,
              28.612966562754483
            ],
            [
              77.21034830435616,
              28.612610140027115
            ],
            [
              77.21018860142867,
              28.612612499291384
            ]
          ]
        ]
      }
    },
    {
      "type": "Feature",
      "properties": {
        "legacy_id": "LEGACY-SY-101-26",
        "survey_number": "SY-101/26",
        "recorded_area_sqm": 546.99,
        "vintage_year": 2002
      },
      "geometry": {
        "type": "Polygon",
        "coordinates": [
          [
            [
              77.21021238784367,
              28.61297114435225
            ],
            [
              77.21023188679791,
              28.613265141443865
            ],
            [
              77.21040489965011,
              28.61326614527079
            ],
            [
              77.21037905375601,
              28.612966562754483
            ],
            [
              77.21021238784367,
              28.61297114435225
            ]
          ]
        ]
      }
    },
    {
      "type": "Feature",
      "properties": {
        "legacy_id": "LEGACY-SY-101-27",
        "survey_number": "SY-101/27",
        "recorded_area_sqm": 911.66,
        "vintage_year": 2003
      },
      "geometry": {
        "type": "Polygon",
        "coordinates": [
          [
            [
              77.21020966031811,
              28.61326550395662
            ],
            [
              77.21021766803793,
              28.613647814579434
            ],
            [
              77.2104375183484,
              28.613644228627983
            ],
            [
              77.21042950983365,
              28.61326191806182
            ],
            [
              77.21020966031811,
              28.61326550395662
            ]
          ]
        ]
      }
    },
    {
      "type": "Feature",
      "properties": {
        "legacy_id": "LEGACY-SY-101-28",
        "survey_number": "SY-101/28",
        "recorded_area_sqm": 574.34,
        "vintage_year": 2004
      },
      "geometry": {
        "type": "Polygon",
        "coordinates": [
          [
            [
              77.21025692961264,
              28.613642722838698
            ],
            [
              77.21027660233176,
              28.613939334042758
            ],
            [
              77.21046177654827,
              28.61392540294228
            ],
            [
              77.2104375183484,
              28.613644228627983
            ],
            [
              77.21025692961264,
              28.613642722838698
            ]
          ]
        ]
      }
    },
    {
      "type": "Feature",
      "properties": {
        "legacy_id": "LEGACY-SY-101-29",
        "survey_number": "SY-101/29",
        "recorded_area_sqm": 883.24,
        "vintage_year": 2005
      },
      "geometry": {
        "type": "Polygon",
        "coordinates": [
          [
            [
              77.21046177654827,
              28.61392540294228
            ],
            [
              77.21075682860629,
              28.6139032049402
            ],
            [
              77.21074736327765,
              28.613646811622843
            ],
            [
              77.2104375183484,
              28.613644228627983
            ],
            [
              77.21046177654827,
              28.61392540294228
            ]
          ]
        ]
      }
    },
    {
      "type": "Feature",
      "properties": {
        "legacy_id": "LEGACY-SY-101-30",
        "survey_number": "SY-101/30",
        "recorded_area_sqm": 710.45,
        "vintage_year": 2006
      },
      "geometry": {
        "type": "Polygon",
        "coordinates": [
          [
            [
              77.21077853608263,
              28.613881652946457
            ],
            [
              77.21110067806653,
              28.6138574160615
            ],
            [
              77.21109889290338,
              28.613669588960448
            ],
            [
              77.21077060622225,
              28.61366685306193
            ],
            [
              77.21077853608263,
              28.613881652946457
            ]
          ]
        ]
      }
    },
    {
      "type": "Feature",
      "properties": {
        "legacy_id": "LEGACY-SY-101-31",
        "survey_number": "SY-101/31",
        "recorded_area_sqm": 866.24,
        "vintage_year": 2007
      },
      "geometry": {
        "type": "Polygon",
        "coordinates": [
          [
            [
              77.21112334314891,
              28.613875629612536
            ],
            [
              77.21150384735748,
              28.61384700069
            ],
            [
              77.21150203850667,
              28.613653099937753
            ],
            [
              77.21112119795906,
              28.613649927118246
            ],
            [
              77.21112334314891,
              28.613875629612536
            ]
          ]
        ]
      }
    },
    {
      "type": "Feature",
      "properties": {
        "legacy_id": "LEGACY-SY-101-32",
        "survey_number": "SY-101/32",
        "recorded_area_sqm": 750.15,
        "vintage_year": 2008
      },
      "geometry": {
        "type": "Polygon",
        "coordinates": [
          [
            [
              77.21150384735748,
              28.61384700069
            ],
            [
              77.21189288062864,
              28.613817728929984
            ],
            [
              77.21189170062812,
              28.61365634514128
            ],
            [
              77.21150203850667,
              28.613653099937753
            ],
            [
              77.21150384735748,
              28.61384700069
            ]
          ]
        ]
      }
    },
    {
      "type": "Feature",
      "properties": {
        "legacy_id": "LEGACY-SY-101-33",
        "survey_number": "SY-101/33",
        "recorded_area_sqm": 288.76,
        "vintage_year": 2009
      },
      "geometry": {
        "type": "Polygon",
        "coordinates": [
          [
            [
              77.21189288062864,
              28.613817728929984
            ],
            [
              77.2120607545239,
              28.613805097362782
            ],
            [
              77.21206683465826,
              28.613868017954427
            ],
            [
              77.21206242707349,
              28.613657766640273
            ],
            [
              77.21189170062812,
              28.61365634514128
            ],
            [
              77.21189288062864,
              28.613817728929984
            ]
          ]
        ]
      }
    },
    {
      "type": "Feature",
      "properties": {
        "legacy_id": "LEGACY-SY-101-34",
        "survey_number": "SY-101/34",
        "recorded_area_sqm": 695.96,
        "vintage_year": 2010
      },
      "geometry": {
        "type": "Polygon",
        "coordinates": [
          [
            [
              77.21206242707349,
              28.613657766640273
            ],
            [
              77.21205441787373,
              28.613275704731027
            ],
            [
              77.2118889105518,
              28.613274746473
            ],
            [
              77.21189170062812,
              28.61365634514128
            ],
            [
              77.21206242707349,
              28.613657766640273
            ]
          ]
        ]
      }
    },
    {
      "type": "Feature",
      "properties": {
        "legacy_id": "LEGACY-SY-101-35",
        "survey_number": "SY-101/35",
        "recorded_area_sqm": 623.02,
        "vintage_year": 2011
      },
      "geometry": {
        "type": "Polygon",
        "coordinates": [
          [
            [
              77.21205441787373,
              28.613275704731027
            ],
            [
              77.21204697603214,
              28.612920700755353
            ],
            [
              77.21188635433192,
              28.612925118181337
            ],
            [
              77.2118889105518,
              28.613274746473
            ],
            [
              77.21205441787373,
              28.613275704731027
            ]
          ]
        ]
      }
    },
    {
      "type": "Feature",
      "properties": {
        "legacy_id": "LEGACY-SY-101-36",
        "survey_number": "SY-101/36",
        "recorded_area_sqm": 365.09,
        "vintage_year": 2012
      },
      "geometry": {
        "type": "Polygon",
        "coordinates": [
          [
            [
              77.21202407818068,
              28.612901474059402
            ],
            [
              77.21201787004195,
              28.612605314141323
            ],
            [
              77.21190651965874,
              28.61260696049446
            ],
            [
              77.21190869610194,
              28.612904647302237
            ],
            [
              77.21202407818068,
              28.612901474059402
            ]
          ]
        ]
      }
    },
    {
      "type": "Feature",
      "properties": {
        "legacy_id": "LEGACY-SY-101-37",
        "survey_number": "SY-101/37",
        "recorded_area_sqm": 1353.22,
        "vintage_year": 2013
      },
      "geometry": {
        "type": "Polygon",
        "coordinates": [
          [
            [
              77.21070889649236,
              28.6126048123683
            ],
            [
              77.21034830435616,
              28.612610140027115
            ],
            [
              77.21037905375601,
              28.612966562754483
            ],
            [
              77.21072190286706,
              28.61295713728652
            ],
            [
              77.21070889649236,
              28.6126048123683
            ]
          ]
        ]
      }
    },
    {
      "type": "Feature",
      "properties": {
        "legacy_id": "LEGACY-SY-101-38",
        "survey_number": "SY-101/38",
        "recorded_area_sqm": 1508.68,
        "vintage_year": 2014
      },
      "geometry": {
        "type": "Polygon",
        "coordinates": [
          [
            [
              77.21111120872901,
              28.61259886717277
            ],
            [
              77.21070889649236,
              28.6126048123683
            ],
            [
              77.21072190286706,
              28.61295713728652
            ],
            [
              77.21111451101879,
              28.612946342797223
            ],
            [
              77.21111120872901,
              28.61259886717277
            ]
          ]
        ]
      }
    },
    {
      "type": "Feature",
      "properties": {
        "legacy_id": "LEGACY-SY-101-39",
        "survey_number": "SY-101/39",
        "recorded_area_sqm": 1425.35,
        "vintage_year": 2015
      },
      "geometry": {
        "type": "Polygon",
        "coordinates": [
          [
            [
              77.21149215187533,
              28.61259323665929
            ],
            [
              77.21111120872901,
              28.61259886717277
            ],
            [
              77.21111451101879,
              28.612946342797223
            ],
            [
              77.2114953479362,
              28.612935870862316
            ],
            [
              77.21149215187533,
              28.61259323665929
            ]
          ]
        ]
      }
    },
    {
      "type": "Feature",
      "properties": {
        "legacy_id": "LEGACY-SY-101-40",
        "survey_number": "SY-101/40",
        "recorded_area_sqm": 1443.73,
        "vintage_year": 2016
      },
      "geometry": {
        "type": "Polygon",
        "coordinates": [
          [
            [
              77.21188388561681,
              28.61258744553889
            ],
            [
              77.21149215187533,
              28.61259323665929
            ],
            [
              77.2114953479362,
              28.612935870862316
            ],
            [
              77.21188635433192,
              28.612925118181337
            ],
            [
              77.21188388561681,
              28.61258744553889
            ]
          ]
        ]
      }
    },
    {
      "type": "Feature",
      "properties": {
        "legacy_id": "LEGACY-SY-101-41",
        "survey_number": "SY-101/41",
        "recorded_area_sqm": 1111.73,
        "vintage_year": 2017
      },
      "geometry": {
        "type": "Polygon",
        "coordinates": [
          [
            [
              77.21072190286706,
              28.61295713728652
            ],
            [
              77.21037905375601,
              28.612966562754483
            ],
            [
              77.21040489965011,
              28.61326614527079
            ],
            [
              77.21073338063606,
              28.613268050521025
            ],
            [
              77.21072190286706,
              28.61295713728652
            ]
          ]
        ]
      }
    },
    {
      "type": "Feature",
      "properties": {
        "legacy_id": "LEGACY-SY-101-42",
        "survey_number": "SY-101/42",
        "recorded_area_sqm": 1034.45,
        "vintage_year": 2018
      },
      "geometry": {
        "type": "Polygon",
        "coordinates": [
          [
            [
              77.21109221377735,
              28.61296681232509
            ],
            [
              77.21074511525713,
              28.612976355561536
            ],
            [
              77.2107551555906,
              28.613248329542245
            ],
            [
              77.21109490796128,
              28.613250299279184
            ],
            [
              77.21109221377735,
              28.61296681232509
            ]
          ]
        ]
      }
    },
    {
      "type": "Feature",
      "properties": {
        "legacy_id": "LEGACY-SY-101-43",
        "survey_number": "SY-101/43",
        "recorded_area_sqm": 1364.08,
        "vintage_year": 2019
      },
      "geometry": {
        "type": "Polygon",
        "coordinates": [
          [
            [
              77.2114953479362,
              28.612935870862316
            ],
            [
              77.21111451101879,
              28.612946342797223
            ],
            [
              77.211117589681,
              28.6132702779928
            ],
            [
              77.21149848794124,
              28.613272485193598
            ],
            [
              77.2114953479362,
              28.612935870862316
            ]
          ]
        ]
      }
    },
    {
      "type": "Feature",
      "properties": {
        "legacy_id": "LEGACY-SY-101-44",
        "survey_number": "SY-101/44",
        "recorded_area_sqm": 1453.76,
        "vintage_year": 1998
      },
      "geometry": {
        "type": "Polygon",
        "coordinates": [
          [
            [
              77.21188635433192,
              28.612925118181337
            ],
            [
              77.2114953479362,
              28.612935870862316
            ],
            [
              77.21149848794124,
              28.613272485193598
            ],
            [
              77.2118889105518,
              28.613274746473
            ],
            [
              77.21188635433192,
              28.612925118181337
            ]
          ]
        ]
      }
    },
    {
      "type": "Feature",
      "properties": {
        "legacy_id": "LEGACY-SY-101-45",
        "survey_number": "SY-101/45",
        "recorded_area_sqm": 1479.71,
        "vintage_year": 1999
      },
      "geometry": {
        "type": "Polygon",
        "coordinates": [
          [
            [
              77.21038595970592,
              28.61326645420476
            ],
            [
              77.21039404788185,
              28.613652575141895
            ],
            [
              77.21074736327765,
              28.613646811622843
            ],
            [
              77.21073927381143,
              28.613260690777665
            ],
            [
              77.21038595970592,
              28.61326645420476
            ]
          ]
        ]
      }
    },
    {
      "type": "Feature",
      "properties": {
        "legacy_id": "LEGACY-SY-101-46",
        "survey_number": "SY-101/46",
        "recorded_area_sqm": 1558.16,
        "vintage_year": 2000
      },
      "geometry": {
        "type": "Polygon",
        "coordinates": [
          [
            [
              77.211117589681,
              28.6132702779928
            ],
            [
              77.21073338063606,
              28.613268050521025
            ],
            [
              77.21074736327765,
              28.613646811622843
            ],
            [
              77.21112119795906,
              28.613649927118246
            ],
            [
              77.211117589681,
              28.6132702779928
            ]
          ]
        ]
      }
    },
    {
      "type": "Feature",
      "properties": {
        "legacy_id": "LEGACY-SY-101-47",
        "survey_number": "SY-101/47",
        "recorded_area_sqm": 1569.73,
        "vintage_year": 2001
      },
      "geometry": {
        "type": "Polygon",
        "coordinates": [
          [
            [
              77.21149848794124,
              28.613272485193598
            ],
            [
              77.211117589681,
              28.6132702779928
            ],
            [
              77.21112119795906,
              28.613649927118246
            ],
            [
              77.21150203850667,
              28.613653099937753
            ],
            [
              77.21149848794124,
              28.613272485193598
            ]
          ]
        ]
      }
    },
    {
      "type": "Feature",
      "properties": {
        "legacy_id": "LEGACY-SY-101-48",
        "survey_number": "SY-101/48",
        "recorded_area_sqm": 1277.27,
        "vintage_year": 2002
      },
      "geometry": {
        "type": "Polygon",
        "coordinates": [
          [
            [
              77.21186656319874,
              28.613294464306847
            ],
            [
              77.21152116612463,
              28.61329246381415
            ],
            [
              77.21152434697638,
              28.613633438062564
            ],
            [
              77.21186906253865,
              28.613636308944447
            ],
            [
              77.21186656319874,
              28.613294464306847
            ]
          ]
        ]
      }
    },
    {
      "type": "Feature",
      "properties": {
        "legacy_id": "LEGACY-SY-102-49",
        "survey_number": "SY-102/49",
        "recorded_area_sqm": 418.19,
        "vintage_year": 2003
      },
      "geometry": {
        "type": "Polygon",
        "coordinates": [
          [
            [
              77.21206816119606,
              28.613931296230238
            ],
            [
              77.21190162166802,
              28.613943827399652
            ],
            [
              77.21190573756047,
              28.614172620632143
            ],
            [
              77.2120730405532,
              28.61416404871759
            ],
            [
              77.21206816119606,
              28.613931296230238
            ]
          ]
        ]
      }
    },
    {
      "type": "Feature",
      "properties": {
        "legacy_id": "LEGACY-SY-102-50",
        "survey_number": "SY-102/50",
        "recorded_area_sqm": 1050.02,
        "vintage_year": 2004
      },
      "geometry": {
        "type": "Polygon",
        "coordinates": [
          [
            [
              77.21190162166802,
              28.613943827399652
            ],
            [
              77.21146872191186,
              28.61397639972167
            ],
            [
              77.21147345033981,
              28.614194768284378
            ],
            [
              77.21190573756047,
              28.614172620632143
            ],
            [
              77.21190162166802,
              28.613943827399652
            ]
          ]
        ]
      }
    },
    {
      "type": "Feature",
      "properties": {
        "legacy_id": "LEGACY-SY-102-51",
        "survey_number": "SY-102/51",
        "recorded_area_sqm": 634.49,
        "vintage_year": 2005
      },
      "geometry": {
        "type": "Polygon",
        "coordinates": [
          [
            [
              77.21146872191186,
              28.61397639972167
            ],
            [
              77.21119598846302,
              28.61399692006418
            ],
            [
              77.21120286508064,
              28.614208630650463
            ],
            [
              77.21147345033981,
              28.614194768284378
            ],
            [
              77.21146872191186,
              28.61397639972167
            ]
          ]
        ]
      }
    },
    {
      "type": "Feature",
      "properties": {
        "legacy_id": "LEGACY-SY-102-52",
        "survey_number": "SY-102/52",
        "recorded_area_sqm": 682.16,
        "vintage_year": 2006
      },
      "geometry": {
        "type": "Polygon",
        "coordinates": [
          [
            [
              77.21119598846302,
              28.61399692006418
            ],
            [
              77.21089666708701,
              28.61401944023233
            ],
            [
              77.2108987615299,
              28.614224209546418
            ],
            [
              77.21120286508064,
              28.614208630650463
            ],
            [
              77.21119598846302,
              28.61399692006418
            ]
          ]
        ]
      }
    },
    {
      "type": "Feature",
      "properties": {
        "legacy_id": "LEGACY-SY-102-53",
        "survey_number": "SY-102/53",
        "recorded_area_sqm": 882.47,
        "vintage_year": 2007
      },
      "geometry": {
        "type": "Polygon",
        "coordinates": [
          [
            [
              77.21089666708701,
              28.61401944023233
            ],
            [
              77.21049202253559,
              28.61404988358299
            ],
            [
              77.21048960090282,
              28.61424516932182
            ],
            [
              77.2108987615299,
              28.614224209546418
            ],
            [
              77.21089666708701,
              28.61401944023233
            ]
          ]
        ]
      }
    },
    {
      "type": "Feature",
      "properties": {
        "legacy_id": "LEGACY-SY-102-54",
        "survey_number": "SY-102/54",
        "recorded_area_sqm": 256.39,
        "vintage_year": 2008
      },
      "geometry": {
        "type": "Polygon",
        "coordinates": [
          [
            [
              77.2104692617195,
              28.614071514774388
            ],
            [
              77.21030870016598,
              28.61408359422422
            ],
            [
              77.2103186789052,
              28.614234044419128
            ],
            [
              77.21046734067455,
              28.614226429361985
            ],
            [
              77.2104692617195,
              28.614071514774388
            ]
          ]
        ]
      }
    },
    {
      "type": "Feature",
      "properties": {
        "legacy_id": "LEGACY-SY-102-55",
        "survey_number": "SY-102/55",
        "recorded_area_sqm": 986.28,
        "vintage_year": 2009
      },
      "geometry": {
        "type": "Polygon",
        "coordinates": [
          [
            [
              77.21029753954005,
              28.614255007482598
            ],
            [
              77.21033244240066,
              28.61478123667962
            ],
            [
              77.2104829676047,
              28.61478009973999
            ],
            [
              77.21048960090282,
              28.61424516932182
            ],
            [
              77.21029753954005,
              28.614255007482598
            ]
          ]
        ]
      }
    },
    {
      "type": "Feature",
      "properties": {
        "legacy_id": "LEGACY-SY-102-56",
        "survey_number": "SY-102/56",
        "recorded_area_sqm": 705.01,
        "vintage_year": 2010
      },
      "geometry": {
        "type": "Polygon",
        "coordinates": [
          [
            [
              77.21033244240066,
              28.61478123667962
            ],
            [
              77.21036527058132,
              28.615276178603267
            ],
            [
              77.21047679727074,
              28.61527770422073
            ],
            [
              77.2104829676047,
              28.61478009973999
            ],
            [
              77.21033244240066,
              28.61478123667962
            ]
          ]
        ]
      }
    },
    {
      "type": "Feature",
      "properties": {
        "legacy_id": "LEGACY-SY-102-57",
        "survey_number": "SY-102/57",
        "recorded_area_sqm": 257.92,
        "vintage_year": 2011
      },
      "geometry": {
        "type": "Polygon",
        "coordinates": [
          [
            [
              77.21036527058132,
              28.615276178603267
            ],
            [
              77.2103806802631,
              28.615508503886286
            ],
            [
              77.21047391344244,
              28.61551027253681
            ],
            [
              77.21047679727074,
              28.61527770422073
            ],
            [
              77.21036527058132,
              28.615276178603267
            ]
          ]
        ]
      }
    },
    {
      "type": "Feature",
      "properties": {
        "legacy_id": "LEGACY-SY-102-58",
        "survey_number": "SY-102/58",
        "recorded_area_sqm": 1103.7,
        "vintage_year": 2012
      },
      "geometry": {
        "type": "Polygon",
        "coordinates": [
          [
            [
              77.21047391344244,
              28.61551027253681
            ],
            [
              77.2109120016082,
              28.615518582288306
            ],
            [
              77.21090959812109,
              28.615283623802735
            ],
            [
              77.21047679727074,
              28.61527770422073
            ],
            [
              77.21047391344244,
              28.61551027253681
            ]
          ]
        ]
      }
    },
    {
      "type": "Feature",
      "properties": {
        "legacy_id": "LEGACY-SY-102-59",
        "survey_number": "SY-102/59",
        "recorded_area_sqm": 846.18,
        "vintage_year": 2013
      },
      "geometry": {
        "type": "Polygon",
        "coordinates": [
          [
            [
              77.2109120016082,
              28.615518582288306
            ],
            [
              77.21124562071905,
              28.61552490949531
            ],
            [
              77.2112379289008,
              28.615288113583766
            ],
            [
              77.21090959812109,
              28.615283623802735
            ],
            [
              77.2109120016082,
              28.615518582288306
            ]
          ]
        ]
      }
    },
    {
      "type": "Feature",
      "properties": {
        "legacy_id": "LEGACY-SY-102-60",
        "survey_number": "SY-102/60",
        "recorded_area_sqm": 456.45,
        "vintage_year": 2014
      },
      "geometry": {
        "type": "Polygon",
        "coordinates": [
          [
            [
              77.21126749012367,
              28.615505472835544
            ],
            [
              77.21147942407023,
              28.615509491780212
            ],
            [
              77.21147513025879,
              28.615311205903218
            ],
            [
              77.21126108466625,
              28.615308279391265
            ],
            [
              77.21126749012367,
              28.615505472835544
            ]
          ]
        ]
      }
    },
    {
      "type": "Feature",
      "properties": {
        "legacy_id": "LEGACY-SY-102-61",
        "survey_number": "SY-102/61",
        "recorded_area_sqm": 1110.82,
        "vintage_year": 2015
      },
      "geometry": {
        "type": "Polygon",
        "coordinates": [
          [
            [
              77.21150235900228,
              28.615529778068726
            ],
            [
              77.21193029931412,
              28.615537892092156
            ],
            [
              77.21192597478657,
              28.61529751972707
            ],
            [
              77.21149720255468,
              28.615291658475208
            ],
            [
              77.21150235900228,
              28.615529778068726
            ]
          ]
        ]
      }
    },
    {
      "type": "Feature",
      "properties": {
        "legacy_id": "LEGACY-SY-102-62",
        "survey_number": "SY-102/62",
        "recorded_area_sqm": 447.02,
        "vintage_year": 2016
      },
      "geometry": {
        "type": "Polygon",
        "coordinates": [
          [
            [
              77.21193029931412,
              28.615537892092156
            ],
            [
              77.2121019108086,
              28.61554114557565
            ],
            [
              77.21209685211107,
              28.615299855215483
            ],
            [
              77.21192597478657,
              28.61529751972707
            ],
            [
              77.21193029931412,
              28.615537892092156
            ]
          ]
        ]
      }
    },
    {
      "type": "Feature",
      "properties": {
        "legacy_id": "LEGACY-SY-102-63",
        "survey_number": "SY-102/63",
        "recorded_area_sqm": 1100.63,
        "vintage_year": 2017
      },
      "geometry": {
        "type": "Polygon",
        "coordinates": [
          [
            [
              77.2120856704812,
              28.614766501939858
            ],
            [
              77.21189541516836,
              28.61476960758597
            ],
            [
              77.21190659583844,
              28.615302960930023
            ],
            [
              77.21209685211107,
              28.615299855215483
            ],
            [
              77.2120856704812,
              28.614766501939858
            ]
          ]
        ]
      }
    },
    {
      "type": "Feature",
      "properties": {
        "legacy_id": "LEGACY-SY-102-64",
        "survey_number": "SY-102/64",
        "recorded_area_sqm": 1095.84,
        "vintage_year": 2018
      },
      "geometry": {
        "type": "Polygon",
        "coordinates": [
          [
            [
              77.21208570154505,
              28.614767983676945
            ],
            [
              77.2120730405532,
              28.61416404871759
            ],
            [
              77.21190573756047,
              28.614172620632143
            ],
            [
              77.21191647116738,
              28.614769263890025
            ],
            [
              77.21208570154505,
              28.614767983676945
            ]
          ]
        ]
      }
    },
    {
      "type": "Feature",
      "properties": {
        "legacy_id": "LEGACY-SY-102-65",
        "survey_number": "SY-102/65",
        "recorded_area_sqm": 2448.77,
        "vintage_year": 2019
      },
      "geometry": {
        "type": "Polygon",
        "coordinates": [
          [
            [
              77.2108987615299,
              28.614224209546418
            ],
            [
              77.21048960090282,
              28.61424516932182
            ],
            [
              77.2104829676047,
              28.61478009973999
            ],
            [
              77.21090441495683,
              28.614776915594707
            ],
            [
              77.2108987615299,
              28.614224209546418
            ]
          ]
        ]
      }
    },
    {
      "type": "Feature",
      "properties": {
        "legacy_id": "LEGACY-SY-102-66",
        "survey_number": "SY-102/66",
        "recorded_area_sqm": 1496.73,
        "vintage_year": 1998
      },
      "geometry": {
        "type": "Polygon",
        "coordinates": [
          [
            [
              77.21118104662999,
              28.614229628641294
            ],
            [
              77.21092144516687,
              28.614242927744424
            ],
            [
              77.21092670250562,
              28.61475689962718
            ],
            [
              77.21119810655807,
              28.61475484836212
            ],
            [
              77.21118104662999,
              28.614229628641294
            ]
          ]
        ]
      }
    },
    {
      "type": "Feature",
      "properties": {
        "legacy_id": "LEGACY-SY-102-67",
        "survey_number": "SY-102/67",
        "recorded_area_sqm": 1660.79,
        "vintage_year": 1999
      },
      "geometry": {
        "type": "Polygon",
        "coordinates": [
          [
            [
              77.21147345033981,
              28.614194768284378
            ],
            [
              77.21120286508064,
              28.614208630650463
            ],
            [
              77.21122124617202,
              28.61477452098847
            ],
            [
              77.21148596088804,
              28.614772519709877
            ],
            [
              77.21147345033981,
              28.614194768284378
            ]
          ]
        ]
      }
    },
    {
      "type": "Feature",
      "properties": {
        "legacy_id": "LEGACY-SY-102-68",
        "survey_number": "SY-102/68",
        "recorded_area_sqm": 2748.25,
        "vintage_year": 2000
      },
      "geometry": {
        "type": "Polygon",
        "coordinates": [
          [
            [
              77.21190573756047,
              28.614172620632143
            ],
            [
              77.21147345033981,
              28.614194768284378
            ],
            [
              77.21148596088804,
              28.614772519709877
            ],
            [
              77.21191647116738,
              28.614769263890025
            ],
            [
              77.21190573756047,
              28.614172620632143
            ]
          ]
        ]
      }
    },
    {
      "type": "Feature",
      "properties": {
        "legacy_id": "LEGACY-SY-102-69",
        "survey_number": "SY-102/69",
        "recorded_area_sqm": 2325.58,
        "vintage_year": 2001
      },
      "geometry": {
        "type": "Polygon",
        "coordinates": [
          [
            [
              77.21090441495683,
              28.614776915594707
            ],
            [
              77.2104829676047,
              28.61478009973999
            ],
            [
              77.21047679727074,
              28.61527770422073
            ],
            [
              77.21090959812109,
              28.615283623802735
            ],
            [
              77.21090441495683,
              28.614776915594707
            ]
          ]
        ]
      }
    },
    {
      "type": "Feature",
      "properties": {
        "legacy_id": "LEGACY-SY-102-70",
        "survey_number": "SY-102/70",
        "recorded_area_sqm": 1784.2,
        "vintage_year": 2002
      },
      "geometry": {
        "type": "Polygon",
        "coordinates": [
          [
            [
              77.21122124617202,
              28.61477452098847
            ],
            [
              77.21090441495683,
              28.614776915594707
            ],
            [
              77.21090959812109,
              28.615283623802735
            ],
            [
              77.2112379289008,
              28.615288113583766
            ],
            [
              77.21122124617202,
              28.61477452098847
            ]
          ]
        ]
      }
    },
    {
      "type": "Feature",
      "properties": {
        "legacy_id": "LEGACY-SY-102-71",
        "survey_number": "SY-102/71",
        "recorded_area_sqm": 1466.74,
        "vintage_year": 2003
      },
      "geometry": {
        "type": "Polygon",
        "coordinates": [
          [
            [
              77.21148596088804,
              28.614772519709877
            ],
            [
              77.21122124617202,
              28.61477452098847
            ],
            [
              77.2112379289008,
              28.615288113583766
            ],
            [
              77.21149720255468,
              28.615291658475208
            ],
            [
              77.21148596088804,
              28.614772519709877
            ]
          ]
        ]
      }
    },
    {
      "type": "Feature",
      "properties": {
        "legacy_id": "LEGACY-SY-102-72",
        "survey_number": "SY-102/72",
        "recorded_area_sqm": 2018.46,
        "vintage_year": 2004
      },
      "geometry": {
        "type": "Polygon",
        "coordinates": [
          [
            [
              77.21189433704029,
              28.614789278851205
            ],
            [
              77.21150888239683,
              28.61479219393338
            ],
            [
              77.21151927484239,
              28.615272111044003
            ],
            [
              77.21190311775636,
              28.615277358124935
            ],
            [
              77.21189433704029,
              28.614789278851205
            ]
          ]
        ]
      }
    },
    {
      "type": "Feature",
      "properties": {
        "legacy_id": "LEGACY-SY-103-73",
        "survey_number": "SY-103/73",
        "recorded_area_sqm": 549.01,
        "vintage_year": 2005
      },
      "geometry": {
        "type": "Polygon",
        "coordinates": [
          [
            [
              77.21212318595602,
              28.61655589753786
            ],
            [
              77.21211753061748,
              28.61628616231367
            ],
            [
              77.21192217382962,
              28.616289001888397
            ],
            [
              77.211943458699,
              28.616558831502733
            ],
            [
              77.21212318595602,
              28.61655589753786
            ]
          ]
        ]
      }
    },
    {
      "type": "Feature",
      "properties": {
        "legacy_id": "LEGACY-SY-103-74",
        "survey_number": "SY-103/74",
        "recorded_area_sqm": 1110.9,
        "vintage_year": 2006
      },
      "geometry": {
        "type": "Polygon",
        "coordinates": [
          [
            [
              77.21211753061748,
              28.61628616231367
            ],
            [
              77.2121072384438,
              28.61579526054076
            ],
            [
              77.21188379695418,
              28.615802490754486
            ],
            [
              77.21192217382962,
              28.616289001888397
            ],
            [
              77.21211753061748,
              28.61628616231367
            ]
          ]
        ]
      }
    },
    {
      "type": "Feature",
      "properties": {
        "legacy_id": "LEGACY-SY-103-75",
        "survey_number": "SY-103/75",
        "recorded_area_sqm": 444.09,
        "vintage_year": 2007
      },
      "geometry": {
        "type": "Polygon",
        "coordinates": [
          [
            [
              77.2121072384438,
              28.61579526054076
            ],
            [
              77.21210276244666,
              28.61558176681707
            ],
            [
              77.2121017742938,
              28.615622353179926
            ],
            [
              77.21186923976013,
              28.615617944652264
            ],
            [
              77.21188379695418,
              28.615802490754486
            ],
            [
              77.2121072384438,
              28.61579526054076
            ]
          ]
        ]
      }
    },
    {
      "type": "Feature",
      "properties": {
        "legacy_id": "LEGACY-SY-103-76",
        "survey_number": "SY-103/76",
        "recorded_area_sqm": 777.62,
        "vintage_year": 2008
      },
      "geometry": {
        "type": "Polygon",
        "coordinates": [
          [
            [
              77.21186923976013,
              28.615617944652264
            ],
            [
              77.21150499596361,
              28.615611038297804
            ],
            [
              77.21150915567284,
              28.61581461272701
            ],
            [
              77.21188379695418,
              28.615802490754486
            ],
            [
              77.21186923976013,
              28.615617944652264
            ]
          ]
        ]
      }
    },
    {
      "type": "Feature",
      "properties": {
        "legacy_id": "LEGACY-SY-103-77",
        "survey_number": "SY-103/77",
        "recorded_area_sqm": 527.57,
        "vintage_year": 2009
      },
      "geometry": {
        "type": "Polygon",
        "coordinates": [
          [
            [
              77.21150499596361,
              28.615611038297804
            ],
            [
              77.211280037765,
              28.615606772419465
            ],
            [
              77.21126973943335,
              28.615822358786435
            ],
            [
              77.21150915567284,
              28.61581461272701
            ],
            [
              77.21150499596361,
              28.615611038297804
            ]
          ]
        ]
      }
    },
    {
      "type": "Feature",
      "properties": {
        "legacy_id": "LEGACY-SY-103-78",
        "survey_number": "SY-103/78",
        "recorded_area_sqm": 686.87,
        "vintage_year": 2010
      },
      "geometry": {
        "type": "Polygon",
        "coordinates": [
          [
            [
              77.2112565991913,
              28.61562617932467
            ],
            [
              77.21091189072081,
              28.615619641842358
            ],
            [
              77.21091063094072,
              28.615814116422833
            ],
            [
              77.21124814319072,
              28.615803197345194
            ],
            [
              77.2112565991913,
              28.61562617932467
            ]
          ]
        ]
      }
    },
    {
      "type": "Feature",
      "properties": {
        "legacy_id": "LEGACY-SY-103-79",
        "survey_number": "SY-103/79",
        "recorded_area_sqm": 747.17,
        "vintage_year": 2011
      },
      "geometry": {
        "type": "Polygon",
        "coordinates": [
          [
            [
              77.21088953014345,
              28.615599366340895
            ],
            [
              77.21060408142266,
              28.615593952017647
            ],
            [
              77.21060539926013,
              28.61584385059288
            ],
            [
              77.21088800557848,
              28.61583470850604
            ],
            [
              77.21088953014345,
              28.615599366340895
            ]
          ]
        ]
      }
    },
    {
      "type": "Feature",
      "properties": {
        "legacy_id": "LEGACY-SY-103-80",
        "survey_number": "SY-103/80",
        "recorded_area_sqm": 581.35,
        "vintage_year": 2012
      },
      "geometry": {
        "type": "Polygon",
        "coordinates": [
          [
            [
              77.21060408142266,
              28.615593952017647
            ],
            [
              77.21038607359394,
              28.615589816490974
            ],
            [
              77.21040335683517,
              28.61585038614094
            ],
            [
              77.21060539926013,
              28.61584385059288
            ],
            [
              77.21060408142266,
              28.615593952017647
            ]
          ]
        ]
      }
    },
    {
      "type": "Feature",
      "properties": {
        "legacy_id": "LEGACY-SY-103-81",
        "survey_number": "SY-103/81",
        "recorded_area_sqm": 1133.15,
        "vintage_year": 2013
      },
      "geometry": {
        "type": "Polygon",
        "coordinates": [
          [
            [
              77.21038030467295,
              28.61584752253855
            ],
            [
              77.21039002795344,
              28.616311652043553
            ],
            [
              77.21061512352884,
              28.61630798002747
            ],
            [
              77.21060539926013,
              28.61584385059288
            ],
            [
              77.21038030467295,
              28.61584752253855
            ]
          ]
        ]
      }
    },
    {
      "type": "Feature",
      "properties": {
        "legacy_id": "LEGACY-SY-103-82",
        "survey_number": "SY-103/82",
        "recorded_area_sqm": 490.13,
        "vintage_year": 2014
      },
      "geometry": {
        "type": "Polygon",
        "coordinates": [
          [
            [
              77.2104338842214,
              28.616310625416347
            ],
            [
              77.21045185462341,
              28.616581549243005
            ],
            [
              77.21040592733416,
              28.61658392125103
            ],
            [
              77.21060928480065,
              28.61658060382403
            ],
            [
              77.21060784759554,
              28.616308098726655
            ],
            [
              77.2104338842214,
              28.616310625416347
            ]
          ]
        ]
      }
    },
    {
      "type": "Feature",
      "properties": {
        "legacy_id": "LEGACY-SY-103-83",
        "survey_number": "SY-103/83",
        "recorded_area_sqm": 813.39,
        "vintage_year": 2015
      },
      "geometry": {
        "type": "Polygon",
        "coordinates": [
          [
            [
              77.21060928480065,
              28.61658060382403
            ],
            [
              77.21088320275847,
              28.616576134841573
            ],
            [
              77.2108849650867,
              28.616304073338167
            ],
            [
              77.21060784759554,
              28.616308098726655
            ],
            [
              77.21060928480065,
              28.61658060382403
            ]
          ]
        ]
      }
    },
    {
      "type": "Feature",
      "properties": {
        "legacy_id": "LEGACY-SY-103-84",
        "survey_number": "SY-103/84",
        "recorded_area_sqm": 783.34,
        "vintage_year": 2016
      },
      "geometry": {
        "type": "Polygon",
        "coordinates": [
          [
            [
              77.210905825856,
              28.616555915517203
            ],
            [
              77.21121242538267,
              28.616550912627776
            ],
            [
              77.21122350347832,
              28.616319004482914
            ],
            [
              77.21090733068623,
              28.616323597932745
            ],
            [
              77.210905825856,
              28.616555915517203
            ]
          ]
        ]
      }
    },
    {
      "type": "Feature",
      "properties": {
        "legacy_id": "LEGACY-SY-103-85",
        "survey_number": "SY-103/85",
        "recorded_area_sqm": 826.83,
        "vintage_year": 2017
      },
      "geometry": {
        "type": "Polygon",
        "coordinates": [
          [
            [
              77.21123400570268,
              28.616570410668665
            ],
            [
              77.2115245026722,
              28.616565669841627
            ],
            [
              77.21151896894658,
              28.616294861712394
            ],
            [
              77.21124697963963,
              28.616298813887223
            ],
            [
              77.21123400570268,
              28.616570410668665
            ]
          ]
        ]
      }
    },
    {
      "type": "Feature",
      "properties": {
        "legacy_id": "LEGACY-SY-103-86",
        "survey_number": "SY-103/86",
        "recorded_area_sqm": 1205.78,
        "vintage_year": 2018
      },
      "geometry": {
        "type": "Polygon",
        "coordinates": [
          [
            [
              77.2115245026722,
              28.616565669841627
            ],
            [
              77.211943458699,
              28.616558831502733
            ],
            [
              77.21192217382962,
              28.616289001888397
            ],
            [
              77.21151896894658,
              28.616294861712394
            ],
            [
              77.2115245026722,
              28.616565669841627
            ]
          ]
        ]
      }
    },
    {
      "type": "Feature",
      "properties": {
        "legacy_id": "LEGACY-SY-103-87",
        "survey_number": "SY-103/87",
        "recorded_area_sqm": 1416.47,
        "vintage_year": 2019
      },
      "geometry": {
        "type": "Polygon",
        "coordinates": [
          [
            [
              77.21088800557848,
              28.61583470850604
            ],
            [
              77.21060539926013,
              28.61584385059288
            ],
            [
              77.21060784759554,
              28.616308098726655
            ],
            [
              77.2108849650867,
              28.616304073338167
            ],
            [
              77.21088800557848,
              28.61583470850604
            ]
          ]
        ]
      }
    },
    {
      "type": "Feature",
      "properties": {
        "legacy_id": "LEGACY-SY-103-88",
        "survey_number": "SY-103/88",
        "recorded_area_sqm": 1905.58,
        "vintage_year": 1998
      },
      "geometry": {
        "type": "Polygon",
        "coordinates": [
          [
            [
              77.21126973943335,
              28.615822358786435
            ],
            [
              77.21088800557848,
              28.61583470850604
            ],
            [
              77.2108849650867,
              28.616304073338167
            ],
            [
              77.21124697963963,
              28.616298813887223
            ],
            [
              77.21126973943335,
              28.615822358786435
            ]
          ]
        ]
      }
    },
    {
      "type": "Feature",
      "properties": {
        "legacy_id": "LEGACY-SY-103-89",
        "survey_number": "SY-103/89",
        "recorded_area_sqm": 1325.81,
        "vintage_year": 1999
      },
      "geometry": {
        "type": "Polygon",
        "coordinates": [
          [
            [
              77.21150915567284,
              28.61581461272701
            ],
            [
              77.21126973943335,
              28.615822358786435
            ],
            [
              77.21124697963963,
              28.616298813887223
            ],
            [
              77.21151896894658,
              28.616294861712394
            ],
            [
              77.21150915567284,
              28.61581461272701
            ]
          ]
        ]
      }
    },
    {
      "type": "Feature",
      "properties": {
        "legacy_id": "LEGACY-SY-103-90",
        "survey_number": "SY-103/90",
        "recorded_area_sqm": 1656.58,
        "vintage_year": 2000
      },
      "geometry": {
        "type": "Polygon",
        "coordinates": [
          [
            [
              77.2118628709508,
              28.615823028009423
            ],
            [
              77.21153204160575,
              28.61583373239746
            ],
            [
              77.21154105213098,
              28.616274691310327
            ],
            [
              77.21189808956416,
              28.616269502448663
            ],
            [
              77.2118628709508,
              28.615823028009423
            ]
          ]
        ]
      }
    },
    {
      "type": "Feature",
      "properties": {
        "legacy_id": "LEGACY-SY-104-91",
        "survey_number": "SY-104/91",
        "recorded_area_sqm": 521.63,
        "vintage_year": 2001
      },
      "geometry": {
        "type": "Polygon",
        "coordinates": [
          [
            [
              77.21035989251796,
              28.616584672187447
            ],
            [
              77.21034160037894,
              28.61630889417583
            ],
            [
              77.21017505522198,
              28.616310769951085
            ],
            [
              77.21017840813576,
              28.616587632473294
            ],
            [
              77.21035989251796,
              28.616584672187447
            ]
          ]
        ]
      }
    },
    {
      "type": "Feature",
      "properties": {
        "legacy_id": "LEGACY-SY-104-92",
        "survey_number": "SY-104/92",
        "recorded_area_sqm": 880.76,
        "vintage_year": 2002
      },
      "geometry": {
        "type": "Polygon",
        "coordinates": [
          [
            [
              77.21034160037894,
              28.61630889417583
            ],
            [
              77.21030613973113,
              28.615774272012303
            ],
            [
              77.21016859819399,
              28.615777573132906
            ],
            [
              77.21017505522198,
              28.616310769951085
            ],
            [
              77.21034160037894,
              28.61630889417583
            ]
          ]
        ]
      }
    },
    {
      "type": "Feature",
      "properties": {
        "legacy_id": "LEGACY-SY-104-93",
        "survey_number": "SY-104/93",
        "recorded_area_sqm": 271.71,
        "vintage_year": 2003
      },
      "geometry": {
        "type": "Polygon",
        "coordinates": [
          [
            [
              77.21030613973113,
              28.615774272012303
            ],
            [
              77.21029378909489,
              28.6155880657827
            ],
            [
              77.2101662740214,
              28.615585646619476
            ],
            [
              77.21016859819399,
              28.615777573132906
            ],
            [
              77.21030613973113,
              28.615774272012303
            ]
          ]
        ]
      }
    },
    {
      "type": "Feature",
      "properties": {
        "legacy_id": "LEGACY-SY-104-94",
        "survey_number": "SY-104/94",
        "recorded_area_sqm": 942.41,
        "vintage_year": 2004
      },
      "geometry": {
        "type": "Polygon",
        "coordinates": [
          [
            [
              77.2101662740214,
              28.615585646619476
            ],
            [
              77.20972421756946,
              28.615577259175563
            ],
            [
              77.20974669652216,
              28.615787698281185
            ],
            [
              77.21016859819399,
              28.615777573132906
            ],
            [
              77.2101662740214,
              28.615585646619476
            ]
          ]
        ]
      }
    },
    {
      "type": "Feature",
      "properties": {
        "legacy_id": "LEGACY-SY-104-95",
        "survey_number": "SY-104/95",
        "recorded_area_sqm": 723.94,
        "vintage_year": 2005
      },
      "geometry": {
        "type": "Polygon",
        "coordinates": [
          [
            [
              77.20972421756946,
              28.615577259175563
            ],
            [
              77.20942491204232,
              28.615571579422888
            ],
            [
              77.2094309424737,
              28.615795275150422
            ],
            [
              77.20974669652216,
              28.615787698281185
            ],
            [
              77.20972421756946,
              28.615577259175563
            ]
          ]
        ]
      }
    },
    {
      "type": "Feature",
      "properties": {
        "legacy_id": "LEGACY-SY-104-96",
        "survey_number": "SY-104/96",
        "recorded_area_sqm": 712.29,
        "vintage_year": 2006
      },
      "geometry": {
        "type": "Polygon",
        "coordinates": [
          [
            [
              77.2094029380248,
              28.61559101382612
            ],
            [
              77.20906416335787,
              28.615584584239432
            ],
            [
              77.20906349744959,
              28.61578423730918
            ],
            [
              77.20940792415772,
              28.61577597330754
            ],
            [
              77.2094029380248,
              28.61559101382612
            ]
          ]
        ]
      }
    },
    {
      "type": "Feature",
      "properties": {
        "legacy_id": "LEGACY-SY-104-97",
        "survey_number": "SY-104/97",
        "recorded_area_sqm": 1146.92,
        "vintage_year": 2007
      },
      "geometry": {
        "type": "Polygon",
        "coordinates": [
          [
            [
              77.2090417393251,
              28.61556430720194
            ],
            [
              77.20861137667694,
              28.61555613806936
            ],
            [
              77.20862314418211,
              28.615814655817523
            ],
            [
              77.20904093770963,
              28.61580463273198
            ],
            [
              77.2090417393251,
              28.61556430720194
            ]
          ]
        ]
      }
    },
    {
      "type": "Feature",
      "properties": {
        "legacy_id": "LEGACY-SY-104-98",
        "survey_number": "SY-104/98",
        "recorded_area_sqm": 1000.34,
        "vintage_year": 2008
      },
      "geometry": {
        "type": "Polygon",
        "coordinates": [
          [
            [
              77.20861137667694,
              28.61555613806936
            ],
            [
              77.20826595940264,
              28.61554958037599
            ],
            [
              77.20827487997217,
              28.61582300987345
            ],
            [
              77.20862314418211,
              28.615814655817523
            ],
            [
              77.20861137667694,
              28.61555613806936
            ]
          ]
        ]
      }
    },
    {
      "type": "Feature",
      "properties": {
        "legacy_id": "LEGACY-SY-104-99",
        "survey_number": "SY-104/99",
        "recorded_area_sqm": 1093.21,
        "vintage_year": 2009
      },
      "geometry": {
        "type": "Polygon",
        "coordinates": [
          [
            [
              77.20791837149918,
              28.615543678705276
            ],
            [
              77.20792438825255,
              28.615831206940786
            ],
            [
              77.20827493197889,
              28.61582549475519
            ],
            [
              77.20826891427215,
              28.615537966587528
            ],
            [
              77.20791837149918,
              28.615543678705276
            ]
          ]
        ]
      }
    },
    {
      "type": "Feature",
      "properties": {
        "legacy_id": "LEGACY-SY-104-100",
        "survey_number": "SY-104/100",
        "recorded_area_sqm": 532.01,
        "vintage_year": 2010
      },
      "geometry": {
        "type": "Polygon",
        "coordinates": [
          [
            [
              77.20793815818558,
              28.615543356304055
            ],
            [
              77.20777991307247,
              28.61554035136625
            ],
            [
              77.2077727258907,
              28.615835053816355
            ],
            [
              77.20795163402973,
              28.615830762997483
            ],
            [
              77.20793815818558,
              28.615543356304055
            ]
          ]
        ]
      }
    },
    {
      "type": "Feature",
      "properties": {
        "legacy_id": "LEGACY-SY-104-101",
        "survey_number": "SY-104/101",
        "recorded_area_sqm": 1075.68,
        "vintage_year": 2011
      },
      "geometry": {
        "type": "Polygon",
        "coordinates": [
          [
            [
              77.2077727258907,
              28.615835053816355
            ],
            [
              77.20776046152677,
              28.61633794218717
            ],
            [
              77.20797530154096,
              28.6163355262643
            ],
            [
              77.20795163402973,
              28.615830762997483
            ],
            [
              77.2077727258907,
              28.615835053816355
            ]
          ]
        ]
      }
    },
    {
      "type": "Feature",
      "properties": {
        "legacy_id": "LEGACY-SY-104-102",
        "survey_number": "SY-104/102",
        "recorded_area_sqm": 485.99,
        "vintage_year": 2012
      },
      "geometry": {
        "type": "Polygon",
        "coordinates": [
          [
            [
              77.20778248046386,
              28.616357543049666
            ],
            [
              77.2077763982884,
              28.616606939773014
            ],
            [
              77.20796537241267,
              28.616603860664757
            ],
            [
              77.20795373259152,
              28.61635561728042
            ],
            [
              77.20778248046386,
              28.616357543049666
            ]
          ]
        ]
      }
    },
    {
      "type": "Feature",
      "properties": {
        "legacy_id": "LEGACY-SY-104-103",
        "survey_number": "SY-104/103",
        "recorded_area_sqm": 978.1,
        "vintage_year": 2013
      },
      "geometry": {
        "type": "Polygon",
        "coordinates": [
          [
            [
              77.20798879632159,
              28.616623329205694
            ],
            [
              77.20830082485223,
              28.61661824443931
            ],
            [
              77.20829148493063,
              28.6163319700934
            ],
            [
              77.20797530154096,
              28.6163355262643
            ],
            [
              77.20798879632159,
              28.616623329205694
            ]
          ]
        ]
      }
    },
    {
      "type": "Feature",
      "properties": {
        "legacy_id": "LEGACY-SY-104-104",
        "survey_number": "SY-104/104",
        "recorded_area_sqm": 1104.59,
        "vintage_year": 2014
      },
      "geometry": {
        "type": "Polygon",
        "coordinates": [
          [
            [
              77.20830082485223,
              28.61661824443931
            ],
            [
              77.2086594574288,
              28.616612399333256
            ],
            [
              77.20864651038795,
              28.616327976179374
            ],
            [
              77.20829148493063,
              28.6163319700934
            ],
            [
              77.20830082485223,
              28.61661824443931
            ]
          ]
        ]
      }
    },
    {
      "type": "Feature",
      "properties": {
        "legacy_id": "LEGACY-SY-104-105",
        "survey_number": "SY-104/105",
        "recorded_area_sqm": 1186.28,
        "vintage_year": 2015
      },
      "geometry": {
        "type": "Polygon",
        "coordinates": [
          [
            [
              77.2086594574288,
              28.616612399333256
            ],
            [
              77.20903826422135,
              28.61660622439054
            ],
            [
              77.20903920693486,
              28.61632355739491
            ],
            [
              77.20864651038795,
              28.616327976179374
            ],
            [
              77.2086594574288,
              28.616612399333256
            ]
          ]
        ]
      }
    },
    {
      "type": "Feature",
      "properties": {
        "legacy_id": "LEGACY-SY-104-106",
        "survey_number": "SY-104/106",
        "recorded_area_sqm": 1252.24,
        "vintage_year": 2016
      },
      "geometry": {
        "type": "Polygon",
        "coordinates": [
          [
            [
              77.20903826422135,
              28.61660622439054
            ],
            [
              77.20945262256434,
              28.616599468707804
            ],
            [
              77.20944506109156,
              28.61631898935944
            ],
            [
              77.20903920693486,
              28.61632355739491
            ],
            [
              77.20903826422135,
              28.61660622439054
            ]
          ]
        ]
      }
    },
    {
      "type": "Feature",
      "properties": {
        "legacy_id": "LEGACY-SY-104-107",
        "survey_number": "SY-104/107",
        "recorded_area_sqm": 1118.99,
        "vintage_year": 2017
      },
      "geometry": {
        "type": "Polygon",
        "coordinates": [
          [
            [
              77.20945262256434,
              28.616599468707804
            ],
            [
              77.20983274822862,
              28.61659327003877
            ],
            [
              77.2098030187035,
              28.616314959407863
            ],
            [
              77.20944506109156,
              28.61631898935944
            ],
            [
              77.20945262256434,
              28.616599468707804
            ]
          ]
        ]
      }
    },
    {
      "type": "Feature",
      "properties": {
        "legacy_id": "LEGACY-SY-104-108",
        "survey_number": "SY-104/108",
        "recorded_area_sqm": 810.16,
        "vintage_year": 2018
      },
      "geometry": {
        "type": "Polygon",
        "coordinates": [
          [
            [
              77.20985318366567,
              28.616573086559548
            ],
            [
              77.21015567917682,
              28.616568152991693
            ],
            [
              77.21015280562473,
              28.6163308689649
            ],
            [
              77.2098277006671,
              28.61633452993681
            ],
            [
              77.20985318366567,
              28.616573086559548
            ]
          ]
        ]
      }
    },
    {
      "type": "Feature",
      "properties": {
        "legacy_id": "LEGACY-SY-104-109",
        "survey_number": "SY-104/109",
        "recorded_area_sqm": 1758.28,
        "vintage_year": 2019
      },
      "geometry": {
        "type": "Polygon",
        "coordinates": [
          [
            [
              77.20827487997217,
              28.61582300987345
            ],
            [
              77.20795163402973,
              28.615830762997483
            ],
            [
              77.20797530154096,
              28.6163355262643
            ],
            [
              77.20829148493063,
              28.6163319700934
            ],
            [
              77.20827487997217,
              28.61582300987345
            ]
          ]
        ]
      }
    },
    {
      "type": "Feature",
      "properties": {
        "legacy_id": "LEGACY-SY-104-110",
        "survey_number": "SY-104/110",
        "recorded_area_sqm": 1950.18,
        "vintage_year": 1998
      },
      "geometry": {
        "type": "Polygon",
        "coordinates": [
          [
            [
              77.20862314418211,
              28.615814655817523
            ],
            [
              77.20827487997217,
              28.61582300987345
            ],
            [
              77.20829148493063,
              28.6163319700934
            ],
            [
              77.20864651038795,
              28.616327976179374
            ],
            [
              77.20862314418211,
              28.615814655817523
            ]
          ]
        ]
      }
    },
    {
      "type": "Feature",
      "properties": {
        "legacy_id": "LEGACY-SY-104-111",
        "survey_number": "SY-104/111",
        "recorded_area_sqm": 2268.64,
        "vintage_year": 1999
      },
      "geometry": {
        "type": "Polygon",
        "coordinates": [
          [
            [
              77.20904093770963,
              28.61580463273198
            ],
            [
              77.20862314418211,
              28.615814655817523
            ],
            [
              77.20864651038795,
              28.616327976179374
            ],
            [
              77.20903920693486,
              28.61632355739491
            ],
            [
              77.20904093770963,
              28.61580463273198
            ]
          ]
        ]
      }
    },
    {
      "type": "Feature",
      "properties": {
        "legacy_id": "LEGACY-SY-104-112",
        "survey_number": "SY-104/112",
        "recorded_area_sqm": 2249.74,
        "vintage_year": 2000
      },
      "geometry": {
        "type": "Polygon",
        "coordinates": [
          [
            [
              77.2094309424737,
              28.615795275150422
            ],
            [
              77.20904093770963,
              28.61580463273198
            ],
            [
              77.20903920693486,
              28.61632355739491
            ],
            [
              77.20944506109156,
              28.61631898935944
            ],
            [
              77.2094309424737,
              28.615795275150422
            ]
          ]
        ]
      }
    },
    {
      "type": "Feature",
      "properties": {
        "legacy_id": "LEGACY-SY-104-113",
        "survey_number": "SY-104/113",
        "recorded_area_sqm": 1921.5,
        "vintage_year": 2001
      },
      "geometry": {
        "type": "Polygon",
        "coordinates": [
          [
            [
              77.20974669652216,
              28.615787698281185
            ],
            [
              77.2094309424737,
              28.615795275150422
            ],
            [
              77.20944506109156,
              28.61631898935944
            ],
            [
              77.2098030187035,
              28.616314959407863
            ],
            [
              77.20974669652216,
              28.615787698281185
            ]
          ]
        ]
      }
    },
    {
      "type": "Feature",
      "properties": {
        "legacy_id": "LEGACY-SY-104-114",
        "survey_number": "SY-104/114",
        "recorded_area_sqm": 1873.94,
        "vintage_year": 2002
      },
      "geometry": {
        "type": "Polygon",
        "coordinates": [
          [
            [
              77.21014635220119,
              28.615797961203466
            ],
            [
              77.20977134545636,
              28.61580696093366
            ],
            [
              77.20982346529283,
              28.616294880750004
            ],
            [
              77.21015232495903,
              28.616291177507833
            ],
            [
              77.21014635220119,
              28.615797961203466
            ]
          ]
        ]
      }
    },
    {
      "type": "Feature",
      "properties": {
        "legacy_id": "LEGACY-SY-105-115",
        "survey_number": "SY-105/115",
        "recorded_area_sqm": 865.77,
        "vintage_year": 2003
      },
      "geometry": {
        "type": "Polygon",
        "coordinates": [
          [
            [
              77.20599010820264,
              28.616655882458492
            ],
            [
              77.20625391767683,
              28.616651587400966
            ],
            [
              77.20623375034492,
              28.616345659310777
            ],
            [
              77.20598351244084,
              28.616340418552628
            ],
            [
              77.20599010820264,
              28.616655882458492
            ]
          ]
        ]
      }
    },
    {
      "type": "Feature",
      "properties": {
        "legacy_id": "LEGACY-SY-105-116",
        "survey_number": "SY-105/116",
        "recorded_area_sqm": 881.65,
        "vintage_year": 2004
      },
      "geometry": {
        "type": "Polygon",
        "coordinates": [
          [
            [
              77.20625391767683,
              28.616651587400966
            ],
            [
              77.206523111065,
              28.616647204158895
            ],
            [
              77.20650512132171,
              28.616351342137026
            ],
            [
              77.20623375034492,
              28.616345659310777
            ],
            [
              77.20625391767683,
              28.616651587400966
            ]
          ]
        ]
      }
    },
    {
      "type": "Feature",
      "properties": {
        "legacy_id": "LEGACY-SY-105-117",
        "survey_number": "SY-105/117",
        "recorded_area_sqm": 1303.7,
        "vintage_year": 2005
      },
      "geometry": {
        "type": "Polygon",
        "coordinates": [
          [
            [
              77.2068844034501,
              28.616345165517394
            ],
            [
              77.20647840187222,
              28.616351777223944
            ],
            [
              77.2064845932021,
              28.6166478313732
            ],
            [
              77.20689059591697,
              28.61664121958578
            ],
            [
              77.2068844034501,
              28.616345165517394
            ]
          ]
        ]
      }
    },
    {
      "type": "Feature",
      "properties": {
        "legacy_id": "LEGACY-SY-105-118",
        "survey_number": "SY-105/118",
        "recorded_area_sqm": 862.26,
        "vintage_year": 2006
      },
      "geometry": {
        "type": "Polygon",
        "coordinates": [
          [
            [
              77.20688269482625,
              28.616641348267304
            ],
            [
              77.20717039379869,
              28.61663666234621
            ],
            [
              77.20717178768804,
              28.61636530059686
            ],
            [
              77.20688469888564,
              28.616359290021293
            ],
            [
              77.20688269482625,
              28.616641348267304
            ]
          ]
        ]
      }
    },
    {
      "type": "Feature",
      "properties": {
        "legacy_id": "LEGACY-SY-105-119",
        "survey_number": "SY-105/119",
        "recorded_area_sqm": 896.89,
        "vintage_year": 2007
      },
      "geometry": {
        "type": "Polygon",
        "coordinates": [
          [
            [
              77.20717039379869,
              28.61663666234621
            ],
            [
              77.207476743935,
              28.616631671971067
            ],
            [
              77.20748839565084,
              28.616371928486664
            ],
            [
              77.20717178768804,
              28.61636530059686
            ],
            [
              77.20717039379869,
              28.61663666234621
            ]
          ]
        ]
      }
    },
    {
      "type": "Feature",
      "properties": {
        "legacy_id": "LEGACY-SY-105-120",
        "survey_number": "SY-105/120",
        "recorded_area_sqm": 321.51,
        "vintage_year": 2008
      },
      "geometry": {
        "type": "Polygon",
        "coordinates": [
          [
            [
              77.20750016092329,
              28.616611440257543
            ],
            [
              77.20763931655692,
              28.61660917319158
            ],
            [
              77.20764453879069,
              28.616395049350754
            ],
            [
              77.20750999419438,
              28.616392233034375
            ],
            [
              77.20750016092329,
              28.616611440257543
            ]
          ]
        ]
      }
    },
    {
      "type": "Feature",
      "properties": {
        "legacy_id": "LEGACY-SY-105-121",
        "survey_number": "SY-105/121",
        "recorded_area_sqm": 1238.33,
        "vintage_year": 2009
      },
      "geometry": {
        "type": "Polygon",
        "coordinates": [
          [
            [
              77.20766750820766,
              28.616375677710824
            ],
            [
              77.20768378999647,
              28.6157080828749
            ],
            [
              77.20751786078395,
              28.615715081793613
            ],
            [
              77.20748839565084,
              28.616371928486664
            ],
            [
              77.20766750820766,
              28.616375677710824
            ]
          ]
        ]
      }
    },
    {
      "type": "Feature",
      "properties": {
        "legacy_id": "LEGACY-SY-105-122",
        "survey_number": "SY-105/122",
        "recorded_area_sqm": 310.13,
        "vintage_year": 2010
      },
      "geometry": {
        "type": "Polygon",
        "coordinates": [
          [
            [
              77.20768378999647,
              28.6157080828749
            ],
            [
              77.20768792337346,
              28.615538604476253
            ],
            [
              77.20752591528694,
              28.615535527780523
            ],
            [
              77.20751786078395,
              28.615715081793613
            ],
            [
              77.20768378999647,
              28.6157080828749
            ]
          ]
        ]
      }
    },
    {
      "type": "Feature",
      "properties": {
        "legacy_id": "LEGACY-SY-105-123",
        "survey_number": "SY-105/123",
        "recorded_area_sqm": 713.65,
        "vintage_year": 2011
      },
      "geometry": {
        "type": "Polygon",
        "coordinates": [
          [
            [
              77.20752591528694,
              28.615535527780523
            ],
            [
              77.20717608433144,
              28.61552888347788
            ],
            [
              77.20717505352583,
              28.61572954080946
            ],
            [
              77.20751786078395,
              28.615715081793613
            ],
            [
              77.20752591528694,
              28.615535527780523
            ]
          ]
        ]
      }
    },
    {
      "type": "Feature",
      "properties": {
        "legacy_id": "LEGACY-SY-105-124",
        "survey_number": "SY-105/124",
        "recorded_area_sqm": 648.63,
        "vintage_year": 2012
      },
      "geometry": {
        "type": "Polygon",
        "coordinates": [
          [
            [
              77.20717608433144,
              28.61552888347788
            ],
            [
              77.2068906378028,
              28.61552346135083
            ],
            [
              77.2068890877873,
              28.615741601683585
            ],
            [
              77.20717505352583,
              28.61572954080946
            ],
            [
              77.20717608433144,
              28.61552888347788
            ]
          ]
        ]
      }
    },
    {
      "type": "Feature",
      "properties": {
        "legacy_id": "LEGACY-SY-105-125",
        "survey_number": "SY-105/125",
        "recorded_area_sqm": 1073.38,
        "vintage_year": 2013
      },
      "geometry": {
        "type": "Polygon",
        "coordinates": [
          [
            [
              77.2068906378028,
              28.61552346135083
            ],
            [
              77.20645427924629,
              28.615515171447086
            ],
            [
              77.20646912376404,
              28.615759312965036
            ],
            [
              77.2068890877873,
              28.615741601683585
            ],
            [
              77.2068906378028,
              28.61552346135083
            ]
          ]
        ]
      }
    },
    {
      "type": "Feature",
      "properties": {
        "legacy_id": "LEGACY-SY-105-126",
        "survey_number": "SY-105/126",
        "recorded_area_sqm": 529.81,
        "vintage_year": 2014
      },
      "geometry": {
        "type": "Polygon",
        "coordinates": [
          [
            [
              77.20643293767371,
              28.61553461742495
            ],
            [
              77.20620252689508,
              28.615530239498327
            ],
            [
              77.20621701852693,
              28.61575007494435
            ],
            [
              77.2064454523482,
              28.61574044171765
            ],
            [
              77.20643293767371,
              28.61553461742495
            ]
          ]
        ]
      }
    },
    {
      "type": "Feature",
      "properties": {
        "legacy_id": "LEGACY-SY-105-127",
        "survey_number": "SY-105/127",
        "recorded_area_sqm": 633.91,
        "vintage_year": 2015
      },
      "geometry": {
        "type": "Polygon",
        "coordinates": [
          [
            [
              77.20617865877915,
              28.61550993450606
            ],
            [
              77.20596606461679,
              28.61550589471551
            ],
            [
              77.20597180135555,
              28.61578028502011
            ],
            [
              77.20619585749746,
              28.615770836812967
            ],
            [
              77.20617865877915,
              28.61550993450606
            ]
          ]
        ]
      }
    },
    {
      "type": "Feature",
      "properties": {
        "legacy_id": "LEGACY-SY-105-128",
        "survey_number": "SY-105/128",
        "recorded_area_sqm": 1459.71,
        "vintage_year": 2016
      },
      "geometry": {
        "type": "Polygon",
        "coordinates": [
          [
            [
              77.20597180135555,
              28.61578028502011
            ],
            [
              77.20598351244084,
              28.616340418552628
            ],
            [
              77.20623375034492,
              28.616345659310777
            ],
            [
              77.20619585749746,
              28.615770836812967
            ],
            [
              77.20597180135555,
              28.61578028502011
            ]
          ]
        ]
      }
    },
    {
      "type": "Feature",
      "properties": {
        "legacy_id": "LEGACY-SY-105-129",
        "survey_number": "SY-105/129",
        "recorded_area_sqm": 1723.81,
        "vintage_year": 2017
      },
      "geometry": {
        "type": "Polygon",
        "coordinates": [
          [
            [
              77.20646912376404,
              28.615759312965036
            ],
            [
              77.20619585749746,
              28.615770836812967
            ],
            [
              77.20623375034492,
              28.616345659310777
            ],
            [
              77.20650512132171,
              28.616351342137026
            ],
            [
              77.20646912376404,
              28.615759312965036
            ]
          ]
        ]
      }
    },
    {
      "type": "Feature",
      "properties": {
        "legacy_id": "LEGACY-SY-105-130",
        "survey_number": "SY-105/130",
        "recorded_area_sqm": 2622.62,
        "vintage_year": 2018
      },
      "geometry": {
        "type": "Polygon",
        "coordinates": [
          [
            [
              77.2068890877873,
              28.615741601683585
            ],
            [
              77.20646912376404,
              28.615759312965036
            ],
            [
              77.20650512132171,
              28.616351342137026
            ],
            [
              77.20688469888564,
              28.616359290021293
            ],
            [
              77.2068890877873,
              28.615741601683585
            ]
          ]
        ]
      }
    },
    {
      "type": "Feature",
      "properties": {
        "legacy_id": "LEGACY-SY-105-131",
        "survey_number": "SY-105/131",
        "recorded_area_sqm": 1946.91,
        "vintage_year": 2019
      },
      "geometry": {
        "type": "Polygon",
        "coordinates": [
          [
            [
              77.20717505352583,
              28.61572954080946
            ],
            [
              77.2068890877873,
              28.615741601683585
            ],
            [
              77.20688469888564,
              28.616359290021293
            ],
            [
              77.20717178768804,
              28.61636530059686
            ],
            [
              77.20717505352583,
              28.61572954080946
            ]
          ]
        ]
      }
    },
    {
      "type": "Feature",
      "properties": {
        "legacy_id": "LEGACY-SY-105-132",
        "survey_number": "SY-105/132",
        "recorded_area_sqm": 1871.79,
        "vintage_year": 1998
      },
      "geometry": {
        "type": "Polygon",
        "coordinates": [
          [
            [
              77.20749441587361,
              28.615735940195506
            ],
            [
              77.2071974481662,
              28.615748465778108
            ],
            [
              77.20719437922207,
              28.6163459211198
            ],
            [
              77.20746679711566,
              28.616351623935
            ],
            [
              77.20749441587361,
              28.615735940195506
            ]
          ]
        ]
      }
    },
    {
      "type": "Feature",
      "properties": {
        "legacy_id": "LEGACY-SY-106-133",
        "survey_number": "SY-106/133",
        "recorded_area_sqm": 392.9,
        "vintage_year": 1999
      },
      "geometry": {
        "type": "Polygon",
        "coordinates": [
          [
            [
              77.2059652153428,
              28.615465273305144
            ],
            [
              77.20596620586367,
              28.615424686856482
            ],
            [
              77.20613962302264,
              28.61542798222642
            ],
            [
              77.20613145002471,
              28.61521533658235
            ],
            [
              77.2059600790299,
              28.615219597813468
            ],
            [
              77.2059652153428,
              28.615465273305144
            ]
          ]
        ]
      }
    },
    {
      "type": "Feature",
      "properties": {
        "legacy_id": "LEGACY-SY-106-134",
        "survey_number": "SY-106/134",
        "recorded_area_sqm": 978.65,
        "vintage_year": 2000
      },
      "geometry": {
        "type": "Polygon",
        "coordinates": [
          [
            [
              77.20613962302264,
              28.61542798222642
            ],
            [
              77.20654903798355,
              28.61543576127567
            ],
            [
              77.20653664235309,
              28.615205260396696
            ],
            [
              77.20613145002471,
              28.61521533658235
            ],
            [
              77.20613962302264,
              28.61542798222642
            ]
          ]
        ]
      }
    },
    {
      "type": "Feature",
      "properties": {
        "legacy_id": "LEGACY-SY-106-135",
        "survey_number": "SY-106/135",
        "recorded_area_sqm": 976.35,
        "vintage_year": 2001
      },
      "geometry": {
        "type": "Polygon",
        "coordinates": [
          [
            [
              77.20651088935799,
              28.615202799405935
            ],
            [
              77.20651601874218,
              28.615448082356664
            ],
            [
              77.20688301119736,
              28.61544210598255
            ],
            [
              77.20687788096174,
              28.615196823092386
            ],
            [
              77.20651088935799,
              28.615202799405935
            ]
          ]
        ]
      }
    },
    {
      "type": "Feature",
      "properties": {
        "legacy_id": "LEGACY-SY-106-136",
        "survey_number": "SY-106/136",
        "recorded_area_sqm": 1001.12,
        "vintage_year": 2002
      },
      "geometry": {
        "type": "Polygon",
        "coordinates": [
          [
            [
              77.20688301119736,
              28.61544210598255
            ],
            [
              77.20724588791018,
              28.615448998852244
            ],
            [
              77.20723850542355,
              28.615187803835024
            ],
            [
              77.20687212230398,
              28.615196916877533
            ],
            [
              77.20688301119736,
              28.61544210598255
            ]
          ]
        ]
      }
    },
    {
      "type": "Feature",
      "properties": {
        "legacy_id": "LEGACY-SY-106-137",
        "survey_number": "SY-106/137",
        "recorded_area_sqm": 809.52,
        "vintage_year": 2003
      },
      "geometry": {
        "type": "Polygon",
        "coordinates": [
          [
            [
              77.20724588791018,
              28.615448998852244
            ],
            [
              77.20752332618434,
              28.61545426815513
            ],
            [
              77.20751960608924,
              28.61518081134994
            ],
            [
              77.20723850542355,
              28.615187803835024
            ],
            [
              77.20724588791018,
              28.615448998852244
            ]
          ]
        ]
      }
    },
    {
      "type": "Feature",
      "properties": {
        "legacy_id": "LEGACY-SY-106-138",
        "survey_number": "SY-106/138",
        "recorded_area_sqm": 326.76,
        "vintage_year": 2004
      },
      "geometry": {
        "type": "Polygon",
        "coordinates": [
          [
            [
              77.20754555504486,
              28.615434838872453
            ],
            [
              77.20766790066517,
              28.61543716234712
            ],
            [
              77.20767376212417,
              28.615196831146
            ],
            [
              77.20754236161694,
              28.61520010000609
            ],
            [
              77.20754555504486,
              28.615434838872453
            ]
          ]
        ]
      }
    },
    {
      "type": "Feature",
      "properties": {
        "legacy_id": "LEGACY-SY-106-139",
        "survey_number": "SY-106/139",
        "recorded_area_sqm": 1044.56,
        "vintage_year": 2005
      },
      "geometry": {
        "type": "Polygon",
        "coordinates": [
          [
            [
              77.20769675702411,
              28.61517640435393
            ],
            [
              77.2077093346663,
              28.614660693800886
            ],
            [
              77.20751259900793,
              28.614665720844883
            ],
            [
              77.20751960608924,
              28.61518081134994
            ],
            [
              77.20769675702411,
              28.61517640435393
            ]
          ]
        ]
      }
    },
    {
      "type": "Feature",
      "properties": {
        "legacy_id": "LEGACY-SY-106-140",
        "survey_number": "SY-106/140",
        "recorded_area_sqm": 1078.64,
        "vintage_year": 2006
      },
      "geometry": {
        "type": "Polygon",
        "coordinates": [
          [
            [
              77.2077093346663,
              28.614660693800886
            ],
            [
              77.20772099302218,
              28.614182677957494
            ],
            [
              77.20750595594943,
              28.61417737292194
            ],
            [
              77.20751259900793,
              28.614665720844883
            ],
            [
              77.2077093346663,
              28.614660693800886
            ]
          ]
        ]
      }
    },
    {
      "type": "Feature",
      "properties": {
        "legacy_id": "LEGACY-SY-106-141",
        "survey_number": "SY-106/141",
        "recorded_area_sqm": 254.45,
        "vintage_year": 2007
      },
      "geometry": {
        "type": "Polygon",
        "coordinates": [
          [
            [
              77.20772099302218,
              28.614182677957494
            ],
            [
              77.20772341528185,
              28.614083360719412
            ],
            [
              77.20750436612602,
              28.614060498592384
            ],
            [
              77.20750595594943,
              28.61417737292194
            ],
            [
              77.20772099302218,
              28.614182677957494
            ]
          ]
        ]
      }
    },
    {
      "type": "Feature",
      "properties": {
        "legacy_id": "LEGACY-SY-106-142",
        "survey_number": "SY-106/142",
        "recorded_area_sqm": 414.78,
        "vintage_year": 2008
      },
      "geometry": {
        "type": "Polygon",
        "coordinates": [
          [
            [
              77.20750436612602,
              28.614060498592384
            ],
            [
              77.20720576308075,
              28.614029332846986
            ],
            [
              77.20720974055448,
              28.614170064629388
            ],
            [
              77.20750595594943,
              28.61417737292194
            ],
            [
              77.20750436612602,
              28.614060498592384
            ]
          ]
        ]
      }
    },
    {
      "type": "Feature",
      "properties": {
        "legacy_id": "LEGACY-SY-106-143",
        "survey_number": "SY-106/143",
        "recorded_area_sqm": 651.31,
        "vintage_year": 2009
      },
      "geometry": {
        "type": "Polygon",
        "coordinates": [
          [
            [
              77.20720576308075,
              28.614029332846986
            ],
            [
              77.2068184758268,
              28.61398890995295
            ],
            [
              77.20682610021792,
              28.61416059840293
            ],
            [
              77.20720974055448,
              28.614170064629388
            ],
            [
              77.20720576308075,
              28.614029332846986
            ]
          ]
        ]
      }
    },
    {
      "type": "Feature",
      "properties": {
        "legacy_id": "LEGACY-SY-106-144",
        "survey_number": "SY-106/144",
        "recorded_area_sqm": 476.24,
        "vintage_year": 2010
      },
      "geometry": {
        "type": "Polygon",
        "coordinates": [
          [
            [
              77.20679675412691,
              28.61400662794385
            ],
            [
              77.20649299665081,
              28.613974922580617
            ],
            [
              77.20650148290976,
              28.61413273308034
            ],
            [
              77.2068026842939,
              28.614140165967807
            ],
            [
              77.20679675412691,
              28.61400662794385
            ]
          ]
        ]
      }
    },
    {
      "type": "Feature",
      "properties": {
        "legacy_id": "LEGACY-SY-106-145",
        "survey_number": "SY-106/145",
        "recorded_area_sqm": 903.96,
        "vintage_year": 2011
      },
      "geometry": {
        "type": "Polygon",
        "coordinates": [
          [
            [
              77.20646927222352,
              28.613952461035595
            ],
            [
              77.20608135676146,
              28.613911970386884
            ],
            [
              77.2060902143077,
              28.614142437555813
            ],
            [
              77.20648000548839,
              28.614152057669063
            ],
            [
              77.20646927222352,
              28.613952461035595
            ]
          ]
        ]
      }
    },
    {
      "type": "Feature",
      "properties": {
        "legacy_id": "LEGACY-SY-106-146",
        "survey_number": "SY-106/146",
        "recorded_area_sqm": 385.83,
        "vintage_year": 2012
      },
      "geometry": {
        "type": "Polygon",
        "coordinates": [
          [
            [
              77.20608135676146,
              28.613911970386884
            ],
            [
              77.20593241667001,
              28.61389642370181
            ],
            [
              77.20593748089945,
              28.61413866776213
            ],
            [
              77.2060902143077,
              28.614142437555813
            ],
            [
              77.20608135676146,
              28.613911970386884
            ]
          ]
        ]
      }
    },
    {
      "type": "Feature",
      "properties": {
        "legacy_id": "LEGACY-SY-106-147",
        "survey_number": "SY-106/147",
        "recorded_area_sqm": 961.84,
        "vintage_year": 2013
      },
      "geometry": {
        "type": "Polygon",
        "coordinates": [
          [
            [
              77.20593748089945,
              28.61413866776213
            ],
            [
              77.20594933430127,
              28.614705655659954
            ],
            [
              77.20611170140273,
              28.61470150870556
            ],
            [
              77.2060902143077,
              28.614142437555813
            ],
            [
              77.20593748089945,
              28.61413866776213
            ]
          ]
        ]
      }
    },
    {
      "type": "Feature",
      "properties": {
        "legacy_id": "LEGACY-SY-106-148",
        "survey_number": "SY-106/148",
        "recorded_area_sqm": 930.47,
        "vintage_year": 2014
      },
      "geometry": {
        "type": "Polygon",
        "coordinates": [
          [
            [
              77.20594933430127,
              28.614705655659954
            ],
            [
              77.2059600790299,
              28.615219597813468
            ],
            [
              77.20613145002471,
              28.61521533658235
            ],
            [
              77.20611170140273,
              28.61470150870556
            ],
            [
              77.20594933430127,
              28.614705655659954
            ]
          ]
        ]
      }
    },
    {
      "type": "Feature",
      "properties": {
        "legacy_id": "LEGACY-SY-106-149",
        "survey_number": "SY-106/149",
        "recorded_area_sqm": 2343.52,
        "vintage_year": 2015
      },
      "geometry": {
        "type": "Polygon",
        "coordinates": [
          [
            [
              77.20648000548839,
              28.614152057669063
            ],
            [
              77.2060902143077,
              28.614142437555813
            ],
            [
              77.20611170140273,
              28.61470150870556
            ],
            [
              77.20650900671559,
              28.614691360465628
            ],
            [
              77.20648000548839,
              28.614152057669063
            ]
          ]
        ]
      }
    },
    {
      "type": "Feature",
      "properties": {
        "legacy_id": "LEGACY-SY-106-150",
        "survey_number": "SY-106/150",
        "recorded_area_sqm": 1587.29,
        "vintage_year": 2016
      },
      "geometry": {
        "type": "Polygon",
        "coordinates": [
          [
            [
              77.2068044496445,
              28.61417991876593
            ],
            [
              77.2065036211185,
              28.61417249509306
            ],
            [
              77.20653042627852,
              28.61467095814496
            ],
            [
              77.20682592079997,
              28.614663409623954
            ],
            [
              77.2068044496445,
              28.61417991876593
            ]
          ]
        ]
      }
    },
    {
      "type": "Feature",
      "properties": {
        "legacy_id": "LEGACY-SY-106-151",
        "survey_number": "SY-106/151",
        "recorded_area_sqm": 2107.15,
        "vintage_year": 2017
      },
      "geometry": {
        "type": "Polygon",
        "coordinates": [
          [
            [
              77.20720974055448,
              28.614170064629388
            ],
            [
              77.20682610021792,
              28.61416059840293
            ],
            [
              77.20684928470992,
              28.614682667929312
            ],
            [
              77.20722395781699,
              28.614673095767266
            ],
            [
              77.20720974055448,
              28.614170064629388
            ]
          ]
        ]
      }
    },
    {
      "type": "Feature",
      "properties": {
        "legacy_id": "LEGACY-SY-106-152",
        "survey_number": "SY-106/152",
        "recorded_area_sqm": 1571.7,
        "vintage_year": 2018
      },
      "geometry": {
        "type": "Polygon",
        "coordinates": [
          [
            [
              77.20750595594943,
              28.61417737292194
            ],
            [
              77.20720974055448,
              28.614170064629388
            ],
            [
              77.20722395781699,
              28.614673095767266
            ],
            [
              77.20751259900793,
              28.614665720844883
            ],
            [
              77.20750595594943,
              28.61417737292194
            ]
          ]
        ]
      }
    },
    {
      "type": "Feature",
      "properties": {
        "legacy_id": "LEGACY-SY-106-153",
        "survey_number": "SY-106/153",
        "recorded_area_sqm": 2503.3,
        "vintage_year": 2019
      },
      "geometry": {
        "type": "Polygon",
        "coordinates": [
          [
            [
              77.2060800390754,
              28.614698344688517
            ],
            [
              77.20609086201772,
              28.615215997367404
            ],
            [
              77.20653671507915,
              28.615208738077577
            ],
            [
              77.20652588995384,
              28.61469108555395
            ],
            [
              77.2060800390754,
              28.614698344688517
            ]
          ]
        ]
      }
    },
    {
      "type": "Feature",
      "properties": {
        "legacy_id": "LEGACY-SY-106-154",
        "survey_number": "SY-106/154",
        "recorded_area_sqm": 1885.65,
        "vintage_year": 1998
      },
      "geometry": {
        "type": "Polygon",
        "coordinates": [
          [
            [
              77.20684928470992,
              28.614682667929312
            ],
            [
              77.20650900671559,
              28.614691360465628
            ],
            [
              77.20653664235309,
              28.615205260396696
            ],
            [
              77.20687212230398,
              28.615196916877533
            ],
            [
              77.20684928470992,
              28.614682667929312
            ]
          ]
        ]
      }
    },
    {
      "type": "Feature",
      "properties": {
        "legacy_id": "LEGACY-SY-106-155",
        "survey_number": "SY-106/155",
        "recorded_area_sqm": 2068.82,
        "vintage_year": 1999
      },
      "geometry": {
        "type": "Polygon",
        "coordinates": [
          [
            [
              77.20722395781699,
              28.614673095767266
            ],
            [
              77.20684928470992,
              28.614682667929312
            ],
            [
              77.20687212230398,
              28.615196916877533
            ],
            [
              77.20723850542355,
              28.615187803835024
            ],
            [
              77.20722395781699,
              28.614673095767266
            ]
          ]
        ]
      }
    },
    {
      "type": "Feature",
      "properties": {
        "legacy_id": "LEGACY-SY-106-156",
        "survey_number": "SY-106/156",
        "recorded_area_sqm": 1236.77,
        "vintage_year": 2000
      },
      "geometry": {
        "type": "Polygon",
        "coordinates": [
          [
            [
              77.20749038380822,
              28.614686143645212
            ],
            [
              77.20724700075046,
              28.61469236220242
            ],
            [
              77.207260427333,
              28.615167403804598
            ],
            [
              77.20749685056985,
              28.615161522689466
            ],
            [
              77.20749038380822,
              28.614686143645212
            ]
          ]
        ]
      }
    },
    {
      "type": "Feature",
      "properties": {
        "legacy_id": "LEGACY-SY-107-157",
        "survey_number": "SY-107/157",
        "recorded_area_sqm": 113.63,
        "vintage_year": 2001
      },
      "geometry": {
        "type": "Polygon",
        "coordinates": [
          [
            [
              77.20593108440583,
              28.613832695230045
            ],
            [
              77.20593949102438,
              28.613769983329856
            ],
            [
              77.20607687876763,
              28.613784324181545
            ],
            [
              77.20607678483304,
              28.61370747021872
            ],
            [
              77.20592847879223,
              28.61370805585591
            ],
            [
              77.20593108440583,
              28.613832695230045
            ]
          ]
        ]
      }
    },
    {
      "type": "Feature",
      "properties": {
        "legacy_id": "LEGACY-SY-107-158",
        "survey_number": "SY-107/158",
        "recorded_area_sqm": 510.6,
        "vintage_year": 2002
      },
      "geometry": {
        "type": "Polygon",
        "coordinates": [
          [
            [
              77.20607687876763,
              28.613784324181545
            ],
            [
              77.20653995063371,
              28.613832659635058
            ],
            [
              77.2065381121631,
              28.613705647471637
            ],
            [
              77.20607678483304,
              28.61370747021872
            ],
            [
              77.20607687876763,
              28.613784324181545
            ]
          ]
        ]
      }
    },
    {
      "type": "Feature",
      "properties": {
        "legacy_id": "LEGACY-SY-107-159",
        "survey_number": "SY-107/159",
        "recorded_area_sqm": 546.16,
        "vintage_year": 2003
      },
      "geometry": {
        "type": "Polygon",
        "coordinates": [
          [
            [
              77.20653995063371,
              28.613832659635058
            ],
            [
              77.20688408596641,
              28.613868579427912
            ],
            [
              77.20688563562399,
              28.61370427333661
            ],
            [
              77.2065381121631,
              28.613705647471637
            ],
            [
              77.20653995063371,
              28.613832659635058
            ]
          ]
        ]
      }
    },
    {
      "type": "Feature",
      "properties": {
        "legacy_id": "LEGACY-SY-107-160",
        "survey_number": "SY-107/160",
        "recorded_area_sqm": 587.6,
        "vintage_year": 2004
      },
      "geometry": {
        "type": "Polygon",
        "coordinates": [
          [
            [
              77.20688408596641,
              28.613868579427912
            ],
            [
              77.20718406721318,
              28.613899889813567
            ],
            [
              77.20718567864132,
              28.613703086225776
            ],
            [
              77.20688563562399,
              28.61370427333661
            ],
            [
              77.20688408596641,
              28.613868579427912
            ]
          ]
        ]
      }
    },
    {
      "type": "Feature",
      "properties": {
        "legacy_id": "LEGACY-SY-107-161",
        "survey_number": "SY-107/161",
        "recorded_area_sqm": 1051.95,
        "vintage_year": 2005
      },
      "geometry": {
        "type": "Polygon",
        "coordinates": [
          [
            [
              77.20718406721318,
              28.613899889813567
            ],
            [
              77.2076322885345,
              28.613946671397077
            ],
            [
              77.20761668652243,
              28.613701379793476
            ],
            [
              77.20718567864132,
              28.613703086225776
            ],
            [
              77.20718406721318,
              28.613899889813567
            ]
          ]
        ]
      }
    },
    {
      "type": "Feature",
      "properties": {
        "legacy_id": "LEGACY-SY-107-162",
        "survey_number": "SY-107/162",
        "recorded_area_sqm": 137.07,
        "vintage_year": 2006
      },
      "geometry": {
        "type": "Polygon",
        "coordinates": [
          [
            [
              77.20765368603598,
              28.613928919460754
            ],
            [
              77.20770455603935,
              28.61393422874135
            ],
            [
              77.20770976001778,
              28.613720858170996
            ],
            [
              77.20764046950762,
              28.613721132644507
            ],
            [
              77.20765368603598,
              28.613928919460754
            ]
          ]
        ]
      }
    },
    {
      "type": "Feature",
      "properties": {
        "legacy_id": "LEGACY-SY-107-163",
        "survey_number": "SY-107/163",
        "recorded_area_sqm": 713.33,
        "vintage_year": 2007
      },
      "geometry": {
        "type": "Polygon",
        "coordinates": [
          [
            [
              77.20773274268994,
              28.613700920073338
            ],
            [
              77.20774444137157,
              28.613221254637452
            ],
            [
              77.20758618266554,
              28.61322179931094
            ],
            [
              77.20761668652243,
              28.613701379793476
            ],
            [
              77.20773274268994,
              28.613700920073338
            ]
          ]
        ]
      }
    },
    {
      "type": "Feature",
      "properties": {
        "legacy_id": "LEGACY-SY-107-164",
        "survey_number": "SY-107/164",
        "recorded_area_sqm": 806.41,
        "vintage_year": 2008
      },
      "geometry": {
        "type": "Polygon",
        "coordinates": [
          [
            [
              77.20774444137157,
              28.613221254637452
            ],
            [
              77.20775469370203,
              28.61280089358683
            ],
            [
              77.20755940198983,
              28.61280074891325
            ],
            [
              77.20758618266554,
              28.61322179931094
            ],
            [
              77.20774444137157,
              28.613221254637452
            ]
          ]
        ]
      }
    },
    {
      "type": "Feature",
      "properties": {
        "legacy_id": "LEGACY-SY-107-165",
        "survey_number": "SY-107/165",
        "recorded_area_sqm": 696.17,
        "vintage_year": 2009
      },
      "geometry": {
        "type": "Polygon",
        "coordinates": [
          [
            [
              77.20775469370203,
              28.61280089358683
            ],
            [
              77.20776233446254,
              28.61248761181187
            ],
            [
              77.2075402146519,
              28.612499079044607
            ],
            [
              77.20755940198983,
              28.61280074891325
            ],
            [
              77.20775469370203,
              28.61280089358683
            ]
          ]
        ]
      }
    },
    {
      "type": "Feature",
      "properties": {
        "legacy_id": "LEGACY-SY-107-166",
        "survey_number": "SY-107/166",
        "recorded_area_sqm": 1129.05,
        "vintage_year": 2010
      },
      "geometry": {
        "type": "Polygon",
        "coordinates": [
          [
            [
              77.2075402146519,
              28.612499079044607
            ],
            [
              77.20719539171841,
              28.612516880266313
            ],
            [
              77.20719306946356,
              28.6128004767717
            ],
            [
              77.20755940198983,
              28.61280074891325
            ],
            [
              77.2075402146519,
              28.612499079044607
            ]
          ]
        ]
      }
    },
    {
      "type": "Feature",
      "properties": {
        "legacy_id": "LEGACY-SY-107-167",
        "survey_number": "SY-107/167",
        "recorded_area_sqm": 893.29,
        "vintage_year": 2011
      },
      "geometry": {
        "type": "Polygon",
        "coordinates": [
          [
            [
              77.20719539171841,
              28.612516880266313
            ],
            [
              77.20689668950823,
              28.61253229982876
            ],
            [
              77.20689416214427,
              28.612800253984876
            ],
            [
              77.20719306946356,
              28.6128004767717
            ],
            [
              77.20719539171841,
              28.612516880266313
            ]
          ]
        ]
      }
    },
    {
      "type": "Feature",
      "properties": {
        "legacy_id": "LEGACY-SY-107-168",
        "survey_number": "SY-107/168",
        "recorded_area_sqm": 774.98,
        "vintage_year": 2012
      },
      "geometry": {
        "type": "Polygon",
        "coordinates": [
          [
            [
              77.20687399921265,
              28.61255335190863
            ],
            [
              77.20654417287018,
              28.612570377333416
            ],
            [
              77.20654720907355,
              28.612780147687598
            ],
            [
              77.20687185771938,
              28.612780390464717
            ],
            [
              77.20687399921265,
              28.61255335190863
            ]
          ]
        ]
      }
    },
    {
      "type": "Feature",
      "properties": {
        "legacy_id": "LEGACY-SY-107-169",
        "survey_number": "SY-107/169",
        "recorded_area_sqm": 1148.83,
        "vintage_year": 2013
      },
      "geometry": {
        "type": "Polygon",
        "coordinates": [
          [
            [
              77.20652140933727,
              28.612551671550797
            ],
            [
              77.20607540077256,
              28.61257469287044
            ],
            [
              77.20607567554958,
              28.612799640559317
            ],
            [
              77.20652500325582,
              28.612799977926333
            ],
            [
              77.20652140933727,
              28.612551671550797
            ]
          ]
        ]
      }
    },
    {
      "type": "Feature",
      "properties": {
        "legacy_id": "LEGACY-SY-107-170",
        "survey_number": "SY-107/170",
        "recorded_area_sqm": 402.9,
        "vintage_year": 2014
      },
      "geometry": {
        "type": "Polygon",
        "coordinates": [
          [
            [
              77.20607540077256,
              28.61257469287044
            ],
            [
              77.205906807265,
              28.612583394662636
            ],
            [
              77.20590412108689,
              28.612542868048504
            ],
            [
              77.20590948605506,
              28.6127995154022
            ],
            [
              77.20607567554958,
              28.612799640559317
            ],
            [
              77.20607540077256,
              28.61257469287044
            ]
          ]
        ]
      }
    },
    {
      "type": "Feature",
      "properties": {
        "legacy_id": "LEGACY-SY-107-171",
        "survey_number": "SY-107/171",
        "recorded_area_sqm": 774.91,
        "vintage_year": 2015
      },
      "geometry": {
        "type": "Polygon",
        "coordinates": [
          [
            [
              77.20608460678467,
              28.613226849980244
            ],
            [
              77.20607561639636,
              28.61279681104172
            ],
            [
              77.20590948605506,
              28.6127995154022
            ],
            [
              77.2059184757677,
              28.613229554388777
            ],
            [
              77.20608460678467,
              28.613226849980244
            ]
          ]
        ]
      }
    },
    {
      "type": "Feature",
      "properties": {
        "legacy_id": "LEGACY-SY-107-172",
        "survey_number": "SY-107/172",
        "recorded_area_sqm": 797.35,
        "vintage_year": 2016
      },
      "geometry": {
        "type": "Polygon",
        "coordinates": [
          [
            [
              77.20591843340478,
              28.613227527904407
            ],
            [
              77.20592847879223,
              28.61370805585591
            ],
            [
              77.20607678483304,
              28.61370747021872
            ],
            [
              77.20607619765602,
              28.6132269868754
            ],
            [
              77.20591843340478,
              28.613227527904407
            ]
          ]
        ]
      }
    },
    {
      "type": "Feature",
      "properties": {
        "legacy_id": "LEGACY-SY-107-173",
        "survey_number": "SY-107/173",
        "recorded_area_sqm": 2090.45,
        "vintage_year": 2017
      },
      "geometry": {
        "type": "Polygon",
        "coordinates": [
          [
            [
              77.20652500325582,
              28.612799977926333
            ],
            [
              77.20607567554958,
              28.612799640559317
            ],
            [
              77.20607619765602,
              28.6132269868754
            ],
            [
              77.20653116120482,
              28.613225425616644
            ],
            [
              77.20652500325582,
              28.612799977926333
            ]
          ]
        ]
      }
    },
    {
      "type": "Feature",
      "properties": {
        "legacy_id": "LEGACY-SY-107-174",
        "survey_number": "SY-107/174",
        "recorded_area_sqm": 1332.07,
        "vintage_year": 2018
      },
      "geometry": {
        "type": "Polygon",
        "coordinates": [
          [
            [
              77.20687148332179,
              28.612820083923904
            ],
            [
              77.20654778360932,
              28.612819841863438
            ],
            [
              77.20655336575902,
              28.61320550236545
            ],
            [
              77.20686785819692,
              28.613204422207403
            ],
            [
              77.20687148332179,
              28.612820083923904
            ]
          ]
        ]
      }
    },
    {
      "type": "Feature",
      "properties": {
        "legacy_id": "LEGACY-SY-107-175",
        "survey_number": "SY-107/175",
        "recorded_area_sqm": 1373.18,
        "vintage_year": 2019
      },
      "geometry": {
        "type": "Polygon",
        "coordinates": [
          [
            [
              77.20719306946356,
              28.6128004767717
            ],
            [
              77.20689416214427,
              28.612800253984876
            ],
            [
              77.2068901635949,
              28.613224192580777
            ],
            [
              77.20718960833376,
              28.613223163374833
            ],
            [
              77.20719306946356,
              28.6128004767717
            ]
          ]
        ]
      }
    },
    {
      "type": "Feature",
      "properties": {
        "legacy_id": "LEGACY-SY-107-176",
        "survey_number": "SY-107/176",
        "recorded_area_sqm": 1744.94,
        "vintage_year": 1998
      },
      "geometry": {
        "type": "Polygon",
        "coordinates": [
          [
            [
              77.20755940198983,
              28.61280074891325
            ],
            [
              77.20719306946356,
              28.6128004767717
            ],
            [
              77.20718960833376,
              28.613223163374833
            ],
            [
              77.20758618266554,
              28.61322179931094
            ],
            [
              77.20755940198983,
              28.61280074891325
            ]
          ]
        ]
      }
    },
    {
      "type": "Feature",
      "properties": {
        "legacy_id": "LEGACY-SY-107-177",
        "survey_number": "SY-107/177",
        "recorded_area_sqm": 2386.26,
        "vintage_year": 1999
      },
      "geometry": {
        "type": "Polygon",
        "coordinates": [
          [
            [
              77.20653116120482,
              28.613225425616644
            ],
            [
              77.20607619765602,
              28.6132269868754
            ],
            [
              77.20607678483304,
              28.61370747021872
            ],
            [
              77.2065381121631,
              28.613705647471637
            ],
            [
              77.20653116120482,
              28.613225425616644
            ]
          ]
        ]
      }
    },
    {
      "type": "Feature",
      "properties": {
        "legacy_id": "LEGACY-SY-107-178",
        "survey_number": "SY-107/178",
        "recorded_area_sqm": 1839.17,
        "vintage_year": 2000
      },
      "geometry": {
        "type": "Polygon",
        "coordinates": [
          [
            [
              77.2068901635949,
              28.613224192580777
            ],
            [
              77.20653116120482,
              28.613225425616644
            ],
            [
              77.2065381121631,
              28.613705647471637
            ],
            [
              77.20688563562399,
              28.61370427333661
            ],
            [
              77.2068901635949,
              28.613224192580777
            ]
          ]
        ]
      }
    },
    {
      "type": "Feature",
      "properties": {
        "legacy_id": "LEGACY-SY-107-179",
        "survey_number": "SY-107/179",
        "recorded_area_sqm": 1559.99,
        "vintage_year": 2001
      },
      "geometry": {
        "type": "Polygon",
        "coordinates": [
          [
            [
              77.20718960833376,
              28.613223163374833
            ],
            [
              77.2068901635949,
              28.613224192580777
            ],
            [
              77.20688563562399,
              28.61370427333661
            ],
            [
              77.20718567864132,
              28.613703086225776
            ],
            [
              77.20718960833376,
              28.613223163374833
            ]
          ]
        ]
      }
    },
    {
      "type": "Feature",
      "properties": {
        "legacy_id": "LEGACY-SY-107-180",
        "survey_number": "SY-107/180",
        "recorded_area_sqm": 1759.81,
        "vintage_year": 2002
      },
      "geometry": {
        "type": "Polygon",
        "coordinates": [
          [
            [
              77.20756492319713,
              28.613241719469634
            ],
            [
              77.20721193813021,
              28.613242933607946
            ],
            [
              77.20720833365911,
              28.61368314950895
            ],
            [
              77.20759290354611,
              28.613681626937723
            ],
            [
              77.20756492319713,
              28.613241719469634
            ]
          ]
        ]
      }
    },
    {
      "type": "Feature",
      "properties": {
        "legacy_id": "LEGACY-SY-108-181",
        "survey_number": "SY-108/181",
        "recorded_area_sqm": 761.0,
        "vintage_year": 2003
      },
      "geometry": {
        "type": "Polygon",
        "coordinates": [
          [
            [
              77.20587697100336,
              28.611244020824806
            ],
            [
              77.2058834346305,
              28.61155324552468
            ],
            [
              77.20610237374933,
              28.611546756029693
            ],
            [
              77.20611399051279,
              28.611240162620916
            ],
            [
              77.20587697100336,
              28.611244020824806
            ]
          ]
        ]
      }
    },
    {
      "type": "Feature",
      "properties": {
        "legacy_id": "LEGACY-SY-108-182",
        "survey_number": "SY-108/182",
        "recorded_area_sqm": 753.84,
        "vintage_year": 2004
      },
      "geometry": {
        "type": "Polygon",
        "coordinates": [
          [
            [
              77.2058834346305,
              28.61155324552468
            ],
            [
              77.20589037320754,
              28.611885186741702
            ],
            [
              77.20608975644095,
              28.611879755993257
            ],
            [
              77.20610237374933,
              28.611546756029693
            ],
            [
              77.2058834346305,
              28.61155324552468
            ]
          ]
        ]
      }
    },
    {
      "type": "Feature",
      "properties": {
        "legacy_id": "LEGACY-SY-108-183",
        "survey_number": "SY-108/183",
        "recorded_area_sqm": 797.1,
        "vintage_year": 2005
      },
      "geometry": {
        "type": "Polygon",
        "coordinates": [
          [
            [
              77.20589037320754,
              28.611885186741702
            ],
            [
              77.20589856638206,
              28.61227714059681
            ],
            [
              77.20607494911341,
              28.61227055542511
            ],
            [
              77.20608975644095,
              28.611879755993257
            ],
            [
              77.20589037320754,
              28.611885186741702
            ]
          ]
        ]
      }
    },
    {
      "type": "Feature",
      "properties": {
        "legacy_id": "LEGACY-SY-108-184",
        "survey_number": "SY-108/184",
        "recorded_area_sqm": 412.6,
        "vintage_year": 2006
      },
      "geometry": {
        "type": "Polygon",
        "coordinates": [
          [
            [
              77.20589856638206,
              28.61227714059681
            ],
            [
              77.2059032719411,
              28.61250224661868
            ],
            [
              77.20606648956351,
              28.612493822305506
            ],
            [
              77.20607494911341,
              28.61227055542511
            ],
            [
              77.20589856638206,
              28.61227714059681
            ]
          ]
        ]
      }
    },
    {
      "type": "Feature",
      "properties": {
        "legacy_id": "LEGACY-SY-108-185",
        "survey_number": "SY-108/185",
        "recorded_area_sqm": 1080.21,
        "vintage_year": 2007
      },
      "geometry": {
        "type": "Polygon",
        "coordinates": [
          [
            [
              77.20606648956351,
              28.612493822305506
            ],
            [
              77.20652830018827,
              28.612469985346156
            ],
            [
              77.20652023862388,
              28.61225392971406
            ],
            [
              77.20607494911341,
              28.61227055542511
            ],
            [
              77.20606648956351,
              28.612493822305506
            ]
          ]
        ]
      }
    },
    {
      "type": "Feature",
      "properties": {
        "legacy_id": "LEGACY-SY-108-186",
        "survey_number": "SY-108/186",
        "recorded_area_sqm": 526.77,
        "vintage_year": 2008
      },
      "geometry": {
        "type": "Polygon",
        "coordinates": [
          [
            [
              77.20655001967323,
              28.61244898343554
            ],
            [
              77.20683031195034,
              28.61243451496769
            ],
            [
              77.20682042631394,
              28.61226258544707
            ],
            [
              77.20654345056326,
              28.61227292763895
            ],
            [
              77.20655001967323,
              28.61244898343554
            ]
          ]
        ]
      }
    },
    {
      "type": "Feature",
      "properties": {
        "legacy_id": "LEGACY-SY-108-187",
        "survey_number": "SY-108/187",
        "recorded_area_sqm": 928.72,
        "vintage_year": 2009
      },
      "geometry": {
        "type": "Polygon",
        "coordinates": [
          [
            [
              77.20685390489906,
              28.61245317788353
            ],
            [
              77.2072639923546,
              28.61243200836965
            ],
            [
              77.20725183076571,
              28.61222661118054
            ],
            [
              77.20684175815383,
              28.612241924274027
            ],
            [
              77.20685390489906,
              28.61245317788353
            ]
          ]
        ]
      }
    },
    {
      "type": "Feature",
      "properties": {
        "legacy_id": "LEGACY-SY-108-188",
        "survey_number": "SY-108/188",
        "recorded_area_sqm": 769.77,
        "vintage_year": 2010
      },
      "geometry": {
        "type": "Polygon",
        "coordinates": [
          [
            [
              77.2072639923546,
              28.61243200836965
            ],
            [
              77.20761333645778,
              28.61241397356336
            ],
            [
              77.20760038342853,
              28.6122135944121
            ],
            [
              77.20725183076571,
              28.61222661118054
            ],
            [
              77.2072639923546,
              28.61243200836965
            ]
          ]
        ]
      }
    },
    {
      "type": "Feature",
      "properties": {
        "legacy_id": "LEGACY-SY-108-189",
        "survey_number": "SY-108/189",
        "recorded_area_sqm": 410.69,
        "vintage_year": 2011
      },
      "geometry": {
        "type": "Polygon",
        "coordinates": [
          [
            [
              77.20758363581119,
              28.61221031318769
            ],
            [
              77.20758790498382,
              28.612414387849316
            ],
            [
              77.20777344087996,
              28.612411365307114
            ],
            [
              77.20776917134924,
              28.61220729067097
            ],
            [
              77.20758363581119,
              28.61221031318769
            ]
          ]
        ]
      }
    },
    {
      "type": "Feature",
      "properties": {
        "legacy_id": "LEGACY-SY-108-190",
        "survey_number": "SY-108/190",
        "recorded_area_sqm": 752.37,
        "vintage_year": 2012
      },
      "geometry": {
        "type": "Polygon",
        "coordinates": [
          [
            [
              77.20776917134924,
              28.61220729067097
            ],
            [
              77.20777828177292,
              28.61183375261199
            ],
            [
              77.20757618566938,
              28.611839259770587
            ],
            [
              77.20760038342853,
              28.6122135944121
            ],
            [
              77.20776917134924,
              28.61220729067097
            ]
          ]
        ]
      }
    },
    {
      "type": "Feature",
      "properties": {
        "legacy_id": "LEGACY-SY-108-191",
        "survey_number": "SY-108/191",
        "recorded_area_sqm": 791.79,
        "vintage_year": 2013
      },
      "geometry": {
        "type": "Polygon",
        "coordinates": [
          [
            [
              77.20777828177292,
              28.61183375261199
            ],
            [
              77.20778649929315,
              28.611496825640618
            ],
            [
              77.20755449496544,
              28.611503705271126
            ],
            [
              77.20757618566938,
              28.611839259770587
            ],
            [
              77.20777828177292,
              28.61183375261199
            ]
          ]
        ]
      }
    },
    {
      "type": "Feature",
      "properties": {
        "legacy_id": "LEGACY-SY-108-192",
        "survey_number": "SY-108/192",
        "recorded_area_sqm": 532.28,
        "vintage_year": 2014
      },
      "geometry": {
        "type": "Polygon",
        "coordinates": [
          [
            [
              77.20776447177393,
              28.61147762078108
            ],
            [
              77.20777043713086,
              28.611233037645576
            ],
            [
              77.20755974787598,
              28.611236469843288
            ],
            [
              77.20757569795404,
              28.611483218494726
            ],
            [
              77.20776447177393,
              28.61147762078108
            ]
          ]
        ]
      }
    },
    {
      "type": "Feature",
      "properties": {
        "legacy_id": "LEGACY-SY-108-193",
        "survey_number": "SY-108/193",
        "recorded_area_sqm": 1080.24,
        "vintage_year": 2015
      },
      "geometry": {
        "type": "Polygon",
        "coordinates": [
          [
            [
              77.20753596256881,
              28.611217007052513
            ],
            [
              77.20719238444909,
              28.611222603288276
            ],
            [
              77.20720963347186,
              28.61151393072357
            ],
            [
              77.20755449496544,
              28.611503705271126
            ],
            [
              77.20753596256881,
              28.611217007052513
            ]
          ]
        ]
      }
    },
    {
      "type": "Feature",
      "properties": {
        "legacy_id": "LEGACY-SY-108-194",
        "survey_number": "SY-108/194",
        "recorded_area_sqm": 1305.67,
        "vintage_year": 2016
      },
      "geometry": {
        "type": "Polygon",
        "coordinates": [
          [
            [
              77.20719238444909,
              28.611222603288276
            ],
            [
              77.20678353276247,
              28.61122926157139
            ],
            [
              77.20680059756592,
              28.611526057866175
            ],
            [
              77.20720963347186,
              28.61151393072357
            ],
            [
              77.20719238444909,
              28.611222603288276
            ]
          ]
        ]
      }
    },
    {
      "type": "Feature",
      "properties": {
        "legacy_id": "LEGACY-SY-108-195",
        "survey_number": "SY-108/195",
        "recorded_area_sqm": 987.16,
        "vintage_year": 2017
      },
      "geometry": {
        "type": "Polygon",
        "coordinates": [
          [
            [
              77.20678353276247,
              28.61122926157139
            ],
            [
              77.20648218969927,
              28.611234168251734
            ],
            [
              77.20649342019112,
              28.61153516428317
            ],
            [
              77.20680059756592,
              28.611526057866175
            ],
            [
              77.20678353276247,
              28.61122926157139
            ]
          ]
        ]
      }
    },
    {
      "type": "Feature",
      "properties": {
        "legacy_id": "LEGACY-SY-108-196",
        "survey_number": "SY-108/196",
        "recorded_area_sqm": 1250.48,
        "vintage_year": 2018
      },
      "geometry": {
        "type": "Polygon",
        "coordinates": [
          [
            [
              77.20648218969927,
              28.611234168251734
            ],
            [
              77.20611399051279,
              28.611240162620916
            ],
            [
              77.20610237374933,
              28.611546756029693
            ],
            [
              77.20649342019112,
              28.61153516428317
            ],
            [
              77.20648218969927,
              28.611234168251734
            ]
          ]
        ]
      }
    },
    {
      "type": "Feature",
      "properties": {
        "legacy_id": "LEGACY-SY-108-197",
        "survey_number": "SY-108/197",
        "recorded_area_sqm": 1457.74,
        "vintage_year": 2019
      },
      "geometry": {
        "type": "Polygon",
        "coordinates": [
          [
            [
              77.20649342019112,
              28.61153516428317
            ],
            [
              77.20610237374933,
              28.611546756029693
            ],
            [
              77.20608975644095,
              28.611879755993257
            ],
            [
              77.20650585452842,
              28.611868421476693
            ],
            [
              77.20649342019112,
              28.61153516428317
            ]
          ]
        ]
      }
    },
    {
      "type": "Feature",
      "properties": {
        "legacy_id": "LEGACY-SY-108-198",
        "survey_number": "SY-108/198",
        "recorded_area_sqm": 847.45,
        "vintage_year": 1998
      },
      "geometry": {
        "type": "Polygon",
        "coordinates": [
          [
            [
              77.20677925605521,
              28.611546548631573
            ],
            [
              77.20651663837009,
              28.61155433405877
            ],
            [
              77.20652759454907,
              28.611847972919954
            ],
            [
              77.20679616637307,
              28.611840656299833
            ],
            [
              77.20677925605521,
              28.611546548631573
            ]
          ]
        ]
      }
    },
    {
      "type": "Feature",
      "properties": {
        "legacy_id": "LEGACY-SY-108-199",
        "survey_number": "SY-108/199",
        "recorded_area_sqm": 1486.25,
        "vintage_year": 1999
      },
      "geometry": {
        "type": "Polygon",
        "coordinates": [
          [
            [
              77.20720963347186,
              28.61151393072357
            ],
            [
              77.20680059756592,
              28.611526057866175
            ],
            [
              77.20681979078645,
              28.611859869003357
            ],
            [
              77.20722945525071,
              28.61184870754018
            ],
            [
              77.20720963347186,
              28.61151393072357
            ]
          ]
        ]
      }
    },
    {
      "type": "Feature",
      "properties": {
        "legacy_id": "LEGACY-SY-108-200",
        "survey_number": "SY-108/200",
        "recorded_area_sqm": 1258.91,
        "vintage_year": 2000
      },
      "geometry": {
        "type": "Polygon",
        "coordinates": [
          [
            [
              77.20755449496544,
              28.611503705271126
            ],
            [
              77.20720963347186,
              28.61151393072357
            ],
            [
              77.20722945525071,
              28.61184870754018
            ],
            [
              77.20757618566938,
              28.611839259770587
            ],
            [
              77.20755449496544,
              28.611503705271126
            ]
          ]
        ]
      }
    },
    {
      "type": "Feature",
      "properties": {
        "legacy_id": "LEGACY-SY-108-201",
        "survey_number": "SY-108/201",
        "recorded_area_sqm": 1812.64,
        "vintage_year": 2001
      },
      "geometry": {
        "type": "Polygon",
        "coordinates": [
          [
            [
              77.20650585452842,
              28.611868421476693
            ],
            [
              77.20608975644095,
              28.611879755993257
            ],
            [
              77.20607494911341,
              28.61227055542511
            ],
            [
              77.20652023862388,
              28.61225392971406
            ],
            [
              77.20650585452842,
              28.611868421476693
            ]
          ]
        ]
      }
    },
    {
      "type": "Feature",
      "properties": {
        "legacy_id": "LEGACY-SY-108-202",
        "survey_number": "SY-108/202",
        "recorded_area_sqm": 1324.2,
        "vintage_year": 2002
      },
      "geometry": {
        "type": "Polygon",
        "coordinates": [
          [
            [
              77.20681979078645,
              28.611859869003357
            ],
            [
              77.20650585452842,
              28.611868421476693
            ],
            [
              77.20652023862388,
              28.61225392971406
            ],
            [
              77.20684175815383,
              28.612241924274027
            ],
            [
              77.20681979078645,
              28.611859869003357
            ]
          ]
        ]
      }
    },
    {
      "type": "Feature",
      "properties": {
        "legacy_id": "LEGACY-SY-108-203",
        "survey_number": "SY-108/203",
        "recorded_area_sqm": 1691.88,
        "vintage_year": 2003
      },
      "geometry": {
        "type": "Polygon",
        "coordinates": [
          [
            [
              77.20722945525071,
              28.61184870754018
            ],
            [
              77.20681979078645,
              28.611859869003357
            ],
            [
              77.20684175815383,
              28.612241924274027
            ],
            [
              77.20725183076571,
              28.61222661118054
            ],
            [
              77.20722945525071,
              28.61184870754018
            ]
          ]
        ]
      }
    },
    {
      "type": "Feature",
      "properties": {
        "legacy_id": "LEGACY-SY-108-204",
        "survey_number": "SY-108/204",
        "recorded_area_sqm": 1106.52,
        "vintage_year": 2004
      },
      "geometry": {
        "type": "Polygon",
        "coordinates": [
          [
            [
              77.20755497921411,
              28.61185969395104
            ],
            [
              77.20725311423871,
              28.611867919223663
            ],
            [
              77.20727312904093,
              28.61220595119433
            ],
            [
              77.20757662925072,
              28.612194616922444
            ],
            [
              77.20755497921411,
              28.61185969395104
            ]
          ]
        ]
      }
    },
    {
      "type": "Feature",
      "properties": {
        "legacy_id": "LEGACY-SY-109-205",
        "survey_number": "SY-109/205",
        "recorded_area_sqm": 256.96,
        "vintage_year": 2005
      },
      "geometry": {
        "type": "Polygon",
        "coordinates": [
          [
            [
              77.20783945882748,
              28.61121206294952
            ],
            [
              77.2078854517852,
              28.61121293645502
            ],
            [
              77.20787959569607,
              28.611453050197536
            ],
            [
              77.20798538602165,
              28.61145365975252
            ],
            [
              77.20797461993048,
              28.611209860890035
            ],
            [
              77.20783945882748,
              28.61121206294952
            ]
          ]
        ]
      }
    },
    {
      "type": "Feature",
      "properties": {
        "legacy_id": "LEGACY-SY-109-206",
        "survey_number": "SY-109/206",
        "recorded_area_sqm": 887.5,
        "vintage_year": 2006
      },
      "geometry": {
        "type": "Polygon",
        "coordinates": [
          [
            [
              77.20787959569607,
              28.611453050197536
            ],
            [
              77.20786394460984,
              28.61209478474537
            ],
            [
              77.20801363643918,
              28.61209338267647
            ],
            [
              77.20798538602165,
              28.61145365975252
            ],
            [
              77.20787959569607,
              28.611453050197536
            ]
          ]
        ]
      }
    },
    {
      "type": "Feature",
      "properties": {
        "legacy_id": "LEGACY-SY-109-207",
        "survey_number": "SY-109/207",
        "recorded_area_sqm": 675.35,
        "vintage_year": 2007
      },
      "geometry": {
        "type": "Polygon",
        "coordinates": [
          [
            [
              77.20781736393224,
              28.612095543635046
            ],
            [
              77.20782377460122,
              28.612401954129208
            ],
            [
              77.20802697723529,
              28.612398643414014
            ],
            [
              77.20802056597745,
              28.61209223296177
            ],
            [
              77.20781736393224,
              28.612095543635046
            ]
          ]
        ]
      }
    },
    {
      "type": "Feature",
      "properties": {
        "legacy_id": "LEGACY-SY-109-208",
        "survey_number": "SY-109/208",
        "recorded_area_sqm": 1332.13,
        "vintage_year": 2008
      },
      "geometry": {
        "type": "Polygon",
        "coordinates": [
          [
            [
              77.20802685130208,
              28.612392624789376
            ],
            [
              77.20844704725526,
              28.61237092978827
            ],
            [
              77.20843864831699,
              28.612089400957007
            ],
            [
              77.20801363643918,
              28.61209338267647
            ],
            [
              77.20802685130208,
              28.612392624789376
            ]
          ]
        ]
      }
    },
    {
      "type": "Feature",
      "properties": {
        "legacy_id": "LEGACY-SY-109-209",
        "survey_number": "SY-109/209",
        "recorded_area_sqm": 962.26,
        "vintage_year": 2009
      },
      "geometry": {
        "type": "Polygon",
        "coordinates": [
          [
            [
              77.20844704725526,
              28.61237092978827
            ],
            [
              77.20875993318955,
              28.612354774426386
            ],
            [
              77.20877126437682,
              28.61208628391684
            ],
            [
              77.20843864831699,
              28.612089400957007
            ],
            [
              77.20844704725526,
              28.61237092978827
            ]
          ]
        ]
      }
    },
    {
      "type": "Feature",
      "properties": {
        "legacy_id": "LEGACY-SY-109-210",
        "survey_number": "SY-109/210",
        "recorded_area_sqm": 780.44,
        "vintage_year": 2010
      },
      "geometry": {
        "type": "Polygon",
        "coordinates": [
          [
            [
              77.20878332968249,
              28.61233368556604
            ],
            [
              77.20911520895432,
              28.612316548663784
            ],
            [
              77.2091137134827,
              28.61210292183626
            ],
            [
              77.2087929417263,
              28.612105928707606
            ],
            [
              77.20878332968249,
              28.61233368556604
            ]
          ]
        ]
      }
    },
    {
      "type": "Feature",
      "properties": {
        "legacy_id": "LEGACY-SY-109-211",
        "survey_number": "SY-109/211",
        "recorded_area_sqm": 891.81,
        "vintage_year": 2011
      },
      "geometry": {
        "type": "Polygon",
        "coordinates": [
          [
            [
              77.20913783125869,
              28.61233526130059
            ],
            [
              77.20946751659714,
              28.612318236820887
            ],
            [
              77.20947678182195,
              28.612079669608292
            ],
            [
              77.20913606432718,
              28.61208286433335
            ],
            [
              77.20913783125869,
              28.61233526130059
            ]
          ]
        ]
      }
    },
    {
      "type": "Feature",
      "properties": {
        "legacy_id": "LEGACY-SY-109-212",
        "survey_number": "SY-109/212",
        "recorded_area_sqm": 1118.46,
        "vintage_year": 2012
      },
      "geometry": {
        "type": "Polygon",
        "coordinates": [
          [
            [
              77.20946751659714,
              28.612318236820887
            ],
            [
              77.2099270174855,
              28.612294507508516
            ],
            [
              77.20991912333255,
              28.61207552073111
            ],
            [
              77.20947678182195,
              28.612079669608292
            ],
            [
              77.20946751659714,
              28.612318236820887
            ]
          ]
        ]
      }
    },
    {
      "type": "Feature",
      "properties": {
        "legacy_id": "LEGACY-SY-109-213",
        "survey_number": "SY-109/213",
        "recorded_area_sqm": 339.21,
        "vintage_year": 2013
      },
      "geometry": {
        "type": "Polygon",
        "coordinates": [
          [
            [
              77.2099270174855,
              28.612294507508516
            ],
            [
              77.21007483967922,
              28.612286873417066
            ],
            [
              77.2100607344629,
              28.61207419220516
            ],
            [
              77.20991912333255,
              28.61207552073111
            ],
            [
              77.2099270174855,
              28.612294507508516
            ]
          ]
        ]
      }
    },
    {
      "type": "Feature",
      "properties": {
        "legacy_id": "LEGACY-SY-109-214",
        "survey_number": "SY-109/214",
        "recorded_area_sqm": 875.82,
        "vintage_year": 2014
      },
      "geometry": {
        "type": "Polygon",
        "coordinates": [
          [
            [
              77.2100607344629,
              28.61207419220516
            ],
            [
              77.21002035722518,
              28.611465368994224
            ],
            [
              77.2098971030652,
              28.611464660659077
            ],
            [
              77.20991912333255,
              28.61207552073111
            ],
            [
              77.2100607344629,
              28.61207419220516
            ]
          ]
        ]
      }
    },
    {
      "type": "Feature",
      "properties": {
        "legacy_id": "LEGACY-SY-109-215",
        "survey_number": "SY-109/215",
        "recorded_area_sqm": 370.65,
        "vintage_year": 2015
      },
      "geometry": {
        "type": "Polygon",
        "coordinates": [
          [
            [
              77.21002035722518,
              28.611465368994224
            ],
            [
              77.21000132884669,
              28.611178448169266
            ],
            [
              77.21004725380908,
              28.611176076425696
            ],
            [
              77.20988679468807,
              28.61117869308282
            ],
            [
              77.2098971030652,
              28.611464660659077
            ],
            [
              77.21002035722518,
              28.611465368994224
            ]
          ]
        ]
      }
    },
    {
      "type": "Feature",
      "properties": {
        "legacy_id": "LEGACY-SY-109-216",
        "survey_number": "SY-109/216",
        "recorded_area_sqm": 894.52,
        "vintage_year": 2016
      },
      "geometry": {
        "type": "Polygon",
        "coordinates": [
          [
            [
              77.20986502102916,
              28.611198898361916
            ],
            [
              77.20953328202512,
              28.61120430748026
            ],
            [
              77.2095240248681,
              28.611442668654625
            ],
            [
              77.20987388075432,
              28.611444679933317
            ],
            [
              77.20986502102916,
              28.611198898361916
            ]
          ]
        ]
      }
    },
    {
      "type": "Feature",
      "properties": {
        "legacy_id": "LEGACY-SY-109-217",
        "survey_number": "SY-109/217",
        "recorded_area_sqm": 1112.71,
        "vintage_year": 2017
      },
      "geometry": {
        "type": "Polygon",
        "coordinates": [
          [
            [
              77.20951153534018,
              28.611184811812638
            ],
            [
              77.20912982139006,
              28.61119103472063
            ],
            [
              77.20913170593504,
              28.611460259449863
            ],
            [
              77.20950075537168,
              28.61146238210915
            ],
            [
              77.20951153534018,
              28.611184811812638
            ]
          ]
        ]
      }
    },
    {
      "type": "Feature",
      "properties": {
        "legacy_id": "LEGACY-SY-109-218",
        "survey_number": "SY-109/218",
        "recorded_area_sqm": 943.17,
        "vintage_year": 2018
      },
      "geometry": {
        "type": "Polygon",
        "coordinates": [
          [
            [
              77.20912982139006,
              28.61119103472063
            ],
            [
              77.20880882596629,
              28.611196266929866
            ],
            [
              77.20879776573834,
              28.61145833786104
            ],
            [
              77.20913170593504,
              28.611460259449863
            ],
            [
              77.20912982139006,
              28.61119103472063
            ]
          ]
        ]
      }
    },
    {
      "type": "Feature",
      "properties": {
        "legacy_id": "LEGACY-SY-109-219",
        "survey_number": "SY-109/219",
        "recorded_area_sqm": 1082.44,
        "vintage_year": 2019
      },
      "geometry": {
        "type": "Polygon",
        "coordinates": [
          [
            [
              77.20880882596629,
              28.611196266929866
            ],
            [
              77.2084121966526,
              28.611202730917338
            ],
            [
              77.20841975704978,
              28.611456161695234
            ],
            [
              77.20879776573834,
              28.61145833786104
            ],
            [
              77.20880882596629,
              28.611196266929866
            ]
          ]
        ]
      }
    },
    {
      "type": "Feature",
      "properties": {
        "legacy_id": "LEGACY-SY-109-220",
        "survey_number": "SY-109/220",
        "recorded_area_sqm": 1175.5,
        "vintage_year": 1998
      },
      "geometry": {
        "type": "Polygon",
        "coordinates": [
          [
            [
              77.2084121966526,
              28.611202730917338
            ],
            [
              77.20797461993048,
              28.611209860890035
            ],
            [
              77.20798538602165,
              28.61145365975252
            ],
            [
              77.20841975704978,
              28.611456161695234
            ],
            [
              77.2084121966526,
              28.611202730917338
            ]
          ]
        ]
      }
    },
    {
      "type": "Feature",
      "properties": {
        "legacy_id": "LEGACY-SY-109-221",
        "survey_number": "SY-109/221",
        "recorded_area_sqm": 2965.65,
        "vintage_year": 1999
      },
      "geometry": {
        "type": "Polygon",
        "coordinates": [
          [
            [
              77.20841975704978,
              28.611456161695234
            ],
            [
              77.20798538602165,
              28.61145365975252
            ],
            [
              77.20801363643918,
              28.61209338267647
            ],
            [
              77.20843864831699,
              28.612089400957007
            ],
            [
              77.20841975704978,
              28.611456161695234
            ]
          ]
        ]
      }
    },
    {
      "type": "Feature",
      "properties": {
        "legacy_id": "LEGACY-SY-109-222",
        "survey_number": "SY-109/222",
        "recorded_area_sqm": 1988.15,
        "vintage_year": 2000
      },
      "geometry": {
        "type": "Polygon",
        "coordinates": [
          [
            [
              77.2087744274985,
              28.61147805080358
            ],
            [
              77.2084428516028,
              28.611476141951147
            ],
            [
              77.20846054868933,
              28.612069347780825
            ],
            [
              77.20874958703544,
              28.612066639122116
            ],
            [
              77.2087744274985,
              28.61147805080358
            ]
          ]
        ]
      }
    },
    {
      "type": "Feature",
      "properties": {
        "legacy_id": "LEGACY-SY-109-223",
        "survey_number": "SY-109/223",
        "recorded_area_sqm": 2368.59,
        "vintage_year": 2001
      },
      "geometry": {
        "type": "Polygon",
        "coordinates": [
          [
            [
              77.20913170593504,
              28.611460259449863
            ],
            [
              77.20879776573834,
              28.61145833786104
            ],
            [
              77.20877126437682,
              28.61208628391684
            ],
            [
              77.20913606432718,
              28.61208286433335
            ],
            [
              77.20913170593504,
              28.611460259449863
            ]
          ]
        ]
      }
    },
    {
      "type": "Feature",
      "properties": {
        "legacy_id": "LEGACY-SY-109-224",
        "survey_number": "SY-109/224",
        "recorded_area_sqm": 2385.5,
        "vintage_year": 2002
      },
      "geometry": {
        "type": "Polygon",
        "coordinates": [
          [
            [
              77.20950075537168,
              28.61146238210915
            ],
            [
              77.20913170593504,
              28.611460259449863
            ],
            [
              77.20913606432718,
              28.61208286433335
            ],
            [
              77.20947678182195,
              28.612079669608292
            ],
            [
              77.20950075537168,
              28.61146238210915
            ]
          ]
        ]
      }
    },
    {
      "type": "Feature",
      "properties": {
        "legacy_id": "LEGACY-SY-109-225",
        "survey_number": "SY-109/225",
        "recorded_area_sqm": 3079.82,
        "vintage_year": 2003
      },
      "geometry": {
        "type": "Polygon",
        "coordinates": [
          [
            [
              77.20944799282759,
              28.611463242337972
            ],
            [
              77.20946096845834,
              28.612082991219527
            ],
            [
              77.20991912333255,
              28.61207552073111
            ],
            [
              77.20990614501649,
              28.611455772040863
            ],
            [
              77.20944799282759,
              28.611463242337972
            ]
          ]
        ]
      }
    },
    {
      "type": "Feature",
      "properties": {
        "legacy_id": "LEGACY-SY-110-226",
        "survey_number": "SY-110/226",
        "recorded_area_sqm": 567.31,
        "vintage_year": 2004
      },
      "geometry": {
        "type": "Polygon",
        "coordinates": [
          [
            [
              77.20778189271302,
              28.61545917851967
            ],
            [
              77.2080239648073,
              28.61546377519454
            ],
            [
              77.2080072083279,
              28.615234942100813
            ],
            [
              77.2077873647315,
              28.615234805082522
            ],
            [
              77.20778189271302,
              28.61545917851967
            ]
          ]
        ]
      }
    },
    {
      "type": "Feature",
      "properties": {
        "legacy_id": "LEGACY-SY-110-227",
        "survey_number": "SY-110/227",
        "recorded_area_sqm": 705.62,
        "vintage_year": 2005
      },
      "geometry": {
        "type": "Polygon",
        "coordinates": [
          [
            [
              77.2080239648073,
              28.61546377519454
            ],
            [
              77.20829400060548,
              28.61546890235671
            ],
            [
              77.20830000110314,
              28.615235124030704
            ],
            [
              77.2080072083279,
              28.615234942100813
            ],
            [
              77.2080239648073,
              28.61546377519454
            ]
          ]
        ]
      }
    },
    {
      "type": "Feature",
      "properties": {
        "legacy_id": "LEGACY-SY-110-228",
        "survey_number": "SY-110/228",
        "recorded_area_sqm": 720.56,
        "vintage_year": 2006
      },
      "geometry": {
        "type": "Polygon",
        "coordinates": [
          [
            [
              77.20831699625461,
              28.615449487516106
            ],
            [
              77.20865432151454,
              28.615455891490523
            ],
            [
              77.20865716374114,
              28.615255191942364
            ],
            [
              77.20832198861265,
              28.615254984512855
            ],
            [
              77.20831699625461,
              28.615449487516106
            ]
          ]
        ]
      }
    },
    {
      "type": "Feature",
      "properties": {
        "legacy_id": "LEGACY-SY-110-229",
        "survey_number": "SY-110/229",
        "recorded_area_sqm": 933.0,
        "vintage_year": 2007
      },
      "geometry": {
        "type": "Polygon",
        "coordinates": [
          [
            [
              77.20867652772671,
              28.61547616446471
            ],
            [
              77.20903313122818,
              28.61548293344886
            ],
            [
              77.20902843334001,
              28.615235573903025
            ],
            [
              77.2086799378635,
              28.61523535916468
            ],
            [
              77.20867652772671,
              28.61547616446471
            ]
          ]
        ]
      }
    },
    {
      "type": "Feature",
      "properties": {
        "legacy_id": "LEGACY-SY-110-230",
        "survey_number": "SY-110/230",
        "recorded_area_sqm": 1124.47,
        "vintage_year": 2008
      },
      "geometry": {
        "type": "Polygon",
        "coordinates": [
          [
            [
              77.20903313122818,
              28.61548293344886
            ],
            [
              77.20944671515906,
              28.61549078284657
            ],
            [
              77.20944085710286,
              28.615235826874393
            ],
            [
              77.20902843334001,
              28.615235573903025
            ],
            [
              77.20903313122818,
              28.61548293344886
            ]
          ]
        ]
      }
    },
    {
      "type": "Feature",
      "properties": {
        "legacy_id": "LEGACY-SY-110-231",
        "survey_number": "SY-110/231",
        "recorded_area_sqm": 878.41,
        "vintage_year": 2009
      },
      "geometry": {
        "type": "Polygon",
        "coordinates": [
          [
            [
              77.20944671515906,
              28.61549078284657
            ],
            [
              77.20975759908262,
              28.615496682270265
            ],
            [
              77.20975851577558,
              28.61523602086266
            ],
            [
              77.20944085710286,
              28.615235826874393
            ],
            [
              77.20944671515906,
              28.61549078284657
            ]
          ]
        ]
      }
    },
    {
      "type": "Feature",
      "properties": {
        "legacy_id": "LEGACY-SY-110-232",
        "survey_number": "SY-110/232",
        "recorded_area_sqm": 884.87,
        "vintage_year": 2010
      },
      "geometry": {
        "type": "Polygon",
        "coordinates": [
          [
            [
              77.20975759908262,
              28.615496682270265
            ],
            [
              77.21007100697848,
              28.615502628865524
            ],
            [
              77.21006450592937,
              28.61523620702055
            ],
            [
              77.20975851577558,
              28.61523602086266
            ],
            [
              77.20975759908262,
              28.615496682270265
            ]
          ]
        ]
      }
    },
    {
      "type": "Feature",
      "properties": {
        "legacy_id": "LEGACY-SY-110-233",
        "survey_number": "SY-110/233",
        "recorded_area_sqm": 615.77,
        "vintage_year": 2011
      },
      "geometry": {
        "type": "Polygon",
        "coordinates": [
          [
            [
              77.21007100697848,
              28.615502628865524
            ],
            [
              77.21028839583515,
              28.6155067531704
            ],
            [
              77.21027045957102,
              28.615236331929044
            ],
            [
              77.21006450592937,
              28.61523620702055
            ],
            [
              77.21007100697848,
              28.615502628865524
            ]
          ]
        ]
      }
    },
    {
      "type": "Feature",
      "properties": {
        "legacy_id": "LEGACY-SY-110-234",
        "survey_number": "SY-110/234",
        "recorded_area_sqm": 619.77,
        "vintage_year": 2012
      },
      "geometry": {
        "type": "Polygon",
        "coordinates": [
          [
            [
              77.21024661226731,
              28.615216470656524
            ],
            [
              77.21022171450599,
              28.614841087421834
            ],
            [
              77.21007735239584,
              28.614840724736457
            ],
            [
              77.2100865186639,
              28.615216373558848
            ],
            [
              77.21024661226731,
              28.615216470656524
            ]
          ]
        ]
      }
    },
    {
      "type": "Feature",
      "properties": {
        "legacy_id": "LEGACY-SY-110-235",
        "survey_number": "SY-110/235",
        "recorded_area_sqm": 1021.45,
        "vintage_year": 2013
      },
      "geometry": {
        "type": "Polygon",
        "coordinates": [
          [
            [
              77.21024293156108,
              28.614821293810852
            ],
            [
              77.21020748022619,
              28.614286788780344
            ],
            [
              77.21004149840303,
              28.614293300712635
            ],
            [
              77.21005437009369,
              28.6148208200788
            ],
            [
              77.21024293156108,
              28.614821293810852
            ]
          ]
        ]
      }
    },
    {
      "type": "Feature",
      "properties": {
        "legacy_id": "LEGACY-SY-110-236",
        "survey_number": "SY-110/236",
        "recorded_area_sqm": 371.64,
        "vintage_year": 2014
      },
      "geometry": {
        "type": "Polygon",
        "coordinates": [
          [
            [
              77.21020748022619,
              28.614286788780344
            ],
            [
              77.21019325829508,
              28.61407236026682
            ],
            [
              77.21003639539848,
              28.61408416113748
            ],
            [
              77.21004149840303,
              28.614293300712635
            ],
            [
              77.21020748022619,
              28.614286788780344
            ]
          ]
        ]
      }
    },
    {
      "type": "Feature",
      "properties": {
        "legacy_id": "LEGACY-SY-110-237",
        "survey_number": "SY-110/237",
        "recorded_area_sqm": 613.62,
        "vintage_year": 2015
      },
      "geometry": {
        "type": "Polygon",
        "coordinates": [
          [
            [
              77.21003639539848,
              28.61408416113748
            ],
            [
              77.20976249464111,
              28.614104766382667
            ],
            [
              77.20976179287427,
              28.61430427388394
            ],
            [
              77.21004149840303,
              28.614293300712635
            ],
            [
              77.21003639539848,
              28.61408416113748
            ]
          ]
        ]
      }
    },
    {
      "type": "Feature",
      "properties": {
        "legacy_id": "LEGACY-SY-110-238",
        "survey_number": "SY-110/238",
        "recorded_area_sqm": 721.97,
        "vintage_year": 2016
      },
      "geometry": {
        "type": "Polygon",
        "coordinates": [
          [
            [
              77.20976249464111,
              28.614104766382667
            ],
            [
              77.20941546967619,
              28.61413087187657
            ],
            [
              77.2094197619424,
              28.61431769136675
            ],
            [
              77.20976179287427,
              28.61430427388394
            ],
            [
              77.20976249464111,
              28.614104766382667
            ]
          ]
        ]
      }
    },
    {
      "type": "Feature",
      "properties": {
        "legacy_id": "LEGACY-SY-110-239",
        "survey_number": "SY-110/239",
        "recorded_area_sqm": 794.96,
        "vintage_year": 2017
      },
      "geometry": {
        "type": "Polygon",
        "coordinates": [
          [
            [
              77.20941546967619,
              28.61413087187657
            ],
            [
              77.2090080354975,
              28.61416152060225
            ],
            [
              77.20901130561238,
              28.6143337135089
            ],
            [
              77.2094197619424,
              28.61431769136675
            ],
            [
              77.20941546967619,
              28.61413087187657
            ]
          ]
        ]
      }
    },
    {
      "type": "Feature",
      "properties": {
        "legacy_id": "LEGACY-SY-110-240",
        "survey_number": "SY-110/240",
        "recorded_area_sqm": 372.93,
        "vintage_year": 2018
      },
      "geometry": {
        "type": "Polygon",
        "coordinates": [
          [
            [
              77.20871704615475,
              28.614203327969033
            ],
            [
              77.20871531661422,
              28.61432545679253
            ],
            [
              77.20898845089302,
              28.614314743539605
            ],
            [
              77.20898595089166,
              28.61418310067013
            ],
            [
              77.20871704615475,
              28.614203327969033
            ]
          ]
        ]
      }
    },
    {
      "type": "Feature",
      "properties": {
        "legacy_id": "LEGACY-SY-110-241",
        "survey_number": "SY-110/241",
        "recorded_area_sqm": 751.14,
        "vintage_year": 2019
      },
      "geometry": {
        "type": "Polygon",
        "coordinates": [
          [
            [
              77.20869481974667,
              28.614184500692048
            ],
            [
              77.20868948010583,
              28.614184184380083
            ],
            [
              77.20832794464917,
              28.614146453453603
            ],
            [
              77.20832244461845,
              28.614360732033543
            ],
            [
              77.20869252954942,
              28.614346216988423
            ],
            [
              77.20869481974667,
              28.614184500692048
            ]
          ]
        ]
      }
    },
    {
      "type": "Feature",
      "properties": {
        "legacy_id": "LEGACY-SY-110-242",
        "survey_number": "SY-110/242",
        "recorded_area_sqm": 1027.67,
        "vintage_year": 1998
      },
      "geometry": {
        "type": "Polygon",
        "coordinates": [
          [
            [
              77.20832794464917,
              28.614146453453603
            ],
            [
              77.2079244206612,
              28.614104339297374
            ],
            [
              77.20794428059436,
              28.614375562901543
            ],
            [
              77.20832244461845,
              28.614360732033543
            ],
            [
              77.20832794464917,
              28.614146453453603
            ]
          ]
        ]
      }
    },
    {
      "type": "Feature",
      "properties": {
        "legacy_id": "LEGACY-SY-110-243",
        "survey_number": "SY-110/243",
        "recorded_area_sqm": 493.24,
        "vintage_year": 1999
      },
      "geometry": {
        "type": "Polygon",
        "coordinates": [
          [
            [
              77.20778028678589,
              28.614093510512735
            ],
            [
              77.20778630735315,
              28.614381256380202
            ],
            [
              77.20794434584987,
              28.614378681465837
            ],
            [
              77.2079383248525,
              28.614090935628976
            ],
            [
              77.20778028678589,
              28.614093510512735
            ]
          ]
        ]
      }
    },
    {
      "type": "Feature",
      "properties": {
        "legacy_id": "LEGACY-SY-110-244",
        "survey_number": "SY-110/244",
        "recorded_area_sqm": 746.76,
        "vintage_year": 2000
      },
      "geometry": {
        "type": "Polygon",
        "coordinates": [
          [
            [
              77.20780818986235,
              28.614380899860425
            ],
            [
              77.20779759979554,
              28.614815129906436
            ],
            [
              77.2079765006697,
              28.61481558235606
            ],
            [
              77.20794428059436,
              28.614375562901543
            ],
            [
              77.20780818986235,
              28.614380899860425
            ]
          ]
        ]
      }
    },
    {
      "type": "Feature",
      "properties": {
        "legacy_id": "LEGACY-SY-110-245",
        "survey_number": "SY-110/245",
        "recorded_area_sqm": 906.85,
        "vintage_year": 2001
      },
      "geometry": {
        "type": "Polygon",
        "coordinates": [
          [
            [
              77.20779759979554,
              28.614815129906436
            ],
            [
              77.2077873647315,
              28.615234805082522
            ],
            [
              77.2080072083279,
              28.615234942100813
            ],
            [
              77.2079765006697,
              28.61481558235606
            ],
            [
              77.20779759979554,
              28.614815129906436
            ]
          ]
        ]
      }
    },
    {
      "type": "Feature",
      "properties": {
        "legacy_id": "LEGACY-SY-110-246",
        "survey_number": "SY-110/246",
        "recorded_area_sqm": 1377.82,
        "vintage_year": 2002
      },
      "geometry": {
        "type": "Polygon",
        "coordinates": [
          [
            [
              77.20829941441797,
              28.614381501700013
            ],
            [
              77.20796820482146,
              28.614394491107436
            ],
            [
              77.20799758960855,
              28.61479578874888
            ],
            [
              77.20828876168594,
              28.614796524590563
            ],
            [
              77.20829941441797,
              28.614381501700013
            ]
          ]
        ]
      }
    },
    {
      "type": "Feature",
      "properties": {
        "legacy_id": "LEGACY-SY-110-247",
        "survey_number": "SY-110/247",
        "recorded_area_sqm": 1871.55,
        "vintage_year": 2003
      },
      "geometry": {
        "type": "Polygon",
        "coordinates": [
          [
            [
              77.20869252954942,
              28.614346216988423
            ],
            [
              77.20832244461845,
              28.614360732033543
            ],
            [
              77.20831074801887,
              28.61481642705161
            ],
            [
              77.20868585716725,
              28.6148173740287
            ],
            [
              77.20869252954942,
              28.614346216988423
            ]
          ]
        ]
      }
    },
    {
      "type": "Feature",
      "properties": {
        "legacy_id": "LEGACY-SY-110-248",
        "survey_number": "SY-110/248",
        "recorded_area_sqm": 1692.78,
        "vintage_year": 2004
      },
      "geometry": {
        "type": "Polygon",
        "coordinates": [
          [
            [
              77.20901130561238,
              28.6143337135089
            ],
            [
              77.20869252954942,
              28.614346216988423
            ],
            [
              77.20868585716725,
              28.6148173740287
            ],
            [
              77.20902050699948,
              28.614818217987573
            ],
            [
              77.20901130561238,
              28.6143337135089
            ]
          ]
        ]
      }
    },
    {
      "type": "Feature",
      "properties": {
        "legacy_id": "LEGACY-SY-110-249",
        "survey_number": "SY-110/249",
        "recorded_area_sqm": 2190.58,
        "vintage_year": 2005
      },
      "geometry": {
        "type": "Polygon",
        "coordinates": [
          [
            [
              77.2094197619424,
              28.61431769136675
            ],
            [
              77.20901130561238,
              28.6143337135089
            ],
            [
              77.20902050699948,
              28.614818217987573
            ],
            [
              77.20943128574537,
              28.614819252806402
            ],
            [
              77.2094197619424,
              28.61431769136675
            ]
          ]
        ]
      }
    },
    {
      "type": "Feature",
      "properties": {
        "legacy_id": "LEGACY-SY-110-250",
        "survey_number": "SY-110/250",
        "recorded_area_sqm": 1850.03,
        "vintage_year": 2006
      },
      "geometry": {
        "type": "Polygon",
        "coordinates": [
          [
            [
              77.20976179287427,
              28.61430427388394
            ],
            [
              77.2094197619424,
              28.61431769136675
            ],
            [
              77.20943128574537,
              28.614819252806402
            ],
            [
              77.20975997863971,
              28.614820079939935
            ],
            [
              77.20976179287427,
              28.61430427388394
            ]
          ]
        ]
      }
    },
    {
      "type": "Feature",
      "properties": {
        "legacy_id": "LEGACY-SY-110-251",
        "survey_number": "SY-110/251",
        "recorded_area_sqm": 1623.93,
        "vintage_year": 2007
      },
      "geometry": {
        "type": "Polygon",
        "coordinates": [
          [
            [
              77.21004149840303,
              28.614293300712635
            ],
            [
              77.20976179287427,
              28.61430427388394
            ],
            [
              77.20975997863971,
              28.614820079939935
            ],
            [
              77.21005437009369,
              28.6148208200788
            ],
            [
              77.21004149840303,
              28.614293300712635
            ]
          ]
        ]
      }
    },
    {
      "type": "Feature",
      "properties": {
        "legacy_id": "LEGACY-SY-110-252",
        "survey_number": "SY-110/252",
        "recorded_area_sqm": 1104.22,
        "vintage_year": 2008
      },
      "geometry": {
        "type": "Polygon",
        "coordinates": [
          [
            [
              77.20828774289917,
              28.614836215863942
            ],
            [
              77.20800049672428,
              28.61483548995191
            ],
            [
              77.20802829440186,
              28.61521510837536
            ],
            [
              77.20827801360194,
              28.615215263544478
            ],
            [
              77.20828774289917,
              28.614836215863942
            ]
          ]
        ]
      }
    },
    {
      "type": "Feature",
      "properties": {
        "legacy_id": "LEGACY-SY-110-253",
        "survey_number": "SY-110/253",
        "recorded_area_sqm": 1712.47,
        "vintage_year": 2009
      },
      "geometry": {
        "type": "Polygon",
        "coordinates": [
          [
            [
              77.20868585716725,
              28.6148173740287
            ],
            [
              77.20831074801887,
              28.61481642705161
            ],
            [
              77.20830000110314,
              28.615235124030704
            ],
            [
              77.2086799378635,
              28.61523535916468
            ],
            [
              77.20868585716725,
              28.6148173740287
            ]
          ]
        ]
      }
    },
    {
      "type": "Feature",
      "properties": {
        "legacy_id": "LEGACY-SY-110-254",
        "survey_number": "SY-110/254",
        "recorded_area_sqm": 1546.86,
        "vintage_year": 2010
      },
      "geometry": {
        "type": "Polygon",
        "coordinates": [
          [
            [
              77.20902050699948,
              28.614818217987573
            ],
            [
              77.20868585716725,
              28.6148173740287
            ],
            [
              77.2086799378635,
              28.61523535916468
            ],
            [
              77.20902843334001,
              28.615235573903025
            ],
            [
              77.20902050699948,
              28.614818217987573
            ]
          ]
        ]
      }
    },
    {
      "type": "Feature",
      "properties": {
        "legacy_id": "LEGACY-SY-110-255",
        "survey_number": "SY-110/255",
        "recorded_area_sqm": 1860.8,
        "vintage_year": 2011
      },
      "geometry": {
        "type": "Polygon",
        "coordinates": [
          [
            [
              77.20943128574537,
              28.614819252806402
            ],
            [
              77.20902050699948,
              28.614818217987573
            ],
            [
              77.20902843334001,
              28.615235573903025
            ],
            [
              77.20944085710286,
              28.615235826874393
            ],
            [
              77.20943128574537,
              28.614819252806402
            ]
          ]
        ]
      }
    },
    {
      "type": "Feature",
      "properties": {
        "legacy_id": "LEGACY-SY-110-256",
        "survey_number": "SY-110/256",
        "recorded_area_sqm": 1458.58,
        "vintage_year": 2012
      },
      "geometry": {
        "type": "Polygon",
        "coordinates": [
          [
            [
              77.20975997863971,
              28.614820079939935
            ],
            [
              77.20943128574537,
              28.614819252806402
            ],
            [
              77.20944085710286,
              28.615235826874393
            ],
            [
              77.20975851577558,
              28.61523602086266
            ],
            [
              77.20975997863971,
              28.614820079939935
            ]
          ]
        ]
      }
    },
    {
      "type": "Feature",
      "properties": {
        "legacy_id": "LEGACY-SY-110-257",
        "survey_number": "SY-110/257",
        "recorded_area_sqm": 1352.91,
        "vintage_year": 2013
      },
      "geometry": {
        "type": "Polygon",
        "coordinates": [
          [
            [
              77.21005437009369,
              28.6148208200788
            ],
            [
              77.20975997863971,
              28.614820079939935
            ],
            [
              77.20975851577558,
              28.61523602086266
            ],
            [
              77.21006450592937,
              28.61523620702055
            ],
            [
              77.21005437009369,
              28.6148208200788
            ]
          ]
        ]
      }
    },
    {
      "type": "Feature",
      "properties": {
        "legacy_id": "LEGACY-SY-111-258",
        "survey_number": "SY-111/258",
        "recorded_area_sqm": 148.43,
        "vintage_year": 2014
      },
      "geometry": {
        "type": "Polygon",
        "coordinates": [
          [
            [
              77.20784123193688,
              28.613948493448582
            ],
            [
              77.20797423264533,
              28.613962374443382
            ],
            [
              77.20796972286702,
              28.613846894107986
            ],
            [
              77.20784357022157,
              28.613852615257787
            ],
            [
              77.20784123193688,
              28.613948493448582
            ]
          ]
        ]
      }
    },
    {
      "type": "Feature",
      "properties": {
        "legacy_id": "LEGACY-SY-111-259",
        "survey_number": "SY-111/259",
        "recorded_area_sqm": 827.1,
        "vintage_year": 2015
      },
      "geometry": {
        "type": "Polygon",
        "coordinates": [
          [
            [
              77.20799761300276,
              28.613984799765642
            ],
            [
              77.20840745234912,
              28.614027572870693
            ],
            [
              77.20838958944614,
              28.613807978845323
            ],
            [
              77.20799141292494,
              28.613826037388133
            ],
            [
              77.20799761300276,
              28.613984799765642
            ]
          ]
        ]
      }
    },
    {
      "type": "Feature",
      "properties": {
        "legacy_id": "LEGACY-SY-111-260",
        "survey_number": "SY-111/260",
        "recorded_area_sqm": 815.26,
        "vintage_year": 2016
      },
      "geometry": {
        "type": "Polygon",
        "coordinates": [
          [
            [
              77.20840745234912,
              28.614027572870693
            ],
            [
              77.20869906053046,
              28.614058005934126
            ],
            [
              77.20871154877155,
              28.61405706656866
            ],
            [
              77.20870614829629,
              28.613793621080436
            ],
            [
              77.20838958944614,
              28.613807978845323
            ],
            [
              77.20840745234912,
              28.614027572870693
            ]
          ]
        ]
      }
    },
    {
      "type": "Feature",
      "properties": {
        "legacy_id": "LEGACY-SY-111-261",
        "survey_number": "SY-111/261",
        "recorded_area_sqm": 1078.95,
        "vintage_year": 2017
      },
      "geometry": {
        "type": "Polygon",
        "coordinates": [
          [
            [
              77.20867271770514,
              28.61378493386918
            ],
            [
              77.20867842512384,
              28.614057606449922
            ],
            [
              77.20904323753186,
              28.614051659937747
            ],
            [
              77.20903752917232,
              28.61377898742399
            ],
            [
              77.20867271770514,
              28.61378493386918
            ]
          ]
        ]
      }
    },
    {
      "type": "Feature",
      "properties": {
        "legacy_id": "LEGACY-SY-111-262",
        "survey_number": "SY-111/262",
        "recorded_area_sqm": 752.65,
        "vintage_year": 2018
      },
      "geometry": {
        "type": "Polygon",
        "coordinates": [
          [
            [
              77.20904282903379,
              28.614032147243652
            ],
            [
              77.2093082095134,
              28.61401218439451
            ],
            [
              77.20931395593166,
              28.61376605142894
            ],
            [
              77.20902386108433,
              28.613779210232224
            ],
            [
              77.20904282903379,
              28.614032147243652
            ]
          ]
        ]
      }
    },
    {
      "type": "Feature",
      "properties": {
        "legacy_id": "LEGACY-SY-111-263",
        "survey_number": "SY-111/263",
        "recorded_area_sqm": 944.98,
        "vintage_year": 2019
      },
      "geometry": {
        "type": "Polygon",
        "coordinates": [
          [
            [
              77.2093082095134,
              28.61401218439451
            ],
            [
              77.20967416110132,
              28.61398465537343
            ],
            [
              77.20967314988721,
              28.61374975740313
            ],
            [
              77.20931395593166,
              28.61376605142894
            ],
            [
              77.2093082095134,
              28.61401218439451
            ]
          ]
        ]
      }
    },
    {
      "type": "Feature",
      "properties": {
        "legacy_id": "LEGACY-SY-111-264",
        "survey_number": "SY-111/264",
        "recorded_area_sqm": 569.02,
        "vintage_year": 1998
      },
      "geometry": {
        "type": "Polygon",
        "coordinates": [
          [
            [
              77.20969655947783,
              28.61396305158451
            ],
            [
              77.20997377606453,
              28.61394219701796
            ],
            [
              77.20996981041294,
              28.613756172384406
            ],
            [
              77.20969572236824,
              28.613768606460475
            ],
            [
              77.20969655947783,
              28.61396305158451
            ]
          ]
        ]
      }
    },
    {
      "type": "Feature",
      "properties": {
        "legacy_id": "LEGACY-SY-111-265",
        "survey_number": "SY-111/265",
        "recorded_area_sqm": 442.68,
        "vintage_year": 1999
      },
      "geometry": {
        "type": "Polygon",
        "coordinates": [
          [
            [
              77.2099966591886,
              28.61396039435171
            ],
            [
              77.21018489299993,
              28.613946233461157
            ],
            [
              77.21017036584169,
              28.613727200744314
            ],
            [
              77.20999186058445,
              28.613735299009885
            ],
            [
              77.2099966591886,
              28.61396039435171
            ]
          ]
        ]
      }
    },
    {
      "type": "Feature",
      "properties": {
        "legacy_id": "LEGACY-SY-111-266",
        "survey_number": "SY-111/266",
        "recorded_area_sqm": 558.76,
        "vintage_year": 2000
      },
      "geometry": {
        "type": "Polygon",
        "coordinates": [
          [
            [
              77.21017036584169,
              28.613727200744314
            ],
            [
              77.21015068315371,
              28.613430433469432
            ],
            [
              77.20998542202385,
              28.613433271739908
            ],
            [
              77.20999186058445,
              28.613735299009885
            ],
            [
              77.21017036584169,
              28.613727200744314
            ]
          ]
        ]
      }
    },
    {
      "type": "Feature",
      "properties": {
        "legacy_id": "LEGACY-SY-111-267",
        "survey_number": "SY-111/267",
        "recorded_area_sqm": 770.07,
        "vintage_year": 2001
      },
      "geometry": {
        "type": "Polygon",
        "coordinates": [
          [
            [
              77.21015068315371,
              28.613430433469432
            ],
            [
              77.21012014938674,
              28.612970053096713
            ],
            [
              77.20997571108146,
              28.612977731170464
            ],
            [
              77.20998542202385,
              28.613433271739908
            ],
            [
              77.21015068315371,
              28.613430433469432
            ]
          ]
        ]
      }
    },
    {
      "type": "Feature",
      "properties": {
        "legacy_id": "LEGACY-SY-111-268",
        "survey_number": "SY-111/268",
        "recorded_area_sqm": 468.13,
        "vintage_year": 2002
      },
      "geometry": {
        "type": "Polygon",
        "coordinates": [
          [
            [
              77.21012014938674,
              28.612970053096713
            ],
            [
              77.2100995593826,
              28.61265959874878
            ],
            [
              77.20996896368106,
              28.61266120426153
            ],
            [
              77.20997571108146,
              28.612977731170464
            ],
            [
              77.21012014938674,
              28.612970053096713
            ]
          ]
        ]
      }
    },
    {
      "type": "Feature",
      "properties": {
        "legacy_id": "LEGACY-SY-111-269",
        "survey_number": "SY-111/269",
        "recorded_area_sqm": 389.65,
        "vintage_year": 2003
      },
      "geometry": {
        "type": "Polygon",
        "coordinates": [
          [
            [
              77.2100995593826,
              28.61265959874878
            ],
            [
              77.21008021520556,
              28.61236792630684
            ],
            [
              77.20996284118793,
              28.612373987958666
            ],
            [
              77.20996896368106,
              28.61266120426153
            ],
            [
              77.2100995593826,
              28.61265959874878
            ]
          ]
        ]
      }
    },
    {
      "type": "Feature",
      "properties": {
        "legacy_id": "LEGACY-SY-111-270",
        "survey_number": "SY-111/270",
        "recorded_area_sqm": 663.5,
        "vintage_year": 2004
      },
      "geometry": {
        "type": "Polygon",
        "coordinates": [
          [
            [
              77.20994079438819,
              28.61239500732007
            ],
            [
              77.20968986544278,
              28.612407965885836
            ],
            [
              77.20969088469042,
              28.61264477372104
            ],
            [
              77.20994605166108,
              28.61264163716693
            ],
            [
              77.20994079438819,
              28.61239500732007
            ]
          ]
        ]
      }
    },
    {
      "type": "Feature",
      "properties": {
        "legacy_id": "LEGACY-SY-111-271",
        "survey_number": "SY-111/271",
        "recorded_area_sqm": 949.67,
        "vintage_year": 2005
      },
      "geometry": {
        "type": "Polygon",
        "coordinates": [
          [
            [
              77.2096672938475,
              28.612389250723417
            ],
            [
              77.20934571236472,
              28.612405857217876
            ],
            [
              77.20933957014017,
              28.612668940112076
            ],
            [
              77.20966848020521,
              28.612664897856494
            ],
            [
              77.2096672938475,
              28.612389250723417
            ]
          ]
        ]
      }
    },
    {
      "type": "Feature",
      "properties": {
        "legacy_id": "LEGACY-SY-111-272",
        "survey_number": "SY-111/272",
        "recorded_area_sqm": 1135.25,
        "vintage_year": 2006
      },
      "geometry": {
        "type": "Polygon",
        "coordinates": [
          [
            [
              77.20934571236472,
              28.612405857217876
            ],
            [
              77.20892251328935,
              28.612427710085775
            ],
            [
              77.2089409698996,
              28.612673837779372
            ],
            [
              77.20933957014017,
              28.612668940112076
            ],
            [
              77.20934571236472,
              28.612405857217876
            ]
          ]
        ]
      }
    },
    {
      "type": "Feature",
      "properties": {
        "legacy_id": "LEGACY-SY-111-273",
        "survey_number": "SY-111/273",
        "recorded_area_sqm": 657.77,
        "vintage_year": 2007
      },
      "geometry": {
        "type": "Polygon",
        "coordinates": [
          [
            [
              77.20892251328935,
              28.612427710085775
            ],
            [
              77.20867840747928,
              28.612440314453295
            ],
            [
              77.20868325912407,
              28.61267700369027
            ],
            [
              77.2089409698996,
              28.612673837779372
            ],
            [
              77.20892251328935,
              28.612427710085775
            ]
          ]
        ]
      }
    },
    {
      "type": "Feature",
      "properties": {
        "legacy_id": "LEGACY-SY-111-274",
        "survey_number": "SY-111/274",
        "recorded_area_sqm": 973.54,
        "vintage_year": 2008
      },
      "geometry": {
        "type": "Polygon",
        "coordinates": [
          [
            [
              77.20867840747928,
              28.612440314453295
            ],
            [
              77.20828001225172,
              28.61246088458405
            ],
            [
              77.2082979767635,
              28.612681735871213
            ],
            [
              77.20868325912407,
              28.61267700369027
            ],
            [
              77.20867840747928,
              28.612440314453295
            ]
          ]
        ]
      }
    },
    {
      "type": "Feature",
      "properties": {
        "legacy_id": "LEGACY-SY-111-275",
        "survey_number": "SY-111/275",
        "recorded_area_sqm": 805.5,
        "vintage_year": 2009
      },
      "geometry": {
        "type": "Polygon",
        "coordinates": [
          [
            [
              77.20828001225172,
              28.61246088458405
            ],
            [
              77.20793878964409,
              28.612478501816252
            ],
            [
              77.20794689442816,
              28.61268604704071
            ],
            [
              77.2082979767635,
              28.612681735871213
            ],
            [
              77.20828001225172,
              28.61246088458405
            ]
          ]
        ]
      }
    },
    {
      "type": "Feature",
      "properties": {
        "legacy_id": "LEGACY-SY-111-276",
        "survey_number": "SY-111/276",
        "recorded_area_sqm": 82.7,
        "vintage_year": 2010
      },
      "geometry": {
        "type": "Polygon",
        "coordinates": [
          [
            [
              77.20791710544158,
              28.612499502127875
            ],
            [
              77.20787651914489,
              28.61250159752365
            ],
            [
              77.20787248252313,
              28.61266711190311
            ],
            [
              77.2079236261618,
              28.612666483962037
            ],
            [
              77.20791710544158,
              28.612499502127875
            ]
          ]
        ]
      }
    },
    {
      "type": "Feature",
      "properties": {
        "legacy_id": "LEGACY-SY-111-277",
        "survey_number": "SY-111/277",
        "recorded_area_sqm": 479.3,
        "vintage_year": 2011
      },
      "geometry": {
        "type": "Polygon",
        "coordinates": [
          [
            [
              77.20784949538621,
              28.61268724290602
            ],
            [
              77.20783964195311,
              28.61309126261411
            ],
            [
              77.20796246366208,
              28.613084735592704
            ],
            [
              77.20794689442816,
              28.61268604704071
            ],
            [
              77.20784949538621,
              28.61268724290602
            ]
          ]
        ]
      }
    },
    {
      "type": "Feature",
      "properties": {
        "legacy_id": "LEGACY-SY-111-278",
        "survey_number": "SY-111/278",
        "recorded_area_sqm": 557.53,
        "vintage_year": 2012
      },
      "geometry": {
        "type": "Polygon",
        "coordinates": [
          [
            [
              77.20783964195311,
              28.61309126261411
            ],
            [
              77.20783039869372,
              28.61347026464622
            ],
            [
              77.20797742070165,
              28.613467741971224
            ],
            [
              77.20796246366208,
              28.613084735592704
            ],
            [
              77.20783964195311,
              28.61309126261411
            ]
          ]
        ]
      }
    },
    {
      "type": "Feature",
      "properties": {
        "legacy_id": "LEGACY-SY-111-279",
        "survey_number": "SY-111/279",
        "recorded_area_sqm": 756.01,
        "vintage_year": 2013
      },
      "geometry": {
        "type": "Polygon",
        "coordinates": [
          [
            [
              77.20779207881007,
              28.61347076170368
            ],
            [
              77.20779968082184,
              28.61383409760528
            ],
            [
              77.20799151618158,
              28.613830972035473
            ],
            [
              77.2079839135106,
              28.613467636180797
            ],
            [
              77.20779207881007,
              28.61347076170368
            ]
          ]
        ]
      }
    },
    {
      "type": "Feature",
      "properties": {
        "legacy_id": "LEGACY-SY-111-280",
        "survey_number": "SY-111/280",
        "recorded_area_sqm": 1524.97,
        "vintage_year": 2014
      },
      "geometry": {
        "type": "Polygon",
        "coordinates": [
          [
            [
              77.2082979767635,
              28.612681735871213
            ],
            [
              77.20794689442816,
              28.61268604704071
            ],
            [
              77.20796246366208,
              28.613084735592704
            ],
            [
              77.20832917264542,
              28.613065247188786
            ],
            [
              77.2082979767635,
              28.612681735871213
            ]
          ]
        ]
      }
    },
    {
      "type": "Feature",
      "properties": {
        "legacy_id": "LEGACY-SY-111-281",
        "survey_number": "SY-111/281",
        "recorded_area_sqm": 1526.19,
        "vintage_year": 2015
      },
      "geometry": {
        "type": "Polygon",
        "coordinates": [
          [
            [
              77.20868325912407,
              28.61267700369027
            ],
            [
              77.2082979767635,
              28.612681735871213
            ],
            [
              77.20832917264542,
              28.613065247188786
            ],
            [
              77.20869082345722,
              28.613046026620648
            ],
            [
              77.20868325912407,
              28.61267700369027
            ]
          ]
        ]
      }
    },
    {
      "type": "Feature",
      "properties": {
        "legacy_id": "LEGACY-SY-111-282",
        "survey_number": "SY-111/282",
        "recorded_area_sqm": 781.42,
        "vintage_year": 2016
      },
      "geometry": {
        "type": "Polygon",
        "coordinates": [
          [
            [
              77.20891993755588,
              28.61269394493946
            ],
            [
              77.20870615485964,
              28.612696571208325
            ],
            [
              77.20871288656247,
              28.613024971199025
            ],
            [
              77.20894384019445,
              28.61301269621745
            ],
            [
              77.20891993755588,
              28.61269394493946
            ]
          ]
        ]
      }
    },
    {
      "type": "Feature",
      "properties": {
        "legacy_id": "LEGACY-SY-111-283",
        "survey_number": "SY-111/283",
        "recorded_area_sqm": 1448.9,
        "vintage_year": 2017
      },
      "geometry": {
        "type": "Polygon",
        "coordinates": [
          [
            [
              77.20933957014017,
              28.612668940112076
            ],
            [
              77.2089409698996,
              28.612673837779372
            ],
            [
              77.20896777599742,
              28.613031306835744
            ],
            [
              77.20933156138226,
              28.613011971097563
            ],
            [
              77.20933957014017,
              28.612668940112076
            ]
          ]
        ]
      }
    },
    {
      "type": "Feature",
      "properties": {
        "legacy_id": "LEGACY-SY-111-284",
        "survey_number": "SY-111/284",
        "recorded_area_sqm": 1215.28,
        "vintage_year": 2018
      },
      "geometry": {
        "type": "Polygon",
        "coordinates": [
          [
            [
              77.20966848020521,
              28.612664897856494
            ],
            [
              77.20933957014017,
              28.612668940112076
            ],
            [
              77.20933156138226,
              28.613011971097563
            ],
            [
              77.20966989664764,
              28.612993987191196
            ],
            [
              77.20966848020521,
              28.612664897856494
            ]
          ]
        ]
      }
    },
    {
      "type": "Feature",
      "properties": {
        "legacy_id": "LEGACY-SY-111-285",
        "survey_number": "SY-111/285",
        "recorded_area_sqm": 1061.52,
        "vintage_year": 2019
      },
      "geometry": {
        "type": "Polygon",
        "coordinates": [
          [
            [
              77.20996896368106,
              28.61266120426153
            ],
            [
              77.20966848020521,
              28.612664897856494
            ],
            [
              77.20966989664764,
              28.612993987191196
            ],
            [
              77.20997571108146,
              28.612977731170464
            ],
            [
              77.20996896368106,
              28.61266120426153
            ]
          ]
        ]
      }
    },
    {
      "type": "Feature",
      "properties": {
        "legacy_id": "LEGACY-SY-111-286",
        "survey_number": "SY-111/286",
        "recorded_area_sqm": 1588.29,
        "vintage_year": 1998
      },
      "geometry": {
        "type": "Polygon",
        "coordinates": [
          [
            [
              77.20832917264542,
              28.613065247188786
            ],
            [
              77.20796246366208,
              28.613084735592704
            ],
            [
              77.20797742070165,
              28.613467741971224
            ],
            [
              77.20836137708308,
              28.61346115310883
            ],
            [
              77.20832917264542,
              28.613065247188786
            ]
          ]
        ]
      }
    },
    {
      "type": "Feature",
      "properties": {
        "legacy_id": "LEGACY-SY-111-287",
        "survey_number": "SY-111/287",
        "recorded_area_sqm": 1529.57,
        "vintage_year": 1999
      },
      "geometry": {
        "type": "Polygon",
        "coordinates": [
          [
            [
              77.20869082345722,
              28.613046026620648
            ],
            [
              77.20832917264542,
              28.613065247188786
            ],
            [
              77.20836137708308,
              28.61346115310883
            ],
            [
              77.20869921414695,
              28.613455354774533
            ],
            [
              77.20869082345722,
              28.613046026620648
            ]
          ]
        ]
      }
    },
    {
      "type": "Feature",
      "properties": {
        "legacy_id": "LEGACY-SY-111-288",
        "survey_number": "SY-111/288",
        "recorded_area_sqm": 990.27,
        "vintage_year": 2000
      },
      "geometry": {
        "type": "Polygon",
        "coordinates": [
          [
            [
              77.20894681033019,
              28.613052303970125
            ],
            [
              77.20871370081807,
              28.61306469353821
            ],
            [
              77.20872129425923,
              28.613435125186214
            ],
            [
              77.20897519096056,
              28.61343076693546
            ],
            [
              77.20894681033019,
              28.613052303970125
            ]
          ]
        ]
      }
    },
    {
      "type": "Feature",
      "properties": {
        "legacy_id": "LEGACY-SY-111-289",
        "survey_number": "SY-111/289",
        "recorded_area_sqm": 1585.16,
        "vintage_year": 2001
      },
      "geometry": {
        "type": "Polygon",
        "coordinates": [
          [
            [
              77.20933156138226,
              28.613011971097563
            ],
            [
              77.20896777599742,
              28.613031306835744
            ],
            [
              77.20899918896234,
              28.613450205568043
            ],
            [
              77.20932145911354,
              28.61344467291175
            ],
            [
              77.20933156138226,
              28.613011971097563
            ]
          ]
        ]
      }
    },
    {
      "type": "Feature",
      "properties": {
        "legacy_id": "LEGACY-SY-111-290",
        "survey_number": "SY-111/290",
        "recorded_area_sqm": 1637.38,
        "vintage_year": 2002
      },
      "geometry": {
        "type": "Polygon",
        "coordinates": [
          [
            [
              77.20966989664764,
              28.612993987191196
            ],
            [
              77.20933156138226,
              28.613011971097563
            ],
            [
              77.20932145911354,
              28.61344467291175
            ],
            [
              77.20967181069378,
              28.613438657290573
            ],
            [
              77.20966989664764,
              28.612993987191196
            ]
          ]
        ]
      }
    },
    {
      "type": "Feature",
      "properties": {
        "legacy_id": "LEGACY-SY-111-291",
        "survey_number": "SY-111/291",
        "recorded_area_sqm": 1512.22,
        "vintage_year": 2003
      },
      "geometry": {
        "type": "Polygon",
        "coordinates": [
          [
            [
              77.20997571108146,
              28.612977731170464
            ],
            [
              77.20966989664764,
              28.612993987191196
            ],
            [
              77.20967181069378,
              28.613438657290573
            ],
            [
              77.20998542202385,
              28.613433271739908
            ],
            [
              77.20997571108146,
              28.612977731170464
            ]
          ]
        ]
      }
    },
    {
      "type": "Feature",
      "properties": {
        "legacy_id": "LEGACY-SY-111-292",
        "survey_number": "SY-111/292",
        "recorded_area_sqm": 1497.77,
        "vintage_year": 2004
      },
      "geometry": {
        "type": "Polygon",
        "coordinates": [
          [
            [
              77.20836137708308,
              28.61346115310883
            ],
            [
              77.20797742070165,
              28.613467741971224
            ],
            [
              77.20799141292494,
              28.613826037388133
            ],
            [
              77.20838958944614,
              28.613807978845323
            ],
            [
              77.20836137708308,
              28.61346115310883
            ]
          ]
        ]
      }
    },
    {
      "type": "Feature",
      "properties": {
        "legacy_id": "LEGACY-SY-111-293",
        "survey_number": "SY-111/293",
        "recorded_area_sqm": 1217.19,
        "vintage_year": 2005
      },
      "geometry": {
        "type": "Polygon",
        "coordinates": [
          [
            [
              77.20869921414695,
              28.613455354774533
            ],
            [
              77.20836137708308,
              28.61346115310883
            ],
            [
              77.20838958944614,
              28.613807978845323
            ],
            [
              77.20870614829629,
              28.613793621080436
            ],
            [
              77.20869921414695,
              28.613455354774533
            ]
          ]
        ]
      }
    },
    {
      "type": "Feature",
      "properties": {
        "legacy_id": "LEGACY-SY-111-294",
        "survey_number": "SY-111/294",
        "recorded_area_sqm": 842.36,
        "vintage_year": 2006
      },
      "geometry": {
        "type": "Polygon",
        "coordinates": [
          [
            [
              77.20897816431025,
              28.613470417081324
            ],
            [
              77.20872210781236,
              28.61347481241316
            ],
            [
              77.2087282152648,
              28.613772747148076
            ],
            [
              77.20899991188521,
              28.613760423508126
            ],
            [
              77.20897816431025,
              28.613470417081324
            ]
          ]
        ]
      }
    },
    {
      "type": "Feature",
      "properties": {
        "legacy_id": "LEGACY-SY-111-295",
        "survey_number": "SY-111/295",
        "recorded_area_sqm": 1080.47,
        "vintage_year": 2007
      },
      "geometry": {
        "type": "Polygon",
        "coordinates": [
          [
            [
              77.20932145911354,
              28.61344467291175
            ],
            [
              77.20899918896234,
              28.613450205568043
            ],
            [
              77.20902386108433,
              28.613779210232224
            ],
            [
              77.20931395593166,
              28.61376605142894
            ],
            [
              77.20932145911354,
              28.61344467291175
            ]
          ]
        ]
      }
    },
    {
      "type": "Feature",
      "properties": {
        "legacy_id": "LEGACY-SY-111-296",
        "survey_number": "SY-111/296",
        "recorded_area_sqm": 1216.12,
        "vintage_year": 2008
      },
      "geometry": {
        "type": "Polygon",
        "coordinates": [
          [
            [
              77.20967181069378,
              28.613438657290573
            ],
            [
              77.20932145911354,
              28.61344467291175
            ],
            [
              77.20931395593166,
              28.61376605142894
            ],
            [
              77.20967314988721,
              28.61374975740313
            ],
            [
              77.20967181069378,
              28.613438657290573
            ]
          ]
        ]
      }
    },
    {
      "type": "Feature",
      "properties": {
        "legacy_id": "LEGACY-SY-111-297",
        "survey_number": "SY-111/297",
        "recorded_area_sqm": 1191.71,
        "vintage_year": 2009
      },
      "geometry": {
        "type": "Polygon",
        "coordinates": [
          [
            [
              77.20963258216052,
              28.613439025488987
            ],
            [
              77.20963910058265,
              28.613750312609568
            ],
            [
              77.20999205448011,
              28.613744556943715
            ],
            [
              77.20998553501883,
              28.613433269897158
            ],
            [
              77.20963258216052,
              28.613439025488987
            ]
          ]
        ]
      }
    }
  ]
}