{
  "type": "FeatureCollection",
  "features": [
    {
      "type": "Feature",
      "properties": {
        "parcel_id": "ULPIN-2026-9007-00001",
        "survey_number": "SY-100/1",
        "area_sqm": 1779.38,
        "perimeter_m": 170.5,
        "confidence_score": 0.93,
        "verification_status": "Needs GT Verification",
        "building_count": 1,
        "building_coverage_ratio": 0.77,
        "landuse_class": "Vacant/Green",
        "owner_record": "Property Owner 1",
        "has_gnss_control": true,
        "tax_assessment_annual_inr": 800721,
        "tax_rate_per_sqm": 450,
        "lulc_confidence": 0.969
      },
      "geometry": {
        "type": "Polygon",
        "coordinates": [
          [
            [
              73.74037443655604,
              18.58892878876958
            ],
            [
              73.74037686083668,
              18.588598978874444
            ],
            [
              73.73991491344344,
              18.5885958907659
            ],
            [
              73.73991248827431,
              18.58892570060235
            ],
            [
              73.74037443655604,
              18.58892878876958
            ]
          ]
        ]
      }
    },
    {
      "type": "Feature",
      "properties": {
        "parcel_id": "ULPIN-2026-9007-00002",
        "survey_number": "SY-100/2",
        "area_sqm": 1779.38,
        "perimeter_m": 170.5,
        "confidence_score": 0.93,
        "verification_status": "Needs GT Verification",
        "building_count": 1,
        "building_coverage_ratio": 0.77,
        "landuse_class": "Vacant/Green",
        "owner_record": "Property Owner 2",
        "has_gnss_control": true,
        "tax_assessment_annual_inr": 800721,
        "tax_rate_per_sqm": 450,
        "lulc_confidence": 0.904
      },
      "geometry": {
        "type": "Polygon",
        "coordinates": [
          [
            [
              73.7403720122246,
              18.589258598652883
            ],
            [
              73.74037443655604,
              18.58892878876958
            ],
            [
              73.73991248827431,
              18.58892570060235
            ],
            [
              73.73991006305435,
              18.589255510426966
            ],
            [
              73.7403720122246,
              18.589258598652883
            ]
          ]
        ]
      }
    },
    {
      "type": "Feature",
      "properties": {
        "parcel_id": "ULPIN-2026-9007-00003",
        "survey_number": "SY-100/3",
        "area_sqm": 1779.38,
        "perimeter_m": 170.5,
        "confidence_score": 0.93,
        "verification_status": "Needs GT Verification",
        "building_count": 1,
        "building_coverage_ratio": 0.77,
        "landuse_class": "Vacant/Green",
        "owner_record": "Property Owner 3",
        "has_gnss_control": true,
        "tax_assessment_annual_inr": 800721,
        "tax_rate_per_sqm": 450,
        "lulc_confidence": 0.925
      },
      "geometry": {
        "type": "Polygon",
        "coordinates": [
          [
            [
              73.74036958784232,
              18.589588408524353
            ],
            [
              73.7403720122246,
              18.589258598652883
            ],
            [
              73.73991006305435,
              18.589255510426966
            ],
            [
              73.73990763778355,
              18.589585320239745
            ],
            [
              73.74036958784232,
              18.589588408524353
            ]
          ]
        ]
      }
    },
    {
      "type": "Feature",
      "properties": {
        "parcel_id": "ULPIN-2026-9007-00004",
        "survey_number": "SY-100/4",
        "area_sqm": 1779.37,
        "perimeter_m": 170.5,
        "confidence_score": 0.93,
        "verification_status": "Needs GT Verification",
        "building_count": 1,
        "building_coverage_ratio": 0.77,
        "landuse_class": "Vacant/Green",
        "owner_record": "Property Owner 4",
        "has_gnss_control": true,
        "tax_assessment_annual_inr": 800716,
        "tax_rate_per_sqm": 450,
        "lulc_confidence": 0.964
      },
      "geometry": {
        "type": "Polygon",
        "coordinates": [
          [
            [
              73.74036958784232,
              18.589588408524353
            ],
            [
              73.73990763778355,
              18.589585320239745
            ],
            [
              73.7399052124619,
              18.589915130040684
            ],
            [
              73.7403671634092,
              18.589918218383986
            ],
            [
              73.74036958784232,
              18.589588408524353
            ]
          ]
        ]
      }
    },
    {
      "type": "Feature",
      "properties": {
        "parcel_id": "ULPIN-2026-9007-00005",
        "survey_number": "SY-100/5",
        "area_sqm": 2042.18,
        "perimeter_m": 179.92,
        "confidence_score": 0.98,
        "verification_status": "Needs GT Verification",
        "building_count": 1,
        "building_coverage_ratio": 0.679,
        "landuse_class": "Vacant/Green",
        "owner_record": "Property Owner 5",
        "has_gnss_control": true,
        "tax_assessment_annual_inr": 918981,
        "tax_rate_per_sqm": 450,
        "lulc_confidence": 0.96
      },
      "geometry": {
        "type": "Polygon",
        "coordinates": [
          [
            [
              73.74036022276141,
              18.58892869376592
            ],
            [
              73.74036028143925,
              18.58893002273115
            ],
            [
              73.74036047643861,
              18.588931339812657
            ],
            [
              73.74036080588154,
              18.588932632326227
            ],
            [
              73.74036126659533,
              18.588933887824243
            ],
            [
              73.74036185414303,
              18.588935094215593
            ],
            [
              73.74036256286627,
              18.588936239882045
            ],
            [
              73.74036338593966,
              18.588937313790222
            ],
            [
              73.74036431543652,
              18.588938305597775
            ],
            [
              73.74036534240533,
              18.588939205753068
            ],
            [
              73.74036645695578,
              18.588940005587137
            ],
            [
              73.74036764835417,
              18.58894069739709
            ],
            [
              73.74036890512667,
              18.58894127452045
            ],
            [
              73.74037021516988,
              18.58894173139919
            ],
            [
              73.74037156586733,
              18.588942063633347
            ],
            [
              73.7403729442111,
              18.58894226802328
            ],
            [
              73.74037433692698,
              18.58894234260063
            ],
            [
              73.74083628533589,
              18.588945429638617
            ],
            [
              73.74083767901134,
              18.58894537368174
            ],
            [
              73.74083906022406,
              18.588945187732897
            ],
            [
              73.74084041567224,
              18.588944873582914
            ],
            [
              73.74084173230212,
              18.588944434257222
            ],
            [
              73.74084299743387,
              18.58894387398676
            ],
            [
              73.74084419888355,
              18.588943198167236
            ],
            [
              73.74084532508057,
              18.58894241330718
            ],
            [
              73.74084636517902,
              18.588941526965208
            ],
            [
              73.74084730916219,
              18.588940547677282
            ],
            [
              73.74084814793899,
              18.58893948487449
            ],
            [
              73.74084887343157,
              18.5889383487922
            ],
            [
              73.74084947865302,
              18.5889371503715
            ],
            [
              73.74084995777471,
              18.588935901153857
            ],
            [
              73.74085030618248,
              18.5889346131699
            ],
            [
              73.74085052052095,
              18.588933298823633
            ],
            [
              73.74085059872594,
              18.58893197077292
            ],
            [
              73.74085302209073,
              18.588602160817313
            ],
            [
              73.740852963409,
              18.588600831851974
            ],
            [
              73.74085276840603,
              18.588599514770728
            ],
            [
              73.74085243895982,
              18.58859822225779
            ],
            [
              73.74085197824309,
              18.58859696676075
            ],
            [
              73.74085139069284,
              18.58859576037077
            ],
            [
              73.74085068196747,
              18.588594614706
            ],
            [
              73.7408498588924,
              18.588593540799838
            ],
            [
              73.74084892939432,
              18.588592548994583
            ],
            [
              73.74084790242475,
              18.588591648841856
            ],
            [
              73.740846787874,
              18.58859084901063
            ],
            [
              73.74084559647584,
              18.588590157203697
            ],
            [
              73.74084433970401,
              18.588589580083557
            ],
            [
              73.74084302966197,
              18.58858912320817
            ],
            [
              73.7408416789661,
              18.58858879097751
            ],
            [
              73.74084030062437,
              18.588588586591126
            ],
            [
              73.74083890791093,
              18.58858851201737
            ],
            [
              73.74037696046355,
              18.58858542504289
            ],
            [
              73.7403755667911,
              18.58858548099653
            ],
            [
              73.74037418558102,
              18.58858566694211
            ],
            [
              73.7403728301351,
              18.588585981088873
            ],
            [
              73.74037151350704,
              18.58858642041139
            ],
            [
              73.74037024837668,
              18.588586980678784
            ],
            [
              73.74036904692791,
              18.588587656495335
            ],
            [
              73.74036792073133,
              18.588588441352588
            ],
            [
              73.74036688063283,
              18.58858932769193
            ],
            [
              73.74036593664914,
              18.588590306977437
            ],
            [
              73.74036509787135,
              18.588591369778044
            ],
            [
              73.7403643723773,
              18.58859250585841
            ],
            [
              73.74036376715394,
              18.588593704277454
            ],
            [
              73.7403632880299,
              18.58859495349377
            ],
            [
              73.74036293961939,
              18.58859624147668
            ],
            [
              73.7403627252778,
              18.588597555822254
            ],
            [
              73.74036264706938,
              18.58859888387259
            ],
            [
              73.74036022276141,
              18.58892869376592
            ]
          ]
        ]
      }
    },
    {
      "type": "Feature",
      "properties": {
        "parcel_id": "ULPIN-2026-9007-00006",
        "survey_number": "SY-100/6",
        "area_sqm": 1779.38,
        "perimeter_m": 170.5,
        "confidence_score": 0.93,
        "verification_status": "Needs GT Verification",
        "building_count": 1,
        "building_coverage_ratio": 0.779,
        "landuse_class": "Vacant/Green",
        "owner_record": "Property Owner 6",
        "has_gnss_control": true,
        "tax_assessment_annual_inr": 800721,
        "tax_rate_per_sqm": 450,
        "lulc_confidence": 0.894
      },
      "geometry": {
        "type": "Polygon",
        "coordinates": [
          [
            [
              73.74037443655604,
              18.58892878876958
            ],
            [
              73.7403720122246,
              18.589258598652883
            ],
            [
              73.74083396148549,
              18.589261685747132
            ],
            [
              73.74083638492843,
              18.588931875805155
            ],
            [
              73.74037443655604,
              18.58892878876958
            ]
          ]
        ]
      }
    },
    {
      "type": "Feature",
      "properties": {
        "parcel_id": "ULPIN-2026-9007-00007",
        "survey_number": "SY-100/7",
        "area_sqm": 1779.37,
        "perimeter_m": 170.5,
        "confidence_score": 0.93,
        "verification_status": "AI Confirmed",
        "building_count": 1,
        "building_coverage_ratio": 0.779,
        "landuse_class": "Vacant/Green",
        "owner_record": "Property Owner 7",
        "has_gnss_control": true,
        "tax_assessment_annual_inr": 800716,
        "tax_rate_per_sqm": 450,
        "lulc_confidence": 0.931
      },
      "geometry": {
        "type": "Polygon",
        "coordinates": [
          [
            [
              73.7403720122246,
              18.589258598652883
            ],
            [
              73.74036958784232,
              18.589588408524353
            ],
            [
              73.74083153799175,
              18.589591495677265
            ],
            [
              73.74083396148549,
              18.589261685747132
            ],
            [
              73.7403720122246,
              18.589258598652883
            ]
          ]
        ]
      }
    },
    {
      "type": "Feature",
      "properties": {
        "parcel_id": "ULPIN-2026-9007-00008",
        "survey_number": "SY-100/8",
        "area_sqm": 1992.37,
        "perimeter_m": 180.5,
        "confidence_score": 0.98,
        "verification_status": "AI Confirmed",
        "building_count": 2,
        "building_coverage_ratio": 0.704,
        "landuse_class": "Vacant/Green",
        "owner_record": "Property Owner 8",
        "has_gnss_control": true,
        "tax_assessment_annual_inr": 896566,
        "tax_rate_per_sqm": 450,
        "lulc_confidence": 0.897
      },
      "geometry": {
        "type": "Polygon",
        "coordinates": [
          [
            [
              73.74034129299095,
              18.589570146735475
            ],
            [
              73.740338735656,
              18.589918028364778
            ],
            [
              73.7408291144472,
              18.58992130559557
            ],
            [
              73.74083167078723,
              18.58957342390058
            ],
            [
              73.74034129299095,
              18.589570146735475
            ]
          ]
        ]
      }
    },
    {
      "type": "Feature",
      "properties": {
        "parcel_id": "ULPIN-2026-9007-00009",
        "survey_number": "SY-100/9",
        "area_sqm": 1779.37,
        "perimeter_m": 170.5,
        "confidence_score": 0.93,
        "verification_status": "AI Confirmed",
        "building_count": 1,
        "building_coverage_ratio": 0.77,
        "landuse_class": "Vacant/Green",
        "owner_record": "Property Owner 9",
        "has_gnss_control": true,
        "tax_assessment_annual_inr": 800716,
        "tax_rate_per_sqm": 450,
        "lulc_confidence": 0.948
      },
      "geometry": {
        "type": "Polygon",
        "coordinates": [
          [
            [
              73.74083638492843,
              18.588931875805155
            ],
            [
              73.74129833339144,
              18.588934961709064
            ],
            [
              73.74130075589507,
              18.588605151696616
            ],
            [
              73.74083880832056,
              18.58860206585135
            ],
            [
              73.74083638492843,
              18.588931875805155
            ]
          ]
        ]
      }
    },
    {
      "type": "Feature",
      "properties": {
        "parcel_id": "ULPIN-2026-9007-00010",
        "survey_number": "SY-100/10",
        "area_sqm": 1485.44,
        "perimeter_m": 156.1,
        "confidence_score": 0.78,
        "verification_status": "Needs GT Verification",
        "building_count": 1,
        "building_coverage_ratio": 0.922,
        "landuse_class": "Commercial",
        "owner_record": "Property Owner 10",
        "has_gnss_control": true,
        "tax_assessment_annual_inr": 6238848,
        "tax_rate_per_sqm": 4200,
        "lulc_confidence": 0.947
      },
      "geometry": {
        "type": "Polygon",
        "coordinates": [
          [
            [
              73.740853321976,
              18.588948254366596
            ],
            [
              73.74085113758714,
              18.58924553511077
            ],
            [
              73.74127897371521,
              18.589248393184192
            ],
            [
              73.74128115736232,
              18.588951112391065
            ],
            [
              73.740853321976,
              18.588948254366596
            ]
          ]
        ]
      }
    },
    {
      "type": "Feature",
      "properties": {
        "parcel_id": "ULPIN-2026-9007-00011",
        "survey_number": "SY-100/11",
        "area_sqm": 1779.37,
        "perimeter_m": 170.5,
        "confidence_score": 0.93,
        "verification_status": "AI Confirmed",
        "building_count": 1,
        "building_coverage_ratio": 0.77,
        "landuse_class": "Vacant/Green",
        "owner_record": "Property Owner 11",
        "has_gnss_control": true,
        "tax_assessment_annual_inr": 800716,
        "tax_rate_per_sqm": 450,
        "lulc_confidence": 0.898
      },
      "geometry": {
        "type": "Polygon",
        "coordinates": [
          [
            [
              73.74083396148549,
              18.589261685747132
            ],
            [
              73.74083153799175,
              18.589591495677265
            ],
            [
              73.7412934882318,
              18.589594581698474
            ],
            [
              73.74129591083701,
              18.58926477170969
            ],
            [
              73.74083396148549,
              18.589261685747132
            ]
          ]
        ]
      }
    },
    {
      "type": "Feature",
      "properties": {
        "parcel_id": "ULPIN-2026-9007-00012",
        "survey_number": "SY-100/12",
        "area_sqm": 1779.37,
        "perimeter_m": 170.5,
        "confidence_score": 0.93,
        "verification_status": "AI Confirmed",
        "building_count": 1,
        "building_coverage_ratio": 0.77,
        "landuse_class": "Vacant/Green",
        "owner_record": "Property Owner 12",
        "has_gnss_control": true,
        "tax_assessment_annual_inr": 800716,
        "tax_rate_per_sqm": 450,
        "lulc_confidence": 0.925
      },
      "geometry": {
        "type": "Polygon",
        "coordinates": [
          [
            [
              73.7412934882318,
              18.589594581698474
            ],
            [
              73.74083153799175,
              18.589591495677265
            ],
            [
              73.7408291144472,
              18.58992130559557
            ],
            [
              73.74129106557581,
              18.589924391675424
            ],
            [
              73.7412934882318,
              18.589594581698474
            ]
          ]
        ]
      }
    },
    {
      "type": "Feature",
      "properties": {
        "parcel_id": "ULPIN-2026-9007-00013",
        "survey_number": "SY-100/13",
        "area_sqm": 1779.37,
        "perimeter_m": 170.5,
        "confidence_score": 0.85,
        "verification_status": "AI Confirmed",
        "building_count": 0,
        "building_coverage_ratio": 0.0,
        "landuse_class": "Vacant/Green",
        "owner_record": "Property Owner 13",
        "has_gnss_control": false,
        "tax_assessment_annual_inr": 800716,
        "tax_rate_per_sqm": 450,
        "lulc_confidence": 0.884
      },
      "geometry": {
        "type": "Polygon",
        "coordinates": [
          [
            [
              73.74176270356018,
              18.588608236410252
            ],
            [
              73.74130075589507,
              18.588605151696616
            ],
            [
              73.74129833339144,
              18.588934961709064
            ],
            [
              73.74176028194505,
              18.588938046481328
            ],
            [
              73.74176270356018,
              18.588608236410252
            ]
          ]
        ]
      }
    },
    {
      "type": "Feature",
      "properties": {
        "parcel_id": "ULPIN-2026-9007-00014",
        "survey_number": "SY-100/14",
        "area_sqm": 1779.38,
        "perimeter_m": 170.5,
        "confidence_score": 0.93,
        "verification_status": "AI Confirmed",
        "building_count": 1,
        "building_coverage_ratio": 0.779,
        "landuse_class": "Vacant/Green",
        "owner_record": "Property Owner 14",
        "has_gnss_control": true,
        "tax_assessment_annual_inr": 800721,
        "tax_rate_per_sqm": 450,
        "lulc_confidence": 0.926
      },
      "geometry": {
        "type": "Polygon",
        "coordinates": [
          [
            [
              73.74176028194505,
              18.588938046481328
            ],
            [
              73.74129833339144,
              18.588934961709064
            ],
            [
              73.74129591083701,
              18.58926477170969
            ],
            [
              73.74175786027914,
              18.589267856540584
            ],
            [
              73.74176028194505,
              18.588938046481328
            ]
          ]
        ]
      }
    },
    {
      "type": "Feature",
      "properties": {
        "parcel_id": "ULPIN-2026-9007-00015",
        "survey_number": "SY-100/15",
        "area_sqm": 2042.18,
        "perimeter_m": 179.92,
        "confidence_score": 0.98,
        "verification_status": "AI Confirmed",
        "building_count": 1,
        "building_coverage_ratio": 0.679,
        "landuse_class": "Vacant/Green",
        "owner_record": "Property Owner 15",
        "has_gnss_control": true,
        "tax_assessment_annual_inr": 918981,
        "tax_rate_per_sqm": 450,
        "lulc_confidence": 0.968
      },
      "geometry": {
        "type": "Polygon",
        "coordinates": [
          [
            [
              73.74177207410956,
              18.589267951440505
            ],
            [
              73.74177201542079,
              18.589266622475098
            ],
            [
              73.74177182041028,
              18.589265305394438
            ],
            [
              73.74177149095605,
              18.5892640128827
            ],
            [
              73.74177103023099,
              18.589262757387505
            ],
            [
              73.74177044267209,
              18.58926155099995
            ],
            [
              73.7417697339379,
              18.58926040533818
            ],
            [
              73.74176891085386,
              18.589259331435578
            ],
            [
              73.7417679813468,
              18.589258339634398
            ],
            [
              73.74176695436832,
              18.589257439486225
            ],
            [
              73.7417658398088,
              18.58925663965997
            ],
            [
              73.74176464840208,
              18.58925594785841
            ],
            [
              73.74176339162203,
              18.58925537074395
            ],
            [
              73.74176208157215,
              18.589254913874544
            ],
            [
              73.7417607308689,
              18.589254581650074
            ],
            [
              73.74175935252033,
              18.58925437727004
            ],
            [
              73.74175795980065,
              18.589254302702745
            ],
            [
              73.74129601039505,
              18.589251217874278
            ],
            [
              73.74129461671701,
              18.58925127383441
            ],
            [
              73.74129323550207,
              18.589251459786464
            ],
            [
              73.74129188005207,
              18.58925177393961
            ],
            [
              73.74129056342072,
              18.589252213268352
            ],
            [
              73.7412892982879,
              18.589252773541755
            ],
            [
              73.74128809683752,
              18.58925344936406
            ],
            [
              73.74128697064022,
              18.589254234226754
            ],
            [
              73.74128593054189,
              18.58925512057115
            ],
            [
              73.74128498655922,
              18.589256099861284
            ],
            [
              73.74128414778333,
              18.58925716266606
            ],
            [
              73.74128342229206,
              18.58925829875007
            ],
            [
              73.74128281707227,
              18.589259497172243
            ],
            [
              73.7412823379526,
              18.589260746391076
            ],
            [
              73.7412819895472,
              18.589262034375945
            ],
            [
              73.74128177521143,
              18.589263348722838
            ],
            [
              73.74128169700946,
              18.589264676773873
            ],
            [
              73.74127927437691,
              18.589594486760852
            ],
            [
              73.7412793330618,
              18.589595815726142
            ],
            [
              73.7412795280687,
              18.589597132807057
            ],
            [
              73.74127985751963,
              18.58959842531942
            ],
            [
              73.74128031824176,
              18.58959968081562
            ],
            [
              73.7412809057981,
              18.589600887204536
            ],
            [
              73.74128161453018,
              18.58960203286798
            ],
            [
              73.74128243761251,
              18.589603106772604
            ],
            [
              73.74128336711837,
              18.589604098576082
            ],
            [
              73.74128439409608,
              18.589604998726834
            ],
            [
              73.74128550865532,
              18.58960579855592
            ],
            [
              73.74128670006225,
              18.589606490360506
            ],
            [
              73.74128795684298,
              18.58960706747817
            ],
            [
              73.74128926689403,
              18.589607524350956
            ],
            [
              73.74129061759886,
              18.5896078565789
            ],
            [
              73.74129199594948,
              18.58960806096249
            ],
            [
              73.7412933886716,
              18.589608135533375
            ],
            [
              73.74175533903878,
              18.58961122042529
            ],
            [
              73.74175673271981,
              18.589611164461914
            ],
            [
              73.7417581139374,
              18.589610978506624
            ],
            [
              73.74175946938965,
              18.589610664350264
            ],
            [
              73.74176078602282,
              18.589610225018337
            ],
            [
              73.74176205115704,
              18.58960966474185
            ],
            [
              73.74176325260832,
              18.589608988916584
            ],
            [
              73.74176437880607,
              18.58960820405109
            ],
            [
              73.74176541890435,
              18.589607317704065
            ],
            [
              73.74176636288648,
              18.589606338411517
            ],
            [
              73.74176720166139,
              18.589605275604548
            ],
            [
              73.7417679271512,
              18.589604139518606
            ],
            [
              73.74176853236906,
              18.5896029410948
            ],
            [
              73.7417690114864,
              18.58960169187461
            ],
            [
              73.74176935988903,
              18.589600403888717
            ],
            [
              73.74176957422169,
              18.589599089541117
            ],
            [
              73.74176965242025,
              18.589597761489706
            ],
            [
              73.74177207410956,
              18.589267951440505
            ]
          ]
        ]
      }
    },
    {
      "type": "Feature",
      "properties": {
        "parcel_id": "ULPIN-2026-9007-00016",
        "survey_number": "SY-100/16",
        "area_sqm": 1992.37,
        "perimeter_m": 180.5,
        "confidence_score": 0.98,
        "verification_status": "AI Confirmed",
        "building_count": 2,
        "building_coverage_ratio": 0.704,
        "landuse_class": "Vacant/Green",
        "owner_record": "Property Owner 16",
        "has_gnss_control": true,
        "tax_assessment_annual_inr": 896566,
        "tax_rate_per_sqm": 450,
        "lulc_confidence": 0.96
      },
      "geometry": {
        "type": "Polygon",
        "coordinates": [
          [
            [
              73.74175557126058,
              18.58957959480487
            ],
            [
              73.74126519327193,
              18.589576320042454
            ],
            [
              73.74126263781143,
              18.589924201795494
            ],
            [
              73.74175301679502,
              18.589927476623565
            ],
            [
              73.74175557126058,
              18.58957959480487
            ]
          ]
        ]
      }
    },
    {
      "type": "Feature",
      "properties": {
        "parcel_id": "ULPIN-2026-9007-00017",
        "survey_number": "SY-101/17",
        "area_sqm": 1852.5,
        "perimeter_m": 173.5,
        "confidence_score": 0.85,
        "verification_status": "AI Confirmed",
        "building_count": 1,
        "building_coverage_ratio": 0.775,
        "landuse_class": "Vacant/Green",
        "owner_record": "Property Owner 17",
        "has_gnss_control": false,
        "tax_assessment_annual_inr": 833625,
        "tax_rate_per_sqm": 450,
        "lulc_confidence": 0.928
      },
      "geometry": {
        "type": "Polygon",
        "coordinates": [
          [
            [
              73.74036410788689,
              18.59033386914914
            ],
            [
              73.74036663201983,
              18.589990505474937
            ],
            [
              73.73990468087776,
              18.58998741711877
            ],
            [
              73.73990215581973,
              18.590330780731872
            ],
            [
              73.74036410788689,
              18.59033386914914
            ]
          ]
        ]
      }
    },
    {
      "type": "Feature",
      "properties": {
        "parcel_id": "ULPIN-2026-9007-00018",
        "survey_number": "SY-101/18",
        "area_sqm": 1852.5,
        "perimeter_m": 173.5,
        "confidence_score": 0.93,
        "verification_status": "AI Confirmed",
        "building_count": 1,
        "building_coverage_ratio": 0.775,
        "landuse_class": "Vacant/Green",
        "owner_record": "Property Owner 18",
        "has_gnss_control": true,
        "tax_assessment_annual_inr": 833625,
        "tax_rate_per_sqm": 450,
        "lulc_confidence": 0.946
      },
      "geometry": {
        "type": "Polygon",
        "coordinates": [
          [
            [
              73.74036158369887,
              18.590677232810528
            ],
            [
              73.74036410788689,
              18.59033386914914
            ],
            [
              73.73990215581973,
              18.590330780731872
            ],
            [
              73.7398996307066,
              18.59067414433216
            ],
            [
              73.74036158369887,
              18.590677232810528
            ]
          ]
        ]
      }
    },
    {
      "type": "Feature",
      "properties": {
        "parcel_id": "ULPIN-2026-9007-00019",
        "survey_number": "SY-101/19",
        "area_sqm": 1852.5,
        "perimeter_m": 173.5,
        "confidence_score": 0.93,
        "verification_status": "AI Confirmed",
        "building_count": 1,
        "building_coverage_ratio": 0.775,
        "landuse_class": "Vacant/Green",
        "owner_record": "Property Owner 19",
        "has_gnss_control": true,
        "tax_assessment_annual_inr": 833625,
        "tax_rate_per_sqm": 450,
        "lulc_confidence": 0.934
      },
      "geometry": {
        "type": "Polygon",
        "coordinates": [
          [
            [
              73.74035905945577,
              18.591020596459092
            ],
            [
              73.74036158369887,
              18.590677232810528
            ],
            [
              73.7398996307066,
              18.59067414433216
            ],
            [
              73.73989710553836,
              18.591017507919616
            ],
            [
              73.74035905945577,
              18.591020596459092
            ]
          ]
        ]
      }
    },
    {
      "type": "Feature",
      "properties": {
        "parcel_id": "ULPIN-2026-9007-00020",
        "survey_number": "SY-101/20",
        "area_sqm": 1553.16,
        "perimeter_m": 159.1,
        "confidence_score": 0.78,
        "verification_status": "Needs GT Verification",
        "building_count": 1,
        "building_coverage_ratio": 0.924,
        "landuse_class": "Vacant/Green",
        "owner_record": "Property Owner 20",
        "has_gnss_control": true,
        "tax_assessment_annual_inr": 698922,
        "tax_rate_per_sqm": 450,
        "lulc_confidence": 0.901
      },
      "geometry": {
        "type": "Polygon",
        "coordinates": [
          [
            [
              73.74033959793664,
              18.59134758148143
            ],
            [
              73.74034188312174,
              18.591036747034284
            ],
            [
              73.7399140426838,
              18.591033886568894
            ],
            [
              73.73991175672305,
              18.59134472096481
            ],
            [
              73.74033959793664,
              18.59134758148143
            ]
          ]
        ]
      }
    },
    {
      "type": "Feature",
      "properties": {
        "parcel_id": "ULPIN-2026-9007-00021",
        "survey_number": "SY-101/21",
        "area_sqm": 1852.5,
        "perimeter_m": 173.5,
        "confidence_score": 0.93,
        "verification_status": "Needs GT Verification",
        "building_count": 1,
        "building_coverage_ratio": 0.775,
        "landuse_class": "Vacant/Green",
        "owner_record": "Property Owner 21",
        "has_gnss_control": true,
        "tax_assessment_annual_inr": 833625,
        "tax_rate_per_sqm": 450,
        "lulc_confidence": 0.959
      },
      "geometry": {
        "type": "Polygon",
        "coordinates": [
          [
            [
              73.74035653515756,
              18.591363960094814
            ],
            [
              73.73989458031501,
              18.591360871494242
            ],
            [
              73.73989205503655,
              18.59170423505604
            ],
            [
              73.74035401080427,
              18.591707323717728
            ],
            [
              73.74035653515756,
              18.591363960094814
            ]
          ]
        ]
      }
    },
    {
      "type": "Feature",
      "properties": {
        "parcel_id": "ULPIN-2026-9007-00022",
        "survey_number": "SY-101/22",
        "area_sqm": 1852.5,
        "perimeter_m": 173.5,
        "confidence_score": 0.93,
        "verification_status": "Needs GT Verification",
        "building_count": 1,
        "building_coverage_ratio": 0.784,
        "landuse_class": "Vacant/Green",
        "owner_record": "Property Owner 22",
        "has_gnss_control": true,
        "tax_assessment_annual_inr": 833625,
        "tax_rate_per_sqm": 450,
        "lulc_confidence": 0.969
      },
      "geometry": {
        "type": "Polygon",
        "coordinates": [
          [
            [
              73.74036410788689,
              18.59033386914914
            ],
            [
              73.74082606004471,
              18.590336956434655
            ],
            [
              73.74082858325255,
              18.589993592699365
            ],
            [
              73.74036663201983,
              18.589990505474937
            ],
            [
              73.74036410788689,
              18.59033386914914
            ]
          ]
        ]
      }
    },
    {
      "type": "Feature",
      "properties": {
        "parcel_id": "ULPIN-2026-9007-00023",
        "survey_number": "SY-101/23",
        "area_sqm": 1852.5,
        "perimeter_m": 173.5,
        "confidence_score": 0.93,
        "verification_status": "Needs GT Verification",
        "building_count": 1,
        "building_coverage_ratio": 0.784,
        "landuse_class": "Vacant/Green",
        "owner_record": "Property Owner 23",
        "has_gnss_control": true,
        "tax_assessment_annual_inr": 833625,
        "tax_rate_per_sqm": 450,
        "lulc_confidence": 0.93
      },
      "geometry": {
        "type": "Polygon",
        "coordinates": [
          [
            [
              73.74036410788689,
              18.59033386914914
            ],
            [
              73.74036158369887,
              18.590677232810528
            ],
            [
              73.7408235367818,
              18.59068032015713
            ],
            [
              73.74082606004471,
              18.590336956434655
            ],
            [
              73.74036410788689,
              18.59033386914914
            ]
          ]
        ]
      }
    },
    {
      "type": "Feature",
      "properties": {
        "parcel_id": "ULPIN-2026-9007-00024",
        "survey_number": "SY-101/24",
        "area_sqm": 2070.0,
        "perimeter_m": 183.5,
        "confidence_score": 0.98,
        "verification_status": "Needs GT Verification",
        "building_count": 2,
        "building_coverage_ratio": 0.709,
        "landuse_class": "Vacant/Green",
        "owner_record": "Property Owner 24",
        "has_gnss_control": true,
        "tax_assessment_annual_inr": 931500,
        "tax_rate_per_sqm": 450,
        "lulc_confidence": 0.92
      },
      "geometry": {
        "type": "Polygon",
        "coordinates": [
          [
            [
              73.74033328867617,
              18.59065897101187
            ],
            [
              73.74033063151977,
              18.591020406427802
            ],
            [
              73.74082101346383,
              18.591023683866762
            ],
            [
              73.74082366958649,
              18.590662248382586
            ],
            [
              73.74033328867617,
              18.59065897101187
            ]
          ]
        ]
      }
    },
    {
      "type": "Feature",
      "properties": {
        "parcel_id": "ULPIN-2026-9007-00025",
        "survey_number": "SY-101/25",
        "area_sqm": 2119.81,
        "perimeter_m": 182.92,
        "confidence_score": 0.98,
        "verification_status": "Needs GT Verification",
        "building_count": 1,
        "building_coverage_ratio": 0.685,
        "landuse_class": "Vacant/Green",
        "owner_record": "Property Owner 25",
        "has_gnss_control": true,
        "tax_assessment_annual_inr": 953914,
        "tax_rate_per_sqm": 450,
        "lulc_confidence": 0.917
      },
      "geometry": {
        "type": "Polygon",
        "coordinates": [
          [
            [
              73.74035915909799,
              18.5910070426311
            ],
            [
              73.74035776540578,
              18.591007098583432
            ],
            [
              73.740356384176,
              18.59100728452767
            ],
            [
              73.7403550287106,
              18.591007598673084
            ],
            [
              73.74035371206348,
              18.59100803799426
            ],
            [
              73.74035244691466,
              18.59100859826032
            ],
            [
              73.74035124544822,
              18.591009274075592
            ],
            [
              73.74035011923495,
              18.591010058931584
            ],
            [
              73.74034907912083,
              18.59101094526973
            ],
            [
              73.7403481351228,
              18.591011924554103
            ],
            [
              73.74034729633205,
              18.591012987353654
            ],
            [
              73.74034657082659,
              18.591014123433048
            ],
            [
              73.74034596559345,
              18.59101532185123
            ],
            [
              73.74034548646134,
              18.591016571066756
            ],
            [
              73.74034513804457,
              18.591017859049035
            ],
            [
              73.74034492369861,
              18.591019173394052
            ],
            [
              73.74034484548774,
              18.59102050144398
            ],
            [
              73.74034232116108,
              18.591363865077838
            ],
            [
              73.74034237983837,
              18.591365194042773
            ],
            [
              73.74034257483912,
              18.59136651112412
            ],
            [
              73.74034290428541,
              18.59136780363767
            ],
            [
              73.74034336500442,
              18.5913690591358
            ],
            [
              73.74034395255924,
              18.591370265527384
            ],
            [
              73.74034466129137,
              18.591371411194206
            ],
            [
              73.74034548437534,
              18.59137248510287
            ],
            [
              73.7403464138844,
              18.591373476911052
            ],
            [
              73.74034744086686,
              18.591374377067087
            ],
            [
              73.74034855543233,
              18.591375176901977
            ],
            [
              73.74034974684693,
              18.591375868712877
            ],
            [
              73.74035100363669,
              18.59137644583727
            ],
            [
              73.74035231369803,
              18.591376902717133
            ],
            [
              73.74035366441436,
              18.591377234952468
            ],
            [
              73.7403550427775,
              18.59137743934365
            ],
            [
              73.74035643551309,
              18.59137751392228
            ],
            [
              73.74081839048281,
              18.591380601393453
            ],
            [
              73.74081978417813,
              18.59138054543789
            ],
            [
              73.74082116541068,
              18.591380359490408
            ],
            [
              73.74082252087844,
              18.591380045341776
            ],
            [
              73.74082383752749,
              18.591379606017433
            ],
            [
              73.74082510267779,
              18.591379045748297
            ],
            [
              73.74082630414524,
              18.59137836993008
            ],
            [
              73.74082743035908,
              18.59137758507128
            ],
            [
              73.74082847047323,
              18.59137669873052
            ],
            [
              73.74082941447082,
              18.59137571944373
            ],
            [
              73.74083025326064,
              18.591374656641996
            ],
            [
              73.74083097876469,
              18.591373520560687
            ],
            [
              73.74083158399597,
              18.59137232214087
            ],
            [
              73.74083206312578,
              18.59137107292399
            ],
            [
              73.74083241153983,
              18.591369784940696
            ],
            [
              73.74083262588269,
              18.59136847059497
            ],
            [
              73.74083270409017,
              18.591367142544673
            ],
            [
              73.74083522743474,
              18.591023778845983
            ],
            [
              73.74083516875355,
              18.59102244988092
            ],
            [
              73.74083497374917,
              18.591021132799842
            ],
            [
              73.74083464429962,
              18.59101984028692
            ],
            [
              73.74083418357769,
              18.591018584789794
            ],
            [
              73.74083359602037,
              18.591017378399552
            ],
            [
              73.74083288728616,
              18.59101623273443
            ],
            [
              73.74083206420056,
              18.591015158827766
            ],
            [
              73.74083113469035,
              18.591014167021903
            ],
            [
              73.74083010770721,
              18.591013266868444
            ],
            [
              73.74082899314155,
              18.59101246703639
            ],
            [
              73.74082780172725,
              18.591011775228516
            ],
            [
              73.74082654493826,
              18.59101119810735
            ],
            [
              73.74082523487819,
              18.591010741230853
            ],
            [
              73.74082388416359,
              18.591010408999008
            ],
            [
              73.74082250580257,
              18.591010204611397
            ],
            [
              73.74082111306953,
              18.591010130036366
            ],
            [
              73.74035915909799,
              18.5910070426311
            ]
          ]
        ]
      }
    },
    {
      "type": "Feature",
      "properties": {
        "parcel_id": "ULPIN-2026-9007-00026",
        "survey_number": "SY-101/26",
        "area_sqm": 1852.5,
        "perimeter_m": 173.5,
        "confidence_score": 0.93,
        "verification_status": "Needs GT Verification",
        "building_count": 1,
        "building_coverage_ratio": 0.784,
        "landuse_class": "Vacant/Green",
        "owner_record": "Property Owner 26",
        "has_gnss_control": true,
        "tax_assessment_annual_inr": 833625,
        "tax_rate_per_sqm": 450,
        "lulc_confidence": 0.922
      },
      "geometry": {
        "type": "Polygon",
        "coordinates": [
          [
            [
              73.74081849009077,
              18.591367047563583
            ],
            [
              73.74035653515756,
              18.591363960094814
            ],
            [
              73.74035401080427,
              18.591707323717728
            ],
            [
              73.74081596666267,
              18.59171041124757
            ],
            [
              73.74081849009077,
              18.591367047563583
            ]
          ]
        ]
      }
    },
    {
      "type": "Feature",
      "properties": {
        "parcel_id": "ULPIN-2026-9007-00027",
        "survey_number": "SY-101/27",
        "area_sqm": 1852.5,
        "perimeter_m": 173.5,
        "confidence_score": 0.93,
        "verification_status": "AI Confirmed",
        "building_count": 1,
        "building_coverage_ratio": 0.775,
        "landuse_class": "Vacant/Green",
        "owner_record": "Property Owner 27",
        "has_gnss_control": true,
        "tax_assessment_annual_inr": 833625,
        "tax_rate_per_sqm": 450,
        "lulc_confidence": 0.959
      },
      "geometry": {
        "type": "Polygon",
        "coordinates": [
          [
            [
              73.74082606004471,
              18.590336956434655
            ],
            [
              73.74128801229317,
              18.590340042588437
            ],
            [
              73.74129053457594,
              18.589996678792087
            ],
            [
              73.74082858325255,
              18.589993592699365
            ],
            [
              73.74082606004471,
              18.590336956434655
            ]
          ]
        ]
      }
    },
    {
      "type": "Feature",
      "properties": {
        "parcel_id": "ULPIN-2026-9007-00028",
        "survey_number": "SY-101/28",
        "area_sqm": 1852.5,
        "perimeter_m": 173.5,
        "confidence_score": 0.93,
        "verification_status": "AI Confirmed",
        "building_count": 1,
        "building_coverage_ratio": 0.775,
        "landuse_class": "Vacant/Green",
        "owner_record": "Property Owner 28",
        "has_gnss_control": true,
        "tax_assessment_annual_inr": 833625,
        "tax_rate_per_sqm": 450,
        "lulc_confidence": 0.92
      },
      "geometry": {
        "type": "Polygon",
        "coordinates": [
          [
            [
              73.74082606004471,
              18.590336956434655
            ],
            [
              73.7408235367818,
              18.59068032015713
            ],
            [
              73.74128548995537,
              18.59068340637196
            ],
            [
              73.74128801229317,
              18.590340042588437
            ],
            [
              73.74082606004471,
              18.590336956434655
            ]
          ]
        ]
      }
    },
    {
      "type": "Feature",
      "properties": {
        "parcel_id": "ULPIN-2026-9007-00029",
        "survey_number": "SY-101/29",
        "area_sqm": 1852.5,
        "perimeter_m": 173.5,
        "confidence_score": 0.93,
        "verification_status": "AI Confirmed",
        "building_count": 1,
        "building_coverage_ratio": 0.775,
        "landuse_class": "Vacant/Green",
        "owner_record": "Property Owner 29",
        "has_gnss_control": true,
        "tax_assessment_annual_inr": 833625,
        "tax_rate_per_sqm": 450,
        "lulc_confidence": 0.903
      },
      "geometry": {
        "type": "Polygon",
        "coordinates": [
          [
            [
              73.7408235367818,
              18.59068032015713
            ],
            [
              73.74082101346383,
              18.591023683866762
            ],
            [
              73.74128296756253,
              18.59102677014266
            ],
            [
              73.74128548995537,
              18.59068340637196
            ],
            [
              73.7408235367818,
              18.59068032015713
            ]
          ]
        ]
      }
    },
    {
      "type": "Feature",
      "properties": {
        "parcel_id": "ULPIN-2026-9007-00030",
        "survey_number": "SY-101/30",
        "area_sqm": 1553.16,
        "perimeter_m": 159.1,
        "confidence_score": 0.78,
        "verification_status": "Needs GT Verification",
        "building_count": 1,
        "building_coverage_ratio": 0.924,
        "landuse_class": "Vacant/Green",
        "owner_record": "Property Owner 30",
        "has_gnss_control": true,
        "tax_assessment_annual_inr": 698922,
        "tax_rate_per_sqm": 450,
        "lulc_confidence": 0.92
      },
      "geometry": {
        "type": "Polygon",
        "coordinates": [
          [
            [
              73.74083795070362,
              18.591040062438257
            ],
            [
              73.74083566641787,
              18.591350896944775
            ],
            [
              73.74126350779937,
              18.59135375536493
            ],
            [
              73.74126579130944,
              18.59104292080721
            ],
            [
              73.74083795070362,
              18.591040062438257
            ]
          ]
        ]
      }
    },
    {
      "type": "Feature",
      "properties": {
        "parcel_id": "ULPIN-2026-9007-00031",
        "survey_number": "SY-101/31",
        "area_sqm": 1852.5,
        "perimeter_m": 173.5,
        "confidence_score": 0.85,
        "verification_status": "AI Confirmed",
        "building_count": 1,
        "building_coverage_ratio": 0.775,
        "landuse_class": "Vacant/Green",
        "owner_record": "Property Owner 31",
        "has_gnss_control": false,
        "tax_assessment_annual_inr": 833625,
        "tax_rate_per_sqm": 450,
        "lulc_confidence": 0.924
      },
      "geometry": {
        "type": "Polygon",
        "coordinates": [
          [
            [
              73.74128044511464,
              18.591370133900522
            ],
            [
              73.74081849009077,
              18.591367047563583
            ],
            [
              73.74081596666267,
              18.59171041124757
            ],
            [
              73.74127792261169,
              18.591713497645568
            ],
            [
              73.74128044511464,
              18.591370133900522
            ]
          ]
        ]
      }
    },
    {
      "type": "Feature",
      "properties": {
        "parcel_id": "ULPIN-2026-9007-00032",
        "survey_number": "SY-101/32",
        "area_sqm": 2070.0,
        "perimeter_m": 183.5,
        "confidence_score": 0.98,
        "verification_status": "AI Confirmed",
        "building_count": 2,
        "building_coverage_ratio": 0.709,
        "landuse_class": "Vacant/Green",
        "owner_record": "Property Owner 32",
        "has_gnss_control": true,
        "tax_assessment_annual_inr": 931500,
        "tax_rate_per_sqm": 450,
        "lulc_confidence": 0.963
      },
      "geometry": {
        "type": "Polygon",
        "coordinates": [
          [
            [
              73.7417526186914,
              18.589981691970745
            ],
            [
              73.74126223955275,
              18.589978417132464
            ],
            [
              73.74125958445988,
              18.590339852703963
            ],
            [
              73.74174996463223,
              18.590343127610446
            ],
            [
              73.7417526186914,
              18.589981691970745
            ]
          ]
        ]
      }
    },
    {
      "type": "Feature",
      "properties": {
        "parcel_id": "ULPIN-2026-9007-00033",
        "survey_number": "SY-101/33",
        "area_sqm": 1852.5,
        "perimeter_m": 173.5,
        "confidence_score": 0.93,
        "verification_status": "AI Confirmed",
        "building_count": 1,
        "building_coverage_ratio": 0.784,
        "landuse_class": "Vacant/Green",
        "owner_record": "Property Owner 33",
        "has_gnss_control": true,
        "tax_assessment_annual_inr": 833625,
        "tax_rate_per_sqm": 450,
        "lulc_confidence": 0.908
      },
      "geometry": {
        "type": "Polygon",
        "coordinates": [
          [
            [
              73.74174996463223,
              18.590343127610446
            ],
            [
              73.74128801229317,
              18.590340042588437
            ],
            [
              73.74128548995537,
              18.59068340637196
            ],
            [
              73.74174744321955,
              18.590686491455013
            ],
            [
              73.74174996463223,
              18.590343127610446
            ]
          ]
        ]
      }
    },
    {
      "type": "Feature",
      "properties": {
        "parcel_id": "ULPIN-2026-9007-00034",
        "survey_number": "SY-101/34",
        "area_sqm": 1852.5,
        "perimeter_m": 173.5,
        "confidence_score": 0.85,
        "verification_status": "AI Confirmed",
        "building_count": 1,
        "building_coverage_ratio": 0.784,
        "landuse_class": "Vacant/Green",
        "owner_record": "Property Owner 34",
        "has_gnss_control": false,
        "tax_assessment_annual_inr": 833625,
        "tax_rate_per_sqm": 450,
        "lulc_confidence": 0.919
      },
      "geometry": {
        "type": "Polygon",
        "coordinates": [
          [
            [
              73.74174744321955,
              18.590686491455013
            ],
            [
              73.74128548995537,
              18.59068340637196
            ],
            [
              73.74128296756253,
              18.59102677014266
            ],
            [
              73.74174492175185,
              18.59102985528674
            ],
            [
              73.74174744321955,
              18.590686491455013
            ]
          ]
        ]
      }
    },
    {
      "type": "Feature",
      "properties": {
        "parcel_id": "ULPIN-2026-9007-00035",
        "survey_number": "SY-101/35",
        "area_sqm": 2119.81,
        "perimeter_m": 182.92,
        "confidence_score": 0.98,
        "verification_status": "AI Confirmed",
        "building_count": 1,
        "building_coverage_ratio": 0.685,
        "landuse_class": "Vacant/Green",
        "owner_record": "Property Owner 35",
        "has_gnss_control": true,
        "tax_assessment_annual_inr": 953914,
        "tax_rate_per_sqm": 450,
        "lulc_confidence": 0.957
      },
      "geometry": {
        "type": "Polygon",
        "coordinates": [
          [
            [
              73.74175913572832,
              18.591029950196305
            ],
            [
              73.74175907703994,
              18.591028621231125
            ],
            [
              73.74175888202839,
              18.59102730415057
            ],
            [
              73.74175855257177,
              18.591026011638853
            ],
            [
              73.7417580918429,
              18.59102475614357
            ],
            [
              73.74175750427887,
              18.591023549755832
            ],
            [
              73.74175679553822,
              18.591022404093813
            ],
            [
              73.74175597244655,
              18.59102133019085
            ],
            [
              73.74175504293065,
              18.591020338389225
            ],
            [
              73.74175401594229,
              18.591019438240515
            ],
            [
              73.74175290137194,
              18.59101863841365
            ],
            [
              73.74175170995346,
              18.591017946611412
            ],
            [
              73.74175045316093,
              18.591017369496218
            ],
            [
              73.74174914309792,
              18.591016912626
            ],
            [
              73.74174779238103,
              18.59101658040067
            ],
            [
              73.74174641401842,
              18.59101637601975
            ],
            [
              73.7417450212845,
              18.59101630145153
            ],
            [
              73.74128306713172,
              18.591013216309843
            ],
            [
              73.74128167343932,
              18.591013272269024
            ],
            [
              73.74128029221005,
              18.591013458220097
            ],
            [
              73.74127893674586,
              18.591013772372257
            ],
            [
              73.74127762010063,
              18.591014211700035
            ],
            [
              73.74127635495438,
              18.591014771972468
            ],
            [
              73.74127515349116,
              18.59101544779384
            ],
            [
              73.74127402728169,
              18.591016232655612
            ],
            [
              73.741272987172,
              18.591017118999133
            ],
            [
              73.74127204317891,
              18.591018098288444
            ],
            [
              73.7412712043936,
              18.591019161092447
            ],
            [
              73.74127047889401,
              18.591020297175767
            ],
            [
              73.74126987366711,
              18.591021495597285
            ],
            [
              73.74126939454158,
              18.591022744815568
            ],
            [
              73.74126904613163,
              18.59102403279997
            ],
            [
              73.74126883179268,
              18.591025347146463
            ],
            [
              73.74126875358891,
              18.59102667519719
            ],
            [
              73.74126623111255,
              18.591370038953187
            ],
            [
              73.74126628979704,
              18.591371367918264
            ],
            [
              73.74126648480498,
              18.591372684999072
            ],
            [
              73.74126681425834,
              18.59137397751142
            ],
            [
              73.7412672749843,
              18.591375233007696
            ],
            [
              73.74126786254583,
              18.591376439396786
            ],
            [
              73.74126857128438,
              18.5913775850605
            ],
            [
              73.74126939437443,
              18.59137865896547
            ],
            [
              73.74127032388917,
              18.59137965076941
            ],
            [
              73.74127135087687,
              18.5913805509207
            ],
            [
              73.74127246544703,
              18.591381350750392
            ],
            [
              73.74127365686579,
              18.591382042555665
            ],
            [
              73.74127491365911,
              18.59138261967409
            ],
            [
              73.74127622372337,
              18.59138307654767
            ],
            [
              73.74127757444195,
              18.591383408776487
            ],
            [
              73.7412789528067,
              18.59138361316098
            ],
            [
              73.74128034554319,
              18.591383687732804
            ],
            [
              73.74174230069417,
              18.591386772940343
            ],
            [
              73.74174369438968,
              18.59138671697793
            ],
            [
              73.74174507562172,
              18.591386531023613
            ],
            [
              73.74174643108825,
              18.591386216868237
            ],
            [
              73.7417477477354,
              18.591385777537294
            ],
            [
              73.74174901288315,
              18.591385217261784
            ],
            [
              73.74175021434738,
              18.591384541437463
            ],
            [
              73.74175134055739,
              18.591383756572892
            ],
            [
              73.74175238066712,
              18.59138287022675
            ],
            [
              73.74175332465977,
              18.591381890935025
            ],
            [
              73.74175416344416,
              18.591380828128838
            ],
            [
              73.74175488894234,
              18.591379692043603
            ],
            [
              73.74175549416738,
              18.591378493620432
            ],
            [
              73.74175597329062,
              18.59137724440081
            ],
            [
              73.74175632169785,
              18.5913759564154
            ],
            [
              73.7417565360337,
              18.591374642068192
            ],
            [
              73.74175661423403,
              18.591373314017094
            ],
            [
              73.74175913572832,
              18.591029950196305
            ]
          ]
        ]
      }
    },
    {
      "type": "Feature",
      "properties": {
        "parcel_id": "ULPIN-2026-9007-00036",
        "survey_number": "SY-101/36",
        "area_sqm": 1852.5,
        "perimeter_m": 173.5,
        "confidence_score": 0.93,
        "verification_status": "AI Confirmed",
        "building_count": 1,
        "building_coverage_ratio": 0.784,
        "landuse_class": "Vacant/Green",
        "owner_record": "Property Owner 36",
        "has_gnss_control": true,
        "tax_assessment_annual_inr": 833625,
        "tax_rate_per_sqm": 450,
        "lulc_confidence": 0.954
      },
      "geometry": {
        "type": "Polygon",
        "coordinates": [
          [
            [
              73.74174240022909,
              18.59137321910564
            ],
            [
              73.74128044511464,
              18.591370133900522
            ],
            [
              73.74127792261169,
              18.591713497645568
            ],
            [
              73.7417398786513,
              18.59171658291173
            ],
            [
              73.74174240022909,
              18.59137321910564
            ]
          ]
        ]
      }
    },
    {
      "type": "Feature",
      "properties": {
        "parcel_id": "ULPIN-2026-9007-00037",
        "survey_number": "SY-102/37",
        "area_sqm": 1950.0,
        "perimeter_m": 177.5,
        "confidence_score": 0.93,
        "verification_status": "AI Confirmed",
        "building_count": 1,
        "building_coverage_ratio": 0.781,
        "landuse_class": "Vacant/Green",
        "owner_record": "Property Owner 37",
        "has_gnss_control": true,
        "tax_assessment_annual_inr": 877500,
        "tax_rate_per_sqm": 450,
        "lulc_confidence": 0.894
      },
      "geometry": {
        "type": "Polygon",
        "coordinates": [
          [
            [
              73.74035055633681,
              18.59217718970723
            ],
            [
              73.74035321362864,
              18.591815754332817
            ],
            [
              73.73989125756874,
              18.591812665651847
            ],
            [
              73.73988859930303,
              18.59217410096193
            ],
            [
              73.74035055633681,
              18.59217718970723
            ]
          ]
        ]
      }
    },
    {
      "type": "Feature",
      "properties": {
        "parcel_id": "ULPIN-2026-9007-00038",
        "survey_number": "SY-102/38",
        "area_sqm": 1950.0,
        "perimeter_m": 177.5,
        "confidence_score": 0.93,
        "verification_status": "AI Confirmed",
        "building_count": 1,
        "building_coverage_ratio": 0.781,
        "landuse_class": "Vacant/Green",
        "owner_record": "Property Owner 38",
        "has_gnss_control": true,
        "tax_assessment_annual_inr": 877500,
        "tax_rate_per_sqm": 450,
        "lulc_confidence": 0.951
      },
      "geometry": {
        "type": "Polygon",
        "coordinates": [
          [
            [
              73.74034789898397,
              18.592538625067437
            ],
            [
              73.74035055633681,
              18.59217718970723
            ],
            [
              73.73988859930303,
              18.59217410096193
            ],
            [
              73.73988594097627,
              18.592535536257813
            ],
            [
              73.74034789898397,
              18.592538625067437
            ]
          ]
        ]
      }
    },
    {
      "type": "Feature",
      "properties": {
        "parcel_id": "ULPIN-2026-9007-00039",
        "survey_number": "SY-102/39",
        "area_sqm": 1950.0,
        "perimeter_m": 177.5,
        "confidence_score": 0.93,
        "verification_status": "AI Confirmed",
        "building_count": 0,
        "building_coverage_ratio": 0.0,
        "landuse_class": "Vacant/Green",
        "owner_record": "Property Owner 39",
        "has_gnss_control": true,
        "tax_assessment_annual_inr": 877500,
        "tax_rate_per_sqm": 450,
        "lulc_confidence": 0.959
      },
      "geometry": {
        "type": "Polygon",
        "coordinates": [
          [
            [
              73.74034524157004,
              18.592900060413406
            ],
            [
              73.74034789898397,
              18.592538625067437
            ],
            [
              73.73988594097627,
              18.592535536257813
            ],
            [
              73.73988328258844,
              18.592896971539478
            ],
            [
              73.74034524157004,
              18.592900060413406
            ]
          ]
        ]
      }
    },
    {
      "type": "Feature",
      "properties": {
        "parcel_id": "ULPIN-2026-9007-00040",
        "survey_number": "SY-102/40",
        "area_sqm": 1643.46,
        "perimeter_m": 163.1,
        "confidence_score": 0.78,
        "verification_status": "Needs GT Verification",
        "building_count": 1,
        "building_coverage_ratio": 0.926,
        "landuse_class": "Vacant/Green",
        "owner_record": "Property Owner 40",
        "has_gnss_control": true,
        "tax_assessment_annual_inr": 739557,
        "tax_rate_per_sqm": 450,
        "lulc_confidence": 0.904
      },
      "geometry": {
        "type": "Polygon",
        "coordinates": [
          [
            [
              73.74032806503475,
              18.592916210972938
            ],
            [
              73.73990021990654,
              18.59291335019778
            ],
            [
              73.73989780075077,
              18.593242256293323
            ],
            [
              73.74032564669983,
              18.59324511712268
            ],
            [
              73.74032806503475,
              18.592916210972938
            ]
          ]
        ]
      }
    },
    {
      "type": "Feature",
      "properties": {
        "parcel_id": "ULPIN-2026-9007-00041",
        "survey_number": "SY-102/41",
        "area_sqm": 1950.0,
        "perimeter_m": 177.5,
        "confidence_score": 0.93,
        "verification_status": "Needs GT Verification",
        "building_count": 1,
        "building_coverage_ratio": 0.79,
        "landuse_class": "Vacant/Green",
        "owner_record": "Property Owner 41",
        "has_gnss_control": true,
        "tax_assessment_annual_inr": 877500,
        "tax_rate_per_sqm": 450,
        "lulc_confidence": 0.906
      },
      "geometry": {
        "type": "Polygon",
        "coordinates": [
          [
            [
              73.74035055633681,
              18.59217718970723
            ],
            [
              73.74081251346126,
              18.592180277320654
            ],
            [
              73.74081516977918,
              18.591818841881953
            ],
            [
              73.74035321362864,
              18.591815754332817
            ],
            [
              73.74035055633681,
              18.59217718970723
            ]
          ]
        ]
      }
    },
    {
      "type": "Feature",
      "properties": {
        "parcel_id": "ULPIN-2026-9007-00042",
        "survey_number": "SY-102/42",
        "area_sqm": 1950.0,
        "perimeter_m": 177.5,
        "confidence_score": 0.93,
        "verification_status": "Needs GT Verification",
        "building_count": 1,
        "building_coverage_ratio": 0.79,
        "landuse_class": "Vacant/Green",
        "owner_record": "Property Owner 42",
        "has_gnss_control": true,
        "tax_assessment_annual_inr": 877500,
        "tax_rate_per_sqm": 450,
        "lulc_confidence": 0.962
      },
      "geometry": {
        "type": "Polygon",
        "coordinates": [
          [
            [
              73.74035055633681,
              18.59217718970723
            ],
            [
              73.74034789898397,
              18.592538625067437
            ],
            [
              73.74080985708231,
              18.592541712745152
            ],
            [
              73.74081251346126,
              18.592180277320654
            ],
            [
              73.74035055633681,
              18.59217718970723
            ]
          ]
        ]
      }
    },
    {
      "type": "Feature",
      "properties": {
        "parcel_id": "ULPIN-2026-9007-00043",
        "survey_number": "SY-102/43",
        "area_sqm": 1950.0,
        "perimeter_m": 177.5,
        "confidence_score": 0.93,
        "verification_status": "Needs GT Verification",
        "building_count": 1,
        "building_coverage_ratio": 0.79,
        "landuse_class": "Vacant/Green",
        "owner_record": "Property Owner 43",
        "has_gnss_control": true,
        "tax_assessment_annual_inr": 877500,
        "tax_rate_per_sqm": 450,
        "lulc_confidence": 0.897
      },
      "geometry": {
        "type": "Polygon",
        "coordinates": [
          [
            [
              73.74034789898397,
              18.592538625067437
            ],
            [
              73.74034524157004,
              18.592900060413406
            ],
            [
              73.74080720064235,
              18.592903148155425
            ],
            [
              73.74080985708231,
              18.592541712745152
            ],
            [
              73.74034789898397,
              18.592538625067437
            ]
          ]
        ]
      }
    },
    {
      "type": "Feature",
      "properties": {
        "parcel_id": "ULPIN-2026-9007-00044",
        "survey_number": "SY-102/44",
        "area_sqm": 1950.0,
        "perimeter_m": 177.5,
        "confidence_score": 0.93,
        "verification_status": "Needs GT Verification",
        "building_count": 1,
        "building_coverage_ratio": 0.79,
        "landuse_class": "Vacant/Green",
        "owner_record": "Property Owner 44",
        "has_gnss_control": true,
        "tax_assessment_annual_inr": 877500,
        "tax_rate_per_sqm": 450,
        "lulc_confidence": 0.958
      },
      "geometry": {
        "type": "Polygon",
        "coordinates": [
          [
            [
              73.74080720064235,
              18.592903148155425
            ],
            [
              73.74034524157004,
              18.592900060413406
            ],
            [
              73.7403425840951,
              18.59326149574519
            ],
            [
              73.74080454414135,
              18.593264583551502
            ],
            [
              73.74080720064235,
              18.592903148155425
            ]
          ]
        ]
      }
    },
    {
      "type": "Feature",
      "properties": {
        "parcel_id": "ULPIN-2026-9007-00045",
        "survey_number": "SY-102/45",
        "area_sqm": 2223.31,
        "perimeter_m": 186.92,
        "confidence_score": 0.98,
        "verification_status": "Needs GT Verification",
        "building_count": 1,
        "building_coverage_ratio": 0.685,
        "landuse_class": "Vacant/Green",
        "owner_record": "Property Owner 45",
        "has_gnss_control": true,
        "tax_assessment_annual_inr": 1000489,
        "tax_rate_per_sqm": 450,
        "lulc_confidence": 0.939
      },
      "geometry": {
        "type": "Polygon",
        "coordinates": [
          [
            [
              73.74079829939454,
              18.592180182334044
            ],
            [
              73.74079835807528,
              18.592181511298953
            ],
            [
              73.74079855308008,
              18.59218282837998
            ],
            [
              73.74079888253102,
              18.59218412089292
            ],
            [
              73.74079934325526,
              18.592185376390155
            ],
            [
              73.74079993081581,
              18.592186582780577
            ],
            [
              73.74080063955412,
              18.592187728445975
            ],
            [
              73.74080146264465,
              18.592188802352958
            ],
            [
              73.74080239216062,
              18.59218979415922
            ],
            [
              73.74080341915027,
              18.59219069431313
            ],
            [
              73.7408045337231,
              18.592191494145695
            ],
            [
              73.7408057251452,
              18.592192185954104
            ],
            [
              73.74080698194251,
              18.59219276307586
            ],
            [
              73.74080829201137,
              18.592193219952943
            ],
            [
              73.74080964273512,
              18.592193552185417
            ],
            [
              73.74081102110553,
              18.592193756573664
            ],
            [
              73.74081241384815,
              18.592193831149334
            ],
            [
              73.74127437109976,
              18.5921969176333
            ],
            [
              73.7412757648018,
              18.592196861674747
            ],
            [
              73.74127714604072,
              18.592196675724303
            ],
            [
              73.7412785015144,
              18.592196361572753
            ],
            [
              73.7412798181689,
              18.592195922245562
            ],
            [
              73.74128108332411,
              18.592195361973687
            ],
            [
              73.74128228479591,
              18.59219468615285
            ],
            [
              73.74128341101344,
              18.592193901291584
            ],
            [
              73.74128445113062,
              18.59219301494853
            ],
            [
              73.74128539513056,
              18.592192035659654
            ],
            [
              73.74128623392201,
              18.59219097285605
            ],
            [
              73.74128695942697,
              18.5921898367731
            ],
            [
              73.7412875646584,
              18.5921886383519
            ],
            [
              73.74128804378763,
              18.592187389133912
            ],
            [
              73.74128839220036,
              18.59218610114977
            ],
            [
              73.7412886065412,
              18.59218478680349
            ],
            [
              73.74128868474594,
              18.59218345875293
            ],
            [
              73.74129134006,
              18.591822023247975
            ],
            [
              73.74129128137538,
              18.59182069428294
            ],
            [
              73.74129108636697,
              18.59181937720217
            ],
            [
              73.74129075691279,
              18.59181808468987
            ],
            [
              73.74129029618567,
              18.59181682919363
            ],
            [
              73.74128970862267,
              18.591815622804564
            ],
            [
              73.74128899988234,
              18.591814477140858
            ],
            [
              73.74128817679025,
              18.591813403235886
            ],
            [
              73.74128724727322,
              18.591812411431945
            ],
            [
              73.741286220283,
              18.59181151128062
            ],
            [
              73.74128510571009,
              18.591810711450893
            ],
            [
              73.7412839142884,
              18.591810019645525
            ],
            [
              73.74128265749202,
              18.591809442527005
            ],
            [
              73.74128134742453,
              18.59180898565329
            ],
            [
              73.74127999670264,
              18.59180865342432
            ],
            [
              73.74127861833452,
              18.59180844903964
            ],
            [
              73.74127722559459,
              18.591808374467597
            ],
            [
              73.74081526938991,
              18.591805288052715
            ],
            [
              73.74081387569113,
              18.59180534400804
            ],
            [
              73.74081249445513,
              18.591805529955266
            ],
            [
              73.74081113898394,
              18.591805844103607
            ],
            [
              73.74080982233153,
              18.591806283427644
            ],
            [
              73.74080855717793,
              18.59180684369646
            ],
            [
              73.74080735570729,
              18.59180751951435
            ],
            [
              73.74080622949042,
              18.591808304372826
            ],
            [
              73.74080518937339,
              18.591809190713263
            ],
            [
              73.74080424537311,
              18.591810169999732
            ],
            [
              73.74080340658084,
              18.59181123280116
            ],
            [
              73.74080268107456,
              18.591812368882195
            ],
            [
              73.74080207584134,
              18.591813567301763
            ],
            [
              73.74080159670987,
              18.591814816518422
            ],
            [
              73.74080124829447,
              18.591816104501532
            ],
            [
              73.74080103395058,
              18.59181741884712
            ],
            [
              73.74080095574243,
              18.591818746897317
            ],
            [
              73.74079829939454,
              18.592180182334044
            ]
          ]
        ]
      }
    },
    {
      "type": "Feature",
      "properties": {
        "parcel_id": "ULPIN-2026-9007-00046",
        "survey_number": "SY-102/46",
        "area_sqm": 1950.0,
        "perimeter_m": 177.5,
        "confidence_score": 0.93,
        "verification_status": "Needs GT Verification",
        "building_count": 1,
        "building_coverage_ratio": 0.781,
        "landuse_class": "Vacant/Green",
        "owner_record": "Property Owner 46",
        "has_gnss_control": true,
        "tax_assessment_annual_inr": 877500,
        "tax_rate_per_sqm": 450,
        "lulc_confidence": 0.953
      },
      "geometry": {
        "type": "Polygon",
        "coordinates": [
          [
            [
              73.74081251346126,
              18.592180277320654
            ],
            [
              73.74080985708231,
              18.592541712745152
            ],
            [
              73.7412718152713,
              18.59254479929098
            ],
            [
              73.74127447067633,
              18.59218336380221
            ],
            [
              73.74081251346126,
              18.592180277320654
            ]
          ]
        ]
      }
    },
    {
      "type": "Feature",
      "properties": {
        "parcel_id": "ULPIN-2026-9007-00047",
        "survey_number": "SY-102/47",
        "area_sqm": 1950.0,
        "perimeter_m": 177.5,
        "confidence_score": 0.93,
        "verification_status": "AI Confirmed",
        "building_count": 1,
        "building_coverage_ratio": 0.781,
        "landuse_class": "Vacant/Green",
        "owner_record": "Property Owner 47",
        "has_gnss_control": true,
        "tax_assessment_annual_inr": 877500,
        "tax_rate_per_sqm": 450,
        "lulc_confidence": 0.887
      },
      "geometry": {
        "type": "Polygon",
        "coordinates": [
          [
            [
              73.74080985708231,
              18.592541712745152
            ],
            [
              73.74080720064235,
              18.592903148155425
            ],
            [
              73.74126915980528,
              18.592906234765525
            ],
            [
              73.7412718152713,
              18.59254479929098
            ],
            [
              73.74080985708231,
              18.592541712745152
            ]
          ]
        ]
      }
    },
    {
      "type": "Feature",
      "properties": {
        "parcel_id": "ULPIN-2026-9007-00048",
        "survey_number": "SY-102/48",
        "area_sqm": 2173.5,
        "perimeter_m": 187.5,
        "confidence_score": 0.98,
        "verification_status": "AI Confirmed",
        "building_count": 2,
        "building_coverage_ratio": 0.713,
        "landuse_class": "Vacant/Green",
        "owner_record": "Property Owner 48",
        "has_gnss_control": true,
        "tax_assessment_annual_inr": 978075,
        "tax_rate_per_sqm": 450,
        "lulc_confidence": 0.929
      },
      "geometry": {
        "type": "Polygon",
        "coordinates": [
          [
            [
              73.74077890521558,
              18.592884886403247
            ],
            [
              73.7407761158282,
              18.59326439356533
            ],
            [
              73.74126650427827,
              18.593267670225863
            ],
            [
              73.74126929258006,
              18.59288816299215
            ],
            [
              73.74077890521558,
              18.592884886403247
            ]
          ]
        ]
      }
    },
    {
      "type": "Feature",
      "properties": {
        "parcel_id": "ULPIN-2026-9007-00049",
        "survey_number": "SY-102/49",
        "area_sqm": 1950.0,
        "perimeter_m": 177.5,
        "confidence_score": 0.85,
        "verification_status": "AI Confirmed",
        "building_count": 1,
        "building_coverage_ratio": 0.79,
        "landuse_class": "Vacant/Green",
        "owner_record": "Property Owner 49",
        "has_gnss_control": false,
        "tax_assessment_annual_inr": 877500,
        "tax_rate_per_sqm": 450,
        "lulc_confidence": 0.89
      },
      "geometry": {
        "type": "Polygon",
        "coordinates": [
          [
            [
              73.74173908235217,
              18.591825013584675
            ],
            [
              73.74127712602038,
              18.591821928299233
            ],
            [
              73.74127447067633,
              18.59218336380221
            ],
            [
              73.74173642798205,
              18.592186449151907
            ],
            [
              73.74173908235217,
              18.591825013584675
            ]
          ]
        ]
      }
    },
    {
      "type": "Feature",
      "properties": {
        "parcel_id": "ULPIN-2026-9007-00050",
        "survey_number": "SY-102/50",
        "area_sqm": 1643.46,
        "perimeter_m": 163.1,
        "confidence_score": 0.78,
        "verification_status": "Needs GT Verification",
        "building_count": 1,
        "building_coverage_ratio": 0.937,
        "landuse_class": "Vacant/Green",
        "owner_record": "Property Owner 50",
        "has_gnss_control": true,
        "tax_assessment_annual_inr": 739557,
        "tax_rate_per_sqm": 450,
        "lulc_confidence": 0.93
      },
      "geometry": {
        "type": "Polygon",
        "coordinates": [
          [
            [
              73.74171925164559,
              18.592202599851507
            ],
            [
              73.74129140806956,
              18.592199742340345
            ],
            [
              73.74128899168372,
              18.592528648637273
            ],
            [
              73.74171683608054,
              18.592531506202576
            ],
            [
              73.74171925164559,
              18.592202599851507
            ]
          ]
        ]
      }
    },
    {
      "type": "Feature",
      "properties": {
        "parcel_id": "ULPIN-2026-9007-00051",
        "survey_number": "SY-102/51",
        "area_sqm": 1950.0,
        "perimeter_m": 177.5,
        "confidence_score": 0.93,
        "verification_status": "AI Confirmed",
        "building_count": 1,
        "building_coverage_ratio": 0.79,
        "landuse_class": "Vacant/Green",
        "owner_record": "Property Owner 51",
        "has_gnss_control": true,
        "tax_assessment_annual_inr": 877500,
        "tax_rate_per_sqm": 450,
        "lulc_confidence": 0.887
      },
      "geometry": {
        "type": "Polygon",
        "coordinates": [
          [
            [
              73.74173377355092,
              18.592547884704913
            ],
            [
              73.7412718152713,
              18.59254479929098
            ],
            [
              73.74126915980528,
              18.592906234765525
            ],
            [
              73.74173111905883,
              18.59290932024371
            ],
            [
              73.74173377355092,
              18.592547884704913
            ]
          ]
        ]
      }
    },
    {
      "type": "Feature",
      "properties": {
        "parcel_id": "ULPIN-2026-9007-00052",
        "survey_number": "SY-102/52",
        "area_sqm": 1950.0,
        "perimeter_m": 177.5,
        "confidence_score": 0.93,
        "verification_status": "AI Confirmed",
        "building_count": 0,
        "building_coverage_ratio": 0.0,
        "landuse_class": "Vacant/Green",
        "owner_record": "Property Owner 52",
        "has_gnss_control": true,
        "tax_assessment_annual_inr": 877500,
        "tax_rate_per_sqm": 450,
        "lulc_confidence": 0.898
      },
      "geometry": {
        "type": "Polygon",
        "coordinates": [
          [
            [
              73.74173111905883,
              18.59290932024371
            ],
            [
              73.74126915980528,
              18.592906234765525
            ],
            [
              73.74126650427827,
              18.593267670225863
            ],
            [
              73.74172846450577,
              18.593270755768305
            ],
            [
              73.74173111905883,
              18.59290932024371
            ]
          ]
        ]
      }
    },
    {
      "type": "Feature",
      "properties": {
        "parcel_id": "ULPIN-2026-9007-00053",
        "survey_number": "SY-103/53",
        "area_sqm": 1852.5,
        "perimeter_m": 173.5,
        "confidence_score": 0.93,
        "verification_status": "AI Confirmed",
        "building_count": 1,
        "building_coverage_ratio": 0.775,
        "landuse_class": "Vacant/Green",
        "owner_record": "Property Owner 53",
        "has_gnss_control": true,
        "tax_assessment_annual_inr": 833625,
        "tax_rate_per_sqm": 450,
        "lulc_confidence": 0.904
      },
      "geometry": {
        "type": "Polygon",
        "coordinates": [
          [
            [
              73.74033952792345,
              18.593677146359138
            ],
            [
              73.74034205259278,
              18.59333378280982
            ],
            [
              73.7398800924424,
              18.593330693858704
            ],
            [
              73.73987756684777,
              18.593674057346917
            ],
            [
              73.74033952792345,
              18.593677146359138
            ]
          ]
        ]
      }
    },
    {
      "type": "Feature",
      "properties": {
        "parcel_id": "ULPIN-2026-9007-00054",
        "survey_number": "SY-103/54",
        "area_sqm": 1852.5,
        "perimeter_m": 173.5,
        "confidence_score": 0.93,
        "verification_status": "AI Confirmed",
        "building_count": 1,
        "building_coverage_ratio": 0.775,
        "landuse_class": "Vacant/Green",
        "owner_record": "Property Owner 54",
        "has_gnss_control": true,
        "tax_assessment_annual_inr": 833625,
        "tax_rate_per_sqm": 450,
        "lulc_confidence": 0.966
      },
      "geometry": {
        "type": "Polygon",
        "coordinates": [
          [
            [
              73.74033952792345,
              18.593677146359138
            ],
            [
              73.73987756684777,
              18.593674057346917
            ],
            [
              73.73987504119803,
              18.594017420822304
            ],
            [
              73.74033700319902,
              18.59402050989563
            ],
            [
              73.74033952792345,
              18.593677146359138
            ]
          ]
        ]
      }
    },
    {
      "type": "Feature",
      "properties": {
        "parcel_id": "ULPIN-2026-9007-00055",
        "survey_number": "SY-103/55",
        "area_sqm": 2119.81,
        "perimeter_m": 182.92,
        "confidence_score": 0.98,
        "verification_status": "AI Confirmed",
        "building_count": 1,
        "building_coverage_ratio": 0.685,
        "landuse_class": "Vacant/Green",
        "owner_record": "Property Owner 55",
        "has_gnss_control": true,
        "tax_assessment_annual_inr": 953914,
        "tax_rate_per_sqm": 450,
        "lulc_confidence": 0.9
      },
      "geometry": {
        "type": "Polygon",
        "coordinates": [
          [
            [
              73.74032531373516,
              18.593677051329497
            ],
            [
              73.74032537241195,
              18.59367838029415
            ],
            [
              73.74032556741405,
              18.593679697375357
            ],
            [
              73.7403258968635,
              18.593680989888878
            ],
            [
              73.74032635758752,
              18.593682245387107
            ],
            [
              73.74032694514908,
              18.593683451778926
            ],
            [
              73.74032765388965,
              18.593684597446106
            ],
            [
              73.74032847698368,
              18.59368567135524
            ],
            [
              73.7403294065043,
              18.593686663164007
            ],
            [
              73.74033043349975,
              18.59368756332072
            ],
            [
              73.74033154807948,
              18.593688363156428
            ],
            [
              73.74033273950951,
              18.59368905496822
            ],
            [
              73.74033399631566,
              18.5936896320936
            ],
            [
              73.74033530639423,
              18.593690088974515
            ],
            [
              73.74033665712845,
              18.59369042121097
            ],
            [
              73.74033803550999,
              18.593690625603337
            ],
            [
              73.74033942826432,
              18.593690700183195
            ],
            [
              73.74080138946718,
              18.593693788065863
            ],
            [
              73.74080278318137,
              18.59369373211155
            ],
            [
              73.74080416443275,
              18.593693546165337
            ],
            [
              73.74080551991909,
              18.593693232018012
            ],
            [
              73.74080683658636,
              18.593692792694938
            ],
            [
              73.74080810175428,
              18.593692232427085
            ],
            [
              73.74080930323863,
              18.593691556610104
            ],
            [
              73.74081042946844,
              18.593690771752495
            ],
            [
              73.74081146959749,
              18.593689885412886
            ],
            [
              73.7408124136088,
              18.593688906127177
            ],
            [
              73.74081325241099,
              18.593687843326457
            ],
            [
              73.74081397792594,
              18.59368670724606
            ],
            [
              73.74081458316657,
              18.593685508827072
            ],
            [
              73.74081506230407,
              18.59368425961094
            ],
            [
              73.74081541072408,
              18.59368297162827
            ],
            [
              73.74081562507114,
              18.59368165728305
            ],
            [
              73.74081570328097,
              18.593680329233152
            ],
            [
              73.74081822699654,
              18.593336965620875
            ],
            [
              73.74081816831587,
              18.593335636656093
            ],
            [
              73.74081797331014,
              18.59333431957516
            ],
            [
              73.74081764385743,
              18.593333027062265
            ],
            [
              73.7408171831305,
              18.593331771565023
            ],
            [
              73.74081659556643,
              18.593330565174565
            ],
            [
              73.74081588682378,
              18.593329419509082
            ],
            [
              73.74081506372812,
              18.593328345601957
            ],
            [
              73.74081413420633,
              18.593327353795498
            ],
            [
              73.74081310721022,
              18.59332645364135
            ],
            [
              73.7408119926303,
              18.593325653808485
            ],
            [
              73.74081080120058,
              18.593324961999727
            ],
            [
              73.7408095443952,
              18.593324384877587
            ],
            [
              73.74080823431788,
              18.593323928000032
            ],
            [
              73.74080688358536,
              18.593323595767057
            ],
            [
              73.74080550520596,
              18.59332339137826
            ],
            [
              73.74080411245419,
              18.59332331680202
            ],
            [
              73.74034215224965,
              18.59332022898525
            ],
            [
              73.7403407585386,
              18.593320284936325
            ],
            [
              73.74033937728997,
              18.593320470879288
            ],
            [
              73.74033802180598,
              18.59332078502341
            ],
            [
              73.74033670514065,
              18.593321224343306
            ],
            [
              73.7403354399742,
              18.5933217846081
            ],
            [
              73.74033423849089,
              18.59332246042213
            ],
            [
              73.74033311226161,
              18.593323245276924
            ],
            [
              73.7403320721326,
              18.59332413161392
            ],
            [
              73.74033112812086,
              18.593325110897215
            ],
            [
              73.74033028931774,
              18.59332617369576
            ],
            [
              73.74032956380138,
              18.593327309774217
            ],
            [
              73.74032895855889,
              18.593328508191576
            ],
            [
              73.74032847941909,
              18.593329757406366
            ],
            [
              73.74032813099636,
              18.593331045388016
            ],
            [
              73.74032791664622,
              18.59333235973253
            ],
            [
              73.74032783843296,
              18.593333687782053
            ],
            [
              73.74032531373516,
              18.593677051329497
            ]
          ]
        ]
      }
    },
    {
      "type": "Feature",
      "properties": {
        "parcel_id": "ULPIN-2026-9007-00056",
        "survey_number": "SY-103/56",
        "area_sqm": 2070.0,
        "perimeter_m": 183.5,
        "confidence_score": 0.98,
        "verification_status": "AI Confirmed",
        "building_count": 2,
        "building_coverage_ratio": 0.709,
        "landuse_class": "Vacant/Green",
        "owner_record": "Property Owner 56",
        "has_gnss_control": true,
        "tax_assessment_annual_inr": 931500,
        "tax_rate_per_sqm": 450,
        "lulc_confidence": 0.91
      },
      "geometry": {
        "type": "Polygon",
        "coordinates": [
          [
            [
              73.74080162191979,
              18.59366216247075
            ],
            [
              73.74031123242864,
              18.59365888453353
            ],
            [
              73.74030857476556,
              18.59402031983149
            ],
            [
              73.74079896529067,
              18.594023597836966
            ],
            [
              73.74080162191979,
              18.59366216247075
            ]
          ]
        ]
      }
    },
    {
      "type": "Feature",
      "properties": {
        "parcel_id": "ULPIN-2026-9007-00057",
        "survey_number": "SY-103/57",
        "area_sqm": 1852.5,
        "perimeter_m": 173.5,
        "confidence_score": 0.93,
        "verification_status": "AI Confirmed",
        "building_count": 1,
        "building_coverage_ratio": 0.775,
        "landuse_class": "Vacant/Green",
        "owner_record": "Property Owner 57",
        "has_gnss_control": true,
        "tax_assessment_annual_inr": 833625,
        "tax_rate_per_sqm": 450,
        "lulc_confidence": 0.95
      },
      "geometry": {
        "type": "Polygon",
        "coordinates": [
          [
            [
              73.74080148908979,
              18.5936802342394
            ],
            [
              73.74126345034678,
              18.59368332098769
            ],
            [
              73.74126597316553,
              18.59333995731623
            ],
            [
              73.74080401283385,
              18.593336870629006
            ],
            [
              73.74080148908979,
              18.5936802342394
            ]
          ]
        ]
      }
    },
    {
      "type": "Feature",
      "properties": {
        "parcel_id": "ULPIN-2026-9007-00058",
        "survey_number": "SY-103/58",
        "area_sqm": 1852.5,
        "perimeter_m": 173.5,
        "confidence_score": 0.93,
        "verification_status": "AI Confirmed",
        "building_count": 1,
        "building_coverage_ratio": 0.775,
        "landuse_class": "Vacant/Green",
        "owner_record": "Property Owner 58",
        "has_gnss_control": true,
        "tax_assessment_annual_inr": 833625,
        "tax_rate_per_sqm": 450,
        "lulc_confidence": 0.936
      },
      "geometry": {
        "type": "Polygon",
        "coordinates": [
          [
            [
              73.74126345034678,
              18.59368332098769
            ],
            [
              73.74080148908979,
              18.5936802342394
            ],
            [
              73.74079896529067,
              18.594023597836966
            ],
            [
              73.74126092747295,
              18.59402668464632
            ],
            [
              73.74126345034678,
              18.59368332098769
            ]
          ]
        ]
      }
    },
    {
      "type": "Feature",
      "properties": {
        "parcel_id": "ULPIN-2026-9007-00059",
        "survey_number": "SY-103/59",
        "area_sqm": 1852.5,
        "perimeter_m": 173.5,
        "confidence_score": 0.93,
        "verification_status": "AI Confirmed",
        "building_count": 1,
        "building_coverage_ratio": 0.784,
        "landuse_class": "Vacant/Green",
        "owner_record": "Property Owner 59",
        "has_gnss_control": true,
        "tax_assessment_annual_inr": 833625,
        "tax_rate_per_sqm": 450,
        "lulc_confidence": 0.91
      },
      "geometry": {
        "type": "Polygon",
        "coordinates": [
          [
            [
              73.74172793358784,
              18.593343042871513
            ],
            [
              73.74126597316553,
              18.59333995731623
            ],
            [
              73.74126345034678,
              18.59368332098769
            ],
            [
              73.74172541169436,
              18.59368640660401
            ],
            [
              73.74172793358784,
              18.593343042871513
            ]
          ]
        ]
      }
    },
    {
      "type": "Feature",
      "properties": {
        "parcel_id": "ULPIN-2026-9007-00060",
        "survey_number": "SY-103/60",
        "area_sqm": 1553.16,
        "perimeter_m": 159.1,
        "confidence_score": 0.78,
        "verification_status": "Needs GT Verification",
        "building_count": 1,
        "building_coverage_ratio": 0.935,
        "landuse_class": "Vacant/Green",
        "owner_record": "Property Owner 60",
        "has_gnss_control": true,
        "tax_assessment_annual_inr": 698922,
        "tax_rate_per_sqm": 450,
        "lulc_confidence": 0.901
      },
      "geometry": {
        "type": "Polygon",
        "coordinates": [
          [
            [
              73.74170823519728,
              18.593702557291117
            ],
            [
              73.74128038787786,
              18.59369969953302
            ],
            [
              73.74127810404406,
              18.594010534004973
            ],
            [
              73.74170595213928,
              18.59401339181425
            ],
            [
              73.74170823519728,
              18.593702557291117
            ]
          ]
        ]
      }
    },
    {
      "type": "Feature",
      "properties": {
        "parcel_id": "ULPIN-2026-9007-00061",
        "survey_number": "SY-104/61",
        "area_sqm": 1995.0,
        "perimeter_m": 181.0,
        "confidence_score": 0.93,
        "verification_status": "Needs GT Verification",
        "building_count": 1,
        "building_coverage_ratio": 0.786,
        "landuse_class": "Vacant/Green",
        "owner_record": "Property Owner 61",
        "has_gnss_control": true,
        "tax_assessment_annual_inr": 897750,
        "tax_rate_per_sqm": 450,
        "lulc_confidence": 0.937
      },
      "geometry": {
        "type": "Polygon",
        "coordinates": [
          [
            [
              73.73829031666385,
              18.59366343519143
            ],
            [
              73.73829284543766,
              18.593320071913336
            ],
            [
              73.73779535032844,
              18.59331673989629
            ],
            [
              73.73779282055817,
              18.593660103108466
            ],
            [
              73.73829031666385,
              18.59366343519143
            ]
          ]
        ]
      }
    },
    {
      "type": "Feature",
      "properties": {
        "parcel_id": "ULPIN-2026-9007-00062",
        "survey_number": "SY-104/62",
        "area_sqm": 1995.0,
        "perimeter_m": 181.0,
        "confidence_score": 0.93,
        "verification_status": "Needs GT Verification",
        "building_count": 1,
        "building_coverage_ratio": 0.786,
        "landuse_class": "Vacant/Green",
        "owner_record": "Property Owner 62",
        "has_gnss_control": true,
        "tax_assessment_annual_inr": 897750,
        "tax_rate_per_sqm": 450,
        "lulc_confidence": 0.94
      },
      "geometry": {
        "type": "Polygon",
        "coordinates": [
          [
            [
              73.73829031666385,
              18.59366343519143
            ],
            [
              73.73779282055817,
              18.593660103108466
            ],
            [
              73.7377902907327,
              18.594003466307818
            ],
            [
              73.73828778783488,
              18.59400679845669
            ],
            [
              73.73829031666385,
              18.59366343519143
            ]
          ]
        ]
      }
    },
    {
      "type": "Feature",
      "properties": {
        "parcel_id": "ULPIN-2026-9007-00063",
        "survey_number": "SY-104/63",
        "area_sqm": 1995.0,
        "perimeter_m": 181.0,
        "confidence_score": 0.93,
        "verification_status": "Needs GT Verification",
        "building_count": 1,
        "building_coverage_ratio": 0.786,
        "landuse_class": "Vacant/Green",
        "owner_record": "Property Owner 63",
        "has_gnss_control": true,
        "tax_assessment_annual_inr": 897750,
        "tax_rate_per_sqm": 450,
        "lulc_confidence": 0.927
      },
      "geometry": {
        "type": "Polygon",
        "coordinates": [
          [
            [
              73.73829031666385,
              18.59366343519143
            ],
            [
              73.73878781287486,
              18.593666765961583
            ],
            [
              73.7387903406522,
              18.59332340261761
            ],
            [
              73.73829284543766,
              18.593320071913336
            ],
            [
              73.73829031666385,
              18.59366343519143
            ]
          ]
        ]
      }
    },
    {
      "type": "Feature",
      "properties": {
        "parcel_id": "ULPIN-2026-9007-00064",
        "survey_number": "SY-104/64",
        "area_sqm": 2220.0,
        "perimeter_m": 191.0,
        "confidence_score": 0.98,
        "verification_status": "Needs GT Verification",
        "building_count": 2,
        "building_coverage_ratio": 0.717,
        "landuse_class": "Vacant/Green",
        "owner_record": "Property Owner 64",
        "has_gnss_control": true,
        "tax_assessment_annual_inr": 999000,
        "tax_rate_per_sqm": 450,
        "lulc_confidence": 0.911
      },
      "geometry": {
        "type": "Polygon",
        "coordinates": [
          [
            [
              73.73878794591714,
              18.593648694206955
            ],
            [
              73.73826202140984,
              18.593645173071085
            ],
            [
              73.73825935942618,
              18.594006608083546
            ],
            [
              73.73878528504234,
              18.594010129292734
            ],
            [
              73.73878794591714,
              18.593648694206955
            ]
          ]
        ]
      }
    },
    {
      "type": "Feature",
      "properties": {
        "parcel_id": "ULPIN-2026-9007-00065",
        "survey_number": "SY-104/65",
        "area_sqm": 2273.56,
        "perimeter_m": 190.42,
        "confidence_score": 0.93,
        "verification_status": "Needs GT Verification",
        "building_count": 0,
        "building_coverage_ratio": 0.0,
        "landuse_class": "Vacant/Green",
        "owner_record": "Property Owner 65",
        "has_gnss_control": true,
        "tax_assessment_annual_inr": 1023102,
        "tax_rate_per_sqm": 450,
        "lulc_confidence": 0.916
      },
      "geometry": {
        "type": "Polygon",
        "coordinates": [
          [
            [
              73.73877359869594,
              18.593666670814944
            ],
            [
              73.73877365736065,
              18.593667999779377
            ],
            [
              73.73877385235072,
              18.593669316861472
            ],
            [
              73.73877418178827,
              18.593670609377014
            ],
            [
              73.73877464250064,
              18.593671864878367
            ],
            [
              73.73877523005093,
              18.59367307127438
            ],
            [
              73.73877593878069,
              18.593674216946763
            ],
            [
              73.73877676186451,
              18.593675290862098
            ],
            [
              73.73877769137562,
              18.59367628267799
            ],
            [
              73.73877871836227,
              18.593677182842693
            ],
            [
              73.73877983293409,
              18.593677982687137
            ],
            [
              73.73878102435711,
              18.59367867450837
            ],
            [
              73.7387822811573,
              18.59367925164379
            ],
            [
              73.73878359123094,
              18.59367970853525
            ],
            [
              73.73878494196137,
              18.59368004078264
            ],
            [
              73.73878632034022,
              18.593680245186246
            ],
            [
              73.73878771309303,
              18.593680319777533
            ],
            [
              73.73928520944868,
              18.593683649237487
            ],
            [
              73.73928660316254,
              18.59368359329442
            ],
            [
              73.73928798441474,
              18.59368340735942
            ],
            [
              73.73928933990308,
              18.59368309322315
            ],
            [
              73.73929065657346,
              18.59368265391091
            ],
            [
              73.73929192174563,
              18.593682093653513
            ],
            [
              73.73929312323523,
              18.59368141784656
            ],
            [
              73.73929424947133,
              18.59368063299842
            ],
            [
              73.73929528960763,
              18.593679746667647
            ],
            [
              73.73929623362703,
              18.593678767390053
            ],
            [
              73.73929707243812,
              18.59367770459663
            ],
            [
              73.73929779796272,
              18.593676568522675
            ],
            [
              73.7392984032136,
              18.59367537010919
            ],
            [
              73.73929888236187,
              18.593674120897557
            ],
            [
              73.73929923079307,
              18.593672832918372
            ],
            [
              73.73929944515163,
              18.593671518575572
            ],
            [
              73.73929952337316,
              18.593670190526993
            ],
            [
              73.73930205012559,
              18.59332682711527
            ],
            [
              73.7393019914567,
              18.59332549815073
            ],
            [
              73.73930179646275,
              18.593324181068915
            ],
            [
              73.73930146702166,
              18.593322888554038
            ],
            [
              73.7393010063061,
              18.59332163305376
            ],
            [
              73.73930041875306,
              18.593320426659204
            ],
            [
              73.73929971002097,
              18.593319280988617
            ],
            [
              73.7392988869353,
              18.59331820707543
            ],
            [
              73.73929795742282,
              18.593317215262022
            ],
            [
              73.73929693043526,
              18.59331631510008
            ],
            [
              73.73929581586307,
              18.593315515258674
            ],
            [
              73.73929462444018,
              18.59331482344069
            ],
            [
              73.73929336764066,
              18.59331424630873
            ],
            [
              73.73929205756814,
              18.593313789420883
            ],
            [
              73.73929070683936,
              18.593313457177217
            ],
            [
              73.73928932846256,
              18.59331325277744
            ],
            [
              73.73928793571227,
              18.59331317819002
            ],
            [
              73.73879044043176,
              18.593309848801145
            ],
            [
              73.73878904672102,
              18.5933099047407
            ],
            [
              73.73878766547155,
              18.593310090672194
            ],
            [
              73.73878630998551,
              18.59331040480499
            ],
            [
              73.738784993317,
              18.593310844113812
            ],
            [
              73.73878372814625,
              18.59331140436789
            ],
            [
              73.73878252665752,
              18.593312080171653
            ],
            [
              73.7387814004218,
              18.593312865016756
            ],
            [
              73.7387803602854,
              18.593313751344716
            ],
            [
              73.73877941626536,
              18.593314730619706
            ],
            [
              73.73877857745312,
              18.593315793410774
            ],
            [
              73.73877785192693,
              18.593316929482647
            ],
            [
              73.73877724667393,
              18.59331812789437
            ],
            [
              73.73877676752309,
              18.593319377104553
            ],
            [
              73.73877641908892,
              18.593320665082626
            ],
            [
              73.738776204727,
              18.593321979424672
            ],
            [
              73.73877612650175,
              18.593323307472843
            ],
            [
              73.73877359869594,
              18.593666670814944
            ]
          ]
        ]
      }
    },
    {
      "type": "Feature",
      "properties": {
        "parcel_id": "ULPIN-2026-9007-00066",
        "survey_number": "SY-104/66",
        "area_sqm": 1995.0,
        "perimeter_m": 181.0,
        "confidence_score": 0.93,
        "verification_status": "Needs GT Verification",
        "building_count": 1,
        "building_coverage_ratio": 0.786,
        "landuse_class": "Vacant/Green",
        "owner_record": "Property Owner 66",
        "has_gnss_control": true,
        "tax_assessment_annual_inr": 897750,
        "tax_rate_per_sqm": 450,
        "lulc_confidence": 0.936
      },
      "geometry": {
        "type": "Polygon",
        "coordinates": [
          [
            [
              73.73928530919115,
              18.593670095418933
            ],
            [
              73.73878781287486,
              18.593666765961583
            ],
            [
              73.73878528504234,
              18.594010129292734
            ],
            [
              73.73928278235512,
              18.59401345881594
            ],
            [
              73.73928530919115,
              18.593670095418933
            ]
          ]
        ]
      }
    },
    {
      "type": "Feature",
      "properties": {
        "parcel_id": "ULPIN-2026-9007-00067",
        "survey_number": "SY-104/67",
        "area_sqm": 1995.0,
        "perimeter_m": 181.0,
        "confidence_score": 0.93,
        "verification_status": "AI Confirmed",
        "building_count": 1,
        "building_coverage_ratio": 0.786,
        "landuse_class": "Vacant/Green",
        "owner_record": "Property Owner 67",
        "has_gnss_control": true,
        "tax_assessment_annual_inr": 897750,
        "tax_rate_per_sqm": 450,
        "lulc_confidence": 0.947
      },
      "geometry": {
        "type": "Polygon",
        "coordinates": [
          [
            [
              73.73978533139713,
              18.593330060087794
            ],
            [
              73.73928783597204,
              18.593326732009093
            ],
            [
              73.73928530919115,
              18.593670095418933
            ],
            [
              73.73978280561269,
              18.59367342356347
            ],
            [
              73.73978533139713,
              18.593330060087794
            ]
          ]
        ]
      }
    },
    {
      "type": "Feature",
      "properties": {
        "parcel_id": "ULPIN-2026-9007-00068",
        "survey_number": "SY-104/68",
        "area_sqm": 1995.0,
        "perimeter_m": 181.0,
        "confidence_score": 0.93,
        "verification_status": "AI Confirmed",
        "building_count": 1,
        "building_coverage_ratio": 0.786,
        "landuse_class": "Vacant/Green",
        "owner_record": "Property Owner 68",
        "has_gnss_control": true,
        "tax_assessment_annual_inr": 897750,
        "tax_rate_per_sqm": 450,
        "lulc_confidence": 0.929
      },
      "geometry": {
        "type": "Polygon",
        "coordinates": [
          [
            [
              73.73978280561269,
              18.59367342356347
            ],
            [
              73.73928530919115,
              18.593670095418933
            ],
            [
              73.73928278235512,
              18.59401345881594
            ],
            [
              73.73978027977316,
              18.594016787026312
            ],
            [
              73.73978280561269,
              18.59367342356347
            ]
          ]
        ]
      }
    },
    {
      "type": "Feature",
      "properties": {
        "parcel_id": "ULPIN-2026-9007-00069",
        "survey_number": "SY-105/69",
        "area_sqm": 2216.67,
        "perimeter_m": 192.67,
        "confidence_score": 0.93,
        "verification_status": "AI Confirmed",
        "building_count": 1,
        "building_coverage_ratio": 0.789,
        "landuse_class": "Vacant/Green",
        "owner_record": "Property Owner 69",
        "has_gnss_control": true,
        "tax_assessment_annual_inr": 997501,
        "tax_rate_per_sqm": 450,
        "lulc_confidence": 0.928
      },
      "geometry": {
        "type": "Polygon",
        "coordinates": [
          [
            [
              73.73659251292757,
              18.593652058392482
            ],
            [
              73.73659504510198,
              18.59330869533944
            ],
            [
              73.73604227316467,
              18.593304988039325
            ],
            [
              73.7360397398831,
              18.59364835101902
            ],
            [
              73.73659251292757,
              18.593652058392482
            ]
          ]
        ]
      }
    },
    {
      "type": "Feature",
      "properties": {
        "parcel_id": "ULPIN-2026-9007-00070",
        "survey_number": "SY-105/70",
        "area_sqm": 1882.83,
        "perimeter_m": 178.27,
        "confidence_score": 0.78,
        "verification_status": "Needs GT Verification",
        "building_count": 1,
        "building_coverage_ratio": 0.929,
        "landuse_class": "Vacant/Green",
        "owner_record": "Property Owner 70",
        "has_gnss_control": true,
        "tax_assessment_annual_inr": 847273,
        "tax_rate_per_sqm": 450,
        "lulc_confidence": 0.914
      },
      "geometry": {
        "type": "Polygon",
        "coordinates": [
          [
            [
              73.73657533598073,
              18.593668208583015
            ],
            [
              73.73605667688064,
              18.593664730004193
            ],
            [
              73.73605438357502,
              18.593975563849945
            ],
            [
              73.73657304361558,
              18.593979042491046
            ],
            [
              73.73657533598073,
              18.593668208583015
            ]
          ]
        ]
      }
    },
    {
      "type": "Feature",
      "properties": {
        "parcel_id": "ULPIN-2026-9007-00071",
        "survey_number": "SY-105/71",
        "area_sqm": 2216.67,
        "perimeter_m": 192.67,
        "confidence_score": 0.93,
        "verification_status": "AI Confirmed",
        "building_count": 1,
        "building_coverage_ratio": 0.796,
        "landuse_class": "Vacant/Green",
        "owner_record": "Property Owner 71",
        "has_gnss_control": true,
        "tax_assessment_annual_inr": 997501,
        "tax_rate_per_sqm": 450,
        "lulc_confidence": 0.968
      },
      "geometry": {
        "type": "Polygon",
        "coordinates": [
          [
            [
              73.73659251292757,
              18.593652058392482
            ],
            [
              73.73714528610228,
              18.593655764145183
            ],
            [
              73.73714781716951,
              18.593312401018846
            ],
            [
              73.73659504510198,
              18.59330869533944
            ],
            [
              73.73659251292757,
              18.593652058392482
            ]
          ]
        ]
      }
    },
    {
      "type": "Feature",
      "properties": {
        "parcel_id": "ULPIN-2026-9007-00072",
        "survey_number": "SY-105/72",
        "area_sqm": 2453.33,
        "perimeter_m": 202.67,
        "confidence_score": 0.98,
        "verification_status": "AI Confirmed",
        "building_count": 2,
        "building_coverage_ratio": 0.725,
        "landuse_class": "Vacant/Green",
        "owner_record": "Property Owner 72",
        "has_gnss_control": true,
        "tax_assessment_annual_inr": 1103998,
        "tax_rate_per_sqm": 450,
        "lulc_confidence": 0.941
      },
      "geometry": {
        "type": "Polygon",
        "coordinates": [
          [
            [
              73.73714541931771,
              18.593637692402016
            ],
            [
              73.73656421787311,
              18.593633796027977
            ],
            [
              73.73656155230978,
              18.593995230803543
            ],
            [
              73.7371427549798,
              18.593999127258705
            ],
            [
              73.73714541931771,
              18.593637692402016
            ]
          ]
        ]
      }
    },
    {
      "type": "Feature",
      "properties": {
        "parcel_id": "ULPIN-2026-9007-00073",
        "survey_number": "SY-105/73",
        "area_sqm": 2216.67,
        "perimeter_m": 192.67,
        "confidence_score": 0.93,
        "verification_status": "AI Confirmed",
        "building_count": 1,
        "building_coverage_ratio": 0.796,
        "landuse_class": "Vacant/Green",
        "owner_record": "Property Owner 73",
        "has_gnss_control": true,
        "tax_assessment_annual_inr": 997501,
        "tax_rate_per_sqm": 450,
        "lulc_confidence": 0.911
      },
      "geometry": {
        "type": "Polygon",
        "coordinates": [
          [
            [
              73.7377005893672,
              18.593316105077527
            ],
            [
              73.73714781716951,
              18.593312401018846
            ],
            [
              73.73714528610228,
              18.593655764145183
            ],
            [
              73.73769805940714,
              18.593659468277146
            ],
            [
              73.7377005893672,
              18.593316105077527
            ]
          ]
        ]
      }
    },
    {
      "type": "Feature",
      "properties": {
        "parcel_id": "ULPIN-2026-9007-00074",
        "survey_number": "SY-105/74",
        "area_sqm": 2216.67,
        "perimeter_m": 192.67,
        "confidence_score": 0.93,
        "verification_status": "AI Confirmed",
        "building_count": 1,
        "building_coverage_ratio": 0.796,
        "landuse_class": "Vacant/Green",
        "owner_record": "Property Owner 74",
        "has_gnss_control": true,
        "tax_assessment_annual_inr": 997501,
        "tax_rate_per_sqm": 450,
        "lulc_confidence": 0.951
      },
      "geometry": {
        "type": "Polygon",
        "coordinates": [
          [
            [
              73.73769805940714,
              18.593659468277146
            ],
            [
              73.73714528610228,
              18.593655764145183
            ],
            [
              73.7371427549798,
              18.593999127258705
            ],
            [
              73.73769552939186,
              18.594002831463936
            ],
            [
              73.73769805940714,
              18.593659468277146
            ]
          ]
        ]
      }
    },
    {
      "type": "Feature",
      "properties": {
        "parcel_id": "ULPIN-2026-9007-00075",
        "survey_number": "SY-106/75",
        "area_sqm": 2635.39,
        "perimeter_m": 206.09,
        "confidence_score": 0.98,
        "verification_status": "AI Confirmed",
        "building_count": 1,
        "building_coverage_ratio": 0.704,
        "landuse_class": "Vacant/Green",
        "owner_record": "Property Owner 75",
        "has_gnss_control": true,
        "tax_assessment_annual_inr": 1185925,
        "tax_rate_per_sqm": 450,
        "lulc_confidence": 0.948
      },
      "geometry": {
        "type": "Polygon",
        "coordinates": [
          [
            [
              73.7366034741792,
              18.592165657715157
            ],
            [
              73.73660486788027,
              18.592165601791237
            ],
            [
              73.73660624912176,
              18.59216541587532
            ],
            [
              73.73660760460156,
              18.592165101757885
            ],
            [
              73.73660892126566,
              18.592164662464032
            ],
            [
              73.73661018643386,
              18.592164102224423
            ],
            [
              73.7366113879219,
              18.59216342643446
            ],
            [
              73.73661251415881,
              18.59216264160238
            ],
            [
              73.73661355429826,
              18.592161755286536
            ],
            [
              73.73661449832319,
              18.59216077602265
            ],
            [
              73.73661533714211,
              18.59215971324155
            ],
            [
              73.73661606267672,
              18.59215857717842
            ],
            [
              73.73661666793974,
              18.59215737877416
            ],
            [
              73.73661714710214,
              18.592156129570057
            ],
            [
              73.73661749554935,
              18.59215484159665
            ],
            [
              73.73661770992562,
              18.592153527257803
            ],
            [
              73.73661778816643,
              18.592152199211327
            ],
            [
              73.7366204533276,
              18.591790764357324
            ],
            [
              73.73662039467932,
              18.591789435392986
            ],
            [
              73.73662019970716,
              18.59178811830952
            ],
            [
              73.7366198702888,
              18.591786825791143
            ],
            [
              73.73661940959673,
              18.591785570285516
            ],
            [
              73.73661882206767,
              18.591784363883843
            ],
            [
              73.73661811335985,
              18.591783218204434
            ],
            [
              73.73661729029853,
              18.591782144280803
            ],
            [
              73.7366163608102,
              18.591781152455432
            ],
            [
              73.73661533384639,
              18.59178025228011
            ],
            [
              73.7366142192973,
              18.59177945242404
            ],
            [
              73.73661302789662,
              18.591778760590266
            ],
            [
              73.7366117711182,
              18.591778183441534
            ],
            [
              73.73661046106555,
              18.591777726536083
            ],
            [
              73.73660911035515,
              18.591777394274178
            ],
            [
              73.73660773199506,
              18.59177718985567
            ],
            [
              73.7366063392597,
              18.59177711524923
            ],
            [
              73.73605357226064,
              18.591773408276225
            ],
            [
              73.73605217856287,
              18.59177346419624
            ],
            [
              73.73605079732424,
              18.591773650108262
            ],
            [
              73.73604944184682,
              18.591773964221836
            ],
            [
              73.73604812518461,
              18.591774403511888
            ],
            [
              73.73604686001778,
              18.591774963747806
            ],
            [
              73.73604565853057,
              18.591775639534223
            ],
            [
              73.73604453229397,
              18.591776424362944
            ],
            [
              73.73604349215424,
              18.591777310675646
            ],
            [
              73.7360425481285,
              18.59177828993664
            ],
            [
              73.73604170930821,
              18.591779352715125
            ],
            [
              73.7360409837717,
              18.59178048877596
            ],
            [
              73.73604037850629,
              18.591781687178255
            ],
            [
              73.736039899341,
              18.59178293638074
            ],
            [
              73.73603955089045,
              18.59178422435292
            ],
            [
              73.73603933651043,
              18.591785538690928
            ],
            [
              73.73603925826552,
              18.591786866736953
            ],
            [
              73.73603659187908,
              18.592148301509795
            ],
            [
              73.73603665052276,
              18.592149630473994
            ],
            [
              73.73603684549062,
              18.592150947557776
            ],
            [
              73.73603717490504,
              18.592152240076906
            ],
            [
              73.73603763559355,
              18.592153495583716
            ],
            [
              73.7360382231195,
              18.592154701986974
            ],
            [
              73.73603893182467,
              18.592155847668394
            ],
            [
              73.73603975488385,
              18.592156921594402
            ],
            [
              73.73604068437055,
              18.592157913422515
            ],
            [
              73.73604171133327,
              18.59215881360087
            ],
            [
              73.73604282588184,
              18.592159613460282
            ],
            [
              73.73604401728251,
              18.592160305297664
            ],
            [
              73.73604527406147,
              18.592160882450216
            ],
            [
              73.73604658411523,
              18.59216133935965
            ],
            [
              73.73604793482725,
              18.592161671625703
            ],
            [
              73.73604931318945,
              18.592161876048436
            ],
            [
              73.73605070592744,
              18.592161950659168
            ],
            [
              73.7366034741792,
              18.592165657715157
            ]
          ]
        ]
      }
    },
    {
      "type": "Feature",
      "properties": {
        "parcel_id": "ULPIN-2026-9007-00076",
        "survey_number": "SY-106/76",
        "area_sqm": 2333.33,
        "perimeter_m": 196.67,
        "confidence_score": 0.93,
        "verification_status": "AI Confirmed",
        "building_count": 1,
        "building_coverage_ratio": 0.795,
        "landuse_class": "Vacant/Green",
        "owner_record": "Property Owner 76",
        "has_gnss_control": true,
        "tax_assessment_annual_inr": 1049998,
        "tax_rate_per_sqm": 450,
        "lulc_confidence": 0.897
      },
      "geometry": {
        "type": "Polygon",
        "coordinates": [
          [
            [
              73.7366009088727,
              18.592513538746292
            ],
            [
              73.73660357412507,
              18.592152103908482
            ],
            [
              73.73605080591699,
              18.59214839685539
            ],
            [
              73.73604813949927,
              18.59250983161601
            ],
            [
              73.7366009088727,
              18.592513538746292
            ]
          ]
        ]
      }
    },
    {
      "type": "Feature",
      "properties": {
        "parcel_id": "ULPIN-2026-9007-00077",
        "survey_number": "SY-106/77",
        "area_sqm": 2333.33,
        "perimeter_m": 196.67,
        "confidence_score": 0.93,
        "verification_status": "AI Confirmed",
        "building_count": 1,
        "building_coverage_ratio": 0.795,
        "landuse_class": "Vacant/Green",
        "owner_record": "Property Owner 77",
        "has_gnss_control": true,
        "tax_assessment_annual_inr": 1049998,
        "tax_rate_per_sqm": 450,
        "lulc_confidence": 0.934
      },
      "geometry": {
        "type": "Polygon",
        "coordinates": [
          [
            [
              73.73659824355911,
              18.592874973569884
            ],
            [
              73.7366009088727,
              18.592513538746292
            ],
            [
              73.73604813949927,
              18.59250983161601
            ],
            [
              73.73604547302028,
              18.59287126636241
            ],
            [
              73.73659824355911,
              18.592874973569884
            ]
          ]
        ]
      }
    },
    {
      "type": "Feature",
      "properties": {
        "parcel_id": "ULPIN-2026-9007-00078",
        "survey_number": "SY-106/78",
        "area_sqm": 2333.33,
        "perimeter_m": 196.67,
        "confidence_score": 0.93,
        "verification_status": "AI Confirmed",
        "building_count": 0,
        "building_coverage_ratio": 0.0,
        "landuse_class": "Vacant/Green",
        "owner_record": "Property Owner 78",
        "has_gnss_control": true,
        "tax_assessment_annual_inr": 1049998,
        "tax_rate_per_sqm": 450,
        "lulc_confidence": 0.908
      },
      "geometry": {
        "type": "Polygon",
        "coordinates": [
          [
            [
              73.73659824355911,
              18.592874973569884
            ],
            [
              73.73604547302028,
              18.59287126636241
            ],
            [
              73.73604280648006,
              18.59323270109459
            ],
            [
              73.73659557818429,
              18.59323640837927
            ],
            [
              73.73659824355911,
              18.592874973569884
            ]
          ]
        ]
      }
    },
    {
      "type": "Feature",
      "properties": {
        "parcel_id": "ULPIN-2026-9007-00079",
        "survey_number": "SY-106/79",
        "area_sqm": 2333.33,
        "perimeter_m": 196.67,
        "confidence_score": 0.93,
        "verification_status": "AI Confirmed",
        "building_count": 1,
        "building_coverage_ratio": 0.803,
        "landuse_class": "Vacant/Green",
        "owner_record": "Property Owner 79",
        "has_gnss_control": true,
        "tax_assessment_annual_inr": 1049998,
        "tax_rate_per_sqm": 450,
        "lulc_confidence": 0.918
      },
      "geometry": {
        "type": "Polygon",
        "coordinates": [
          [
            [
              73.73660357412507,
              18.592152103908482
            ],
            [
              73.73715634246335,
              18.592155809340966
            ],
            [
              73.73715900648916,
              18.59179437441178
            ],
            [
              73.73660623931622,
              18.591790669056458
            ],
            [
              73.73660357412507,
              18.592152103908482
            ]
          ]
        ]
      }
    },
    {
      "type": "Feature",
      "properties": {
        "parcel_id": "ULPIN-2026-9007-00080",
        "survey_number": "SY-106/80",
        "area_sqm": 1992.29,
        "perimeter_m": 182.27,
        "confidence_score": 0.78,
        "verification_status": "Needs GT Verification",
        "building_count": 1,
        "building_coverage_ratio": 0.94,
        "landuse_class": "Vacant/Green",
        "owner_record": "Property Owner 80",
        "has_gnss_control": true,
        "tax_assessment_annual_inr": 896530,
        "tax_rate_per_sqm": 450,
        "lulc_confidence": 0.896
      },
      "geometry": {
        "type": "Polygon",
        "coordinates": [
          [
            [
              73.73662051104128,
              18.592168482839888
            ],
            [
              73.73661808569435,
              18.592497388544466
            ],
            [
              73.73713674137372,
              18.592500865367967
            ],
            [
              73.73713916572561,
              18.59217195959751
            ],
            [
              73.73662051104128,
              18.592168482839888
            ]
          ]
        ]
      }
    },
    {
      "type": "Feature",
      "properties": {
        "parcel_id": "ULPIN-2026-9007-00081",
        "survey_number": "SY-106/81",
        "area_sqm": 2333.33,
        "perimeter_m": 196.67,
        "confidence_score": 0.93,
        "verification_status": "Needs GT Verification",
        "building_count": 1,
        "building_coverage_ratio": 0.802,
        "landuse_class": "Vacant/Green",
        "owner_record": "Property Owner 81",
        "has_gnss_control": true,
        "tax_assessment_annual_inr": 1049998,
        "tax_rate_per_sqm": 450,
        "lulc_confidence": 0.922
      },
      "geometry": {
        "type": "Polygon",
        "coordinates": [
          [
            [
              73.7366009088727,
              18.592513538746292
            ],
            [
              73.73659824355911,
              18.592874973569884
            ],
            [
              73.73715101422815,
              18.59287867915669
            ],
            [
              73.73715367837634,
              18.592517244255948
            ],
            [
              73.7366009088727,
              18.592513538746292
            ]
          ]
        ]
      }
    },
    {
      "type": "Feature",
      "properties": {
        "parcel_id": "ULPIN-2026-9007-00082",
        "survey_number": "SY-106/82",
        "area_sqm": 2333.33,
        "perimeter_m": 196.67,
        "confidence_score": 0.93,
        "verification_status": "Needs GT Verification",
        "building_count": 1,
        "building_coverage_ratio": 0.802,
        "landuse_class": "Vacant/Green",
        "owner_record": "Property Owner 82",
        "has_gnss_control": true,
        "tax_assessment_annual_inr": 1049998,
        "tax_rate_per_sqm": 450,
        "lulc_confidence": 0.906
      },
      "geometry": {
        "type": "Polygon",
        "coordinates": [
          [
            [
              73.73715101422815,
              18.59287867915669
            ],
            [
              73.73659824355911,
              18.592874973569884
            ],
            [
              73.73659557818429,
              18.59323640837927
            ],
            [
              73.73714835001874,
              18.59324011404324
            ],
            [
              73.73715101422815,
              18.59287867915669
            ]
          ]
        ]
      }
    },
    {
      "type": "Feature",
      "properties": {
        "parcel_id": "ULPIN-2026-9007-00083",
        "survey_number": "SY-106/83",
        "area_sqm": 2333.33,
        "perimeter_m": 196.67,
        "confidence_score": 0.93,
        "verification_status": "Needs GT Verification",
        "building_count": 1,
        "building_coverage_ratio": 0.803,
        "landuse_class": "Vacant/Green",
        "owner_record": "Property Owner 83",
        "has_gnss_control": true,
        "tax_assessment_annual_inr": 1049998,
        "tax_rate_per_sqm": 450,
        "lulc_confidence": 0.908
      },
      "geometry": {
        "type": "Polygon",
        "coordinates": [
          [
            [
              73.73771177379226,
              18.59179807814653
            ],
            [
              73.73715900648916,
              18.59179437441178
            ],
            [
              73.73715634246335,
              18.592155809340966
            ],
            [
              73.73770911093179,
              18.592159513152843
            ],
            [
              73.73771177379226,
              18.59179807814653
            ]
          ]
        ]
      }
    },
    {
      "type": "Feature",
      "properties": {
        "parcel_id": "ULPIN-2026-9007-00084",
        "survey_number": "SY-106/84",
        "area_sqm": 2333.33,
        "perimeter_m": 196.67,
        "confidence_score": 0.93,
        "verification_status": "Needs GT Verification",
        "building_count": 1,
        "building_coverage_ratio": 0.802,
        "landuse_class": "Vacant/Green",
        "owner_record": "Property Owner 84",
        "has_gnss_control": true,
        "tax_assessment_annual_inr": 1049998,
        "tax_rate_per_sqm": 450,
        "lulc_confidence": 0.91
      },
      "geometry": {
        "type": "Polygon",
        "coordinates": [
          [
            [
              73.73770911093179,
              18.592159513152843
            ],
            [
              73.73715634246335,
              18.592155809340966
            ],
            [
              73.73715367837634,
              18.592517244255948
            ],
            [
              73.73770644801014,
              18.592520948144948
            ],
            [
              73.73770911093179,
              18.592159513152843
            ]
          ]
        ]
      }
    },
    {
      "type": "Feature",
      "properties": {
        "parcel_id": "ULPIN-2026-9007-00085",
        "survey_number": "SY-106/85",
        "area_sqm": 2635.39,
        "perimeter_m": 206.09,
        "confidence_score": 0.9,
        "verification_status": "Needs GT Verification",
        "building_count": 1,
        "building_coverage_ratio": 0.711,
        "landuse_class": "Vacant/Green",
        "owner_record": "Property Owner 85",
        "has_gnss_control": false,
        "tax_assessment_annual_inr": 1185925,
        "tax_rate_per_sqm": 450,
        "lulc_confidence": 0.951
      },
      "geometry": {
        "type": "Polygon",
        "coordinates": [
          [
            [
              73.73772066208815,
              18.592521043366443
            ],
            [
              73.73772060343144,
              18.592519714402023
            ],
            [
              73.73772040845027,
              18.592518397319235
            ],
            [
              73.73772007902244,
              18.592517104802305
            ],
            [
              73.73771961832053,
              18.592515849298863
            ],
            [
              73.73771903078132,
              18.5925146429001
            ],
            [
              73.73771832206317,
              18.592513497224303
            ],
            [
              73.73771749899142,
              18.592512423304942
            ],
            [
              73.73771656949269,
              18.592511431484443
            ],
            [
              73.73771554251856,
              18.59251053131459
            ],
            [
              73.73771442795936,
              18.592509731464503
            ],
            [
              73.7377132365489,
              18.592509039637175
            ],
            [
              73.73771197976112,
              18.59250846249529
            ],
            [
              73.73771066969957,
              18.592508005597022
            ],
            [
              73.73770931898085,
              18.592507673342553
            ],
            [
              73.73770794061312,
              18.592507468931686
            ],
            [
              73.7377065478708,
              18.59250739433299
            ],
            [
              73.73715377828071,
              18.592503690446886
            ],
            [
              73.73715238457682,
              18.59250374637471
            ],
            [
              73.7371510033329,
              18.592503932294488
            ],
            [
              73.73714964785113,
              18.59250424641574
            ],
            [
              73.73714833118548,
              18.592504685713283
            ],
            [
              73.73714706601622,
              18.592505245956445
            ],
            [
              73.73714586452758,
              18.592505921749783
            ],
            [
              73.73714473829057,
              18.592506706585034
            ],
            [
              73.73714369815144,
              18.592507592903814
            ],
            [
              73.73714275412733,
              18.592508572170388
            ],
            [
              73.73714191530968,
              18.59250963495388
            ],
            [
              73.73714118977679,
              18.592510771019114
            ],
            [
              73.73714058451594,
              18.592511969425168
            ],
            [
              73.73714010535608,
              18.592513218630707
            ],
            [
              73.73713975691182,
              18.59251450660523
            ],
            [
              73.73713954253887,
              18.592515820944847
            ],
            [
              73.73713946430176,
              18.592517148991707
            ],
            [
              73.7371368001236,
              18.592878583890478
            ],
            [
              73.73713685877571,
              18.59287991285476
            ],
            [
              73.73713705375258,
              18.592881229937856
            ],
            [
              73.73713738317646,
              18.592882522455547
            ],
            [
              73.73713784387483,
              18.59288377796016
            ],
            [
              73.73713843141091,
              18.592884984360524
            ],
            [
              73.73713914012642,
              18.592886130038323
            ],
            [
              73.73713996319603,
              18.592887203960068
            ],
            [
              73.73714089269313,
              18.592888195783285
            ],
            [
              73.73714191966616,
              18.592889095956203
            ],
            [
              73.73714303422484,
              18.592889895809627
            ],
            [
              73.73714422563529,
              18.592890587640554
            ],
            [
              73.73714548242364,
              18.592891164786256
            ],
            [
              73.73714679248627,
              18.59289162168852
            ],
            [
              73.73714814320662,
              18.592891953947127
            ],
            [
              73.73714952157648,
              18.592892158362226
            ],
            [
              73.73715091432139,
              18.592892232965205
            ],
            [
              73.73770368516428,
              18.59289593693422
            ],
            [
              73.73770507887147,
              18.592895881002505
            ],
            [
              73.73770646011823,
              18.592895695078813
            ],
            [
              73.7377078156024,
              18.592895380953703
            ],
            [
              73.73770913226993,
              18.59289494165237
            ],
            [
              73.73771039744055,
              18.592894381405507
            ],
            [
              73.73771159893003,
              18.59289370560863
            ],
            [
              73.73771272516734,
              18.592892920770012
            ],
            [
              73.7377137653062,
              18.59289203444809
            ],
            [
              73.7377147093295,
              18.592891055178626
            ],
            [
              73.73771554814579,
              18.592889992392514
            ],
            [
              73.73771627367677,
              18.59288885632499
            ],
            [
              73.73771687893525,
              18.592887657916982
            ],
            [
              73.7377173580922,
              18.59288640870982
            ],
            [
              73.7377177065331,
              18.592885120734056
            ],
            [
              73.73771792090231,
              18.59288380639362
            ],
            [
              73.73771799913531,
              18.592882478346308
            ],
            [
              73.73772066208815,
              18.592521043366443
            ]
          ]
        ]
      }
    },
    {
      "type": "Feature",
      "properties": {
        "parcel_id": "ULPIN-2026-9007-00086",
        "survey_number": "SY-106/86",
        "area_sqm": 2333.33,
        "perimeter_m": 196.67,
        "confidence_score": 0.85,
        "verification_status": "Needs GT Verification",
        "building_count": 1,
        "building_coverage_ratio": 0.802,
        "landuse_class": "Vacant/Green",
        "owner_record": "Property Owner 86",
        "has_gnss_control": false,
        "tax_assessment_annual_inr": 1049998,
        "tax_rate_per_sqm": 450,
        "lulc_confidence": 0.967
      },
      "geometry": {
        "type": "Polygon",
        "coordinates": [
          [
            [
              73.73770378502732,
              18.59288238312283
            ],
            [
              73.73715101422815,
              18.59287867915669
            ],
            [
              73.73714835001874,
              18.59324011404324
            ],
            [
              73.73770112198335,
              18.593243818086513
            ],
            [
              73.73770378502732,
              18.59288238312283
            ]
          ]
        ]
      }
    },
    {
      "type": "Feature",
      "properties": {
        "parcel_id": "ULPIN-2026-9007-00087",
        "survey_number": "SY-107/87",
        "area_sqm": 2216.67,
        "perimeter_m": 192.67,
        "confidence_score": 0.93,
        "verification_status": "AI Confirmed",
        "building_count": 1,
        "building_coverage_ratio": 0.789,
        "landuse_class": "Vacant/Green",
        "owner_record": "Property Owner 87",
        "has_gnss_control": true,
        "tax_assessment_annual_inr": 997501,
        "tax_rate_per_sqm": 450,
        "lulc_confidence": 0.946
      },
      "geometry": {
        "type": "Polygon",
        "coordinates": [
          [
            [
              73.7366171659598,
              18.59030878601453
            ],
            [
              73.73661969759623,
              18.58996542283657
            ],
            [
              73.73606693643801,
              18.589961716250507
            ],
            [
              73.73606440369466,
              18.590305079355126
            ],
            [
              73.7366171659598,
              18.59030878601453
            ]
          ]
        ]
      }
    },
    {
      "type": "Feature",
      "properties": {
        "parcel_id": "ULPIN-2026-9007-00088",
        "survey_number": "SY-107/88",
        "area_sqm": 2333.33,
        "perimeter_m": 196.67,
        "confidence_score": 0.98,
        "verification_status": "AI Confirmed",
        "building_count": 1,
        "building_coverage_ratio": 0.75,
        "landuse_class": "Vacant/Green",
        "owner_record": "Property Owner 88",
        "has_gnss_control": true,
        "tax_assessment_annual_inr": 1049998,
        "tax_rate_per_sqm": 450,
        "lulc_confidence": 0.958
      },
      "geometry": {
        "type": "Polygon",
        "coordinates": [
          [
            [
              73.73661463426814,
              18.590652149179654
            ],
            [
              73.73661729920521,
              18.590290714268647
            ],
            [
              73.73606453699831,
              18.5902870076131
            ],
            [
              73.73606187089602,
              18.59064844244693
            ],
            [
              73.73661463426814,
              18.590652149179654
            ]
          ]
        ]
      }
    },
    {
      "type": "Feature",
      "properties": {
        "parcel_id": "ULPIN-2026-9007-00089",
        "survey_number": "SY-107/89",
        "area_sqm": 2216.67,
        "perimeter_m": 192.67,
        "confidence_score": 0.85,
        "verification_status": "AI Confirmed",
        "building_count": 1,
        "building_coverage_ratio": 0.789,
        "landuse_class": "Vacant/Green",
        "owner_record": "Property Owner 89",
        "has_gnss_control": false,
        "tax_assessment_annual_inr": 997501,
        "tax_rate_per_sqm": 450,
        "lulc_confidence": 0.904
      },
      "geometry": {
        "type": "Polygon",
        "coordinates": [
          [
            [
              73.73661210252122,
              18.590995512331965
            ],
            [
              73.73661463426814,
              18.590652149179654
            ],
            [
              73.73606187089602,
              18.59064844244693
            ],
            [
              73.73605933804214,
              18.5909918055259
            ],
            [
              73.73661210252122,
              18.590995512331965
            ]
          ]
        ]
      }
    },
    {
      "type": "Feature",
      "properties": {
        "parcel_id": "ULPIN-2026-9007-00090",
        "survey_number": "SY-107/90",
        "area_sqm": 1882.83,
        "perimeter_m": 178.27,
        "confidence_score": 0.78,
        "verification_status": "Needs GT Verification",
        "building_count": 1,
        "building_coverage_ratio": 0.929,
        "landuse_class": "Vacant/Green",
        "owner_record": "Property Owner 90",
        "has_gnss_control": true,
        "tax_assessment_annual_inr": 847273,
        "tax_rate_per_sqm": 450,
        "lulc_confidence": 0.939
      },
      "geometry": {
        "type": "Polygon",
        "coordinates": [
          [
            [
              73.73659263388078,
              18.59132249654259
            ],
            [
              73.73659492585894,
              18.591011662544695
            ],
            [
              73.73607627479562,
              18.59100818449826
            ],
            [
              73.73607398187718,
              18.591319018433865
            ],
            [
              73.73659263388078,
              18.59132249654259
            ]
          ]
        ]
      }
    },
    {
      "type": "Feature",
      "properties": {
        "parcel_id": "ULPIN-2026-9007-00091",
        "survey_number": "SY-107/91",
        "area_sqm": 2216.67,
        "perimeter_m": 192.67,
        "confidence_score": 0.93,
        "verification_status": "AI Confirmed",
        "building_count": 1,
        "building_coverage_ratio": 0.789,
        "landuse_class": "Vacant/Green",
        "owner_record": "Property Owner 91",
        "has_gnss_control": true,
        "tax_assessment_annual_inr": 997501,
        "tax_rate_per_sqm": 450,
        "lulc_confidence": 0.916
      },
      "geometry": {
        "type": "Polygon",
        "coordinates": [
          [
            [
              73.73660957071904,
              18.591338875471436
            ],
            [
              73.73605680513293,
              18.591335168592035
            ],
            [
              73.73605427216847,
              18.591678531645332
            ],
            [
              73.73660703886162,
              18.591682238598068
            ],
            [
              73.73660957071904,
              18.591338875471436
            ]
          ]
        ]
      }
    },
    {
      "type": "Feature",
      "properties": {
        "parcel_id": "ULPIN-2026-9007-00092",
        "survey_number": "SY-107/92",
        "area_sqm": 2216.67,
        "perimeter_m": 192.67,
        "confidence_score": 0.93,
        "verification_status": "AI Confirmed",
        "building_count": 1,
        "building_coverage_ratio": 0.796,
        "landuse_class": "Vacant/Green",
        "owner_record": "Property Owner 92",
        "has_gnss_control": true,
        "tax_assessment_annual_inr": 997501,
        "tax_rate_per_sqm": 450,
        "lulc_confidence": 0.955
      },
      "geometry": {
        "type": "Polygon",
        "coordinates": [
          [
            [
              73.7366171659598,
              18.59030878601453
            ],
            [
              73.73716992835517,
              18.590312491053496
            ],
            [
              73.73717245888464,
              18.58996912780225
            ],
            [
              73.73661969759623,
              18.58996542283657
            ],
            [
              73.7366171659598,
              18.59030878601453
            ]
          ]
        ]
      }
    },
    {
      "type": "Feature",
      "properties": {
        "parcel_id": "ULPIN-2026-9007-00093",
        "survey_number": "SY-107/93",
        "area_sqm": 2216.67,
        "perimeter_m": 192.67,
        "confidence_score": 0.93,
        "verification_status": "AI Confirmed",
        "building_count": 1,
        "building_coverage_ratio": 0.796,
        "landuse_class": "Vacant/Green",
        "owner_record": "Property Owner 93",
        "has_gnss_control": true,
        "tax_assessment_annual_inr": 997501,
        "tax_rate_per_sqm": 450,
        "lulc_confidence": 0.948
      },
      "geometry": {
        "type": "Polygon",
        "coordinates": [
          [
            [
              73.7366171659598,
              18.59030878601453
            ],
            [
              73.73661463426814,
              18.590652149179654
            ],
            [
              73.73716739777046,
              18.590655854291928
            ],
            [
              73.73716992835517,
              18.590312491053496
            ],
            [
              73.7366171659598,
              18.59030878601453
            ]
          ]
        ]
      }
    },
    {
      "type": "Feature",
      "properties": {
        "parcel_id": "ULPIN-2026-9007-00094",
        "survey_number": "SY-107/94",
        "area_sqm": 2216.67,
        "perimeter_m": 192.67,
        "confidence_score": 0.85,
        "verification_status": "AI Confirmed",
        "building_count": 1,
        "building_coverage_ratio": 0.796,
        "landuse_class": "Vacant/Green",
        "owner_record": "Property Owner 94",
        "has_gnss_control": false,
        "tax_assessment_annual_inr": 997501,
        "tax_rate_per_sqm": 450,
        "lulc_confidence": 0.94
      },
      "geometry": {
        "type": "Polygon",
        "coordinates": [
          [
            [
              73.73661463426814,
              18.590652149179654
            ],
            [
              73.73661210252122,
              18.590995512331965
            ],
            [
              73.73716486713053,
              18.590999217517528
            ],
            [
              73.73716739777046,
              18.590655854291928
            ],
            [
              73.73661463426814,
              18.590652149179654
            ]
          ]
        ]
      }
    },
    {
      "type": "Feature",
      "properties": {
        "parcel_id": "ULPIN-2026-9007-00095",
        "survey_number": "SY-107/95",
        "area_sqm": 2512.72,
        "perimeter_m": 202.09,
        "confidence_score": 0.98,
        "verification_status": "AI Confirmed",
        "building_count": 1,
        "building_coverage_ratio": 0.703,
        "landuse_class": "Vacant/Green",
        "owner_record": "Property Owner 95",
        "has_gnss_control": true,
        "tax_assessment_annual_inr": 1130724,
        "tax_rate_per_sqm": 450,
        "lulc_confidence": 0.906
      },
      "geometry": {
        "type": "Polygon",
        "coordinates": [
          [
            [
              73.73661220245964,
              18.590981958523553
            ],
            [
              73.73661080876823,
              18.590982014448112
            ],
            [
              73.7366094275364,
              18.590982200364653
            ],
            [
              73.73660807206609,
              18.59098251448271
            ],
            [
              73.73660675541127,
              18.59098295377715
            ],
            [
              73.73660549025203,
              18.590983514017324
            ],
            [
              73.73660428877254,
              18.590984189807816
            ],
            [
              73.73660316254372,
              18.590984974640406
            ],
            [
              73.73660212241175,
              18.590985860956717
            ],
            [
              73.73660117839367,
              18.59098684022105
            ],
            [
              73.7366003395809,
              18.590987903002556
            ],
            [
              73.73659961405166,
              18.59098903906605
            ],
            [
              73.73659900879319,
              18.590990237470628
            ],
            [
              73.73659852963446,
              18.59099148667502
            ],
            [
              73.73659818119006,
              18.590992774648683
            ],
            [
              73.73659796681567,
              18.59099408898775
            ],
            [
              73.73659788857583,
              18.590995417034392
            ],
            [
              73.7365953567452,
              18.59133878017197
            ],
            [
              73.73659541539335,
              18.591340109136357
            ],
            [
              73.73659561036504,
              18.591341426219874
            ],
            [
              73.73659593978257,
              18.591342718738282
            ],
            [
              73.73659640047349,
              18.59134397424394
            ],
            [
              73.73659698800108,
              18.591345180645646
            ],
            [
              73.73659769670714,
              18.591346326325073
            ],
            [
              73.73659851976645,
              18.591347400248708
            ],
            [
              73.73659944925245,
              18.59134839207408
            ],
            [
              73.73660047621374,
              18.59134929224935
            ],
            [
              73.7366015907601,
              18.59135009210537
            ],
            [
              73.73660278215786,
              18.591350783939063
            ],
            [
              73.73660403893318,
              18.591351361087693
            ],
            [
              73.73660534898264,
              18.591351817993
            ],
            [
              73.73660669968973,
              18.591352150254764
            ],
            [
              73.73660807804642,
              18.591352354673077
            ],
            [
              73.73660947077835,
              18.591352429279308
            ],
            [
              73.73716223653837,
              18.591356134541073
            ],
            [
              73.73716363023291,
              18.59135607861262
            ],
            [
              73.73716501146747,
              18.591355892692167
            ],
            [
              73.73716636694,
              18.591355578570226
            ],
            [
              73.73716768359658,
              18.591355139271982
            ],
            [
              73.73716894875704,
              18.591354579028106
            ],
            [
              73.73717015023723,
              18.591353903234054
            ],
            [
              73.73717127646621,
              18.59135311839809
            ],
            [
              73.73717231659782,
              18.591352232078638
            ],
            [
              73.73717326061495,
              18.5913512528114
            ],
            [
              73.73717409942627,
              18.591350190027285
            ],
            [
              73.73717482495354,
              18.59134905396148
            ],
            [
              73.73717543020953,
              18.591347855554925
            ],
            [
              73.7371759093653,
              18.591346606348928
            ],
            [
              73.73717625780633,
              18.591345318374024
            ],
            [
              73.73717647217696,
              18.591344004034113
            ],
            [
              73.73717655041264,
              18.591342675987022
            ],
            [
              73.73717908107933,
              18.590999312772365
            ],
            [
              73.73717902242659,
              18.59099798380786
            ],
            [
              73.73717882745058,
              18.590996666724656
            ],
            [
              73.73717849802908,
              18.59099537420699
            ],
            [
              73.73717803733457,
              18.590994118702508
            ],
            [
              73.73717744980382,
              18.590992912302408
            ],
            [
              73.73717674109506,
              18.590991766624974
            ],
            [
              73.73717591803354,
              18.59099069270371
            ],
            [
              73.7371749885458,
              18.590989700881064
            ],
            [
              73.73717396158331,
              18.590988800708832
            ],
            [
              73.73717284703629,
              18.590988000856154
            ],
            [
              73.73717165563842,
              18.590987309026055
            ],
            [
              73.73717039886354,
              18.59098673188124
            ],
            [
              73.73716908881505,
              18.590986274979908
            ],
            [
              73.73716773810945,
              18.59098594272229
            ],
            [
              73.73716635975474,
              18.59098573830819
            ],
            [
              73.73716496702525,
              18.59098566370624
            ],
            [
              73.73661220245964,
              18.590981958523553
            ]
          ]
        ]
      }
    },
    {
      "type": "Feature",
      "properties": {
        "parcel_id": "ULPIN-2026-9007-00096",
        "survey_number": "SY-107/96",
        "area_sqm": 2453.33,
        "perimeter_m": 202.67,
        "confidence_score": 0.98,
        "verification_status": "AI Confirmed",
        "building_count": 2,
        "building_coverage_ratio": 0.725,
        "landuse_class": "Vacant/Green",
        "owner_record": "Property Owner 96",
        "has_gnss_control": true,
        "tax_assessment_annual_inr": 1103998,
        "tax_rate_per_sqm": 450,
        "lulc_confidence": 0.946
      },
      "geometry": {
        "type": "Polygon",
        "coordinates": [
          [
            [
              73.73658127602856,
              18.59132061312779
            ],
            [
              73.73657861085708,
              18.591682047994322
            ],
            [
              73.73715980568497,
              18.59168594393026
            ],
            [
              73.73716246963122,
              18.591324508982588
            ],
            [
              73.73658127602856,
              18.59132061312779
            ]
          ]
        ]
      }
    },
    {
      "type": "Feature",
      "properties": {
        "parcel_id": "ULPIN-2026-9007-00097",
        "survey_number": "SY-107/97",
        "area_sqm": 2216.67,
        "perimeter_m": 192.67,
        "confidence_score": 0.85,
        "verification_status": "AI Confirmed",
        "building_count": 1,
        "building_coverage_ratio": 0.796,
        "landuse_class": "Vacant/Green",
        "owner_record": "Property Owner 97",
        "has_gnss_control": false,
        "tax_assessment_annual_inr": 997501,
        "tax_rate_per_sqm": 450,
        "lulc_confidence": 0.952
      },
      "geometry": {
        "type": "Polygon",
        "coordinates": [
          [
            [
              73.73772522030322,
              18.5899728311475
            ],
            [
              73.73717245888464,
              18.58996912780225
            ],
            [
              73.73716992835517,
              18.590312491053496
            ],
            [
              73.73772269088067,
              18.590316194472024
            ],
            [
              73.73772522030322,
              18.5899728311475
            ]
          ]
        ]
      }
    },
    {
      "type": "Feature",
      "properties": {
        "parcel_id": "ULPIN-2026-9007-00098",
        "survey_number": "SY-107/98",
        "area_sqm": 2216.67,
        "perimeter_m": 192.67,
        "confidence_score": 0.93,
        "verification_status": "AI Confirmed",
        "building_count": 1,
        "building_coverage_ratio": 0.796,
        "landuse_class": "Vacant/Green",
        "owner_record": "Property Owner 98",
        "has_gnss_control": true,
        "tax_assessment_annual_inr": 997501,
        "tax_rate_per_sqm": 450,
        "lulc_confidence": 0.888
      },
      "geometry": {
        "type": "Polygon",
        "coordinates": [
          [
            [
              73.73772269088067,
              18.590316194472024
            ],
            [
              73.73716992835517,
              18.590312491053496
            ],
            [
              73.73716739777046,
              18.590655854291928
            ],
            [
              73.73772016140292,
              18.590659557783727
            ],
            [
              73.73772269088067,
              18.590316194472024
            ]
          ]
        ]
      }
    },
    {
      "type": "Feature",
      "properties": {
        "parcel_id": "ULPIN-2026-9007-00099",
        "survey_number": "SY-107/99",
        "area_sqm": 2216.67,
        "perimeter_m": 192.67,
        "confidence_score": 0.93,
        "verification_status": "AI Confirmed",
        "building_count": 1,
        "building_coverage_ratio": 0.796,
        "landuse_class": "Vacant/Green",
        "owner_record": "Property Owner 99",
        "has_gnss_control": true,
        "tax_assessment_annual_inr": 997501,
        "tax_rate_per_sqm": 450,
        "lulc_confidence": 0.892
      },
      "geometry": {
        "type": "Polygon",
        "coordinates": [
          [
            [
              73.73772016140292,
              18.590659557783727
            ],
            [
              73.73716739777046,
              18.590655854291928
            ],
            [
              73.73716486713053,
              18.590999217517528
            ],
            [
              73.73771763186998,
              18.591002921082598
            ],
            [
              73.73772016140292,
              18.590659557783727
            ]
          ]
        ]
      }
    },
    {
      "type": "Feature",
      "properties": {
        "parcel_id": "ULPIN-2026-9007-00100",
        "survey_number": "SY-107/100",
        "area_sqm": 1882.83,
        "perimeter_m": 178.27,
        "confidence_score": 0.78,
        "verification_status": "Needs GT Verification",
        "building_count": 1,
        "building_coverage_ratio": 0.938,
        "landuse_class": "Vacant/Green",
        "owner_record": "Property Owner 100",
        "has_gnss_control": true,
        "tax_assessment_annual_inr": 847273,
        "tax_rate_per_sqm": 450,
        "lulc_confidence": 0.91
      },
      "geometry": {
        "type": "Polygon",
        "coordinates": [
          [
            [
              73.73770045530453,
              18.59101907140229
            ],
            [
              73.73718180399693,
              18.591015596396836
            ],
            [
              73.73717951308276,
              18.591326430465184
            ],
            [
              73.73769816533066,
              18.59132990553287
            ],
            [
              73.73770045530453,
              18.59101907140229
            ]
          ]
        ]
      }
    },
    {
      "type": "Feature",
      "properties": {
        "parcel_id": "ULPIN-2026-9007-00101",
        "survey_number": "SY-107/101",
        "area_sqm": 2216.67,
        "perimeter_m": 192.67,
        "confidence_score": 0.93,
        "verification_status": "Needs GT Verification",
        "building_count": 1,
        "building_coverage_ratio": 0.796,
        "landuse_class": "Vacant/Green",
        "owner_record": "Property Owner 101",
        "has_gnss_control": true,
        "tax_assessment_annual_inr": 997501,
        "tax_rate_per_sqm": 450,
        "lulc_confidence": 0.948
      },
      "geometry": {
        "type": "Polygon",
        "coordinates": [
          [
            [
              73.73771510228183,
              18.59134628436865
            ],
            [
              73.73716233643536,
              18.591342580730306
            ],
            [
              73.73715980568497,
              18.59168594393026
            ],
            [
              73.73771257263847,
              18.591689647641868
            ],
            [
              73.73771510228183,
              18.59134628436865
            ]
          ]
        ]
      }
    },
    {
      "type": "Feature",
      "properties": {
        "parcel_id": "ULPIN-2026-9007-00102",
        "survey_number": "SY-108/102",
        "area_sqm": 2129.17,
        "perimeter_m": 189.67,
        "confidence_score": 0.93,
        "verification_status": "Needs GT Verification",
        "building_count": 1,
        "building_coverage_ratio": 0.784,
        "landuse_class": "Vacant/Green",
        "owner_record": "Property Owner 102",
        "has_gnss_control": true,
        "tax_assessment_annual_inr": 958126,
        "tax_rate_per_sqm": 450,
        "lulc_confidence": 0.937
      },
      "geometry": {
        "type": "Polygon",
        "coordinates": [
          [
            [
              73.73662752533296,
              18.588903707665676
            ],
            [
              73.73662995682024,
              18.58857389824721
            ],
            [
              73.73607720014778,
              18.588570191958333
            ],
            [
              73.73607476759736,
              18.58890000130637
            ],
            [
              73.73662752533296,
              18.588903707665676
            ]
          ]
        ]
      }
    },
    {
      "type": "Feature",
      "properties": {
        "parcel_id": "ULPIN-2026-9007-00103",
        "survey_number": "SY-108/103",
        "area_sqm": 2129.17,
        "perimeter_m": 189.67,
        "confidence_score": 0.93,
        "verification_status": "Needs GT Verification",
        "building_count": 1,
        "building_coverage_ratio": 0.784,
        "landuse_class": "Vacant/Green",
        "owner_record": "Property Owner 103",
        "has_gnss_control": true,
        "tax_assessment_annual_inr": 958126,
        "tax_rate_per_sqm": 450,
        "lulc_confidence": 0.924
      },
      "geometry": {
        "type": "Polygon",
        "coordinates": [
          [
            [
              73.7366250937947,
              18.589233517072334
            ],
            [
              73.73662752533296,
              18.588903707665676
            ],
            [
              73.73607476759736,
              18.58890000130637
            ],
            [
              73.73607233499592,
              18.58922981064258
            ],
            [
              73.7366250937947,
              18.589233517072334
            ]
          ]
        ]
      }
    },
    {
      "type": "Feature",
      "properties": {
        "parcel_id": "ULPIN-2026-9007-00104",
        "survey_number": "SY-108/104",
        "area_sqm": 2245.83,
        "perimeter_m": 193.67,
        "confidence_score": 0.93,
        "verification_status": "Needs GT Verification",
        "building_count": 0,
        "building_coverage_ratio": 0.0,
        "landuse_class": "Vacant/Green",
        "owner_record": "Property Owner 104",
        "has_gnss_control": true,
        "tax_assessment_annual_inr": 1010623,
        "tax_rate_per_sqm": 450,
        "lulc_confidence": 0.951
      },
      "geometry": {
        "type": "Polygon",
        "coordinates": [
          [
            [
              73.73662266220548,
              18.589563326467132
            ],
            [
              73.736625227031,
              18.58921544532432
            ],
            [
              73.73607246829047,
              18.58921173889843
            ],
            [
              73.73606990234352,
              18.589559619966945
            ],
            [
              73.73662266220548,
              18.589563326467132
            ]
          ]
        ]
      }
    },
    {
      "type": "Feature",
      "properties": {
        "parcel_id": "ULPIN-2026-9007-00105",
        "survey_number": "SY-108/105",
        "area_sqm": 2420.72,
        "perimeter_m": 199.09,
        "confidence_score": 0.98,
        "verification_status": "Needs GT Verification",
        "building_count": 1,
        "building_coverage_ratio": 0.69,
        "landuse_class": "Vacant/Green",
        "owner_record": "Property Owner 105",
        "has_gnss_control": true,
        "tax_assessment_annual_inr": 1089324,
        "tax_rate_per_sqm": 450,
        "lulc_confidence": 0.929
      },
      "geometry": {
        "type": "Polygon",
        "coordinates": [
          [
            [
              73.73663687603221,
              18.58956342175577
            ],
            [
              73.73663681738343,
              18.589562092791176
            ],
            [
              73.73663662241255,
              18.589560775707564
            ],
            [
              73.73663629299725,
              18.589559483189166
            ],
            [
              73.73663583230999,
              18.58955822768364
            ],
            [
              73.73663524478744,
              18.58955702128219
            ],
            [
              73.73663453608773,
              18.58955587560312
            ],
            [
              73.73663371303607,
              18.58955480167995
            ],
            [
              73.73663278355889,
              18.58955380985512
            ],
            [
              73.73663175660757,
              18.58955290968049
            ],
            [
              73.73663064207219,
              18.58955210982519
            ],
            [
              73.73662945068635,
              18.58955141799229
            ],
            [
              73.73662819392375,
              18.589550840844492
            ],
            [
              73.73662688388767,
              18.589550383940075
            ],
            [
              73.7366255331945,
              18.589550051679247
            ],
            [
              73.73662415485215,
              18.589549847261882
            ],
            [
              73.7366227621348,
              18.589549772656625
            ],
            [
              73.73607000231652,
              18.58954606615933
            ],
            [
              73.73606860863693,
              18.589546122080563
            ],
            [
              73.73606722741641,
              18.58954630799381
            ],
            [
              73.73606587195692,
              18.589546622108635
            ],
            [
              73.73606455531224,
              18.58954706139991
            ],
            [
              73.73606329016238,
              18.589547621637063
            ],
            [
              73.73606208869143,
              18.589548297424667
            ],
            [
              73.73606096247019,
              18.589549082254564
            ],
            [
              73.73605992234482,
              18.589549968568356
            ],
            [
              73.7360589783323,
              18.589550947830407
            ],
            [
              73.73605813952392,
              18.589552010609864
            ],
            [
              73.73605741399791,
              18.589553146671587
            ],
            [
              73.73605680874151,
              18.589554345074692
            ],
            [
              73.73605632958362,
              18.589555594277886
            ],
            [
              73.73605598113882,
              18.589556882250665
            ],
            [
              73.73605576676283,
              18.589558196589167
            ],
            [
              73.7360556885202,
              18.58955952463557
            ],
            [
              73.73605325578944,
              18.58988933394629
            ],
            [
              73.73605331443365,
              18.58989066291076
            ],
            [
              73.7360535094002,
              18.589891979994682
            ],
            [
              73.73605383881151,
              18.589893272513834
            ],
            [
              73.73605429949515,
              18.589894528020544
            ],
            [
              73.73605488701452,
              18.58989573442359
            ],
            [
              73.73605559571145,
              18.589896880104646
            ],
            [
              73.73605641876081,
              18.5898979540302
            ],
            [
              73.73605734823622,
              18.589898945857737
            ],
            [
              73.73605837518626,
              18.589899846035415
            ],
            [
              73.7360594897209,
              18.589900645894048
            ],
            [
              73.73606068110655,
              18.589901337730538
            ],
            [
              73.7360619378695,
              18.589901914882123
            ],
            [
              73.73606324790642,
              18.58990237179053
            ],
            [
              73.73606459860096,
              18.589902704055476
            ],
            [
              73.73606597694518,
              18.589902908477065
            ],
            [
              73.73606736966488,
              18.589902983086592
            ],
            [
              73.73662013063377,
              18.589906689660115
            ],
            [
              73.7366215243164,
              18.58990663373497
            ],
            [
              73.73662290553949,
              18.589906447817803
            ],
            [
              73.73662426100113,
              18.58990613369909
            ],
            [
              73.73662557764744,
              18.589905694403992
            ],
            [
              73.73662684279844,
              18.58990513416314
            ],
            [
              73.73662804426999,
              18.58990445837196
            ],
            [
              73.73662917049128,
              18.58990367353871
            ],
            [
              73.7366302106162,
              18.589902787221753
            ],
            [
              73.73663115462773,
              18.589901807956792
            ],
            [
              73.73663199343457,
              18.589900745174713
            ],
            [
              73.73663271895852,
              18.589899609110677
            ],
            [
              73.7366333242124,
              18.589898410705604
            ],
            [
              73.7366338033673,
              18.58989716150079
            ],
            [
              73.73663415180869,
              18.589895873526757
            ],
            [
              73.73663436618087,
              18.58989455918742
            ],
            [
              73.73663444441935,
              18.58989323114055
            ],
            [
              73.73663687603221,
              18.58956342175577
            ]
          ]
        ]
      }
    },
    {
      "type": "Feature",
      "properties": {
        "parcel_id": "ULPIN-2026-9007-00106",
        "survey_number": "SY-108/106",
        "area_sqm": 2129.17,
        "perimeter_m": 189.67,
        "confidence_score": 0.93,
        "verification_status": "Needs GT Verification",
        "building_count": 1,
        "building_coverage_ratio": 0.792,
        "landuse_class": "Vacant/Green",
        "owner_record": "Property Owner 106",
        "has_gnss_control": true,
        "tax_assessment_annual_inr": 958126,
        "tax_rate_per_sqm": 450,
        "lulc_confidence": 0.923
      },
      "geometry": {
        "type": "Polygon",
        "coordinates": [
          [
            [
              73.73662752533296,
              18.588903707665676
            ],
            [
              73.73718028319877,
              18.588907412404687
            ],
            [
              73.7371827136229,
              18.5885776029158
            ],
            [
              73.73662995682024,
              18.58857389824721
            ],
            [
              73.73662752533296,
              18.588903707665676
            ]
          ]
        ]
      }
    },
    {
      "type": "Feature",
      "properties": {
        "parcel_id": "ULPIN-2026-9007-00107",
        "survey_number": "SY-108/107",
        "area_sqm": 2129.17,
        "perimeter_m": 189.67,
        "confidence_score": 0.93,
        "verification_status": "AI Confirmed",
        "building_count": 1,
        "building_coverage_ratio": 0.792,
        "landuse_class": "Vacant/Green",
        "owner_record": "Property Owner 107",
        "has_gnss_control": true,
        "tax_assessment_annual_inr": 958126,
        "tax_rate_per_sqm": 450,
        "lulc_confidence": 0.964
      },
      "geometry": {
        "type": "Polygon",
        "coordinates": [
          [
            [
              73.73662752533296,
              18.588903707665676
            ],
            [
              73.7366250937947,
              18.589233517072334
            ],
            [
              73.73717785272368,
              18.589237221881746
            ],
            [
              73.73718028319877,
              18.588907412404687
            ],
            [
              73.73662752533296,
              18.588903707665676
            ]
          ]
        ]
      }
    },
    {
      "type": "Feature",
      "properties": {
        "parcel_id": "ULPIN-2026-9007-00108",
        "survey_number": "SY-108/108",
        "area_sqm": 2129.17,
        "perimeter_m": 189.67,
        "confidence_score": 0.93,
        "verification_status": "AI Confirmed",
        "building_count": 1,
        "building_coverage_ratio": 0.792,
        "landuse_class": "Vacant/Green",
        "owner_record": "Property Owner 108",
        "has_gnss_control": true,
        "tax_assessment_annual_inr": 958126,
        "tax_rate_per_sqm": 450,
        "lulc_confidence": 0.923
      },
      "geometry": {
        "type": "Polygon",
        "coordinates": [
          [
            [
              73.7366250937947,
              18.589233517072334
            ],
            [
              73.73662266220548,
              18.589563326467132
            ],
            [
              73.73717542219765,
              18.58956703134696
            ],
            [
              73.73717785272368,
              18.589237221881746
            ],
            [
              73.7366250937947,
              18.589233517072334
            ]
          ]
        ]
      }
    },
    {
      "type": "Feature",
      "properties": {
        "parcel_id": "ULPIN-2026-9007-00109",
        "survey_number": "SY-108/109",
        "area_sqm": 2129.17,
        "perimeter_m": 189.67,
        "confidence_score": 0.93,
        "verification_status": "AI Confirmed",
        "building_count": 1,
        "building_coverage_ratio": 0.792,
        "landuse_class": "Vacant/Green",
        "owner_record": "Property Owner 109",
        "has_gnss_control": true,
        "tax_assessment_annual_inr": 958126,
        "tax_rate_per_sqm": 450,
        "lulc_confidence": 0.919
      },
      "geometry": {
        "type": "Polygon",
        "coordinates": [
          [
            [
              73.73717542219765,
              18.58956703134696
            ],
            [
              73.73662266220548,
              18.589563326467132
            ],
            [
              73.73662023056526,
              18.58989313585011
            ],
            [
              73.73717299162067,
              18.589896840800346
            ],
            [
              73.73717542219765,
              18.58956703134696
            ]
          ]
        ]
      }
    },
    {
      "type": "Feature",
      "properties": {
        "parcel_id": "ULPIN-2026-9007-00110",
        "survey_number": "SY-108/110",
        "area_sqm": 1800.73,
        "perimeter_m": 175.27,
        "confidence_score": 0.78,
        "verification_status": "Needs GT Verification",
        "building_count": 1,
        "building_coverage_ratio": 0.936,
        "landuse_class": "Vacant/Green",
        "owner_record": "Property Owner 110",
        "has_gnss_control": true,
        "tax_assessment_annual_inr": 810328,
        "tax_rate_per_sqm": 450,
        "lulc_confidence": 0.946
      },
      "geometry": {
        "type": "Polygon",
        "coordinates": [
          [
            [
              73.73771829424958,
              18.588597456304047
            ],
            [
              73.73719965026687,
              18.58859398178344
            ],
            [
              73.73719745958537,
              18.58889126211922
            ],
            [
              73.73771610446724,
              18.58889473669933
            ],
            [
              73.73771829424958,
              18.588597456304047
            ]
          ]
        ]
      }
    },
    {
      "type": "Feature",
      "properties": {
        "parcel_id": "ULPIN-2026-9007-00111",
        "survey_number": "SY-108/111",
        "area_sqm": 2129.17,
        "perimeter_m": 189.67,
        "confidence_score": 0.93,
        "verification_status": "AI Confirmed",
        "building_count": 1,
        "building_coverage_ratio": 0.792,
        "landuse_class": "Vacant/Green",
        "owner_record": "Property Owner 111",
        "has_gnss_control": true,
        "tax_assessment_annual_inr": 958126,
        "tax_rate_per_sqm": 450,
        "lulc_confidence": 0.958
      },
      "geometry": {
        "type": "Polygon",
        "coordinates": [
          [
            [
              73.7377330411947,
              18.588911115523402
            ],
            [
              73.73718028319877,
              18.588907412404687
            ],
            [
              73.73717785272368,
              18.589237221881746
            ],
            [
              73.7377306117828,
              18.589240925070822
            ],
            [
              73.7377330411947,
              18.588911115523402
            ]
          ]
        ]
      }
    },
    {
      "type": "Feature",
      "properties": {
        "parcel_id": "ULPIN-2026-9007-00112",
        "survey_number": "SY-108/112",
        "area_sqm": 2361.33,
        "perimeter_m": 199.67,
        "confidence_score": 0.9,
        "verification_status": "AI Confirmed",
        "building_count": 2,
        "building_coverage_ratio": 0.721,
        "landuse_class": "Vacant/Green",
        "owner_record": "Property Owner 112",
        "has_gnss_control": false,
        "tax_assessment_annual_inr": 1062598,
        "tax_rate_per_sqm": 450,
        "lulc_confidence": 0.899
      },
      "geometry": {
        "type": "Polygon",
        "coordinates": [
          [
            [
              73.73714955829948,
              18.589218959636543
            ],
            [
              73.73714699453772,
              18.589566840849802
            ],
            [
              73.73772818231996,
              18.589570734606415
            ],
            [
              73.73773074490258,
              18.5892228533151
            ],
            [
              73.73714955829948,
              18.589218959636543
            ]
          ]
        ]
      }
    },
    {
      "type": "Feature",
      "properties": {
        "parcel_id": "ULPIN-2026-9007-00113",
        "survey_number": "SY-108/113",
        "area_sqm": 2129.17,
        "perimeter_m": 189.67,
        "confidence_score": 0.85,
        "verification_status": "AI Confirmed",
        "building_count": 1,
        "building_coverage_ratio": 0.792,
        "landuse_class": "Vacant/Green",
        "owner_record": "Property Owner 113",
        "has_gnss_control": false,
        "tax_assessment_annual_inr": 958126,
        "tax_rate_per_sqm": 450,
        "lulc_confidence": 0.951
      },
      "geometry": {
        "type": "Polygon",
        "coordinates": [
          [
            [
              73.73772818231996,
              18.589570734606415
            ],
            [
              73.73717542219765,
              18.58956703134696
            ],
            [
              73.73717299162067,
              18.589896840800346
            ],
            [
              73.73772575280618,
              18.589900544130167
            ],
            [
              73.73772818231996,
              18.589570734606415
            ]
          ]
        ]
      }
    },
    {
      "type": "Feature",
      "properties": {
        "parcel_id": "ULPIN-2026-9007-00114",
        "survey_number": "SY-109/114",
        "area_sqm": 1916.25,
        "perimeter_m": 178.0,
        "confidence_score": 0.93,
        "verification_status": "AI Confirmed",
        "building_count": 1,
        "building_coverage_ratio": 0.781,
        "landuse_class": "Vacant/Green",
        "owner_record": "Property Owner 114",
        "has_gnss_control": true,
        "tax_assessment_annual_inr": 862312,
        "tax_rate_per_sqm": 450,
        "lulc_confidence": 0.964
      },
      "geometry": {
        "type": "Polygon",
        "coordinates": [
          [
            [
              73.73832528204899,
              18.58891508135253
            ],
            [
              73.7383277102709,
              18.5885852717179
            ],
            [
              73.7378302289001,
              18.58858194060973
            ],
            [
              73.73782779972136,
              18.588911750181055
            ],
            [
              73.73832528204899,
              18.58891508135253
            ]
          ]
        ]
      }
    },
    {
      "type": "Feature",
      "properties": {
        "parcel_id": "ULPIN-2026-9007-00115",
        "survey_number": "SY-109/115",
        "area_sqm": 2190.31,
        "perimeter_m": 187.42,
        "confidence_score": 0.98,
        "verification_status": "AI Confirmed",
        "building_count": 1,
        "building_coverage_ratio": 0.683,
        "landuse_class": "Vacant/Green",
        "owner_record": "Property Owner 115",
        "has_gnss_control": true,
        "tax_assessment_annual_inr": 985639,
        "tax_rate_per_sqm": 450,
        "lulc_confidence": 0.94
      },
      "geometry": {
        "type": "Polygon",
        "coordinates": [
          [
            [
              73.73832275398308,
              18.589258444795195
            ],
            [
              73.73832414766069,
              18.589258388857104
            ],
            [
              73.73832552887751,
              18.589258202927013
            ],
            [
              73.73832688433158,
              18.589257888795547
            ],
            [
              73.73832820096924,
              18.589257449487953
            ],
            [
              73.73832946611049,
              18.589256889235017
            ],
            [
              73.73833066757132,
              18.589256213432268
            ],
            [
              73.73833179378101,
              18.58925542858806
            ],
            [
              73.73833283389358,
              18.589254542260882
            ],
            [
              73.73833377789212,
              18.589253562986542
            ],
            [
              73.73833461668545,
              18.589252500195986
            ],
            [
              73.73833534219553,
              18.58925136412449
            ],
            [
              73.73833594743529,
              18.589250165713015
            ],
            [
              73.73833642657591,
              18.589248916502935
            ],
            [
              73.73833677500305,
              18.589247628524834
            ],
            [
              73.73833698936117,
              18.589246314182645
            ],
            [
              73.73833706758587,
              18.58924498613418
            ],
            [
              73.73833949583133,
              18.588915176509573
            ],
            [
              73.7383394371692,
              18.58891384754465
            ],
            [
              73.73833924218553,
              18.588912530461975
            ],
            [
              73.73833891275811,
              18.588911237945776
            ],
            [
              73.73833845205952,
              18.58890998244368
            ],
            [
              73.73833786452656,
              18.58890877604689
            ],
            [
              73.73833715581745,
              18.588907630373622
            ],
            [
              73.73833633275748,
              18.588906556457363
            ],
            [
              73.73833540327318,
              18.588905564640502
            ],
            [
              73.73833437631593,
              18.588904664474782
            ],
            [
              73.73833326177598,
              18.588903864629284
            ],
            [
              73.73833207038689,
              18.588903172806962
            ],
            [
              73.73833081362241,
              18.58890259567043
            ],
            [
              73.73832950358587,
              18.588902138777847
            ],
            [
              73.73832815289364,
              18.58890180652931
            ],
            [
              73.7383267745536,
              18.588901602124572
            ],
            [
              73.73832538183994,
              18.58890152753216
            ],
            [
              73.73782789955163,
              18.58889819636328
            ],
            [
              73.73782650587702,
              18.588898252297874
            ],
            [
              73.73782512466285,
              18.588898438224447
            ],
            [
              73.73782376921095,
              18.588898752352424
            ],
            [
              73.73782245257506,
              18.588899191656594
            ],
            [
              73.7378211874351,
              18.58889975190622
            ],
            [
              73.73781998597507,
              18.588900427705767
            ],
            [
              73.73781885976565,
              18.58890121254694
            ],
            [
              73.7378178196529,
              18.58890209887128
            ],
            [
              73.73781687565364,
              18.588903078143005
            ],
            [
              73.73781603685909,
              18.588904140931213
            ],
            [
              73.73781531134733,
              18.58890527700064
            ],
            [
              73.73781470610542,
              18.58890647541033
            ],
            [
              73.73781422696221,
              18.58890772461896
            ],
            [
              73.73781387853204,
              18.588909012595945
            ],
            [
              73.73781366417053,
              18.588910326937377
            ],
            [
              73.73781358594212,
              18.588911654985445
            ],
            [
              73.73781115668513,
              18.58924146454312
            ],
            [
              73.73781121534311,
              18.589242793507925
            ],
            [
              73.73781141032288,
              18.589244110590872
            ],
            [
              73.73781173974673,
              18.58924540310776
            ],
            [
              73.73781220044211,
              18.589246658610907
            ],
            [
              73.73781278797229,
              18.589247865009156
            ],
            [
              73.73781349667901,
              18.589249010684235
            ],
            [
              73.73781431973705,
              18.58925008460264
            ],
            [
              73.73781524921992,
              18.589251076421967
            ],
            [
              73.7378162761762,
              18.589251976590447
            ],
            [
              73.7378173907157,
              18.58925277643897
            ],
            [
              73.73781858210484,
              18.58925346826454
            ],
            [
              73.73781983886985,
              18.58925404540452
            ],
            [
              73.73782114890744,
              18.58925450230072
            ],
            [
              73.7378224996012,
              18.589254834552968
            ],
            [
              73.73782387794319,
              18.589255038961518
            ],
            [
              73.73782527065926,
              18.589255113557808
            ],
            [
              73.73832275398308,
              18.589258444795195
            ]
          ]
        ]
      }
    },
    {
      "type": "Feature",
      "properties": {
        "parcel_id": "ULPIN-2026-9007-00116",
        "survey_number": "SY-109/116",
        "area_sqm": 1916.25,
        "perimeter_m": 178.0,
        "confidence_score": 0.93,
        "verification_status": "AI Confirmed",
        "building_count": 1,
        "building_coverage_ratio": 0.781,
        "landuse_class": "Vacant/Green",
        "owner_record": "Property Owner 116",
        "has_gnss_control": true,
        "tax_assessment_annual_inr": 862312,
        "tax_rate_per_sqm": 450,
        "lulc_confidence": 0.883
      },
      "geometry": {
        "type": "Polygon",
        "coordinates": [
          [
            [
              73.7383204254525,
              18.589574700586294
            ],
            [
              73.7383228537762,
              18.589244890975323
            ],
            [
              73.7378253704917,
              18.589241559740543
            ],
            [
              73.73782294121112,
              18.589571369288194
            ],
            [
              73.7383204254525,
              18.589574700586294
            ]
          ]
        ]
      }
    },
    {
      "type": "Feature",
      "properties": {
        "parcel_id": "ULPIN-2026-9007-00117",
        "survey_number": "SY-109/117",
        "area_sqm": 1916.25,
        "perimeter_m": 178.0,
        "confidence_score": 0.93,
        "verification_status": "AI Confirmed",
        "building_count": 0,
        "building_coverage_ratio": 0.0,
        "landuse_class": "Vacant/Green",
        "owner_record": "Property Owner 117",
        "has_gnss_control": true,
        "tax_assessment_annual_inr": 862312,
        "tax_rate_per_sqm": 450,
        "lulc_confidence": 0.95
      },
      "geometry": {
        "type": "Polygon",
        "coordinates": [
          [
            [
              73.7383204254525,
              18.589574700586294
            ],
            [
              73.73782294121112,
              18.589571369288194
            ],
            [
              73.73782051187962,
              18.589901178824018
            ],
            [
              73.73831799707789,
              18.589904510185416
            ],
            [
              73.7383204254525,
              18.589574700586294
            ]
          ]
        ]
      }
    },
    {
      "type": "Feature",
      "properties": {
        "parcel_id": "ULPIN-2026-9007-00118",
        "survey_number": "SY-109/118",
        "area_sqm": 1916.25,
        "perimeter_m": 178.0,
        "confidence_score": 0.93,
        "verification_status": "AI Confirmed",
        "building_count": 1,
        "building_coverage_ratio": 0.781,
        "landuse_class": "Vacant/Green",
        "owner_record": "Property Owner 118",
        "has_gnss_control": true,
        "tax_assessment_annual_inr": 862312,
        "tax_rate_per_sqm": 450,
        "lulc_confidence": 0.949
      },
      "geometry": {
        "type": "Polygon",
        "coordinates": [
          [
            [
              73.73832528204899,
              18.58891508135253
            ],
            [
              73.73882276448194,
              18.588918411211562
            ],
            [
              73.73882519174701,
              18.58858860151365
            ],
            [
              73.7383277102709,
              18.5885852717179
            ],
            [
              73.73832528204899,
              18.58891508135253
            ]
          ]
        ]
      }
    },
    {
      "type": "Feature",
      "properties": {
        "parcel_id": "ULPIN-2026-9007-00119",
        "survey_number": "SY-109/119",
        "area_sqm": 1916.25,
        "perimeter_m": 178.0,
        "confidence_score": 0.93,
        "verification_status": "AI Confirmed",
        "building_count": 1,
        "building_coverage_ratio": 0.781,
        "landuse_class": "Vacant/Green",
        "owner_record": "Property Owner 119",
        "has_gnss_control": true,
        "tax_assessment_annual_inr": 862312,
        "tax_rate_per_sqm": 450,
        "lulc_confidence": 0.903
      },
      "geometry": {
        "type": "Polygon",
        "coordinates": [
          [
            [
              73.73832528204899,
              18.58891508135253
            ],
            [
              73.7383228537762,
              18.589244890975323
            ],
            [
              73.738820337166,
              18.589248220897645
            ],
            [
              73.73882276448194,
              18.588918411211562
            ],
            [
              73.73832528204899,
              18.58891508135253
            ]
          ]
        ]
      }
    },
    {
      "type": "Feature",
      "properties": {
        "parcel_id": "ULPIN-2026-9007-00120",
        "survey_number": "SY-109/120",
        "area_sqm": 1608.81,
        "perimeter_m": 163.6,
        "confidence_score": 0.78,
        "verification_status": "Needs GT Verification",
        "building_count": 1,
        "building_coverage_ratio": 0.93,
        "landuse_class": "Vacant/Green",
        "owner_record": "Property Owner 120",
        "has_gnss_control": true,
        "tax_assessment_annual_inr": 723964,
        "tax_rate_per_sqm": 450,
        "lulc_confidence": 0.95
      },
      "geometry": {
        "type": "Polygon",
        "coordinates": [
          [
            [
              73.73833979059768,
              18.589261269749766
            ],
            [
              73.73833760180945,
              18.589558550195562
            ],
            [
              73.73880097289984,
              18.589561651836398
            ],
            [
              73.73880316088471,
              18.589264371337453
            ],
            [
              73.73833979059768,
              18.589261269749766
            ]
          ]
        ]
      }
    },
    {
      "type": "Feature",
      "properties": {
        "parcel_id": "ULPIN-2026-9007-00121",
        "survey_number": "SY-109/121",
        "area_sqm": 1916.25,
        "perimeter_m": 178.0,
        "confidence_score": 0.93,
        "verification_status": "Needs GT Verification",
        "building_count": 1,
        "building_coverage_ratio": 0.781,
        "landuse_class": "Vacant/Green",
        "owner_record": "Property Owner 121",
        "has_gnss_control": true,
        "tax_assessment_annual_inr": 862312,
        "tax_rate_per_sqm": 450,
        "lulc_confidence": 0.884
      },
      "geometry": {
        "type": "Polygon",
        "coordinates": [
          [
            [
              73.73881790979918,
              18.58957803057189
            ],
            [
              73.7383204254525,
              18.589574700586294
            ],
            [
              73.73831799707789,
              18.589904510185416
            ],
            [
              73.73881548238145,
              18.589907840234297
            ],
            [
              73.73881790979918,
              18.58957803057189
            ]
          ]
        ]
      }
    },
    {
      "type": "Feature",
      "properties": {
        "parcel_id": "ULPIN-2026-9007-00122",
        "survey_number": "SY-109/122",
        "area_sqm": 1916.25,
        "perimeter_m": 178.0,
        "confidence_score": 0.93,
        "verification_status": "Needs GT Verification",
        "building_count": 1,
        "building_coverage_ratio": 0.781,
        "landuse_class": "Vacant/Green",
        "owner_record": "Property Owner 122",
        "has_gnss_control": true,
        "tax_assessment_annual_inr": 862312,
        "tax_rate_per_sqm": 450,
        "lulc_confidence": 0.919
      },
      "geometry": {
        "type": "Polygon",
        "coordinates": [
          [
            [
              73.73882276448194,
              18.588918411211562
            ],
            [
              73.73932024702017,
              18.58892173975814
            ],
            [
              73.73932267332842,
              18.588591929996973
            ],
            [
              73.73882519174701,
              18.58858860151365
            ],
            [
              73.73882276448194,
              18.588918411211562
            ]
          ]
        ]
      }
    },
    {
      "type": "Feature",
      "properties": {
        "parcel_id": "ULPIN-2026-9007-00123",
        "survey_number": "SY-109/123",
        "area_sqm": 1916.25,
        "perimeter_m": 178.0,
        "confidence_score": 0.93,
        "verification_status": "Needs GT Verification",
        "building_count": 1,
        "building_coverage_ratio": 0.781,
        "landuse_class": "Vacant/Green",
        "owner_record": "Property Owner 123",
        "has_gnss_control": true,
        "tax_assessment_annual_inr": 862312,
        "tax_rate_per_sqm": 450,
        "lulc_confidence": 0.954
      },
      "geometry": {
        "type": "Polygon",
        "coordinates": [
          [
            [
              73.73882276448194,
              18.588918411211562
            ],
            [
              73.738820337166,
              18.589248220897645
            ],
            [
              73.7393178206611,
              18.58925154950748
            ],
            [
              73.73932024702017,
              18.58892173975814
            ],
            [
              73.73882276448194,
              18.588918411211562
            ]
          ]
        ]
      }
    },
    {
      "type": "Feature",
      "properties": {
        "parcel_id": "ULPIN-2026-9007-00124",
        "survey_number": "SY-109/124",
        "area_sqm": 1916.25,
        "perimeter_m": 178.0,
        "confidence_score": 0.85,
        "verification_status": "Needs GT Verification",
        "building_count": 1,
        "building_coverage_ratio": 0.781,
        "landuse_class": "Vacant/Green",
        "owner_record": "Property Owner 124",
        "has_gnss_control": false,
        "tax_assessment_annual_inr": 862312,
        "tax_rate_per_sqm": 450,
        "lulc_confidence": 0.94
      },
      "geometry": {
        "type": "Polygon",
        "coordinates": [
          [
            [
              73.738820337166,
              18.589248220897645
            ],
            [
              73.73881790979918,
              18.58957803057189
            ],
            [
              73.73931539425115,
              18.589581359244985
            ],
            [
              73.7393178206611,
              18.58925154950748
            ],
            [
              73.738820337166,
              18.589248220897645
            ]
          ]
        ]
      }
    },
    {
      "type": "Feature",
      "properties": {
        "parcel_id": "ULPIN-2026-9007-00125",
        "survey_number": "SY-109/125",
        "area_sqm": 2190.31,
        "perimeter_m": 187.42,
        "confidence_score": 0.9,
        "verification_status": "Needs GT Verification",
        "building_count": 1,
        "building_coverage_ratio": 0.683,
        "landuse_class": "Vacant/Green",
        "owner_record": "Property Owner 125",
        "has_gnss_control": false,
        "tax_assessment_annual_inr": 985639,
        "tax_rate_per_sqm": 450,
        "lulc_confidence": 0.943
      },
      "geometry": {
        "type": "Polygon",
        "coordinates": [
          [
            [
              73.73932960809418,
              18.58958145433064
            ],
            [
              73.73932954942445,
              18.58958012536565
            ],
            [
              73.73932935443268,
              18.58957880828359
            ],
            [
              73.73932902499674,
              18.589577515768696
            ],
            [
              73.73932856428925,
              18.589576260268576
            ],
            [
              73.73932797674712,
              18.589575053874395
            ],
            [
              73.73932726802869,
              18.58957390820438
            ],
            [
              73.7393264449593,
              18.589572834291953
            ],
            [
              73.73932551546557,
              18.58957184247949
            ],
            [
              73.73932448849904,
              18.589570942318684
            ],
            [
              73.73932337394993,
              18.58957014247856
            ],
            [
              73.73932218255197,
              18.589569450662033
            ],
            [
              73.73932092577898,
              18.589568873531665
            ],
            [
              73.73931961573437,
              18.589568416645534
            ],
            [
              73.7393182650346,
              18.589568084403687
            ],
            [
              73.73931688668759,
              18.58956788000582
            ],
            [
              73.73931549396762,
              18.589567805420398
            ],
            [
              73.73881800955499,
              18.589564476749896
            ],
            [
              73.7388166158748,
              18.589564532691497
            ],
            [
              73.7388152346558,
              18.589564718625066
            ],
            [
              73.7388138791999,
              18.589565032759946
            ],
            [
              73.73881256256087,
              18.589565472070845
            ],
            [
              73.73881129741864,
              18.589566032326974
            ],
            [
              73.73881009595725,
              18.58956670813274
            ],
            [
              73.73880896974741,
              18.58956749297979
            ],
            [
              73.73880792963516,
              18.589568379309597
            ],
            [
              73.73880698563728,
              18.589569358586346
            ],
            [
              73.73880614684508,
              18.58957042137905
            ],
            [
              73.73880542133652,
              18.589571557452437
            ],
            [
              73.73880481609868,
              18.589572755865504
            ],
            [
              73.73880433696031,
              18.589574005076877
            ],
            [
              73.7388039885358,
              18.589575293055965
            ],
            [
              73.73880377418067,
              18.589576607398847
            ],
            [
              73.73880369595925,
              18.58957793544766
            ],
            [
              73.7388012685142,
              18.589907745108263
            ],
            [
              73.73880132717977,
              18.589909074073145
            ],
            [
              73.73880152216763,
              18.58991039115548
            ],
            [
              73.73880185160003,
              18.589911683671065
            ],
            [
              73.73880231230429,
              18.589912939172244
            ],
            [
              73.73880289984362,
              18.58991414556788
            ],
            [
              73.73880360855968,
              18.589915291239695
            ],
            [
              73.73880443162713,
              18.589916365154266
            ],
            [
              73.73880536111942,
              18.589917356969192
            ],
            [
              73.73880638808501,
              18.589918257132762
            ],
            [
              73.73880750263366,
              18.589919056975912
            ],
            [
              73.73880869403166,
              18.589919748795687
            ],
            [
              73.7388099508052,
              18.589920325929512
            ],
            [
              73.73881126085084,
              18.589920782819245
            ],
            [
              73.73881261155215,
              18.589921115064815
            ],
            [
              73.73881398990112,
              18.58992131946649
            ],
            [
              73.73881538262349,
              18.589921394055786
            ],
            [
              73.73931286807168,
              18.58992472279475
            ],
            [
              73.73931426175488,
              18.589924666849637
            ],
            [
              73.73931564297652,
              18.58992448091256
            ],
            [
              73.7393169984346,
              18.589924166774193
            ],
            [
              73.7393183150754,
              18.589923727459865
            ],
            [
              73.73931958021889,
              18.589923167200425
            ],
            [
              73.73932078168109,
              18.589922491391455
            ],
            [
              73.73932190789122,
              18.589921706541368
            ],
            [
              73.73932294800328,
              18.58992082020873
            ],
            [
              73.73932389200041,
              18.58991984092938
            ],
            [
              73.73932473079142,
              18.589918778134315
            ],
            [
              73.73932545629829,
              18.589917642058854
            ],
            [
              73.73932606153397,
              18.58991644364401
            ],
            [
              73.73932654066974,
              18.58991519443119
            ],
            [
              73.73932688909123,
              18.58991390645097
            ],
            [
              73.739327103443,
              18.589912592107346
            ],
            [
              73.7393271816607,
              18.58991126405812
            ],
            [
              73.73932960809418,
              18.58958145433064
            ]
          ]
        ]
      }
    },
    {
      "type": "Feature",
      "properties": {
        "parcel_id": "ULPIN-2026-9007-00126",
        "survey_number": "SY-109/126",
        "area_sqm": 1916.25,
        "perimeter_m": 178.0,
        "confidence_score": 0.93,
        "verification_status": "Needs GT Verification",
        "building_count": 1,
        "building_coverage_ratio": 0.781,
        "landuse_class": "Vacant/Green",
        "owner_record": "Property Owner 126",
        "has_gnss_control": true,
        "tax_assessment_annual_inr": 862312,
        "tax_rate_per_sqm": 450,
        "lulc_confidence": 0.911
      },
      "geometry": {
        "type": "Polygon",
        "coordinates": [
          [
            [
              73.73982015501501,
              18.588595257167867
            ],
            [
              73.73932267332842,
              18.588591929996973
            ],
            [
              73.73932024702017,
              18.58892173975814
            ],
            [
              73.73981772966364,
              18.58892506699227
            ],
            [
              73.73982015501501,
              18.588595257167867
            ]
          ]
        ]
      }
    },
    {
      "type": "Feature",
      "properties": {
        "parcel_id": "ULPIN-2026-9007-00127",
        "survey_number": "SY-109/127",
        "area_sqm": 1916.25,
        "perimeter_m": 178.0,
        "confidence_score": 0.85,
        "verification_status": "AI Confirmed",
        "building_count": 1,
        "building_coverage_ratio": 0.781,
        "landuse_class": "Vacant/Green",
        "owner_record": "Property Owner 127",
        "has_gnss_control": false,
        "tax_assessment_annual_inr": 862312,
        "tax_rate_per_sqm": 450,
        "lulc_confidence": 0.965
      },
      "geometry": {
        "type": "Polygon",
        "coordinates": [
          [
            [
              73.73981772966364,
              18.58892506699227
            ],
            [
              73.73932024702017,
              18.58892173975814
            ],
            [
              73.7393178206611,
              18.58925154950748
            ],
            [
              73.73981530426141,
              18.589254876804848
            ],
            [
              73.73981772966364,
              18.58892506699227
            ]
          ]
        ]
      }
    },
    {
      "type": "Feature",
      "properties": {
        "parcel_id": "ULPIN-2026-9007-00128",
        "survey_number": "SY-109/128",
        "area_sqm": 2136.75,
        "perimeter_m": 188.0,
        "confidence_score": 0.98,
        "verification_status": "AI Confirmed",
        "building_count": 2,
        "building_coverage_ratio": 0.711,
        "landuse_class": "Vacant/Green",
        "owner_record": "Property Owner 128",
        "has_gnss_control": true,
        "tax_assessment_annual_inr": 961537,
        "tax_rate_per_sqm": 450,
        "lulc_confidence": 0.92
      },
      "geometry": {
        "type": "Polygon",
        "coordinates": [
          [
            [
              73.73928952598546,
              18.589233287569975
            ],
            [
              73.73928696656534,
              18.58958116907045
            ],
            [
              73.73981287880834,
              18.589584686605583
            ],
            [
              73.73981543716148,
              18.58923680503459
            ],
            [
              73.73928952598546,
              18.589233287569975
            ]
          ]
        ]
      }
    },
    {
      "type": "Feature",
      "properties": {
        "parcel_id": "ULPIN-2026-9007-00129",
        "survey_number": "SY-109/129",
        "area_sqm": 1916.25,
        "perimeter_m": 178.0,
        "confidence_score": 0.93,
        "verification_status": "AI Confirmed",
        "building_count": 1,
        "building_coverage_ratio": 0.781,
        "landuse_class": "Vacant/Green",
        "owner_record": "Property Owner 129",
        "has_gnss_control": true,
        "tax_assessment_annual_inr": 862312,
        "tax_rate_per_sqm": 450,
        "lulc_confidence": 0.892
      },
      "geometry": {
        "type": "Polygon",
        "coordinates": [
          [
            [
              73.73981287880834,
              18.589584686605583
            ],
            [
              73.73931539425115,
              18.589581359244985
            ],
            [
              73.73931296779033,
              18.589911168970655
            ],
            [
              73.73981045330443,
              18.58991449639448
            ],
            [
              73.73981287880834,
              18.589584686605583
            ]
          ]
        ]
      }
    },
    {
      "type": "Feature",
      "properties": {
        "parcel_id": "ULPIN-2026-9007-00130",
        "survey_number": "SY-110/130",
        "area_sqm": 1779.96,
        "perimeter_m": 170.6,
        "confidence_score": 0.78,
        "verification_status": "Needs GT Verification",
        "building_count": 1,
        "building_coverage_ratio": 0.934,
        "landuse_class": "Vacant/Green",
        "owner_record": "Property Owner 130",
        "has_gnss_control": true,
        "tax_assessment_annual_inr": 800982,
        "tax_rate_per_sqm": 450,
        "lulc_confidence": 0.963
      },
      "geometry": {
        "type": "Polygon",
        "coordinates": [
          [
            [
              73.73828442592023,
              18.5921471009345
            ],
            [
              73.73828684801978,
              18.591818195005757
            ],
            [
              73.73782347092002,
              18.59181509173839
            ],
            [
              73.7378210479315,
              18.592143997608332
            ],
            [
              73.73828442592023,
              18.5921471009345
            ]
          ]
        ]
      }
    },
    {
      "type": "Feature",
      "properties": {
        "parcel_id": "ULPIN-2026-9007-00131",
        "survey_number": "SY-110/131",
        "area_sqm": 2100.0,
        "perimeter_m": 185.0,
        "confidence_score": 0.93,
        "verification_status": "AI Confirmed",
        "building_count": 1,
        "building_coverage_ratio": 0.792,
        "landuse_class": "Vacant/Green",
        "owner_record": "Property Owner 131",
        "has_gnss_control": true,
        "tax_assessment_annual_inr": 945000,
        "tax_rate_per_sqm": 450,
        "lulc_confidence": 0.947
      },
      "geometry": {
        "type": "Polygon",
        "coordinates": [
          [
            [
              73.73829870133358,
              18.592524914799036
            ],
            [
              73.73830136300661,
              18.59216347972433
            ],
            [
              73.73780387125372,
              18.592160147929302
            ],
            [
              73.73780120853186,
              18.59252158293462
            ],
            [
              73.73829870133358,
              18.592524914799036
            ]
          ]
        ]
      }
    },
    {
      "type": "Feature",
      "properties": {
        "parcel_id": "ULPIN-2026-9007-00132",
        "survey_number": "SY-110/132",
        "area_sqm": 2100.0,
        "perimeter_m": 185.0,
        "confidence_score": 0.93,
        "verification_status": "AI Confirmed",
        "building_count": 1,
        "building_coverage_ratio": 0.792,
        "landuse_class": "Vacant/Green",
        "owner_record": "Property Owner 132",
        "has_gnss_control": true,
        "tax_assessment_annual_inr": 945000,
        "tax_rate_per_sqm": 450,
        "lulc_confidence": 0.9
      },
      "geometry": {
        "type": "Polygon",
        "coordinates": [
          [
            [
              73.73829603959939,
              18.59288634985952
            ],
            [
              73.73829870133358,
              18.592524914799036
            ],
            [
              73.73780120853186,
              18.59252158293462
            ],
            [
              73.73779854574882,
              18.592883017925722
            ],
            [
              73.73829603959939,
              18.59288634985952
            ]
          ]
        ]
      }
    },
    {
      "type": "Feature",
      "properties": {
        "parcel_id": "ULPIN-2026-9007-00133",
        "survey_number": "SY-110/133",
        "area_sqm": 2100.0,
        "perimeter_m": 185.0,
        "confidence_score": 0.93,
        "verification_status": "AI Confirmed",
        "building_count": 1,
        "building_coverage_ratio": 0.792,
        "landuse_class": "Vacant/Green",
        "owner_record": "Property Owner 133",
        "has_gnss_control": true,
        "tax_assessment_annual_inr": 945000,
        "tax_rate_per_sqm": 450,
        "lulc_confidence": 0.919
      },
      "geometry": {
        "type": "Polygon",
        "coordinates": [
          [
            [
              73.73829603959939,
              18.59288634985952
            ],
            [
              73.73779854574882,
              18.592883017925722
            ],
            [
              73.73779588290462,
              18.593244452902628
            ],
            [
              73.73829337780406,
              18.59324778490579
            ],
            [
              73.73829603959939,
              18.59288634985952
            ]
          ]
        ]
      }
    },
    {
      "type": "Feature",
      "properties": {
        "parcel_id": "ULPIN-2026-9007-00134",
        "survey_number": "SY-110/134",
        "area_sqm": 2100.0,
        "perimeter_m": 185.0,
        "confidence_score": 0.93,
        "verification_status": "AI Confirmed",
        "building_count": 1,
        "building_coverage_ratio": 0.792,
        "landuse_class": "Vacant/Green",
        "owner_record": "Property Owner 134",
        "has_gnss_control": true,
        "tax_assessment_annual_inr": 945000,
        "tax_rate_per_sqm": 450,
        "lulc_confidence": 0.939
      },
      "geometry": {
        "type": "Polygon",
        "coordinates": [
          [
            [
              73.73830136300661,
              18.59216347972433
            ],
            [
              73.73879885486481,
              18.59216681020667
            ],
            [
              73.73880151542792,
              18.591805375048402
            ],
            [
              73.7383040246185,
              18.591802044635426
            ],
            [
              73.73830136300661,
              18.59216347972433
            ]
          ]
        ]
      }
    },
    {
      "type": "Feature",
      "properties": {
        "parcel_id": "ULPIN-2026-9007-00135",
        "survey_number": "SY-110/135",
        "area_sqm": 2384.56,
        "perimeter_m": 194.42,
        "confidence_score": 0.98,
        "verification_status": "AI Confirmed",
        "building_count": 1,
        "building_coverage_ratio": 0.697,
        "landuse_class": "Vacant/Green",
        "owner_record": "Property Owner 135",
        "has_gnss_control": true,
        "tax_assessment_annual_inr": 1073052,
        "tax_rate_per_sqm": 450,
        "lulc_confidence": 0.962
      },
      "geometry": {
        "type": "Polygon",
        "coordinates": [
          [
            [
              73.73830146281816,
              18.592149925908757
            ],
            [
              73.73830006911696,
              18.592149981845274
            ],
            [
              73.73829868787662,
              18.592150167773713
            ],
            [
              73.73829733239927,
              18.592150481903527
            ],
            [
              73.73829601573881,
              18.59215092120944
            ],
            [
              73.73829475057548,
              18.59215148146071
            ],
            [
              73.73829354909347,
              18.5921521572618
            ],
            [
              73.73829242286368,
              18.592152942104402
            ],
            [
              73.73829138273236,
              18.592153828430025
            ],
            [
              73.73829043871652,
              18.5921548077029
            ],
            [
              73.73828959990753,
              18.592155870492086
            ],
            [
              73.73828887438361,
              18.59215700656232
            ],
            [
              73.73828826913194,
              18.592158204972645
            ],
            [
              73.73828778998143,
              18.592159454181715
            ],
            [
              73.73828744154657,
              18.59216074215896
            ],
            [
              73.73828722718297,
              18.592162056500477
            ],
            [
              73.73828714895505,
              18.59216338454841
            ],
            [
              73.73828448725206,
              18.59252481962113
            ],
            [
              73.73828454591317,
              18.592526148585616
            ],
            [
              73.73828474089872,
              18.592527465668084
            ],
            [
              73.73828507033087,
              18.592528758184272
            ],
            [
              73.73828553103705,
              18.59253001368659
            ],
            [
              73.73828611858043,
              18.59253122008381
            ],
            [
              73.73828682730256,
              18.592532365757712
            ],
            [
              73.73828765037814,
              18.592533439674806
            ],
            [
              73.73828857988048,
              18.59253443149268
            ],
            [
              73.73828960685796,
              18.592535331659594
            ],
            [
              73.73829072142021,
              18.59253613150644
            ],
            [
              73.73829191283343,
              18.59253682333026
            ],
            [
              73.73829316962362,
              18.592537400468412
            ],
            [
              73.73829447968721,
              18.592537857362736
            ],
            [
              73.73829583040758,
              18.592538189613084
            ],
            [
              73.73829720877653,
              18.592538394019716
            ],
            [
              73.73829860151963,
              18.59253846861406
            ],
            [
              73.73879609446601,
              18.592541799168348
            ],
            [
              73.73879748817048,
              18.592541743228363
            ],
            [
              73.7387988694137,
              18.59254155729641
            ],
            [
              73.73880022489354,
              18.592541243163136
            ],
            [
              73.73880154155599,
              18.592540803853815
            ],
            [
              73.73880280672083,
              18.59254024359924
            ],
            [
              73.73880400820389,
              18.59253956779495
            ],
            [
              73.73880513443417,
              18.592538782949347
            ],
            [
              73.73880617456548,
              18.592537896620897
            ],
            [
              73.73880711858082,
              18.59253691734543
            ],
            [
              73.73880795738874,
              18.592535854553912
            ],
            [
              73.73880868291113,
              18.59253471848161
            ],
            [
              73.73880928816077,
              18.59253352006953
            ],
            [
              73.73880976730878,
              18.592532270859003
            ],
            [
              73.73881011574072,
              18.59253098288065
            ],
            [
              73.738810330101,
              18.592529668538386
            ],
            [
              73.73881040832522,
              18.592528340490063
            ],
            [
              73.73881306891946,
              18.592166905344016
            ],
            [
              73.73881301025418,
              18.59216557637941
            ],
            [
              73.73881281526477,
              18.592164259297228
            ],
            [
              73.73881248582909,
              18.592162966781707
            ],
            [
              73.73881202511976,
              18.592161711280475
            ],
            [
              73.7388114375737,
              18.592160504884692
            ],
            [
              73.73881072884927,
              18.592159359212612
            ],
            [
              73.73880990577192,
              18.592158285297668
            ],
            [
              73.73880897626829,
              18.592157293482266
            ],
            [
              73.73880794929003,
              18.592156393318124
            ],
            [
              73.73880683472751,
              18.592155593474306
            ],
            [
              73.73880564331456,
              18.59215490165375
            ],
            [
              73.73880438652515,
              18.592154324519058
            ],
            [
              73.73880307646283,
              18.59215386762835
            ],
            [
              73.73880172574422,
              18.592153535381744
            ],
            [
              73.73880034737748,
              18.59215333097896
            ],
            [
              73.73879895463703,
              18.592153256388496
            ],
            [
              73.73830146281816,
              18.592149925908757
            ]
          ]
        ]
      }
    },
    {
      "type": "Feature",
      "properties": {
        "parcel_id": "ULPIN-2026-9007-00136",
        "survey_number": "SY-110/136",
        "area_sqm": 2331.0,
        "perimeter_m": 195.0,
        "confidence_score": 0.98,
        "verification_status": "AI Confirmed",
        "building_count": 2,
        "building_coverage_ratio": 0.724,
        "landuse_class": "Vacant/Green",
        "owner_record": "Property Owner 136",
        "has_gnss_control": true,
        "tax_assessment_annual_inr": 1048950,
        "tax_rate_per_sqm": 450,
        "lulc_confidence": 0.914
      },
      "geometry": {
        "type": "Polygon",
        "coordinates": [
          [
            [
              73.73827040625874,
              18.59250665268894
            ],
            [
              73.73826761137651,
              18.59288615949867
            ],
            [
              73.73879353355528,
              18.59288968048056
            ],
            [
              73.73879632727326,
              18.592510173593855
            ],
            [
              73.73827040625874,
              18.59250665268894
            ]
          ]
        ]
      }
    },
    {
      "type": "Feature",
      "properties": {
        "parcel_id": "ULPIN-2026-9007-00137",
        "survey_number": "SY-110/137",
        "area_sqm": 2100.0,
        "perimeter_m": 185.0,
        "confidence_score": 0.93,
        "verification_status": "AI Confirmed",
        "building_count": 1,
        "building_coverage_ratio": 0.792,
        "landuse_class": "Vacant/Green",
        "owner_record": "Property Owner 137",
        "has_gnss_control": true,
        "tax_assessment_annual_inr": 945000,
        "tax_rate_per_sqm": 450,
        "lulc_confidence": 0.962
      },
      "geometry": {
        "type": "Polygon",
        "coordinates": [
          [
            [
              73.73879353355528,
              18.59288968048056
            ],
            [
              73.73829603959939,
              18.59288634985952
            ],
            [
              73.73829337780406,
              18.59324778490579
            ],
            [
              73.73879087280882,
              18.593251115596193
            ],
            [
              73.73879353355528,
              18.59288968048056
            ]
          ]
        ]
      }
    },
    {
      "type": "Feature",
      "properties": {
        "parcel_id": "ULPIN-2026-9007-00138",
        "survey_number": "SY-110/138",
        "area_sqm": 2100.0,
        "perimeter_m": 185.0,
        "confidence_score": 0.93,
        "verification_status": "AI Confirmed",
        "building_count": 1,
        "building_coverage_ratio": 0.792,
        "landuse_class": "Vacant/Green",
        "owner_record": "Property Owner 138",
        "has_gnss_control": true,
        "tax_assessment_annual_inr": 945000,
        "tax_rate_per_sqm": 450,
        "lulc_confidence": 0.913
      },
      "geometry": {
        "type": "Polygon",
        "coordinates": [
          [
            [
              73.73879885486481,
              18.59216681020667
            ],
            [
              73.73929634682831,
              18.592170139376307
            ],
            [
              73.7392990063426,
              18.59180870414872
            ],
            [
              73.73880151542792,
              18.591805375048402
            ],
            [
              73.73879885486481,
              18.59216681020667
            ]
          ]
        ]
      }
    },
    {
      "type": "Feature",
      "properties": {
        "parcel_id": "ULPIN-2026-9007-00139",
        "survey_number": "SY-110/139",
        "area_sqm": 2100.0,
        "perimeter_m": 185.0,
        "confidence_score": 0.93,
        "verification_status": "AI Confirmed",
        "building_count": 1,
        "building_coverage_ratio": 0.792,
        "landuse_class": "Vacant/Green",
        "owner_record": "Property Owner 139",
        "has_gnss_control": true,
        "tax_assessment_annual_inr": 945000,
        "tax_rate_per_sqm": 450,
        "lulc_confidence": 0.901
      },
      "geometry": {
        "type": "Polygon",
        "coordinates": [
          [
            [
              73.73879885486481,
              18.59216681020667
            ],
            [
              73.7387961942406,
              18.59252824535073
            ],
            [
              73.73929368725294,
              18.592531574589692
            ],
            [
              73.73929634682831,
              18.592170139376307
            ],
            [
              73.73879885486481,
              18.59216681020667
            ]
          ]
        ]
      }
    },
    {
      "type": "Feature",
      "properties": {
        "parcel_id": "ULPIN-2026-9007-00140",
        "survey_number": "SY-110/140",
        "area_sqm": 1779.96,
        "perimeter_m": 170.6,
        "confidence_score": 0.78,
        "verification_status": "Needs GT Verification",
        "building_count": 1,
        "building_coverage_ratio": 0.934,
        "landuse_class": "Vacant/Green",
        "owner_record": "Property Owner 140",
        "has_gnss_control": true,
        "tax_assessment_annual_inr": 800982,
        "tax_rate_per_sqm": 450,
        "lulc_confidence": 0.95
      },
      "geometry": {
        "type": "Polygon",
        "coordinates": [
          [
            [
              73.73881313141426,
              18.592544624099055
            ],
            [
              73.73881071022332,
              18.592873530069372
            ],
            [
              73.73927409036204,
              18.592876631079335
            ],
            [
              73.73927651066396,
              18.592547725050245
            ],
            [
              73.73881313141426,
              18.592544624099055
            ]
          ]
        ]
      }
    },
    {
      "type": "Feature",
      "properties": {
        "parcel_id": "ULPIN-2026-9007-00141",
        "survey_number": "SY-110/141",
        "area_sqm": 2100.0,
        "perimeter_m": 185.0,
        "confidence_score": 0.93,
        "verification_status": "Needs GT Verification",
        "building_count": 1,
        "building_coverage_ratio": 0.792,
        "landuse_class": "Vacant/Green",
        "owner_record": "Property Owner 141",
        "has_gnss_control": true,
        "tax_assessment_annual_inr": 945000,
        "tax_rate_per_sqm": 450,
        "lulc_confidence": 0.951
      },
      "geometry": {
        "type": "Polygon",
        "coordinates": [
          [
            [
              73.73929102761646,
              18.592893009788853
            ],
            [
              73.73879353355528,
              18.59288968048056
            ],
            [
              73.73879087280882,
              18.593251115596193
            ],
            [
              73.73928836791889,
              18.593254444973812
            ],
            [
              73.73929102761646,
              18.592893009788853
            ]
          ]
        ]
      }
    },
    {
      "type": "Feature",
      "properties": {
        "parcel_id": "ULPIN-2026-9007-00142",
        "survey_number": "SY-110/142",
        "area_sqm": 2100.0,
        "perimeter_m": 185.0,
        "confidence_score": 0.85,
        "verification_status": "Needs GT Verification",
        "building_count": 1,
        "building_coverage_ratio": 0.792,
        "landuse_class": "Vacant/Green",
        "owner_record": "Property Owner 142",
        "has_gnss_control": false,
        "tax_assessment_annual_inr": 945000,
        "tax_rate_per_sqm": 450,
        "lulc_confidence": 0.962
      },
      "geometry": {
        "type": "Polygon",
        "coordinates": [
          [
            [
              73.73979649736255,
              18.59181203193636
            ],
            [
              73.7392990063426,
              18.59180870414872
            ],
            [
              73.73929634682831,
              18.592170139376307
            ],
            [
              73.73979383889706,
              18.592173467233245
            ],
            [
              73.73979649736255,
              18.59181203193636
            ]
          ]
        ]
      }
    },
    {
      "type": "Feature",
      "properties": {
        "parcel_id": "ULPIN-2026-9007-00143",
        "survey_number": "SY-110/143",
        "area_sqm": 2100.0,
        "perimeter_m": 185.0,
        "confidence_score": 0.93,
        "verification_status": "Needs GT Verification",
        "building_count": 1,
        "building_coverage_ratio": 0.792,
        "landuse_class": "Vacant/Green",
        "owner_record": "Property Owner 143",
        "has_gnss_control": true,
        "tax_assessment_annual_inr": 945000,
        "tax_rate_per_sqm": 450,
        "lulc_confidence": 0.936
      },
      "geometry": {
        "type": "Polygon",
        "coordinates": [
          [
            [
              73.73979383889706,
              18.592173467233245
            ],
            [
              73.73929634682831,
              18.592170139376307
            ],
            [
              73.73929368725294,
              18.592531574589692
            ],
            [
              73.7397911803705,
              18.592534902515933
            ],
            [
              73.73979383889706,
              18.592173467233245
            ]
          ]
        ]
      }
    },
    {
      "type": "Feature",
      "properties": {
        "parcel_id": "ULPIN-2026-9007-00144",
        "survey_number": "SY-110/144",
        "area_sqm": 2331.0,
        "perimeter_m": 195.0,
        "confidence_score": 0.98,
        "verification_status": "Needs GT Verification",
        "building_count": 2,
        "building_coverage_ratio": 0.724,
        "landuse_class": "Vacant/Green",
        "owner_record": "Property Owner 144",
        "has_gnss_control": true,
        "tax_assessment_annual_inr": 1048950,
        "tax_rate_per_sqm": 450,
        "lulc_confidence": 0.95
      },
      "geometry": {
        "type": "Polygon",
        "coordinates": [
          [
            [
              73.73926539206118,
              18.59251331262269
            ],
            [
              73.73926259938156,
              18.59289281957803
            ],
            [
              73.73978852178288,
              18.592896337784392
            ],
            [
              73.73979131329828,
              18.59251683075214
            ],
            [
              73.73926539206118,
              18.59251331262269
            ]
          ]
        ]
      }
    },
    {
      "type": "Feature",
      "properties": {
        "parcel_id": "ULPIN-2026-9007-00145",
        "survey_number": "SY-110/145",
        "area_sqm": 2384.56,
        "perimeter_m": 194.42,
        "confidence_score": 0.98,
        "verification_status": "Needs GT Verification",
        "building_count": 1,
        "building_coverage_ratio": 0.697,
        "landuse_class": "Vacant/Green",
        "owner_record": "Property Owner 145",
        "has_gnss_control": true,
        "tax_assessment_annual_inr": 1073052,
        "tax_rate_per_sqm": 450,
        "lulc_confidence": 0.902
      },
      "geometry": {
        "type": "Polygon",
        "coordinates": [
          [
            [
              73.73980273590347,
              18.59289643285069
            ],
            [
              73.73980267723063,
              18.59289510388602
            ],
            [
              73.73980248223306,
              18.592893786804467
            ],
            [
              73.73980215278874,
              18.59289249429025
            ],
            [
              73.7398016920704,
              18.592891238790976
            ],
            [
              73.73980110451501,
              18.592890032397808
            ],
            [
              73.73980039578103,
              18.592888886728968
            ],
            [
              73.73979957269397,
              18.592887812817853
            ],
            [
              73.7397986431806,
              18.592886821006832
            ],
            [
              73.73979761619267,
              18.592885920847582
            ],
            [
              73.73979650162062,
              18.59288512100912
            ],
            [
              73.73979531019839,
              18.59288442919433
            ],
            [
              73.7397940534,
              18.592883852065775
            ],
            [
              73.73979274332915,
              18.5928833951815
            ],
            [
              73.7397913926025,
              18.592883062941567
            ],
            [
              73.73979001422829,
              18.592882858545615
            ],
            [
              73.73978862148103,
              18.592882783962093
            ],
            [
              73.73929112735392,
              18.592879455969154
            ],
            [
              73.73928973364661,
              18.592879511912635
            ],
            [
              73.73928835240096,
              18.59287969784805
            ],
            [
              73.73928699691906,
              18.59288001198471
            ],
            [
              73.739285680255,
              18.592880451297333
            ],
            [
              73.73928441508892,
              18.59288101155508
            ],
            [
              73.73928321360508,
              18.592881687362365
            ],
            [
              73.73928208737443,
              18.592882472210796
            ],
            [
              73.7392810472432,
              18.592883358541876
            ],
            [
              73.73928010322838,
              18.592884337819726
            ],
            [
              73.73927926442138,
              18.592885400613376
            ],
            [
              73.73927853890038,
              18.592886536687548
            ],
            [
              73.73927793365252,
              18.59288773510123
            ],
            [
              73.73927745450666,
              18.59288898431303
            ],
            [
              73.73927710607728,
              18.59289027229237
            ],
            [
              73.73927689171992,
              18.5928915866353
            ],
            [
              73.73927681349896,
              18.592892914683976
            ],
            [
              73.73927415377143,
              18.593254349866964
            ],
            [
              73.73927421244011,
              18.593255678831508
            ],
            [
              73.7392744074338,
              18.593256995913347
            ],
            [
              73.73927473687459,
              18.59325828842825
            ],
            [
              73.7392751975898,
              18.593259543928593
            ],
            [
              73.7392757851425,
              18.593260750323196
            ],
            [
              73.73927649387421,
              18.593261895993862
            ],
            [
              73.73927731695947,
              18.593262969907123
            ],
            [
              73.73927824647154,
              18.593263961720623
            ],
            [
              73.7392792734587,
              18.59326486188264
            ],
            [
              73.7392803880305,
              18.593265661724136
            ],
            [
              73.73928157945299,
              18.59326635354218
            ],
            [
              73.73928283625214,
              18.593266930674197
            ],
            [
              73.73928414632428,
              18.593267387562094
            ],
            [
              73.73928549705269,
              18.593267719805773
            ],
            [
              73.73928687542912,
              18.59326792420556
            ],
            [
              73.73928826817904,
              18.593267998792964
            ],
            [
              73.73978576343367,
              18.59327132686041
            ],
            [
              73.73978715714426,
              18.593271270913423
            ],
            [
              73.73978853839282,
              18.593271084974518
            ],
            [
              73.73978989387716,
              18.593270770834394
            ],
            [
              73.73979121054323,
              18.59327033151836
            ],
            [
              73.73979247571084,
              18.593269771257315
            ],
            [
              73.7397936771957,
              18.593269095446846
            ],
            [
              73.73979480342686,
              18.593268310595384
            ],
            [
              73.7397958435581,
              18.5932674242615
            ],
            [
              73.73979678757237,
              18.593266444981044
            ],
            [
              73.73979762637833,
              18.59326538218506
            ],
            [
              73.7397983518978,
              18.59326424610882
            ],
            [
              73.73979895714365,
              18.593263047693384
            ],
            [
              73.73979943628699,
              18.593261798480135
            ],
            [
              73.73979978471345,
              18.593260510499693
            ],
            [
              73.73979999906747,
              18.593259196156005
            ],
            [
              73.73980007728474,
              18.593257868106928
            ],
            [
              73.73980273590347,
              18.59289643285069
            ]
          ]
        ]
      }
    },
    {
      "type": "Feature",
      "properties": {
        "parcel_id": "ULPIN-2026-9007-00146",
        "survey_number": "SY-111/146",
        "area_sqm": 1995.0,
        "perimeter_m": 181.0,
        "confidence_score": 0.85,
        "verification_status": "Needs GT Verification",
        "building_count": 1,
        "building_coverage_ratio": 0.786,
        "landuse_class": "Vacant/Green",
        "owner_record": "Property Owner 146",
        "has_gnss_control": false,
        "tax_assessment_annual_inr": 897750,
        "tax_rate_per_sqm": 450,
        "lulc_confidence": 0.96
      },
      "geometry": {
        "type": "Polygon",
        "coordinates": [
          [
            [
              73.73831493658805,
              18.590320160622255
            ],
            [
              73.73831746482459,
              18.589976797219276
            ],
            [
              73.73781997941661,
              18.589973465843986
            ],
            [
              73.73781745018381,
              18.590316829181063
            ],
            [
              73.73831493658805,
              18.590320160622255
            ]
          ]
        ]
      }
    },
    {
      "type": "Feature",
      "properties": {
        "parcel_id": "ULPIN-2026-9007-00147",
        "survey_number": "SY-111/147",
        "area_sqm": 1995.0,
        "perimeter_m": 181.0,
        "confidence_score": 0.93,
        "verification_status": "AI Confirmed",
        "building_count": 1,
        "building_coverage_ratio": 0.786,
        "landuse_class": "Vacant/Green",
        "owner_record": "Property Owner 147",
        "has_gnss_control": true,
        "tax_assessment_annual_inr": 897750,
        "tax_rate_per_sqm": 450,
        "lulc_confidence": 0.883
      },
      "geometry": {
        "type": "Polygon",
        "coordinates": [
          [
            [
              73.73831240829635,
              18.59066352401243
            ],
            [
              73.73831493658805,
              18.590320160622255
            ],
            [
              73.73781745018381,
              18.590316829181063
            ],
            [
              73.73781492089584,
              18.590660192505325
            ],
            [
              73.73831240829635,
              18.59066352401243
            ]
          ]
        ]
      }
    },
    {
      "type": "Feature",
      "properties": {
        "parcel_id": "ULPIN-2026-9007-00148",
        "survey_number": "SY-111/148",
        "area_sqm": 1995.0,
        "perimeter_m": 181.0,
        "confidence_score": 0.93,
        "verification_status": "AI Confirmed",
        "building_count": 1,
        "building_coverage_ratio": 0.786,
        "landuse_class": "Vacant/Green",
        "owner_record": "Property Owner 148",
        "has_gnss_control": true,
        "tax_assessment_annual_inr": 897750,
        "tax_rate_per_sqm": 450,
        "lulc_confidence": 0.917
      },
      "geometry": {
        "type": "Polygon",
        "coordinates": [
          [
            [
              73.73830987994947,
              18.591006887389778
            ],
            [
              73.73831240829635,
              18.59066352401243
            ],
            [
              73.73781492089584,
              18.590660192505325
            ],
            [
              73.73781239155268,
              18.591003555816762
            ],
            [
              73.73830987994947,
              18.591006887389778
            ]
          ]
        ]
      }
    },
    {
      "type": "Feature",
      "properties": {
        "parcel_id": "ULPIN-2026-9007-00149",
        "survey_number": "SY-111/149",
        "area_sqm": 1995.0,
        "perimeter_m": 181.0,
        "confidence_score": 0.93,
        "verification_status": "AI Confirmed",
        "building_count": 1,
        "building_coverage_ratio": 0.786,
        "landuse_class": "Vacant/Green",
        "owner_record": "Property Owner 149",
        "has_gnss_control": true,
        "tax_assessment_annual_inr": 897750,
        "tax_rate_per_sqm": 450,
        "lulc_confidence": 0.945
      },
      "geometry": {
        "type": "Polygon",
        "coordinates": [
          [
            [
              73.73830735154742,
              18.591350250754292
            ],
            [
              73.73830987994947,
              18.591006887389778
            ],
            [
              73.73781239155268,
              18.591003555816762
            ],
            [
              73.7378098621543,
              18.591346919115367
            ],
            [
              73.73830735154742,
              18.591350250754292
            ]
          ]
        ]
      }
    },
    {
      "type": "Feature",
      "properties": {
        "parcel_id": "ULPIN-2026-9007-00150",
        "survey_number": "SY-111/150",
        "area_sqm": 1682.16,
        "perimeter_m": 166.6,
        "confidence_score": 0.78,
        "verification_status": "Needs GT Verification",
        "building_count": 1,
        "building_coverage_ratio": 0.932,
        "landuse_class": "Vacant/Green",
        "owner_record": "Property Owner 150",
        "has_gnss_control": true,
        "tax_assessment_annual_inr": 756972,
        "tax_rate_per_sqm": 450,
        "lulc_confidence": 0.961
      },
      "geometry": {
        "type": "Polygon",
        "coordinates": [
          [
            [
              73.73829017499706,
              18.591366401128393
            ],
            [
              73.73782679911837,
              18.591363297941808
            ],
            [
              73.73782450932816,
              18.591674132076236
            ],
            [
              73.73828788604695,
              18.59167723531841
            ],
            [
              73.73829017499706,
              18.591366401128393
            ]
          ]
        ]
      }
    },
    {
      "type": "Feature",
      "properties": {
        "parcel_id": "ULPIN-2026-9007-00151",
        "survey_number": "SY-111/151",
        "area_sqm": 1995.0,
        "perimeter_m": 181.0,
        "confidence_score": 0.93,
        "verification_status": "AI Confirmed",
        "building_count": 1,
        "building_coverage_ratio": 0.786,
        "landuse_class": "Vacant/Green",
        "owner_record": "Property Owner 151",
        "has_gnss_control": true,
        "tax_assessment_annual_inr": 897750,
        "tax_rate_per_sqm": 450,
        "lulc_confidence": 0.934
      },
      "geometry": {
        "type": "Polygon",
        "coordinates": [
          [
            [
              73.73831493658805,
              18.590320160622255
            ],
            [
              73.73881242309763,
              18.590323490750894
            ],
            [
              73.73881495033791,
              18.58998012728201
            ],
            [
              73.73831746482459,
              18.589976797219276
            ],
            [
              73.73831493658805,
              18.590320160622255
            ]
          ]
        ]
      }
    },
    {
      "type": "Feature",
      "properties": {
        "parcel_id": "ULPIN-2026-9007-00152",
        "survey_number": "SY-111/152",
        "area_sqm": 2220.0,
        "perimeter_m": 191.0,
        "confidence_score": 0.98,
        "verification_status": "AI Confirmed",
        "building_count": 2,
        "building_coverage_ratio": 0.717,
        "landuse_class": "Vacant/Green",
        "owner_record": "Property Owner 152",
        "has_gnss_control": true,
        "tax_assessment_annual_inr": 999000,
        "tax_rate_per_sqm": 450,
        "lulc_confidence": 0.889
      },
      "geometry": {
        "type": "Polygon",
        "coordinates": [
          [
            [
              73.73828664186014,
              18.590301898532015
            ],
            [
              73.73828398044206,
              18.590663333675955
            ],
            [
              73.73880989580219,
              18.590666854206955
            ],
            [
              73.73881255611164,
              18.5903054189897
            ],
            [
              73.73828664186014,
              18.590301898532015
            ]
          ]
        ]
      }
    },
    {
      "type": "Feature",
      "properties": {
        "parcel_id": "ULPIN-2026-9007-00153",
        "survey_number": "SY-111/153",
        "area_sqm": 1995.0,
        "perimeter_m": 181.0,
        "confidence_score": 0.93,
        "verification_status": "AI Confirmed",
        "building_count": 1,
        "building_coverage_ratio": 0.786,
        "landuse_class": "Vacant/Green",
        "owner_record": "Property Owner 153",
        "has_gnss_control": true,
        "tax_assessment_annual_inr": 897750,
        "tax_rate_per_sqm": 450,
        "lulc_confidence": 0.939
      },
      "geometry": {
        "type": "Polygon",
        "coordinates": [
          [
            [
              73.73831240829635,
              18.59066352401243
            ],
            [
              73.73830987994947,
              18.591006887389778
            ],
            [
              73.73880736845159,
              18.591010217650187
            ],
            [
              73.73880989580219,
              18.590666854206955
            ],
            [
              73.73831240829635,
              18.59066352401243
            ]
          ]
        ]
      }
    },
    {
      "type": "Feature",
      "properties": {
        "parcel_id": "ULPIN-2026-9007-00154",
        "survey_number": "SY-111/154",
        "area_sqm": 1995.0,
        "perimeter_m": 181.0,
        "confidence_score": 0.93,
        "verification_status": "AI Confirmed",
        "building_count": 1,
        "building_coverage_ratio": 0.786,
        "landuse_class": "Vacant/Green",
        "owner_record": "Property Owner 154",
        "has_gnss_control": true,
        "tax_assessment_annual_inr": 897750,
        "tax_rate_per_sqm": 450,
        "lulc_confidence": 0.937
      },
      "geometry": {
        "type": "Polygon",
        "coordinates": [
          [
            [
              73.73830987994947,
              18.591006887389778
            ],
            [
              73.73830735154742,
              18.591350250754292
            ],
            [
              73.73880484104583,
              18.591353581080583
            ],
            [
              73.73880736845159,
              18.591010217650187
            ],
            [
              73.73830987994947,
              18.591006887389778
            ]
          ]
        ]
      }
    },
    {
      "type": "Feature",
      "properties": {
        "parcel_id": "ULPIN-2026-9007-00155",
        "survey_number": "SY-111/155",
        "area_sqm": 2273.56,
        "perimeter_m": 190.42,
        "confidence_score": 0.98,
        "verification_status": "AI Confirmed",
        "building_count": 1,
        "building_coverage_ratio": 0.689,
        "landuse_class": "Vacant/Green",
        "owner_record": "Property Owner 155",
        "has_gnss_control": true,
        "tax_assessment_annual_inr": 1023102,
        "tax_rate_per_sqm": 450,
        "lulc_confidence": 0.95
      },
      "geometry": {
        "type": "Polygon",
        "coordinates": [
          [
            [
              73.73881905503305,
              18.59135367621347
            ],
            [
              73.7388189963676,
              18.591352347248755
            ],
            [
              73.73881880137866,
              18.591351030166535
            ],
            [
              73.73881847194407,
              18.591349737650994
            ],
            [
              73.7388180112365,
              18.591348482149797
            ],
            [
              73.73881742369282,
              18.5913472757541
            ],
            [
              73.73881671497138,
              18.59134613008214
            ],
            [
              73.73881589189754,
              18.591345056167373
            ],
            [
              73.73881496239798,
              18.591344064352178
            ],
            [
              73.73881393542429,
              18.591343164188274
            ],
            [
              73.7388128208668,
              18.59134236434473
            ],
            [
              73.73881162945925,
              18.591341672524496
            ],
            [
              73.7388103726756,
              18.591341095390153
            ],
            [
              73.73880906261934,
              18.591340638499823
            ],
            [
              73.73880771190704,
              18.591340306253603
            ],
            [
              73.73880633354676,
              18.591340101851234
            ],
            [
              73.7388049408129,
              18.5913400272612
            ],
            [
              73.73830745135379,
              18.59133669693751
            ],
            [
              73.73830605765922,
              18.59133675287446
            ],
            [
              73.7383046764255,
              18.591336938803355
            ],
            [
              73.73830332095467,
              18.591337252933627
            ],
            [
              73.73830200430064,
              18.59133769223999
            ],
            [
              73.73830073914351,
              18.591338252491703
            ],
            [
              73.73829953766743,
              18.591338928293236
            ],
            [
              73.73829841144327,
              18.59133971313626
            ],
            [
              73.73829737131717,
              18.591340599462292
            ],
            [
              73.73829642730614,
              18.591341578735545
            ],
            [
              73.73829558850151,
              18.59134264152507
            ],
            [
              73.73829486298143,
              18.59134377759564
            ],
            [
              73.73829425773305,
              18.59134497600626
            ],
            [
              73.73829377858524,
              18.59134622521559
            ],
            [
              73.7382934301525,
              18.591347513193064
            ],
            [
              73.73829321579034,
              18.59134882753475
            ],
            [
              73.73829313756328,
              18.591350155582823
            ],
            [
              73.73829060907755,
              18.59169351893263
            ],
            [
              73.73829066773885,
              18.59169484789721
            ],
            [
              73.73829086272391,
              18.591696164979727
            ],
            [
              73.73829119215495,
              18.591697457495936
            ],
            [
              73.73829165285933,
              18.591698712998202
            ],
            [
              73.73829224040026,
              18.591699919395356
            ],
            [
              73.73829294911938,
              18.591701065069124
            ],
            [
              73.73829377219135,
              18.591702138986037
            ],
            [
              73.73829470168953,
              18.591703130803708
            ],
            [
              73.73829572866234,
              18.59170403097038
            ],
            [
              73.73829684321949,
              18.591704830816933
            ],
            [
              73.73829803462715,
              18.591705522640428
            ],
            [
              73.73829929141145,
              18.59170609977823
            ],
            [
              73.73830060146886,
              18.591706556672175
            ],
            [
              73.73830195218278,
              18.591706888922115
            ],
            [
              73.73830333054512,
              18.59170709332831
            ],
            [
              73.7383047232815,
              18.59170716792222
            ],
            [
              73.7388022138156,
              18.591710498317003
            ],
            [
              73.73880360751329,
              18.59171044237656
            ],
            [
              73.73880498874975,
              18.591710256444138
            ],
            [
              73.73880634422291,
              18.591709942310413
            ],
            [
              73.73880766087879,
              18.591709503000622
            ],
            [
              73.73880892603731,
              18.591708942745598
            ],
            [
              73.73881012751428,
              18.591708266940874
            ],
            [
              73.73881125373883,
              18.591707482094833
            ],
            [
              73.7388122938648,
              18.591706595765963
            ],
            [
              73.73881323787519,
              18.59170561649011
            ],
            [
              73.7388140766787,
              18.591704553698236
            ],
            [
              73.73881480219714,
              18.591703417625595
            ],
            [
              73.73881540744344,
              18.59170221921321
            ],
            [
              73.73881588658868,
              18.591700970002424
            ],
            [
              73.73881623501848,
              18.59169968202384
            ],
            [
              73.73881644937724,
              18.591698367681396
            ],
            [
              73.7388165276006,
              18.591697039632923
            ],
            [
              73.73881905503305,
              18.59135367621347
            ]
          ]
        ]
      }
    },
    {
      "type": "Feature",
      "properties": {
        "parcel_id": "ULPIN-2026-9007-00156",
        "survey_number": "SY-111/156",
        "area_sqm": 1995.0,
        "perimeter_m": 181.0,
        "confidence_score": 0.93,
        "verification_status": "AI Confirmed",
        "building_count": 0,
        "building_coverage_ratio": 0.0,
        "landuse_class": "Vacant/Green",
        "owner_record": "Property Owner 156",
        "has_gnss_control": true,
        "tax_assessment_annual_inr": 897750,
        "tax_rate_per_sqm": 450,
        "lulc_confidence": 0.934
      },
      "geometry": {
        "type": "Polygon",
        "coordinates": [
          [
            [
              73.73881242309763,
              18.590323490750894
            ],
            [
              73.73930990971247,
              18.590326819566975
            ],
            [
              73.73931243595652,
              18.58998345603224
            ],
            [
              73.73881495033791,
              18.58998012728201
            ],
            [
              73.73881242309763,
              18.590323490750894
            ]
          ]
        ]
      }
    },
    {
      "type": "Feature",
      "properties": {
        "parcel_id": "ULPIN-2026-9007-00157",
        "survey_number": "SY-111/157",
        "area_sqm": 1995.0,
        "perimeter_m": 181.0,
        "confidence_score": 0.93,
        "verification_status": "AI Confirmed",
        "building_count": 1,
        "building_coverage_ratio": 0.786,
        "landuse_class": "Vacant/Green",
        "owner_record": "Property Owner 157",
        "has_gnss_control": true,
        "tax_assessment_annual_inr": 897750,
        "tax_rate_per_sqm": 450,
        "lulc_confidence": 0.897
      },
      "geometry": {
        "type": "Polygon",
        "coordinates": [
          [
            [
              73.73881242309763,
              18.590323490750894
            ],
            [
              73.73880989580219,
              18.590666854206955
            ],
            [
              73.7393073834133,
              18.59067018308889
            ],
            [
              73.73930990971247,
              18.590326819566975
            ],
            [
              73.73881242309763,
              18.590323490750894
            ]
          ]
        ]
      }
    },
    {
      "type": "Feature",
      "properties": {
        "parcel_id": "ULPIN-2026-9007-00158",
        "survey_number": "SY-111/158",
        "area_sqm": 1995.0,
        "perimeter_m": 181.0,
        "confidence_score": 0.93,
        "verification_status": "AI Confirmed",
        "building_count": 1,
        "building_coverage_ratio": 0.786,
        "landuse_class": "Vacant/Green",
        "owner_record": "Property Owner 158",
        "has_gnss_control": true,
        "tax_assessment_annual_inr": 897750,
        "tax_rate_per_sqm": 450,
        "lulc_confidence": 0.953
      },
      "geometry": {
        "type": "Polygon",
        "coordinates": [
          [
            [
              73.73880989580219,
              18.590666854206955
            ],
            [
              73.73880736845159,
              18.591010217650187
            ],
            [
              73.739304857059,
              18.591013546597974
            ],
            [
              73.7393073834133,
              18.59067018308889
            ],
            [
              73.73880989580219,
              18.590666854206955
            ]
          ]
        ]
      }
    },
    {
      "type": "Feature",
      "properties": {
        "parcel_id": "ULPIN-2026-9007-00159",
        "survey_number": "SY-111/159",
        "area_sqm": 1995.0,
        "perimeter_m": 181.0,
        "confidence_score": 0.93,
        "verification_status": "AI Confirmed",
        "building_count": 1,
        "building_coverage_ratio": 0.786,
        "landuse_class": "Vacant/Green",
        "owner_record": "Property Owner 159",
        "has_gnss_control": true,
        "tax_assessment_annual_inr": 897750,
        "tax_rate_per_sqm": 450,
        "lulc_confidence": 0.908
      },
      "geometry": {
        "type": "Polygon",
        "coordinates": [
          [
            [
              73.73880736845159,
              18.591010217650187
            ],
            [
              73.73880484104583,
              18.591353581080583
            ],
            [
              73.73930233064955,
              18.59135691009423
            ],
            [
              73.739304857059,
              18.591013546597974
            ],
            [
              73.73880736845159,
              18.591010217650187
            ]
          ]
        ]
      }
    },
    {
      "type": "Feature",
      "properties": {
        "parcel_id": "ULPIN-2026-9007-00160",
        "survey_number": "SY-111/160",
        "area_sqm": 1682.16,
        "perimeter_m": 166.6,
        "confidence_score": 0.7,
        "verification_status": "Needs GT Verification",
        "building_count": 1,
        "building_coverage_ratio": 0.932,
        "landuse_class": "Vacant/Green",
        "owner_record": "Property Owner 160",
        "has_gnss_control": false,
        "tax_assessment_annual_inr": 756972,
        "tax_rate_per_sqm": 450,
        "lulc_confidence": 0.934
      },
      "geometry": {
        "type": "Polygon",
        "coordinates": [
          [
            [
              73.73928515418639,
              18.591373060564592
            ],
            [
              73.73882177811153,
              18.591369959823254
            ],
            [
              73.73881949012521,
              18.591680794076996
            ],
            [
              73.73928286704016,
              18.591683894873857
            ],
            [
              73.73928515418639,
              18.591373060564592
            ]
          ]
        ]
      }
    },
    {
      "type": "Feature",
      "properties": {
        "parcel_id": "ULPIN-2026-9007-00161",
        "survey_number": "SY-111/161",
        "area_sqm": 1995.0,
        "perimeter_m": 181.0,
        "confidence_score": 0.93,
        "verification_status": "Needs GT Verification",
        "building_count": 1,
        "building_coverage_ratio": 0.786,
        "landuse_class": "Vacant/Green",
        "owner_record": "Property Owner 161",
        "has_gnss_control": true,
        "tax_assessment_annual_inr": 897750,
        "tax_rate_per_sqm": 450,
        "lulc_confidence": 0.917
      },
      "geometry": {
        "type": "Polygon",
        "coordinates": [
          [
            [
              73.73980992168033,
              18.589986783469925
            ],
            [
              73.73931243595652,
              18.58998345603224
            ],
            [
              73.73930990971247,
              18.590326819566975
            ],
            [
              73.73980739643255,
              18.590330147070503
            ],
            [
              73.73980992168033,
              18.589986783469925
            ]
          ]
        ]
      }
    },
    {
      "type": "Feature",
      "properties": {
        "parcel_id": "ULPIN-2026-9007-00162",
        "survey_number": "SY-111/162",
        "area_sqm": 1995.0,
        "perimeter_m": 181.0,
        "confidence_score": 0.93,
        "verification_status": "Needs GT Verification",
        "building_count": 1,
        "building_coverage_ratio": 0.786,
        "landuse_class": "Vacant/Green",
        "owner_record": "Property Owner 162",
        "has_gnss_control": true,
        "tax_assessment_annual_inr": 897750,
        "tax_rate_per_sqm": 450,
        "lulc_confidence": 0.943
      },
      "geometry": {
        "type": "Polygon",
        "coordinates": [
          [
            [
              73.73980739643255,
              18.590330147070503
            ],
            [
              73.73930990971247,
              18.590326819566975
            ],
            [
              73.7393073834133,
              18.59067018308889
            ],
            [
              73.73980487112966,
              18.59067351065824
            ],
            [
              73.73980739643255,
              18.590330147070503
            ]
          ]
        ]
      }
    },
    {
      "type": "Feature",
      "properties": {
        "parcel_id": "ULPIN-2026-9007-00163",
        "survey_number": "SY-111/163",
        "area_sqm": 1995.0,
        "perimeter_m": 181.0,
        "confidence_score": 0.85,
        "verification_status": "Needs GT Verification",
        "building_count": 1,
        "building_coverage_ratio": 0.786,
        "landuse_class": "Vacant/Green",
        "owner_record": "Property Owner 163",
        "has_gnss_control": false,
        "tax_assessment_annual_inr": 897750,
        "tax_rate_per_sqm": 450,
        "lulc_confidence": 0.884
      },
      "geometry": {
        "type": "Polygon",
        "coordinates": [
          [
            [
              73.73980487112966,
              18.59067351065824
            ],
            [
              73.7393073834133,
              18.59067018308889
            ],
            [
              73.739304857059,
              18.591013546597974
            ],
            [
              73.73980234577165,
              18.591016874233166
            ],
            [
              73.73980487112966,
              18.59067351065824
            ]
          ]
        ]
      }
    },
    {
      "type": "Feature",
      "properties": {
        "parcel_id": "ULPIN-2026-9007-00164",
        "survey_number": "SY-111/164",
        "area_sqm": 1995.0,
        "perimeter_m": 181.0,
        "confidence_score": 0.93,
        "verification_status": "Needs GT Verification",
        "building_count": 1,
        "building_coverage_ratio": 0.786,
        "landuse_class": "Vacant/Green",
        "owner_record": "Property Owner 164",
        "has_gnss_control": true,
        "tax_assessment_annual_inr": 897750,
        "tax_rate_per_sqm": 450,
        "lulc_confidence": 0.899
      },
      "geometry": {
        "type": "Polygon",
        "coordinates": [
          [
            [
              73.73980234577165,
              18.591016874233166
            ],
            [
              73.739304857059,
              18.591013546597974
            ],
            [
              73.73930233064955,
              18.59135691009423
            ],
            [
              73.73979982035853,
              18.591360237795257
            ],
            [
              73.73980234577165,
              18.591016874233166
            ]
          ]
        ]
      }
    },
    {
      "type": "Feature",
      "properties": {
        "parcel_id": "ULPIN-2026-9007-00165",
        "survey_number": "SY-111/165",
        "area_sqm": 2273.56,
        "perimeter_m": 190.42,
        "confidence_score": 0.98,
        "verification_status": "Needs GT Verification",
        "building_count": 1,
        "building_coverage_ratio": 0.689,
        "landuse_class": "Vacant/Green",
        "owner_record": "Property Owner 165",
        "has_gnss_control": true,
        "tax_assessment_annual_inr": 1023102,
        "tax_rate_per_sqm": 450,
        "lulc_confidence": 0.936
      },
      "geometry": {
        "type": "Polygon",
        "coordinates": [
          [
            [
              73.73981403435175,
              18.591360332853135
            ],
            [
              73.73981397567854,
              18.59135900388828
            ],
            [
              73.73981378068189,
              18.59135768680662
            ],
            [
              73.73981345123968,
              18.591356394292387
            ],
            [
              73.73981299052465,
              18.591355138793194
            ],
            [
              73.73981240297374,
              18.591353932400175
            ],
            [
              73.73981169424535,
              18.591352786731566
            ],
            [
              73.73981087116498,
              18.59135171282077
            ],
            [
              73.7398099416593,
              18.591350721010137
            ],
            [
              73.73980891468,
              18.591349820851352
            ],
            [
              73.7398078001174,
              18.591349021013418
            ],
            [
              73.7398066087054,
              18.591348329199224
            ],
            [
              73.73980535191792,
              18.591347752071325
            ],
            [
              73.7398040418585,
              18.591347295187752
            ],
            [
              73.73980269114372,
              18.59134696294856
            ],
            [
              73.73980131278175,
              18.591346758553396
            ],
            [
              73.73979992004693,
              18.591346683970677
            ],
            [
              73.73930243037728,
              18.591343356272258
            ],
            [
              73.7393010366825,
              18.591343412216588
            ],
            [
              73.73929965544934,
              18.591343598152843
            ],
            [
              73.73929829997981,
              18.591343912290363
            ],
            [
              73.73929698332782,
              18.59134435160384
            ],
            [
              73.73929571817347,
              18.591344911862425
            ],
            [
              73.73929451670084,
              18.59134558767054
            ],
            [
              73.73929339048081,
              18.59134637251977
            ],
            [
              73.73929235035946,
              18.591347258851606
            ],
            [
              73.73929140635374,
              18.591348238130173
            ],
            [
              73.73929056755497,
              18.59134930092449
            ],
            [
              73.73928984204122,
              18.591350436999285
            ],
            [
              73.73928923679955,
              18.591351635413517
            ],
            [
              73.73928875765881,
              18.591352884625806
            ],
            [
              73.73928840923338,
              18.591354172605556
            ],
            [
              73.73928819487881,
              18.59135548694884
            ],
            [
              73.73928811665941,
              18.591356814997773
            ],
            [
              73.73928559016638,
              18.59170017847933
            ],
            [
              73.7392856488354,
              18.59170150744406
            ],
            [
              73.7392858438282,
              18.591702824526
            ],
            [
              73.73928617326686,
              18.591704117040912
            ],
            [
              73.73928663397871,
              18.591705372541185
            ],
            [
              73.73928722152687,
              18.59170657893565
            ],
            [
              73.7392879302529,
              18.591707724606064
            ],
            [
              73.73928875333142,
              18.591708798519022
            ],
            [
              73.73928968283572,
              18.591709790332118
            ],
            [
              73.73929070981416,
              18.591710690493677
            ],
            [
              73.73929182437637,
              18.591711490334628
            ],
            [
              73.7392930157885,
              18.591712182152072
            ],
            [
              73.73929427257666,
              18.591712759283435
            ],
            [
              73.7392955826372,
              18.591713216170618
            ],
            [
              73.73929693335357,
              18.591713548413537
            ],
            [
              73.73929831171765,
              18.59171375281253
            ],
            [
              73.73929970445498,
              18.59171382739912
            ],
            [
              73.73979719519961,
              18.591717155168574
            ],
            [
              73.73979858889751,
              18.591717099220745
            ],
            [
              73.73979997013342,
              18.591716913280976
            ],
            [
              73.73980132560526,
              18.59171659913998
            ],
            [
              73.73980264225911,
              18.5917161598231
            ],
            [
              73.73980390741488,
              18.59171559956119
            ],
            [
              73.73980510888839,
              18.591714923749894
            ],
            [
              73.7398062351088,
              18.591714138897636
            ],
            [
              73.73980727523004,
              18.591713252562972
            ],
            [
              73.7398082192351,
              18.591712273281797
            ],
            [
              73.73980905803275,
              18.591711210485126
            ],
            [
              73.73980978354489,
              18.59171007440826
            ],
            [
              73.73981038878445,
              18.591708875992268
            ],
            [
              73.73981086792261,
              18.591707626778533
            ],
            [
              73.73981121634506,
              18.59170633879766
            ],
            [
              73.73981143069629,
              18.591705024453628
            ],
            [
              73.73981150891197,
              18.591703696404284
            ],
            [
              73.73981403435175,
              18.591360332853135
            ]
          ]
        ]
      }
    }
  ]
}