{
  "type": "FeatureCollection",
  "features": [
    {
      "type": "Feature",
      "properties": {
        "building_id": "BLD-WARD7-00001",
        "parcel_id": "ULPIN-IND-DL-00001",
        "height_m": 6.92,
        "floors": 2,
        "structure_type": "Masonry",
        "confidence": 0.957
      },
      "geometry": {
        "type": "Polygon",
        "coordinates": [
          [
            [
              73.74035091294972,
              18.588906040711297
            ],
            [
              73.74035300517643,
              18.588621410256444
            ],
            [
              73.7399384369484,
              18.588618638873378
            ],
            [
              73.73993634403357,
              18.58890326928277
            ],
            [
              73.74035091294972,
              18.588906040711297
            ]
          ]
        ]
      }
    },
    {
      "type": "Feature",
      "properties": {
        "building_id": "BLD-WARD7-00002",
        "parcel_id": "ULPIN-IND-DL-00002",
        "height_m": 6.62,
        "floors": 2,
        "structure_type": "Masonry",
        "confidence": 0.936
      },
      "geometry": {
        "type": "Polygon",
        "coordinates": [
          [
            [
              73.74034848857619,
              18.589235850592402
            ],
            [
              73.74035058084677,
              18.588951220147763
            ],
            [
              73.73993601182138,
              18.58894844871202
            ],
            [
              73.73993391886265,
              18.589233079111207
            ],
            [
              73.74034848857619,
              18.589235850592402
            ]
          ]
        ]
      }
    },
    {
      "type": "Feature",
      "properties": {
        "building_id": "BLD-WARD7-00003",
        "parcel_id": "ULPIN-IND-DL-00003",
        "height_m": 6.82,
        "floors": 2,
        "structure_type": "Masonry",
        "confidence": 0.935
      },
      "geometry": {
        "type": "Polygon",
        "coordinates": [
          [
            [
              73.74034606415182,
              18.589565660461673
            ],
            [
              73.74034815646627,
              18.589281030027248
            ],
            [
              73.73993358664349,
              18.58927825853884
            ],
            [
              73.7399314936409,
              18.589562888927812
            ],
            [
              73.74034606415182,
              18.589565660461673
            ]
          ]
        ]
      }
    },
    {
      "type": "Feature",
      "properties": {
        "building_id": "BLD-WARD7-00004",
        "parcel_id": "ULPIN-IND-DL-00004",
        "height_m": 6.97,
        "floors": 2,
        "structure_type": "Masonry",
        "confidence": 0.936
      },
      "geometry": {
        "type": "Polygon",
        "coordinates": [
          [
            [
              73.74034573203495,
              18.5896108398949
            ],
            [
              73.73993116141476,
              18.58960806835382
            ],
            [
              73.73992906836828,
              18.58989269873258
            ],
            [
              73.74034363967664,
              18.58989547031911
            ],
            [
              73.74034573203495,
              18.5896108398949
            ]
          ]
        ]
      }
    },
    {
      "type": "Feature",
      "properties": {
        "building_id": "BLD-WARD7-00005",
        "parcel_id": "ULPIN-IND-DL-00005",
        "height_m": 10.15,
        "floors": 3,
        "structure_type": "RCC Framed",
        "confidence": 0.919
      },
      "geometry": {
        "type": "Polygon",
        "coordinates": [
          [
            [
              73.74039829225907,
              18.588906357387952
            ],
            [
              73.7408128612566,
              18.58890912780089
            ],
            [
              73.74081495271653,
              18.588624497295402
            ],
            [
              73.74040038440714,
              18.58862172692791
            ],
            [
              73.74039829225907,
              18.588906357387952
            ]
          ]
        ]
      }
    },
    {
      "type": "Feature",
      "properties": {
        "building_id": "BLD-WARD7-00006",
        "parcel_id": "ULPIN-IND-DL-00006",
        "height_m": 7.06,
        "floors": 2,
        "structure_type": "Masonry",
        "confidence": 0.945
      },
      "geometry": {
        "type": "Polygon",
        "coordinates": [
          [
            [
              73.74039796016861,
              18.58895153682524
            ],
            [
              73.74039586797667,
              18.589236167275075
            ],
            [
              73.74081043777157,
              18.58923893774066
            ],
            [
              73.74081252927535,
              18.58895430724539
            ],
            [
              73.74039796016861,
              18.58895153682524
            ]
          ]
        ]
      }
    },
    {
      "type": "Feature",
      "properties": {
        "building_id": "BLD-WARD7-00007",
        "parcel_id": "ULPIN-IND-DL-00007",
        "height_m": 6.65,
        "floors": 2,
        "structure_type": "Masonry",
        "confidence": 0.952
      },
      "geometry": {
        "type": "Polygon",
        "coordinates": [
          [
            [
              73.74039553587923,
              18.589281346710745
            ],
            [
              73.74039344364344,
              18.589565977150368
            ],
            [
              73.74080801423575,
              18.589568747668604
            ],
            [
              73.74081010578337,
              18.589284117183542
            ],
            [
              73.74039553587923,
              18.589281346710745
            ]
          ]
        ]
      }
    },
    {
      "type": "Feature",
      "properties": {
        "building_id": "BLD-WARD7-00008",
        "parcel_id": "ULPIN-IND-DL-00008",
        "height_m": 10.23,
        "floors": 3,
        "structure_type": "RCC Framed",
        "confidence": 0.962
      },
      "geometry": {
        "type": "Polygon",
        "coordinates": [
          [
            [
              73.74080768224059,
              18.589613927109866
            ],
            [
              73.74039311153905,
              18.58961115658441
            ],
            [
              73.74039101925939,
              18.589895787013823
            ],
            [
              73.74080559064912,
              18.58989855758471
            ],
            [
              73.74080768224059,
              18.589613927109866
            ]
          ]
        ]
      }
    },
    {
      "type": "Feature",
      "properties": {
        "building_id": "BLD-WARD7-00009",
        "parcel_id": "ULPIN-IND-DL-00009",
        "height_m": 7.08,
        "floors": 2,
        "structure_type": "Masonry",
        "confidence": 0.914
      },
      "geometry": {
        "type": "Polygon",
        "coordinates": [
          [
            [
              73.74086024057526,
              18.588909444361473
            ],
            [
              73.7412748096541,
              18.588912213758817
            ],
            [
              73.74127690034726,
              18.588627583202726
            ],
            [
              73.74086233195654,
              18.5886248138508
            ],
            [
              73.74086024057526,
              18.588909444361473
            ]
          ]
        ]
      }
    },
    {
      "type": "Feature",
      "properties": {
        "building_id": "BLD-WARD7-00010",
        "parcel_id": "ULPIN-IND-DL-00010",
        "height_m": 10.04,
        "floors": 3,
        "structure_type": "RCC Framed",
        "confidence": 0.948
      },
      "geometry": {
        "type": "Polygon",
        "coordinates": [
          [
            [
              73.7408599086065,
              18.588954623806803
            ],
            [
              73.74085781718136,
              18.589239254307262
            ],
            [
              73.7412723870576,
              18.58924202375724
            ],
            [
              73.74127447779458,
              18.588957393211356
            ],
            [
              73.7408599086065,
              18.588954623806803
            ]
          ]
        ]
      }
    },
    {
      "type": "Feature",
      "properties": {
        "building_id": "BLD-WARD7-00011",
        "parcel_id": "ULPIN-IND-DL-00011",
        "height_m": 7.11,
        "floors": 2,
        "structure_type": "Masonry",
        "confidence": 0.911
      },
      "geometry": {
        "type": "Polygon",
        "coordinates": [
          [
            [
              73.74085748520564,
              18.58928443375097
            ],
            [
              73.74085539373667,
              18.589569064241225
            ],
            [
              73.74126996441031,
              18.589571833743832
            ],
            [
              73.7412720551911,
              18.589287203208162
            ],
            [
              73.74085748520564,
              18.58928443375097
            ]
          ]
        ]
      }
    },
    {
      "type": "Feature",
      "properties": {
        "building_id": "BLD-WARD7-00012",
        "parcel_id": "ULPIN-IND-DL-00012",
        "height_m": 10.21,
        "floors": 3,
        "structure_type": "RCC Framed",
        "confidence": 0.917
      },
      "geometry": {
        "type": "Polygon",
        "coordinates": [
          [
            [
              73.74126963253686,
              18.589617013193124
            ],
            [
              73.74085506175398,
              18.58961424368331
            ],
            [
              73.74085297024116,
              18.589898874163346
            ],
            [
              73.74126754171222,
              18.589901643718587
            ],
            [
              73.74126963253686,
              18.589617013193124
            ]
          ]
        ]
      }
    },
    {
      "type": "Feature",
      "properties": {
        "building_id": "BLD-WARD7-00013",
        "parcel_id": "ULPIN-IND-DL-00014",
        "height_m": 3.45,
        "floors": 1,
        "structure_type": "Masonry",
        "confidence": 0.958
      },
      "geometry": {
        "type": "Polygon",
        "coordinates": [
          [
            [
              73.7417364264044,
              18.58896047804566
            ],
            [
              73.741321857135,
              18.5889577096567
            ],
            [
              73.74131976647668,
              18.58924234020778
            ],
            [
              73.74173433643422,
              18.58924510864214
            ],
            [
              73.7417364264044,
              18.58896047804566
            ]
          ]
        ]
      }
    },
    {
      "type": "Feature",
      "properties": {
        "building_id": "BLD-WARD7-00014",
        "parcel_id": "ULPIN-IND-DL-00015",
        "height_m": 6.79,
        "floors": 2,
        "structure_type": "Masonry",
        "confidence": 0.946
      },
      "geometry": {
        "type": "Polygon",
        "coordinates": [
          [
            [
              73.74173400468943,
              18.589290288101093
            ],
            [
              73.74131943462267,
              18.589287519659518
            ],
            [
              73.74131734392051,
              18.589572150200375
            ],
            [
              73.74173191467546,
              18.58957491868736
            ],
            [
              73.74173400468943,
              18.589290288101093
            ]
          ]
        ]
      }
    },
    {
      "type": "Feature",
      "properties": {
        "building_id": "BLD-WARD7-00015",
        "parcel_id": "ULPIN-IND-DL-00016",
        "height_m": 6.94,
        "floors": 2,
        "structure_type": "Masonry",
        "confidence": 0.914
      },
      "geometry": {
        "type": "Polygon",
        "coordinates": [
          [
            [
              73.74173158292372,
              18.58962009814469
            ],
            [
              73.74131701205954,
              18.589617329650498
            ],
            [
              73.74131492131356,
              18.589901960181148
            ],
            [
              73.74172949286593,
              18.589904728720743
            ],
            [
              73.74173158292372,
              18.58962009814469
            ]
          ]
        ]
      }
    },
    {
      "type": "Feature",
      "properties": {
        "building_id": "BLD-WARD7-00016",
        "parcel_id": "ULPIN-IND-DL-00017",
        "height_m": 19.86,
        "floors": 6,
        "structure_type": "RCC Framed",
        "confidence": 0.953
      },
      "geometry": {
        "type": "Polygon",
        "coordinates": [
          [
            [
              73.74034058410129,
              18.590311121081495
            ],
            [
              73.74034277615266,
              18.59001293684082
            ],
            [
              73.73992820456029,
              18.590010165235526
            ],
            [
              73.73992601178794,
              18.590308349428582
            ],
            [
              73.74034058410129,
              18.590311121081495
            ]
          ]
        ]
      }
    },
    {
      "type": "Feature",
      "properties": {
        "building_id": "BLD-WARD7-00017",
        "parcel_id": "ULPIN-IND-DL-00018",
        "height_m": 10.37,
        "floors": 3,
        "structure_type": "RCC Framed",
        "confidence": 0.95
      },
      "geometry": {
        "type": "Polygon",
        "coordinates": [
          [
            [
              73.74033805986944,
              18.590654484740586
            ],
            [
              73.74034025196866,
              18.590356300511054
            ],
            [
              73.73992567954608,
              18.590353528850926
            ],
            [
              73.73992348672587,
              18.590651713032837
            ],
            [
              73.74033805986944,
              18.590654484740586
            ]
          ]
        ]
      }
    },
    {
      "type": "Feature",
      "properties": {
        "building_id": "BLD-WARD7-00018",
        "parcel_id": "ULPIN-IND-DL-00019",
        "height_m": 6.93,
        "floors": 2,
        "structure_type": "Masonry",
        "confidence": 0.97
      },
      "geometry": {
        "type": "Polygon",
        "coordinates": [
          [
            [
              73.74033553558252,
              18.590997848386863
            ],
            [
              73.74033772772958,
              18.59069966416846
            ],
            [
              73.73992315447676,
              18.5906968924535
            ],
            [
              73.73992096160869,
              18.590995076624278
            ],
            [
              73.74033553558252,
              18.590997848386863
            ]
          ]
        ]
      }
    },
    {
      "type": "Feature",
      "properties": {
        "building_id": "BLD-WARD7-00019",
        "parcel_id": "ULPIN-IND-DL-00020",
        "height_m": 10.3,
        "floors": 3,
        "structure_type": "RCC Framed",
        "confidence": 0.926
      },
      "geometry": {
        "type": "Polygon",
        "coordinates": [
          [
            [
              73.7403330112405,
              18.5913412120203
            ],
            [
              73.7403352034354,
              18.591043027813047
            ],
            [
              73.73992062935234,
              18.591040256043247
            ],
            [
              73.73991843643641,
              18.59133844020288
            ],
            [
              73.7403330112405,
              18.5913412120203
            ]
          ]
        ]
      }
    },
    {
      "type": "Feature",
      "properties": {
        "building_id": "BLD-WARD7-00020",
        "parcel_id": "ULPIN-IND-DL-00021",
        "height_m": 6.88,
        "floors": 2,
        "structure_type": "Masonry",
        "confidence": 0.979
      },
      "geometry": {
        "type": "Polygon",
        "coordinates": [
          [
            [
              73.74033267908612,
              18.5913863914448
            ],
            [
              73.73991810417282,
              18.591383619620164
            ],
            [
              73.73991591120904,
              18.591681803768658
            ],
            [
              73.74033048684338,
              18.59168457564092
            ],
            [
              73.74033267908612,
              18.5913863914448
            ]
          ]
        ]
      }
    },
    {
      "type": "Feature",
      "properties": {
        "building_id": "BLD-WARD7-00021",
        "parcel_id": "ULPIN-IND-DL-00022",
        "height_m": 19.91,
        "floors": 6,
        "structure_type": "RCC Framed",
        "confidence": 0.925
      },
      "geometry": {
        "type": "Polygon",
        "coordinates": [
          [
            [
              73.7403879637989,
              18.59031143778379
            ],
            [
              73.74080253619358,
              18.590314208421034
            ],
            [
              73.7408047274416,
              18.590016024127316
            ],
            [
              73.74039015576787,
              18.590013253537673
            ],
            [
              73.7403879637989,
              18.59031143778379
            ]
          ]
        ]
      }
    },
    {
      "type": "Feature",
      "properties": {
        "building_id": "BLD-WARD7-00022",
        "parcel_id": "ULPIN-IND-DL-00023",
        "height_m": 3.7,
        "floors": 1,
        "structure_type": "Masonry",
        "confidence": 0.978
      },
      "geometry": {
        "type": "Polygon",
        "coordinates": [
          [
            [
              73.74038763167876,
              18.590356617214173
            ],
            [
              73.74038543966194,
              18.590654801449155
            ],
            [
              73.74080001288687,
              18.590657572141208
            ],
            [
              73.7408022041827,
              18.590359387858634
            ],
            [
              73.74038763167876,
              18.590356617214173
            ]
          ]
        ]
      }
    },
    {
      "type": "Feature",
      "properties": {
        "building_id": "BLD-WARD7-00023",
        "parcel_id": "ULPIN-IND-DL-00024",
        "height_m": 10.05,
        "floors": 3,
        "structure_type": "RCC Framed",
        "confidence": 0.916
      },
      "geometry": {
        "type": "Polygon",
        "coordinates": [
          [
            [
              73.74038510753454,
              18.590699980877847
            ],
            [
              73.74038291546988,
              18.590998165101695
            ],
            [
              73.74079748952506,
              18.591000935848562
            ],
            [
              73.74079968086872,
              18.590702751577126
            ],
            [
              73.74038510753454,
              18.590699980877847
            ]
          ]
        ]
      }
    },
    {
      "type": "Feature",
      "properties": {
        "building_id": "BLD-WARD7-00024",
        "parcel_id": "ULPIN-IND-DL-00025",
        "height_m": 6.72,
        "floors": 2,
        "structure_type": "Masonry",
        "confidence": 0.955
      },
      "geometry": {
        "type": "Polygon",
        "coordinates": [
          [
            [
              73.74038258333526,
              18.591043344528696
            ],
            [
              73.74038039122274,
              18.591341528741395
            ],
            [
              73.7407949661082,
              18.59134429954309
            ],
            [
              73.74079715749968,
              18.591046115282783
            ],
            [
              73.74038258333526,
              18.591043344528696
            ]
          ]
        ]
      }
    },
    {
      "type": "Feature",
      "properties": {
        "building_id": "BLD-WARD7-00025",
        "parcel_id": "ULPIN-IND-DL-00026",
        "height_m": 19.4,
        "floors": 6,
        "structure_type": "RCC Framed",
        "confidence": 0.95
      },
      "geometry": {
        "type": "Polygon",
        "coordinates": [
          [
            [
              73.74079463407556,
              18.59138947897562
            ],
            [
              73.74038005908088,
              18.591386708166713
            ],
            [
              73.74037786692053,
              18.591684892368278
            ],
            [
              73.74079244263626,
              18.591687663224786
            ],
            [
              73.74079463407556,
              18.59138947897562
            ]
          ]
        ]
      }
    },
    {
      "type": "Feature",
      "properties": {
        "building_id": "BLD-WARD7-00026",
        "parcel_id": "ULPIN-IND-DL-00027",
        "height_m": 7.09,
        "floors": 2,
        "structure_type": "Masonry",
        "confidence": 0.929
      },
      "geometry": {
        "type": "Polygon",
        "coordinates": [
          [
            [
              73.7408499159005,
              18.590314525007255
            ],
            [
              73.74126448837654,
              18.590317294628825
            ],
            [
              73.74126667882118,
              18.59001911028208
            ],
            [
              73.74085210706612,
              18.590016340708093
            ],
            [
              73.7408499159005,
              18.590314525007255
            ]
          ]
        ]
      }
    },
    {
      "type": "Feature",
      "properties": {
        "building_id": "BLD-WARD7-00027",
        "parcel_id": "ULPIN-IND-DL-00028",
        "height_m": 9.86,
        "floors": 3,
        "structure_type": "RCC Framed",
        "confidence": 0.945
      },
      "geometry": {
        "type": "Polygon",
        "coordinates": [
          [
            [
              73.74084958390209,
              18.590359704445675
            ],
            [
              73.74084739268865,
              18.59065788873369
            ],
            [
              73.74126196599494,
              18.59066065841006
            ],
            [
              73.74126415648736,
              18.590362474074457
            ],
            [
              73.74084958390209,
              18.590359704445675
            ]
          ]
        ]
      }
    },
    {
      "type": "Feature",
      "properties": {
        "building_id": "BLD-WARD7-00028",
        "parcel_id": "ULPIN-IND-DL-00029",
        "height_m": 3.8,
        "floors": 1,
        "structure_type": "Masonry",
        "confidence": 0.978
      },
      "geometry": {
        "type": "Polygon",
        "coordinates": [
          [
            [
              73.740847060683,
              18.590703068170427
            ],
            [
              73.74084486942174,
              18.59100125244731
            ],
            [
              73.74125944355826,
              18.591004022178474
            ],
            [
              73.7412616340985,
              18.590705837854006
            ],
            [
              73.740847060683,
              18.590703068170427
            ]
          ]
        ]
      }
    },
    {
      "type": "Feature",
      "properties": {
        "building_id": "BLD-WARD7-00029",
        "parcel_id": "ULPIN-IND-DL-00030",
        "height_m": 6.81,
        "floors": 2,
        "structure_type": "Masonry",
        "confidence": 0.944
      },
      "geometry": {
        "type": "Polygon",
        "coordinates": [
          [
            [
              73.74084453740883,
              18.591046431882354
            ],
            [
              73.74084234609975,
              18.5913446161481
            ],
            [
              73.74125692106654,
              18.591347385934053
            ],
            [
              73.74125911165459,
              18.591049201620727
            ],
            [
              73.74084453740883,
              18.591046431882354
            ]
          ]
        ]
      }
    },
    {
      "type": "Feature",
      "properties": {
        "building_id": "BLD-WARD7-00030",
        "parcel_id": "ULPIN-IND-DL-00031",
        "height_m": 10.23,
        "floors": 3,
        "structure_type": "RCC Framed",
        "confidence": 0.964
      },
      "geometry": {
        "type": "Polygon",
        "coordinates": [
          [
            [
              73.74125658915563,
              18.59139256537462
            ],
            [
              73.7408420140796,
              18.591389795581453
            ],
            [
              73.7408398227227,
              18.591687979836056
            ],
            [
              73.74125439851976,
              18.591690749676808
            ],
            [
              73.74125658915563,
              18.59139256537462
            ]
          ]
        ]
      }
    },
    {
      "type": "Feature",
      "properties": {
        "building_id": "BLD-WARD7-00031",
        "parcel_id": "ULPIN-IND-DL-00032",
        "height_m": 3.93,
        "floors": 1,
        "structure_type": "Masonry",
        "confidence": 0.977
      },
      "geometry": {
        "type": "Polygon",
        "coordinates": [
          [
            [
              73.74172863029136,
              18.590022195305114
            ],
            [
              73.74131405845498,
              18.590019426746785
            ],
            [
              73.74131186809275,
              18.590317611098968
            ],
            [
              73.74172644065008,
              18.59032037970487
            ],
            [
              73.74172863029136,
              18.590022195305114
            ]
          ]
        ]
      }
    },
    {
      "type": "Feature",
      "properties": {
        "building_id": "BLD-WARD7-00032",
        "parcel_id": "ULPIN-IND-DL-00033",
        "height_m": 3.99,
        "floors": 1,
        "structure_type": "Masonry",
        "confidence": 0.968
      },
      "geometry": {
        "type": "Polygon",
        "coordinates": [
          [
            [
              73.74172610888263,
              18.590365559158528
            ],
            [
              73.74131153621605,
              18.590362790545424
            ],
            [
              73.741309345806,
              18.590660974886465
            ],
            [
              73.74172391919359,
              18.590663743547136
            ],
            [
              73.74172610888263,
              18.590365559158528
            ]
          ]
        ]
      }
    },
    {
      "type": "Feature",
      "properties": {
        "building_id": "BLD-WARD7-00033",
        "parcel_id": "ULPIN-IND-DL-00034",
        "height_m": 6.82,
        "floors": 2,
        "structure_type": "Masonry",
        "confidence": 0.949
      },
      "geometry": {
        "type": "Polygon",
        "coordinates": [
          [
            [
              73.74172358741889,
              18.590708922999113
            ],
            [
              73.74130901392206,
              18.59070615433123
            ],
            [
              73.74130682346423,
              18.59100433866114
            ],
            [
              73.74172139768204,
              18.591007107376587
            ],
            [
              73.74172358741889,
              18.590708922999113
            ]
          ]
        ]
      }
    },
    {
      "type": "Feature",
      "properties": {
        "building_id": "BLD-WARD7-00034",
        "parcel_id": "ULPIN-IND-DL-00035",
        "height_m": 10.06,
        "floors": 3,
        "structure_type": "RCC Framed",
        "confidence": 0.962
      },
      "geometry": {
        "type": "Polygon",
        "coordinates": [
          [
            [
              73.74172106590012,
              18.591052286826876
            ],
            [
              73.74130649157304,
              18.591049518104217
            ],
            [
              73.74130430106739,
              18.591347702422983
            ],
            [
              73.74171887611548,
              18.59135047119321
            ],
            [
              73.74172106590012,
              18.591052286826876
            ]
          ]
        ]
      }
    },
    {
      "type": "Feature",
      "properties": {
        "building_id": "BLD-WARD7-00035",
        "parcel_id": "ULPIN-IND-DL-00036",
        "height_m": 13.36,
        "floors": 4,
        "structure_type": "RCC Framed",
        "confidence": 0.917
      },
      "geometry": {
        "type": "Polygon",
        "coordinates": [
          [
            [
              73.7417185443263,
              18.591395650641807
            ],
            [
              73.74130396916897,
              18.591392881864373
            ],
            [
              73.74130177861551,
              18.591691066172
            ],
            [
              73.74171635449389,
              18.591693834997002
            ],
            [
              73.7417185443263,
              18.591395650641807
            ]
          ]
        ]
      }
    },
    {
      "type": "Feature",
      "properties": {
        "building_id": "BLD-WARD7-00036",
        "parcel_id": "ULPIN-IND-DL-00037",
        "height_m": 6.97,
        "floors": 2,
        "structure_type": "Masonry",
        "confidence": 0.963
      },
      "geometry": {
        "type": "Polygon",
        "coordinates": [
          [
            [
              73.74032703231596,
              18.592154441627294
            ],
            [
              73.74032935749,
              18.59183818567757
            ],
            [
              73.7399147814842,
              18.591835413780775
            ],
            [
              73.73991245554541,
              18.592151669679993
            ],
            [
              73.74032703231596,
              18.592154441627294
            ]
          ]
        ]
      }
    },
    {
      "type": "Feature",
      "properties": {
        "building_id": "BLD-WARD7-00037",
        "parcel_id": "ULPIN-IND-DL-00038",
        "height_m": 7.17,
        "floors": 2,
        "structure_type": "Masonry",
        "confidence": 0.945
      },
      "geometry": {
        "type": "Polygon",
        "coordinates": [
          [
            [
              73.74032437491697,
              18.59251587698508
            ],
            [
              73.74032670014442,
              18.59219962104779
            ],
            [
              73.73991212326462,
              18.59219684909328
            ],
            [
              73.73990979727239,
              18.592513104980053
            ],
            [
              73.74032437491697,
              18.59251587698508
            ]
          ]
        ]
      }
    },
    {
      "type": "Feature",
      "properties": {
        "building_id": "BLD-WARD7-00038",
        "parcel_id": "ULPIN-IND-DL-00040",
        "height_m": 6.67,
        "floors": 2,
        "structure_type": "Masonry",
        "confidence": 0.951
      },
      "geometry": {
        "type": "Polygon",
        "coordinates": [
          [
            [
              73.74032138527015,
              18.5929224917456
            ],
            [
              73.73990680664225,
              18.59291971967564
            ],
            [
              73.73990448054317,
              18.593235975537542
            ],
            [
              73.74031905993586,
              18.59323874765801
            ],
            [
              73.74032138527015,
              18.5929224917456
            ]
          ]
        ]
      }
    },
    {
      "type": "Feature",
      "properties": {
        "building_id": "BLD-WARD7-00039",
        "parcel_id": "ULPIN-IND-DL-00041",
        "height_m": 7.07,
        "floors": 2,
        "structure_type": "Masonry",
        "confidence": 0.952
      },
      "geometry": {
        "type": "Polygon",
        "coordinates": [
          [
            [
              73.74037441252297,
              18.592154758363225
            ],
            [
              73.74078898937488,
              18.59215752929475
            ],
            [
              73.74079131369677,
              18.591841273288757
            ],
            [
              73.74037673760961,
              18.591838502407732
            ],
            [
              73.74037441252297,
              18.592154758363225
            ]
          ]
        ]
      }
    },
    {
      "type": "Feature",
      "properties": {
        "building_id": "BLD-WARD7-00040",
        "parcel_id": "ULPIN-IND-DL-00042",
        "height_m": 6.62,
        "floors": 2,
        "structure_type": "Masonry",
        "confidence": 0.918
      },
      "geometry": {
        "type": "Polygon",
        "coordinates": [
          [
            [
              73.7403740803639,
              18.59219993778455
            ],
            [
              73.74037175522386,
              18.592516193727604
            ],
            [
              73.74078633294981,
              18.592518964716827
            ],
            [
              73.74078865732508,
              18.59220270872328
            ],
            [
              73.7403740803639,
              18.59219993778455
            ]
          ]
        ]
      }
    },
    {
      "type": "Feature",
      "properties": {
        "building_id": "BLD-WARD7-00041",
        "parcel_id": "ULPIN-IND-DL-00043",
        "height_m": 3.5,
        "floors": 1,
        "structure_type": "Masonry",
        "confidence": 0.94
      },
      "geometry": {
        "type": "Polygon",
        "coordinates": [
          [
            [
              73.74037142305718,
              18.592561373147156
            ],
            [
              73.7403690978637,
              18.59287762907778
            ],
            [
              73.7407836764637,
              18.592880400124702
            ],
            [
              73.74078600089238,
              18.59256414414359
            ],
            [
              73.74037142305718,
              18.592561373147156
            ]
          ]
        ]
      }
    },
    {
      "type": "Feature",
      "properties": {
        "building_id": "BLD-WARD7-00042",
        "parcel_id": "ULPIN-IND-DL-00044",
        "height_m": 6.91,
        "floors": 2,
        "structure_type": "Masonry",
        "confidence": 0.944
      },
      "geometry": {
        "type": "Polygon",
        "coordinates": [
          [
            [
              73.74078334439866,
              18.592925579549682
            ],
            [
              73.74036876568941,
              18.592922808495548
            ],
            [
              73.74036644044253,
              18.593239064413734
            ],
            [
              73.7407810199166,
              18.593241835518356
            ],
            [
              73.74078334439866,
              18.592925579549682
            ]
          ]
        ]
      }
    },
    {
      "type": "Feature",
      "properties": {
        "building_id": "BLD-WARD7-00043",
        "parcel_id": "ULPIN-IND-DL-00045",
        "height_m": 6.9,
        "floors": 2,
        "structure_type": "Masonry",
        "confidence": 0.915
      },
      "geometry": {
        "type": "Polygon",
        "coordinates": [
          [
            [
              73.74083636959118,
              18.592157845914592
            ],
            [
              73.74125094652446,
              18.59216061583033
            ],
            [
              73.74125326999417,
              18.591844359768107
            ],
            [
              73.74083869382567,
              18.591841589902838
            ],
            [
              73.74083636959118,
              18.592157845914592
            ]
          ]
        ]
      }
    },
    {
      "type": "Feature",
      "properties": {
        "building_id": "BLD-WARD7-00044",
        "parcel_id": "ULPIN-IND-DL-00046",
        "height_m": 7.17,
        "floors": 2,
        "structure_type": "Masonry",
        "confidence": 0.948
      },
      "geometry": {
        "type": "Polygon",
        "coordinates": [
          [
            [
              73.74083603755386,
              18.59220302534395
            ],
            [
              73.740833713266,
              18.592519281343268
            ],
            [
              73.74124829107329,
              18.59252205131669
            ],
            [
              73.7412506145964,
              18.5922057952669
            ],
            [
              73.74083603755386,
              18.59220302534395
            ]
          ]
        ]
      }
    },
    {
      "type": "Feature",
      "properties": {
        "building_id": "BLD-WARD7-00045",
        "parcel_id": "ULPIN-IND-DL-00047",
        "height_m": 9.83,
        "floors": 3,
        "structure_type": "RCC Framed",
        "confidence": 0.97
      },
      "geometry": {
        "type": "Polygon",
        "coordinates": [
          [
            [
              73.74083338122107,
              18.59256446077085
            ],
            [
              73.74083105687978,
              18.59288071675773
            ],
            [
              73.74124563556114,
              18.59288348678884
            ],
            [
              73.74124795913761,
              18.59256723075148
            ],
            [
              73.74083338122107,
              18.59256446077085
            ]
          ]
        ]
      }
    },
    {
      "type": "Feature",
      "properties": {
        "building_id": "BLD-WARD7-00046",
        "parcel_id": "ULPIN-IND-DL-00048",
        "height_m": 3.47,
        "floors": 1,
        "structure_type": "Masonry",
        "confidence": 0.966
      },
      "geometry": {
        "type": "Polygon",
        "coordinates": [
          [
            [
              73.74124530361783,
              18.59292866622185
            ],
            [
              73.74083072482722,
              18.59292589618354
            ],
            [
              73.74082840043258,
              18.593242152157977
            ],
            [
              73.74124297998797,
              18.593244922246765
            ],
            [
              73.74124530361783,
              18.59292866622185
            ]
          ]
        ]
      }
    },
    {
      "type": "Feature",
      "properties": {
        "building_id": "BLD-WARD7-00047",
        "parcel_id": "ULPIN-IND-DL-00049",
        "height_m": 10.29,
        "floors": 3,
        "structure_type": "RCC Framed",
        "confidence": 0.971
      },
      "geometry": {
        "type": "Polygon",
        "coordinates": [
          [
            [
              73.7417152263822,
              18.5918474451156
            ],
            [
              73.74130065013237,
              18.591844676266096
            ],
            [
              73.74129832675004,
              18.592160932334085
            ],
            [
              73.74171290376464,
              18.592163701234046
            ],
            [
              73.7417152263822,
              18.5918474451156
            ]
          ]
        ]
      }
    },
    {
      "type": "Feature",
      "properties": {
        "building_id": "BLD-WARD7-00048",
        "parcel_id": "ULPIN-IND-DL-00050",
        "height_m": 19.73,
        "floors": 6,
        "structure_type": "RCC Framed",
        "confidence": 0.974
      },
      "geometry": {
        "type": "Polygon",
        "coordinates": [
          [
            [
              73.7417125719583,
              18.592208880678648
            ],
            [
              73.74129799483447,
              18.592206111771475
            ],
            [
              73.74129567139877,
              18.59252236782703
            ],
            [
              73.74171024928738,
              18.592525136784648
            ],
            [
              73.7417125719583,
              18.592208880678648
            ]
          ]
        ]
      }
    },
    {
      "type": "Feature",
      "properties": {
        "building_id": "BLD-WARD7-00049",
        "parcel_id": "ULPIN-IND-DL-00051",
        "height_m": 6.76,
        "floors": 2,
        "structure_type": "Masonry",
        "confidence": 0.95
      },
      "geometry": {
        "type": "Polygon",
        "coordinates": [
          [
            [
              73.74170991747343,
              18.592570316227476
            ],
            [
              73.74129533947557,
              18.59256754726265
            ],
            [
              73.7412930159865,
              18.59288380330577
            ],
            [
              73.74170759474916,
              18.59288657232105
            ],
            [
              73.74170991747343,
              18.592570316227476
            ]
          ]
        ]
      }
    },
    {
      "type": "Feature",
      "properties": {
        "building_id": "BLD-WARD7-00050",
        "parcel_id": "ULPIN-IND-DL-00053",
        "height_m": 7.19,
        "floors": 2,
        "structure_type": "Masonry",
        "confidence": 0.931
      },
      "geometry": {
        "type": "Polygon",
        "coordinates": [
          [
            [
              73.74031600371114,
              18.593654398269205
            ],
            [
              73.74031819622836,
              18.593356214136993
            ],
            [
              73.7399036165516,
              18.593353441997763
            ],
            [
              73.73990142331326,
              18.59365162608235
            ],
            [
              73.74031600371114,
              18.593654398269205
            ]
          ]
        ]
      }
    },
    {
      "type": "Feature",
      "properties": {
        "building_id": "BLD-WARD7-00051",
        "parcel_id": "ULPIN-IND-DL-00054",
        "height_m": 10.08,
        "floors": 3,
        "structure_type": "RCC Framed",
        "confidence": 0.976
      },
      "geometry": {
        "type": "Polygon",
        "coordinates": [
          [
            [
              73.74031567150794,
              18.593699577682333
            ],
            [
              73.73990109100079,
              18.593696805488268
            ],
            [
              73.7398988977146,
              18.593994989561708
            ],
            [
              73.7403134789429,
              18.5939977618034
            ],
            [
              73.74031567150794,
              18.593699577682333
            ]
          ]
        ]
      }
    },
    {
      "type": "Feature",
      "properties": {
        "building_id": "BLD-WARD7-00052",
        "parcel_id": "ULPIN-IND-DL-00055",
        "height_m": 13.17,
        "floors": 4,
        "structure_type": "RCC Framed",
        "confidence": 0.937
      },
      "geometry": {
        "type": "Polygon",
        "coordinates": [
          [
            [
              73.7403633843327,
              18.593654715032503
            ],
            [
              73.74077796481197,
              18.59365748620349
            ],
            [
              73.74078015652564,
              18.593359302018236
            ],
            [
              73.7403655767675,
              18.593356530894855
            ],
            [
              73.7403633843327,
              18.593654715032503
            ]
          ]
        ]
      }
    },
    {
      "type": "Feature",
      "properties": {
        "building_id": "BLD-WARD7-00053",
        "parcel_id": "ULPIN-IND-DL-00056",
        "height_m": 7.13,
        "floors": 2,
        "structure_type": "Masonry",
        "confidence": 0.978
      },
      "geometry": {
        "type": "Polygon",
        "coordinates": [
          [
            [
              73.74077763273051,
              18.59370266562466
            ],
            [
              73.74036305214199,
              18.59369989444646
            ],
            [
              73.74036085965935,
              18.59399807857297
            ],
            [
              73.74077544096902,
              18.594000849798775
            ],
            [
              73.74077763273051,
              18.59370266562466
            ]
          ]
        ]
      }
    },
    {
      "type": "Feature",
      "properties": {
        "building_id": "BLD-WARD7-00054",
        "parcel_id": "ULPIN-IND-DL-00057",
        "height_m": 7.13,
        "floors": 2,
        "structure_type": "Masonry",
        "confidence": 0.974
      },
      "geometry": {
        "type": "Polygon",
        "coordinates": [
          [
            [
              73.74082534544281,
              18.5936578028507
            ],
            [
              73.74123992600343,
              18.593660573005817
            ],
            [
              73.74124211691357,
              18.593362388767535
            ],
            [
              73.74082753707408,
              18.593359618660003
            ],
            [
              73.74082534544281,
              18.5936578028507
            ]
          ]
        ]
      }
    },
    {
      "type": "Feature",
      "properties": {
        "building_id": "BLD-WARD7-00055",
        "parcel_id": "ULPIN-IND-DL-00058",
        "height_m": 7.18,
        "floors": 2,
        "structure_type": "Masonry",
        "confidence": 0.972
      },
      "geometry": {
        "type": "Polygon",
        "coordinates": [
          [
            [
              73.74123959404373,
              18.593705752435017
            ],
            [
              73.74082501337385,
              18.593702982272692
            ],
            [
              73.74082282169476,
              18.594001166452244
            ],
            [
              73.74123740308578,
              18.594003936662155
            ],
            [
              73.74123959404373,
              18.593705752435017
            ]
          ]
        ]
      }
    },
    {
      "type": "Feature",
      "properties": {
        "building_id": "BLD-WARD7-00056",
        "parcel_id": "ULPIN-IND-DL-00059",
        "height_m": 10.32,
        "floors": 3,
        "structure_type": "RCC Framed",
        "confidence": 0.933
      },
      "geometry": {
        "type": "Polygon",
        "coordinates": [
          [
            [
              73.7417040773921,
              18.593365474384882
            ],
            [
              73.7412894974713,
              18.593362705293202
            ],
            [
              73.74128730664358,
              18.59366088953692
            ],
            [
              73.7417018872855,
              18.593663658676167
            ],
            [
              73.7417040773921,
              18.593365474384882
            ]
          ]
        ]
      }
    },
    {
      "type": "Feature",
      "properties": {
        "building_id": "BLD-WARD7-00057",
        "parcel_id": "ULPIN-IND-DL-00060",
        "height_m": 6.82,
        "floors": 2,
        "structure_type": "Masonry",
        "confidence": 0.917
      },
      "geometry": {
        "type": "Polygon",
        "coordinates": [
          [
            [
              73.74170155544755,
              18.5937088381134
            ],
            [
              73.74128697469635,
              18.59370606896694
            ],
            [
              73.74128478382083,
              18.594004253199525
            ],
            [
              73.74169936529316,
              18.59400702239355
            ],
            [
              73.74170155544755,
              18.5937088381134
            ]
          ]
        ]
      }
    },
    {
      "type": "Feature",
      "properties": {
        "building_id": "BLD-WARD7-00058",
        "parcel_id": "ULPIN-IND-DL-00061",
        "height_m": 9.81,
        "floors": 3,
        "structure_type": "RCC Framed",
        "confidence": 0.979
      },
      "geometry": {
        "type": "Polygon",
        "coordinates": [
          [
            [
              73.73826679274224,
              18.593640686861836
            ],
            [
              73.73826898882386,
              18.593342502965164
            ],
            [
              73.73781887414191,
              18.59333948827915
            ],
            [
              73.73781667727737,
              18.593637672124025
            ],
            [
              73.73826679274224,
              18.593640686861836
            ]
          ]
        ]
      }
    },
    {
      "type": "Feature",
      "properties": {
        "building_id": "BLD-WARD7-00059",
        "parcel_id": "ULPIN-IND-DL-00062",
        "height_m": 7.13,
        "floors": 2,
        "structure_type": "Masonry",
        "confidence": 0.96
      },
      "geometry": {
        "type": "Polygon",
        "coordinates": [
          [
            [
              73.73826645999897,
              18.593685866239273
            ],
            [
              73.73781634441545,
              18.593682851493618
            ],
            [
              73.73781414750297,
              18.593981035327353
            ],
            [
              73.73826426386941,
              18.5939840501248
            ],
            [
              73.73826645999897,
              18.593685866239273
            ]
          ]
        ]
      }
    },
    {
      "type": "Feature",
      "properties": {
        "building_id": "BLD-WARD7-00060",
        "parcel_id": "ULPIN-IND-DL-00063",
        "height_m": 19.66,
        "floors": 6,
        "structure_type": "RCC Framed",
        "confidence": 0.975
      },
      "geometry": {
        "type": "Polygon",
        "coordinates": [
          [
            [
              73.73831417332251,
              18.59364100414014
            ],
            [
              73.73876428888266,
              18.59364401769017
            ],
            [
              73.73876648409895,
              18.593345833736286
            ],
            [
              73.7383163693217,
              18.593342820238025
            ],
            [
              73.73831417332251,
              18.59364100414014
            ]
          ]
        ]
      }
    },
    {
      "type": "Feature",
      "properties": {
        "building_id": "BLD-WARD7-00061",
        "parcel_id": "ULPIN-IND-DL-00064",
        "height_m": 3.92,
        "floors": 1,
        "structure_type": "Masonry",
        "confidence": 0.916
      },
      "geometry": {
        "type": "Polygon",
        "coordinates": [
          [
            [
              73.7387639562705,
              18.59368919707628
            ],
            [
              73.73831384059172,
              18.593686183518408
            ],
            [
              73.73831164454458,
              18.593984367409384
            ],
            [
              73.73876176100633,
              18.593987381019026
            ],
            [
              73.7387639562705,
              18.59368919707628
            ]
          ]
        ]
      }
    },
    {
      "type": "Feature",
      "properties": {
        "building_id": "BLD-WARD7-00062",
        "parcel_id": "ULPIN-IND-DL-00066",
        "height_m": 6.88,
        "floors": 2,
        "structure_type": "Masonry",
        "confidence": 0.946
      },
      "geometry": {
        "type": "Polygon",
        "coordinates": [
          [
            [
              73.73926145264736,
              18.593692526600474
            ],
            [
              73.7388113368733,
              18.593689514230384
            ],
            [
              73.73880914169153,
              18.593987698178577
            ],
            [
              73.73925925824854,
              18.593990710600416
            ],
            [
              73.73926145264736,
              18.593692526600474
            ]
          ]
        ]
      }
    },
    {
      "type": "Feature",
      "properties": {
        "building_id": "BLD-WARD7-00063",
        "parcel_id": "ULPIN-IND-DL-00067",
        "height_m": 6.67,
        "floors": 2,
        "structure_type": "Masonry",
        "confidence": 0.961
      },
      "geometry": {
        "type": "Polygon",
        "coordinates": [
          [
            [
              73.73976147496494,
              18.593352491340163
            ],
            [
              73.73931135999723,
              18.59334948021742
            ],
            [
              73.73930916572871,
              18.59364766423395
            ],
            [
              73.73975928147937,
              18.59365067540842
            ],
            [
              73.73976147496494,
              18.593352491340163
            ]
          ]
        ]
      }
    },
    {
      "type": "Feature",
      "properties": {
        "building_id": "BLD-WARD7-00064",
        "parcel_id": "ULPIN-IND-DL-00068",
        "height_m": 6.73,
        "floors": 2,
        "structure_type": "Masonry",
        "confidence": 0.912
      },
      "geometry": {
        "type": "Polygon",
        "coordinates": [
          [
            [
              73.73975894912944,
              18.59369585481186
            ],
            [
              73.73930883326015,
              18.59369284362955
            ],
            [
              73.73930663894376,
              18.593991027634935
            ],
            [
              73.739756755596,
              18.593994038868974
            ],
            [
              73.73975894912944,
              18.59369585481186
            ]
          ]
        ]
      }
    },
    {
      "type": "Feature",
      "properties": {
        "building_id": "BLD-WARD7-00065",
        "parcel_id": "ULPIN-IND-DL-00069",
        "height_m": 19.76,
        "floors": 6,
        "structure_type": "RCC Framed",
        "confidence": 0.912
      },
      "geometry": {
        "type": "Polygon",
        "coordinates": [
          [
            [
              73.7365689892468,
              18.593629309864344
            ],
            [
              73.73657118828159,
              18.59333112616312
            ],
            [
              73.73606579672943,
              18.59332773662717
            ],
            [
              73.73606359681558,
              18.593625920270163
            ],
            [
              73.7365689892468,
              18.593629309864344
            ]
          ]
        ]
      }
    },
    {
      "type": "Feature",
      "properties": {
        "building_id": "BLD-WARD7-00066",
        "parcel_id": "ULPIN-IND-DL-00070",
        "height_m": 9.83,
        "floors": 3,
        "structure_type": "RCC Framed",
        "confidence": 0.953
      },
      "geometry": {
        "type": "Polygon",
        "coordinates": [
          [
            [
              73.73656865605608,
              18.593674489212173
            ],
            [
              73.73606326349166,
              18.593671099609175
            ],
            [
              73.7360610635298,
              18.59396928324103
            ],
            [
              73.73656645697332,
              18.593972672902257
            ],
            [
              73.73656865605608,
              18.593674489212173
            ]
          ]
        ]
      }
    },
    {
      "type": "Feature",
      "properties": {
        "building_id": "BLD-WARD7-00067",
        "parcel_id": "ULPIN-IND-DL-00071",
        "height_m": 7.09,
        "floors": 2,
        "structure_type": "Masonry",
        "confidence": 0.921
      },
      "geometry": {
        "type": "Polygon",
        "coordinates": [
          [
            [
              73.73661636979281,
              18.59362962756934
            ],
            [
              73.7371217623431,
              18.593633015681693
            ],
            [
              73.73712396041638,
              18.593334831916806
            ],
            [
              73.73661856874517,
              18.593331443862656
            ],
            [
              73.73661636979281,
              18.59362962756934
            ]
          ]
        ]
      }
    },
    {
      "type": "Feature",
      "properties": {
        "building_id": "BLD-WARD7-00068",
        "parcel_id": "ULPIN-IND-DL-00072",
        "height_m": 6.77,
        "floors": 2,
        "structure_type": "Masonry",
        "confidence": 0.976
      },
      "geometry": {
        "type": "Polygon",
        "coordinates": [
          [
            [
              73.73712142929804,
              18.593678195039168
            ],
            [
              73.73661603661458,
              18.593674806917996
            ],
            [
              73.73661383761423,
              18.593972990613537
            ],
            [
              73.7371192311768,
              18.59397637879291
            ],
            [
              73.73712142929804,
              18.593678195039168
            ]
          ]
        ]
      }
    },
    {
      "type": "Feature",
      "properties": {
        "building_id": "BLD-WARD7-00069",
        "parcel_id": "ULPIN-IND-DL-00073",
        "height_m": 7.15,
        "floors": 2,
        "structure_type": "Masonry",
        "confidence": 0.954
      },
      "geometry": {
        "type": "Polygon",
        "coordinates": [
          [
            [
              73.73767673268132,
              18.593338536049774
            ],
            [
              73.73717134089112,
              18.593335149477422
            ],
            [
              73.73716914290026,
              18.593633333247766
            ],
            [
              73.73767453556952,
              18.593636719878294
            ],
            [
              73.73767673268132,
              18.593338536049774
            ]
          ]
        ]
      }
    },
    {
      "type": "Feature",
      "properties": {
        "building_id": "BLD-WARD7-00070",
        "parcel_id": "ULPIN-IND-DL-00074",
        "height_m": 7.19,
        "floors": 2,
        "structure_type": "Masonry",
        "confidence": 0.956
      },
      "geometry": {
        "type": "Polygon",
        "coordinates": [
          [
            [
              73.73767420267016,
              18.59368189924541
            ],
            [
              73.73716880986771,
              18.593678512606065
            ],
            [
              73.73716661182885,
              18.593976696365264
            ],
            [
              73.73767200551043,
              18.59398008306279
            ],
            [
              73.73767420267016,
              18.59368189924541
            ]
          ]
        ]
      }
    },
    {
      "type": "Feature",
      "properties": {
        "building_id": "BLD-WARD7-00071",
        "parcel_id": "ULPIN-IND-DL-00075",
        "height_m": 19.43,
        "floors": 6,
        "structure_type": "RCC Framed",
        "confidence": 0.959
      },
      "geometry": {
        "type": "Polygon",
        "coordinates": [
          [
            [
              73.7365800506357,
              18.59212935539039
            ],
            [
              73.73658238272165,
              18.591813099897763
            ],
            [
              73.73607699564455,
              18.591809710658243
            ],
            [
              73.73607466262634,
              18.592125966089117
            ],
            [
              73.7365800506357,
              18.59212935539039
            ]
          ]
        ]
      }
    },
    {
      "type": "Feature",
      "properties": {
        "building_id": "BLD-WARD7-00072",
        "parcel_id": "ULPIN-IND-DL-00076",
        "height_m": 9.99,
        "floors": 3,
        "structure_type": "RCC Framed",
        "confidence": 0.952
      },
      "geometry": {
        "type": "Polygon",
        "coordinates": [
          [
            [
              73.73657738533723,
              18.59249079022578
            ],
            [
              73.73657971747674,
              18.592174534745592
            ],
            [
              73.73607432933419,
              18.5921711454355
            ],
            [
              73.73607199626238,
              18.59248740085393
            ],
            [
              73.73657738533723,
              18.59249079022578
            ]
          ]
        ]
      }
    },
    {
      "type": "Feature",
      "properties": {
        "building_id": "BLD-WARD7-00073",
        "parcel_id": "ULPIN-IND-DL-00077",
        "height_m": 3.76,
        "floors": 1,
        "structure_type": "Masonry",
        "confidence": 0.928
      },
      "geometry": {
        "type": "Polygon",
        "coordinates": [
          [
            [
              73.7365747199775,
              18.592852225046958
            ],
            [
              73.7365770521706,
              18.592535969579206
            ],
            [
              73.73607166296259,
              18.59253258019853
            ],
            [
              73.73606932983718,
              18.592848835604528
            ],
            [
              73.7365747199775,
              18.592852225046958
            ]
          ]
        ]
      }
    },
    {
      "type": "Feature",
      "properties": {
        "building_id": "BLD-WARD7-00074",
        "parcel_id": "ULPIN-IND-DL-00079",
        "height_m": 7.08,
        "floors": 2,
        "structure_type": "Masonry",
        "confidence": 0.953
      },
      "geometry": {
        "type": "Polygon",
        "coordinates": [
          [
            [
              73.73662743076717,
              18.592129673067937
            ],
            [
              73.73713281889557,
              18.59213306088751
            ],
            [
              73.73713514996186,
              18.591816805327365
            ],
            [
              73.73662976276572,
              18.591813417569515
            ],
            [
              73.73662743076717,
              18.592129673067937
            ]
          ]
        ]
      }
    },
    {
      "type": "Feature",
      "properties": {
        "building_id": "BLD-WARD7-00075",
        "parcel_id": "ULPIN-IND-DL-00080",
        "height_m": 9.91,
        "floors": 3,
        "structure_type": "RCC Framed",
        "confidence": 0.941
      },
      "geometry": {
        "type": "Polygon",
        "coordinates": [
          [
            [
              73.73662709762068,
              18.592174852423955
            ],
            [
              73.73662476556856,
              18.592491107909936
            ],
            [
              73.73713015476244,
              18.59249449580006
            ],
            [
              73.73713248588227,
              18.59217824025236
            ],
            [
              73.73662709762068,
              18.592174852423955
            ]
          ]
        ]
      }
    },
    {
      "type": "Feature",
      "properties": {
        "building_id": "BLD-WARD7-00076",
        "parcel_id": "ULPIN-IND-DL-00081",
        "height_m": 13.18,
        "floors": 4,
        "structure_type": "RCC Framed",
        "confidence": 0.911
      },
      "geometry": {
        "type": "Polygon",
        "coordinates": [
          [
            [
              73.73662443241444,
              18.592536287264192
            ],
            [
              73.73662210030875,
              18.59285254273773
            ],
            [
              73.73712749056813,
              18.592855930698402
            ],
            [
              73.7371298217415,
              18.592539675163138
            ],
            [
              73.73662443241444,
              18.592536287264192
            ]
          ]
        ]
      }
    },
    {
      "type": "Feature",
      "properties": {
        "building_id": "BLD-WARD7-00077",
        "parcel_id": "ULPIN-IND-DL-00082",
        "height_m": 19.6,
        "floors": 6,
        "structure_type": "RCC Framed",
        "confidence": 0.977
      },
      "geometry": {
        "type": "Polygon",
        "coordinates": [
          [
            [
              73.73712715753953,
              18.592901110059696
            ],
            [
              73.73662176714697,
              18.592897722090203
            ],
            [
              73.7366194349877,
              18.593213977551304
            ],
            [
              73.73712482631261,
              18.593217365582525
            ],
            [
              73.73712715753953,
              18.592901110059696
            ]
          ]
        ]
      }
    },
    {
      "type": "Feature",
      "properties": {
        "building_id": "BLD-WARD7-00078",
        "parcel_id": "ULPIN-IND-DL-00083",
        "height_m": 7.0,
        "floors": 2,
        "structure_type": "Masonry",
        "confidence": 0.93
      },
      "geometry": {
        "type": "Polygon",
        "coordinates": [
          [
            [
              73.73768791733221,
              18.591820509136387
            ],
            [
              73.73718253001707,
              18.591817122860206
            ],
            [
              73.73718019903818,
              18.59213337842614
            ],
            [
              73.7376855872856,
              18.592136764764025
            ],
            [
              73.73768791733221,
              18.591820509136387
            ]
          ]
        ]
      }
    },
    {
      "type": "Feature",
      "properties": {
        "building_id": "BLD-WARD7-00079",
        "parcel_id": "ULPIN-IND-DL-00084",
        "height_m": 10.18,
        "floors": 3,
        "structure_type": "RCC Framed",
        "confidence": 0.947
      },
      "geometry": {
        "type": "Polygon",
        "coordinates": [
          [
            [
              73.73768525441797,
              18.592181944138506
            ],
            [
              73.73717986603738,
              18.59217855779181
            ],
            [
              73.73717753500495,
              18.592494813345304
            ],
            [
              73.73768292431782,
              18.592498199753702
            ],
            [
              73.73768525441797,
              18.592181944138506
            ]
          ]
        ]
      }
    },
    {
      "type": "Feature",
      "properties": {
        "building_id": "BLD-WARD7-00080",
        "parcel_id": "ULPIN-IND-DL-00085",
        "height_m": 9.88,
        "floors": 3,
        "structure_type": "RCC Framed",
        "confidence": 0.919
      },
      "geometry": {
        "type": "Polygon",
        "coordinates": [
          [
            [
              73.73768259144255,
              18.592543379126415
            ],
            [
              73.73717720199649,
              18.592539992709202
            ],
            [
              73.73717487091052,
              18.59285624825026
            ],
            [
              73.73768026128889,
              18.592859634729177
            ],
            [
              73.73768259144255,
              18.592543379126415
            ]
          ]
        ]
      }
    },
    {
      "type": "Feature",
      "properties": {
        "building_id": "BLD-WARD7-00081",
        "parcel_id": "ULPIN-IND-DL-00086",
        "height_m": 10.01,
        "floors": 3,
        "structure_type": "RCC Framed",
        "confidence": 0.942
      },
      "geometry": {
        "type": "Polygon",
        "coordinates": [
          [
            [
              73.73767992840597,
              18.59290481410011
            ],
            [
              73.7371745378944,
              18.59290142761238
            ],
            [
              73.73717220675489,
              18.593217683140992
            ],
            [
              73.73767759819879,
              18.593221069690426
            ],
            [
              73.73767992840597,
              18.59290481410011
            ]
          ]
        ]
      }
    },
    {
      "type": "Feature",
      "properties": {
        "building_id": "BLD-WARD7-00082",
        "parcel_id": "ULPIN-IND-DL-00087",
        "height_m": 3.9,
        "floors": 1,
        "structure_type": "Masonry",
        "confidence": 0.948
      },
      "geometry": {
        "type": "Polygon",
        "coordinates": [
          [
            [
              73.73659364270561,
              18.59028603750878
            ],
            [
              73.73659584127317,
              18.58998785369907
            ],
            [
              73.73609045957622,
              18.58998446481597
            ],
            [
              73.73608826012978,
              18.590282648567456
            ],
            [
              73.73659364270561,
              18.59028603750878
            ]
          ]
        ]
      }
    },
    {
      "type": "Feature",
      "properties": {
        "building_id": "BLD-WARD7-00083",
        "parcel_id": "ULPIN-IND-DL-00088",
        "height_m": 3.82,
        "floors": 1,
        "structure_type": "Masonry",
        "confidence": 0.971
      },
      "geometry": {
        "type": "Polygon",
        "coordinates": [
          [
            [
              73.73659111097015,
              18.59062940067161
            ],
            [
              73.73659330958569,
              18.59033121687304
            ],
            [
              73.73608792687668,
              18.59032782792289
            ],
            [
              73.73608572738222,
              18.590626011663232
            ],
            [
              73.73659111097015,
              18.59062940067161
            ]
          ]
        ]
      }
    },
    {
      "type": "Feature",
      "properties": {
        "building_id": "BLD-WARD7-00084",
        "parcel_id": "ULPIN-IND-DL-00089",
        "height_m": 3.72,
        "floors": 1,
        "structure_type": "Masonry",
        "confidence": 0.97
      },
      "geometry": {
        "type": "Polygon",
        "coordinates": [
          [
            [
              73.73658857917941,
              18.590972763821615
            ],
            [
              73.73659077784293,
              18.590674580034182
            ],
            [
              73.73608539412186,
              18.590671191016988
            ],
            [
              73.7360831945794,
              18.59096937474619
            ],
            [
              73.73658857917941,
              18.590972763821615
            ]
          ]
        ]
      }
    },
    {
      "type": "Feature",
      "properties": {
        "building_id": "BLD-WARD7-00085",
        "parcel_id": "ULPIN-IND-DL-00090",
        "height_m": 6.72,
        "floors": 2,
        "structure_type": "Masonry",
        "confidence": 0.927
      },
      "geometry": {
        "type": "Polygon",
        "coordinates": [
          [
            [
              73.73658604733345,
              18.59131612695878
            ],
            [
              73.73658824604495,
              18.5910179431825
            ],
            [
              73.73608286131174,
              18.591014554098255
            ],
            [
              73.73608066172129,
              18.59131273781631
            ],
            [
              73.73658604733345,
              18.59131612695878
            ]
          ]
        ]
      }
    },
    {
      "type": "Feature",
      "properties": {
        "building_id": "BLD-WARD7-00086",
        "parcel_id": "ULPIN-IND-DL-00091",
        "height_m": 3.58,
        "floors": 1,
        "structure_type": "Masonry",
        "confidence": 0.929
      },
      "geometry": {
        "type": "Polygon",
        "coordinates": [
          [
            [
              73.73658571419169,
              18.591361306317978
            ],
            [
              73.73608032844636,
              18.59135791716669
            ],
            [
              73.7360781288079,
              18.59165610087361
            ],
            [
              73.7365835154322,
              18.59165949008313
            ],
            [
              73.73658571419169,
              18.591361306317978
            ]
          ]
        ]
      }
    },
    {
      "type": "Feature",
      "properties": {
        "building_id": "BLD-WARD7-00087",
        "parcel_id": "ULPIN-IND-DL-00092",
        "height_m": 6.93,
        "floors": 2,
        "structure_type": "Masonry",
        "confidence": 0.965
      },
      "geometry": {
        "type": "Polygon",
        "coordinates": [
          [
            [
              73.73664102232769,
              18.59028635515258
            ],
            [
              73.73714640502257,
              18.59028974261237
            ],
            [
              73.73714860262885,
              18.589991558739005
            ],
            [
              73.73664322081285,
              18.589988171337414
            ],
            [
              73.73664102232769,
              18.59028635515258
            ]
          ]
        ]
      }
    },
    {
      "type": "Feature",
      "properties": {
        "building_id": "BLD-WARD7-00088",
        "parcel_id": "ULPIN-IND-DL-00093",
        "height_m": 3.42,
        "floors": 1,
        "structure_type": "Masonry",
        "confidence": 0.956
      },
      "geometry": {
        "type": "Polygon",
        "coordinates": [
          [
            [
              73.73664068922024,
              18.590331534517667
            ],
            [
              73.73663849068708,
              18.590629718321697
            ],
            [
              73.73714387439405,
              18.5906331058485
            ],
            [
              73.73714607204829,
              18.590334921986276
            ],
            [
              73.73664068922024,
              18.590331534517667
            ]
          ]
        ]
      }
    },
    {
      "type": "Feature",
      "properties": {
        "building_id": "BLD-WARD7-00089",
        "parcel_id": "ULPIN-IND-DL-00094",
        "height_m": 13.07,
        "floors": 4,
        "structure_type": "RCC Framed",
        "confidence": 0.944
      },
      "geometry": {
        "type": "Polygon",
        "coordinates": [
          [
            [
              73.73663815757237,
              18.590674897685094
            ],
            [
              73.73663595899124,
              18.590973081477983
            ],
            [
              73.73714134371032,
              18.590976469071812
            ],
            [
              73.73714354141251,
              18.590678285220722
            ],
            [
              73.73663815757237,
              18.590674897685094
            ]
          ]
        ]
      }
    },
    {
      "type": "Feature",
      "properties": {
        "building_id": "BLD-WARD7-00090",
        "parcel_id": "ULPIN-IND-DL-00095",
        "height_m": 9.91,
        "floors": 3,
        "structure_type": "RCC Framed",
        "confidence": 0.976
      },
      "geometry": {
        "type": "Polygon",
        "coordinates": [
          [
            [
              73.73663562586927,
              18.591018260839697
            ],
            [
              73.73663342724016,
              18.59131644462144
            ],
            [
              73.73713881297134,
              18.591319832282284
            ],
            [
              73.7371410107215,
              18.59102164844234
            ],
            [
              73.73663562586927,
              18.591018260839697
            ]
          ]
        ]
      }
    },
    {
      "type": "Feature",
      "properties": {
        "building_id": "BLD-WARD7-00091",
        "parcel_id": "ULPIN-IND-DL-00096",
        "height_m": 6.94,
        "floors": 2,
        "structure_type": "Masonry",
        "confidence": 0.938
      },
      "geometry": {
        "type": "Polygon",
        "coordinates": [
          [
            [
              73.73713847997526,
              18.591365011651135
            ],
            [
              73.7366330941109,
              18.591361623981463
            ],
            [
              73.7366308954338,
              18.591659807752073
            ],
            [
              73.73713628217713,
              18.591663195479942
            ],
            [
              73.73713847997526,
              18.591365011651135
            ]
          ]
        ]
      }
    },
    {
      "type": "Feature",
      "properties": {
        "building_id": "BLD-WARD7-00092",
        "parcel_id": "ULPIN-IND-DL-00097",
        "height_m": 9.9,
        "floors": 3,
        "structure_type": "RCC Framed",
        "confidence": 0.927
      },
      "geometry": {
        "type": "Polygon",
        "coordinates": [
          [
            [
              73.73770136411466,
              18.589995262158524
            ],
            [
              73.73719598217967,
              18.589991876238454
            ],
            [
              73.73719378465579,
              18.59029006011728
            ],
            [
              73.73769916746967,
              18.590293446095526
            ],
            [
              73.73770136411466,
              18.589995262158524
            ]
          ]
        ]
      }
    },
    {
      "type": "Feature",
      "properties": {
        "building_id": "BLD-WARD7-00093",
        "parcel_id": "ULPIN-IND-DL-00098",
        "height_m": 13.52,
        "floors": 4,
        "structure_type": "RCC Framed",
        "confidence": 0.927
      },
      "geometry": {
        "type": "Polygon",
        "coordinates": [
          [
            [
              73.73769883464105,
              18.59033862547907
            ],
            [
              73.73719345169401,
              18.59033523949201
            ],
            [
              73.73719125412217,
              18.59063342335969
            ],
            [
              73.73769663794812,
              18.590636809404927
            ],
            [
              73.73769883464105,
              18.59033862547907
            ]
          ]
        ]
      }
    },
    {
      "type": "Feature",
      "properties": {
        "building_id": "BLD-WARD7-00094",
        "parcel_id": "ULPIN-IND-DL-00099",
        "height_m": 3.47,
        "floors": 1,
        "structure_type": "Masonry",
        "confidence": 0.964
      },
      "geometry": {
        "type": "Polygon",
        "coordinates": [
          [
            [
              73.73769630511224,
              18.590681988786795
            ],
            [
              73.7371909211531,
              18.590678602732737
            ],
            [
              73.73718872353331,
              18.59097678658928
            ],
            [
              73.73769410837137,
              18.59098017270151
            ],
            [
              73.73769630511224,
              18.590681988786795
            ]
          ]
        ]
      }
    },
    {
      "type": "Feature",
      "properties": {
        "building_id": "BLD-WARD7-00095",
        "parcel_id": "ULPIN-IND-DL-00100",
        "height_m": 13.41,
        "floors": 4,
        "structure_type": "RCC Framed",
        "confidence": 0.945
      },
      "geometry": {
        "type": "Polygon",
        "coordinates": [
          [
            [
              73.7376937755282,
              18.591025352081683
            ],
            [
              73.73718839055698,
              18.59102196596064
            ],
            [
              73.73718619288921,
              18.591320149806037
            ],
            [
              73.7376915787394,
              18.591323535985257
            ],
            [
              73.7376937755282,
              18.591025352081683
            ]
          ]
        ]
      }
    },
    {
      "type": "Feature",
      "properties": {
        "building_id": "BLD-WARD7-00096",
        "parcel_id": "ULPIN-IND-DL-00101",
        "height_m": 3.43,
        "floors": 1,
        "structure_type": "Masonry",
        "confidence": 0.957
      },
      "geometry": {
        "type": "Polygon",
        "coordinates": [
          [
            [
              73.73769124588897,
              18.59136871536374
            ],
            [
              73.73718585990562,
              18.59136532917571
            ],
            [
              73.7371836621899,
              18.59166351300997
            ],
            [
              73.73768904905224,
              18.591666899256182
            ],
            [
              73.73769124588897,
              18.59136871536374
            ]
          ]
        ]
      }
    },
    {
      "type": "Feature",
      "properties": {
        "building_id": "BLD-WARD7-00097",
        "parcel_id": "ULPIN-IND-DL-00102",
        "height_m": 10.08,
        "floors": 3,
        "structure_type": "RCC Framed",
        "confidence": 0.944
      },
      "geometry": {
        "type": "Polygon",
        "coordinates": [
          [
            [
              73.73660400225803,
              18.588880959169334
            ],
            [
              73.73660610070418,
              18.588596329125853
            ],
            [
              73.73610072310849,
              18.58859294051447
            ],
            [
              73.73609862382347,
              18.58887757050237
            ],
            [
              73.73660400225803,
              18.588880959169334
            ]
          ]
        ]
      }
    },
    {
      "type": "Feature",
      "properties": {
        "building_id": "BLD-WARD7-00098",
        "parcel_id": "ULPIN-IND-DL-00103",
        "height_m": 7.16,
        "floors": 2,
        "structure_type": "Masonry",
        "confidence": 0.929
      },
      "geometry": {
        "type": "Polygon",
        "coordinates": [
          [
            [
              73.73660157067769,
              18.589210768573764
            ],
            [
              73.73660366916783,
              18.588926138540504
            ],
            [
              73.73609829060014,
              18.588922749864714
            ],
            [
              73.7360961912711,
              18.589207379842406
            ],
            [
              73.73660157067769,
              18.589210768573764
            ]
          ]
        ]
      }
    },
    {
      "type": "Feature",
      "properties": {
        "building_id": "BLD-WARD7-00099",
        "parcel_id": "ULPIN-IND-DL-00105",
        "height_m": 7.12,
        "floors": 2,
        "structure_type": "Masonry",
        "confidence": 0.946
      },
      "geometry": {
        "type": "Polygon",
        "coordinates": [
          [
            [
              73.73659880594224,
              18.589585757334298
            ],
            [
              73.73609342543044,
              18.58958236852971
            ],
            [
              73.73609132601338,
              18.589866998486972
            ],
            [
              73.73659670736411,
              18.589870387347133
            ],
            [
              73.73659880594224,
              18.589585757334298
            ]
          ]
        ]
      }
    },
    {
      "type": "Feature",
      "properties": {
        "building_id": "BLD-WARD7-00100",
        "parcel_id": "ULPIN-IND-DL-00106",
        "height_m": 6.82,
        "floors": 2,
        "structure_type": "Masonry",
        "confidence": 0.938
      },
      "geometry": {
        "type": "Polygon",
        "coordinates": [
          [
            [
              73.73665138149184,
              18.58888127678741
            ],
            [
              73.73715676004542,
              18.588884663972955
            ],
            [
              73.73715885757407,
              18.58860003386871
            ],
            [
              73.73665347985934,
              18.58859664673873
            ],
            [
              73.73665138149184,
              18.58888127678741
            ]
          ]
        ]
      }
    },
    {
      "type": "Feature",
      "properties": {
        "building_id": "BLD-WARD7-00101",
        "parcel_id": "ULPIN-IND-DL-00107",
        "height_m": 10.06,
        "floors": 3,
        "structure_type": "RCC Framed",
        "confidence": 0.971
      },
      "geometry": {
        "type": "Polygon",
        "coordinates": [
          [
            [
              73.73665104841415,
              18.588926456159417
            ],
            [
              73.73664895000265,
              18.58921108619789
            ],
            [
              73.73715432952828,
              18.589214473447804
            ],
            [
              73.73715642710089,
              18.588929843353768
            ],
            [
              73.73665104841415,
              18.588926456159417
            ]
          ]
        ]
      }
    },
    {
      "type": "Feature",
      "properties": {
        "building_id": "BLD-WARD7-00102",
        "parcel_id": "ULPIN-IND-DL-00108",
        "height_m": 3.6,
        "floors": 1,
        "structure_type": "Masonry",
        "confidence": 0.957
      },
      "geometry": {
        "type": "Polygon",
        "coordinates": [
          [
            [
              73.73664861691796,
              18.589256265568267
            ],
            [
              73.73664651846248,
              18.589540895596528
            ],
            [
              73.73715189896015,
              18.589544282910815
            ],
            [
              73.73715399657674,
              18.589259652826993
            ],
            [
              73.73664861691796,
              18.589256265568267
            ]
          ]
        ]
      }
    },
    {
      "type": "Feature",
      "properties": {
        "building_id": "BLD-WARD7-00103",
        "parcel_id": "ULPIN-IND-DL-00109",
        "height_m": 6.86,
        "floors": 2,
        "structure_type": "Masonry",
        "confidence": 0.934
      },
      "geometry": {
        "type": "Polygon",
        "coordinates": [
          [
            [
              73.73715156600166,
              18.589589462288387
            ],
            [
              73.7366461853708,
              18.58958607496528
            ],
            [
              73.73664408687132,
              18.58987070498333
            ],
            [
              73.7371494683411,
              18.589874092361992
            ],
            [
              73.73715156600166,
              18.589589462288387
            ]
          ]
        ]
      }
    },
    {
      "type": "Feature",
      "properties": {
        "building_id": "BLD-WARD7-00104",
        "parcel_id": "ULPIN-IND-DL-00110",
        "height_m": 3.47,
        "floors": 1,
        "structure_type": "Masonry",
        "confidence": 0.952
      },
      "geometry": {
        "type": "Polygon",
        "coordinates": [
          [
            [
              73.73771161457411,
              18.588603736991303
            ],
            [
              73.7372062367404,
              18.588600351342706
            ],
            [
              73.7372041392904,
              18.58888498145216
            ],
            [
              73.73770951796298,
              18.588888367156283
            ],
            [
              73.73771161457411,
              18.588603736991303
            ]
          ]
        ]
      }
    },
    {
      "type": "Feature",
      "properties": {
        "building_id": "BLD-WARD7-00105",
        "parcel_id": "ULPIN-IND-DL-00111",
        "height_m": 6.86,
        "floors": 2,
        "structure_type": "Masonry",
        "confidence": 0.941
      },
      "geometry": {
        "type": "Polygon",
        "coordinates": [
          [
            [
              73.73770918516408,
              18.588933546546738
            ],
            [
              73.73720380635835,
              18.5889301608338
            ],
            [
              73.73720170886438,
              18.589214790933042
            ],
            [
              73.73770708850898,
              18.589218176701507
            ],
            [
              73.73770918516408,
              18.588933546546738
            ]
          ]
        ]
      }
    },
    {
      "type": "Feature",
      "properties": {
        "building_id": "BLD-WARD7-00106",
        "parcel_id": "ULPIN-IND-DL-00112",
        "height_m": 6.7,
        "floors": 2,
        "structure_type": "Masonry",
        "confidence": 0.966
      },
      "geometry": {
        "type": "Polygon",
        "coordinates": [
          [
            [
              73.7377067557031,
              18.589263356090342
            ],
            [
              73.73720137592534,
              18.589259970313062
            ],
            [
              73.7371992783874,
              18.589544600402085
            ],
            [
              73.73770465900407,
              18.589547986234894
            ],
            [
              73.7377067557031,
              18.589263356090342
            ]
          ]
        ]
      }
    },
    {
      "type": "Feature",
      "properties": {
        "building_id": "BLD-WARD7-00107",
        "parcel_id": "ULPIN-IND-DL-00113",
        "height_m": 3.69,
        "floors": 1,
        "structure_type": "Masonry",
        "confidence": 0.96
      },
      "geometry": {
        "type": "Polygon",
        "coordinates": [
          [
            [
              73.7377043261912,
              18.589593165622105
            ],
            [
              73.73719894544138,
              18.589589779780482
            ],
            [
              73.73719684785945,
              18.5898744098593
            ],
            [
              73.73770222944822,
              18.58987779575645
            ],
            [
              73.7377043261912,
              18.589593165622105
            ]
          ]
        ]
      }
    },
    {
      "type": "Feature",
      "properties": {
        "building_id": "BLD-WARD7-00108",
        "parcel_id": "ULPIN-IND-DL-00114",
        "height_m": 10.08,
        "floors": 3,
        "structure_type": "RCC Framed",
        "confidence": 0.927
      },
      "geometry": {
        "type": "Polygon",
        "coordinates": [
          [
            [
              73.73830175873327,
              18.588892333054662
            ],
            [
              73.73830385436135,
              18.588607702824632
            ],
            [
              73.73785375210943,
              18.58860468896093
            ],
            [
              73.73785165573423,
              18.588889319141526
            ],
            [
              73.73830175873327,
              18.588892333054662
            ]
          ]
        ]
      }
    },
    {
      "type": "Feature",
      "properties": {
        "building_id": "BLD-WARD7-00109",
        "parcel_id": "ULPIN-IND-DL-00115",
        "height_m": 7.11,
        "floors": 2,
        "structure_type": "Masonry",
        "confidence": 0.962
      },
      "geometry": {
        "type": "Polygon",
        "coordinates": [
          [
            [
              73.7382993304184,
              18.589222142675254
            ],
            [
              73.7383014260904,
              18.58893751245544
            ],
            [
              73.73785132297277,
              18.588934498534464
            ],
            [
              73.73784922655364,
              18.589219128704844
            ],
            [
              73.7382993304184,
              18.589222142675254
            ]
          ]
        ]
      }
    },
    {
      "type": "Feature",
      "properties": {
        "building_id": "BLD-WARD7-00110",
        "parcel_id": "ULPIN-IND-DL-00116",
        "height_m": 3.93,
        "floors": 1,
        "structure_type": "Masonry",
        "confidence": 0.918
      },
      "geometry": {
        "type": "Polygon",
        "coordinates": [
          [
            [
              73.73829690205261,
              18.589551952284015
            ],
            [
              73.73829899776855,
              18.589267322074413
            ],
            [
              73.7378488937852,
              18.589264308096162
            ],
            [
              73.73784679732209,
              18.58954893825633
            ],
            [
              73.73829690205261,
              18.589551952284015
            ]
          ]
        ]
      }
    },
    {
      "type": "Feature",
      "properties": {
        "building_id": "BLD-WARD7-00111",
        "parcel_id": "ULPIN-IND-DL-00118",
        "height_m": 7.18,
        "floors": 2,
        "structure_type": "Masonry",
        "confidence": 0.978
      },
      "geometry": {
        "type": "Polygon",
        "coordinates": [
          [
            [
              73.73834913800134,
              18.588892650246173
            ],
            [
              73.73879924109566,
              18.588895662971854
            ],
            [
              73.73880133589799,
              18.58861103268721
            ],
            [
              73.73835123355077,
              18.588608020010945
            ],
            [
              73.73834913800134,
              18.588892650246173
            ]
          ]
        ]
      }
    },
    {
      "type": "Feature",
      "properties": {
        "building_id": "BLD-WARD7-00112",
        "parcel_id": "ULPIN-IND-DL-00119",
        "height_m": 6.74,
        "floors": 2,
        "structure_type": "Masonry",
        "confidence": 0.941
      },
      "geometry": {
        "type": "Polygon",
        "coordinates": [
          [
            [
              73.73834880537096,
              18.58893782964778
            ],
            [
              73.7383467097776,
              18.589222459872797
            ],
            [
              73.73879681373765,
              18.58922547265573
            ],
            [
              73.73879890858387,
              18.5889408423813
            ],
            [
              73.73834880537096,
              18.58893782964778
            ]
          ]
        ]
      }
    },
    {
      "type": "Feature",
      "properties": {
        "building_id": "BLD-WARD7-00113",
        "parcel_id": "ULPIN-IND-DL-00120",
        "height_m": 6.78,
        "floors": 2,
        "structure_type": "Masonry",
        "confidence": 0.91
      },
      "geometry": {
        "type": "Polygon",
        "coordinates": [
          [
            [
              73.73834637714025,
              18.589267639272784
            ],
            [
              73.73834428150295,
              18.589552269487587
            ],
            [
              73.73879438632873,
              18.589555282327776
            ],
            [
              73.7387964812189,
              18.589270652063565
            ],
            [
              73.73834637714025,
              18.589267639272784
            ]
          ]
        ]
      }
    },
    {
      "type": "Feature",
      "properties": {
        "building_id": "BLD-WARD7-00114",
        "parcel_id": "ULPIN-IND-DL-00121",
        "height_m": 9.83,
        "floors": 3,
        "structure_type": "RCC Framed",
        "confidence": 0.936
      },
      "geometry": {
        "type": "Polygon",
        "coordinates": [
          [
            [
              73.738794053803,
              18.589600461733983
            ],
            [
              73.73834394885861,
              18.58959744888595
            ],
            [
              73.73834185317739,
              18.58988207909054
            ],
            [
              73.73879195886896,
              18.589885091987988
            ],
            [
              73.738794053803,
              18.589600461733983
            ]
          ]
        ]
      }
    },
    {
      "type": "Feature",
      "properties": {
        "building_id": "BLD-WARD7-00115",
        "parcel_id": "ULPIN-IND-DL-00122",
        "height_m": 7.08,
        "floors": 2,
        "structure_type": "Masonry",
        "confidence": 0.932
      },
      "geometry": {
        "type": "Polygon",
        "coordinates": [
          [
            [
              73.73884662037376,
              18.588895980038377
            ],
            [
              73.73929672356334,
              18.588898991576595
            ],
            [
              73.73929881753989,
              18.588614361237365
            ],
            [
              73.73884871509745,
              18.588611349748533
            ],
            [
              73.73884662037376,
              18.588895980038377
            ]
          ]
        ]
      }
    },
    {
      "type": "Feature",
      "properties": {
        "building_id": "BLD-WARD7-00116",
        "parcel_id": "ULPIN-IND-DL-00123",
        "height_m": 7.17,
        "floors": 2,
        "structure_type": "Masonry",
        "confidence": 0.974
      },
      "geometry": {
        "type": "Polygon",
        "coordinates": [
          [
            [
              73.73884628787447,
              18.588941159448648
            ],
            [
              73.73884419310689,
              18.589225789728278
            ],
            [
              73.73929429716219,
              18.58922880132374
            ],
            [
              73.73929639118263,
              18.588944170994715
            ],
            [
              73.73884628787447,
              18.588941159448648
            ]
          ]
        ]
      }
    },
    {
      "type": "Feature",
      "properties": {
        "building_id": "BLD-WARD7-00117",
        "parcel_id": "ULPIN-IND-DL-00124",
        "height_m": 6.76,
        "floors": 2,
        "structure_type": "Masonry",
        "confidence": 0.96
      },
      "geometry": {
        "type": "Polygon",
        "coordinates": [
          [
            [
              73.73884386060061,
              18.589270969136933
            ],
            [
              73.7388417657891,
              18.58955559940635
            ],
            [
              73.73929187071015,
              18.589558611059044
            ],
            [
              73.7392939647745,
              18.58927398074023
            ],
            [
              73.73884386060061,
              18.589270969136933
            ]
          ]
        ]
      }
    },
    {
      "type": "Feature",
      "properties": {
        "building_id": "BLD-WARD7-00118",
        "parcel_id": "ULPIN-IND-DL-00125",
        "height_m": 6.61,
        "floors": 2,
        "structure_type": "Masonry",
        "confidence": 0.974
      },
      "geometry": {
        "type": "Polygon",
        "coordinates": [
          [
            [
              73.73929153831551,
              18.589603790473916
            ],
            [
              73.73884143327587,
              18.589600778813384
            ],
            [
              73.73883933842045,
              18.589885409072583
            ],
            [
              73.73928944420726,
              18.589888420782515
            ],
            [
              73.73929153831551,
              18.589603790473916
            ]
          ]
        ]
      }
    },
    {
      "type": "Feature",
      "properties": {
        "building_id": "BLD-WARD7-00119",
        "parcel_id": "ULPIN-IND-DL-00126",
        "height_m": 9.95,
        "floors": 3,
        "structure_type": "RCC Framed",
        "confidence": 0.933
      },
      "geometry": {
        "type": "Polygon",
        "coordinates": [
          [
            [
              73.73979629928705,
              18.588617688475086
            ],
            [
              73.73934619674938,
              18.58861467817369
            ],
            [
              73.73934410285148,
              18.588899308518126
            ],
            [
              73.73979420613625,
              18.588902318868897
            ],
            [
              73.73979629928705,
              18.588617688475086
            ]
          ]
        ]
      }
    },
    {
      "type": "Feature",
      "properties": {
        "building_id": "BLD-WARD7-00120",
        "parcel_id": "ULPIN-IND-DL-00127",
        "height_m": 13.44,
        "floors": 4,
        "structure_type": "RCC Framed",
        "confidence": 0.936
      },
      "geometry": {
        "type": "Polygon",
        "coordinates": [
          [
            [
              73.73979387388663,
              18.588947498295667
            ],
            [
              73.73934377048325,
              18.588944487937063
            ],
            [
              73.73934167654144,
              18.589229118271284
            ],
            [
              73.73979178069196,
              18.589232128679267
            ],
            [
              73.73979387388663,
              18.588947498295667
            ]
          ]
        ]
      }
    },
    {
      "type": "Feature",
      "properties": {
        "building_id": "BLD-WARD7-00121",
        "parcel_id": "ULPIN-IND-DL-00128",
        "height_m": 10.03,
        "floors": 3,
        "structure_type": "RCC Framed",
        "confidence": 0.971
      },
      "geometry": {
        "type": "Polygon",
        "coordinates": [
          [
            [
              73.73979144843535,
              18.589277308104425
            ],
            [
              73.73934134416623,
              18.589274297688604
            ],
            [
              73.73933925018054,
              18.589558928012615
            ],
            [
              73.7397893551968,
              18.589561938477804
            ],
            [
              73.73979144843535,
              18.589277308104425
            ]
          ]
        ]
      }
    },
    {
      "type": "Feature",
      "properties": {
        "building_id": "BLD-WARD7-00122",
        "parcel_id": "ULPIN-IND-DL-00129",
        "height_m": 6.84,
        "floors": 2,
        "structure_type": "Masonry",
        "confidence": 0.921
      },
      "geometry": {
        "type": "Polygon",
        "coordinates": [
          [
            [
              73.73978902293324,
              18.58960711790134
            ],
            [
              73.73933891779838,
              18.58960410742831
            ],
            [
              73.73933682376878,
              18.589888737742108
            ],
            [
              73.7397869296508,
              18.58989174826451
            ],
            [
              73.73978902293324,
              18.58960711790134
            ]
          ]
        ]
      }
    },
    {
      "type": "Feature",
      "properties": {
        "building_id": "BLD-WARD7-00123",
        "parcel_id": "ULPIN-IND-DL-00130",
        "height_m": 3.73,
        "floors": 1,
        "structure_type": "Masonry",
        "confidence": 0.946
      },
      "geometry": {
        "type": "Polygon",
        "coordinates": [
          [
            [
              73.7382778392764,
              18.592140731404758
            ],
            [
              73.73828016823052,
              18.59182447570485
            ],
            [
              73.73783005753418,
              18.591821461282482
            ],
            [
              73.73782772774976,
              18.592137716927468
            ],
            [
              73.7382778392764,
              18.592140731404758
            ]
          ]
        ]
      }
    },
    {
      "type": "Feature",
      "properties": {
        "building_id": "BLD-WARD7-00124",
        "parcel_id": "ULPIN-IND-DL-00131",
        "height_m": 10.17,
        "floors": 3,
        "structure_type": "RCC Framed",
        "confidence": 0.979
      },
      "geometry": {
        "type": "Polygon",
        "coordinates": [
          [
            [
              73.73827517755724,
              18.592502166477043
            ],
            [
              73.73827750656486,
              18.592185910789574
            ],
            [
              73.7378273949196,
              18.592182896304433
            ],
            [
              73.73782506508168,
              18.592499151936977
            ],
            [
              73.73827517755724,
              18.592502166477043
            ]
          ]
        ]
      }
    },
    {
      "type": "Feature",
      "properties": {
        "building_id": "BLD-WARD7-00125",
        "parcel_id": "ULPIN-IND-DL-00132",
        "height_m": 3.91,
        "floors": 1,
        "structure_type": "Masonry",
        "confidence": 0.947
      },
      "geometry": {
        "type": "Polygon",
        "coordinates": [
          [
            [
              73.73827251577693,
              18.592863601535118
            ],
            [
              73.73827484483805,
              18.592547345860083
            ],
            [
              73.73782473224385,
              18.59254433131217
            ],
            [
              73.7378224023524,
              18.592860586932275
            ],
            [
              73.73827251577693,
              18.592863601535118
            ]
          ]
        ]
      }
    },
    {
      "type": "Feature",
      "properties": {
        "building_id": "BLD-WARD7-00126",
        "parcel_id": "ULPIN-IND-DL-00133",
        "height_m": 6.95,
        "floors": 2,
        "structure_type": "Masonry",
        "confidence": 0.921
      },
      "geometry": {
        "type": "Polygon",
        "coordinates": [
          [
            [
              73.7382721830501,
              18.592908780916375
            ],
            [
              73.73782206950695,
              18.592905766305684
            ],
            [
              73.73781973956197,
              18.59322202191336
            ],
            [
              73.73826985393549,
              18.593225036578968
            ],
            [
              73.7382721830501,
              18.592908780916375
            ]
          ]
        ]
      }
    },
    {
      "type": "Feature",
      "properties": {
        "building_id": "BLD-WARD7-00127",
        "parcel_id": "ULPIN-IND-DL-00134",
        "height_m": 3.55,
        "floors": 1,
        "structure_type": "Masonry",
        "confidence": 0.965
      },
      "geometry": {
        "type": "Polygon",
        "coordinates": [
          [
            [
              73.73832521944212,
              18.592141048655655
            ],
            [
              73.73877533106405,
              18.592144061945273
            ],
            [
              73.73877765910046,
              18.59182780618468
            ],
            [
              73.73832754830883,
              18.59182479294996
            ],
            [
              73.73832521944212,
              18.592141048655655
            ]
          ]
        ]
      }
    },
    {
      "type": "Feature",
      "properties": {
        "building_id": "BLD-WARD7-00128",
        "parcel_id": "ULPIN-IND-DL-00135",
        "height_m": 6.87,
        "floors": 2,
        "structure_type": "Masonry",
        "confidence": 0.977
      },
      "geometry": {
        "type": "Polygon",
        "coordinates": [
          [
            [
              73.73832488674306,
              18.592186228041285
            ],
            [
              73.73832255782284,
              18.592502483734542
            ],
            [
              73.73877267039371,
              18.59250549708691
            ],
            [
              73.73877499848359,
              18.59218924133875
            ],
            [
              73.73832488674306,
              18.592186228041285
            ]
          ]
        ]
      }
    },
    {
      "type": "Feature",
      "properties": {
        "building_id": "BLD-WARD7-00129",
        "parcel_id": "ULPIN-IND-DL-00136",
        "height_m": 3.48,
        "floors": 1,
        "structure_type": "Masonry",
        "confidence": 0.928
      },
      "geometry": {
        "type": "Polygon",
        "coordinates": [
          [
            [
              73.73832222511614,
              18.592547663118403
            ],
            [
              73.73831989614243,
              18.59286391879922
            ],
            [
              73.73877000966226,
              18.592866932214335
            ],
            [
              73.73877233780563,
              18.592550676478616
            ],
            [
              73.73832222511614,
              18.592547663118403
            ]
          ]
        ]
      }
    },
    {
      "type": "Feature",
      "properties": {
        "building_id": "BLD-WARD7-00130",
        "parcel_id": "ULPIN-IND-DL-00137",
        "height_m": 10.32,
        "floors": 3,
        "structure_type": "RCC Framed",
        "confidence": 0.958
      },
      "geometry": {
        "type": "Polygon",
        "coordinates": [
          [
            [
              73.73876967706653,
              18.592912111604267
            ],
            [
              73.73831956342808,
              18.592909098181305
            ],
            [
              73.73831723440087,
              18.593225353849682
            ],
            [
              73.73876734886969,
              18.593228367327548
            ],
            [
              73.73876967706653,
              18.592912111604267
            ]
          ]
        ]
      }
    },
    {
      "type": "Feature",
      "properties": {
        "building_id": "BLD-WARD7-00131",
        "parcel_id": "ULPIN-IND-DL-00138",
        "height_m": 3.73,
        "floors": 1,
        "structure_type": "Masonry",
        "confidence": 0.915
      },
      "geometry": {
        "type": "Polygon",
        "coordinates": [
          [
            [
              73.7388227112398,
              18.592144379071147
            ],
            [
              73.73927282295699,
              18.59214739117309
            ],
            [
              73.7392751500757,
              18.591831135351832
            ],
            [
              73.7388250391888,
              18.591828123304772
            ],
            [
              73.7388227112398,
              18.592144379071147
            ]
          ]
        ]
      }
    },
    {
      "type": "Feature",
      "properties": {
        "building_id": "BLD-WARD7-00132",
        "parcel_id": "ULPIN-IND-DL-00139",
        "height_m": 6.92,
        "floors": 2,
        "structure_type": "Masonry",
        "confidence": 0.972
      },
      "geometry": {
        "type": "Polygon",
        "coordinates": [
          [
            [
              73.73882237867183,
              18.59218955846545
            ],
            [
              73.73882005066935,
              18.592505814219386
            ],
            [
              73.73927016333549,
              18.59250882638405
            ],
            [
              73.73927249050764,
              18.592192570575236
            ],
            [
              73.73882237867183,
              18.59218955846545
            ]
          ]
        ]
      }
    },
    {
      "type": "Feature",
      "properties": {
        "building_id": "BLD-WARD7-00133",
        "parcel_id": "ULPIN-IND-DL-00140",
        "height_m": 9.85,
        "floors": 3,
        "structure_type": "RCC Framed",
        "confidence": 0.932
      },
      "geometry": {
        "type": "Polygon",
        "coordinates": [
          [
            [
              73.73881971809375,
              18.592550993611916
            ],
            [
              73.73881739003778,
              18.592867249353418
            ],
            [
              73.73926750365288,
              18.59287026158081
            ],
            [
              73.73926983087848,
              18.59255400578443
            ],
            [
              73.73881971809375,
              18.592550993611916
            ]
          ]
        ]
      }
    },
    {
      "type": "Feature",
      "properties": {
        "building_id": "BLD-WARD7-00134",
        "parcel_id": "ULPIN-IND-DL-00141",
        "height_m": 3.66,
        "floors": 1,
        "structure_type": "Masonry",
        "confidence": 0.937
      },
      "geometry": {
        "type": "Polygon",
        "coordinates": [
          [
            [
              73.73926717118825,
              18.59291544097941
            ],
            [
              73.73881705745454,
              18.592912428744174
            ],
            [
              73.73881472934511,
              18.593228684473235
            ],
            [
              73.73926484390918,
              18.59323169676335
            ],
            [
              73.73926717118825,
              18.59291544097941
            ]
          ]
        ]
      }
    },
    {
      "type": "Feature",
      "properties": {
        "building_id": "BLD-WARD7-00135",
        "parcel_id": "ULPIN-IND-DL-00142",
        "height_m": 6.67,
        "floors": 2,
        "structure_type": "Masonry",
        "confidence": 0.921
      },
      "geometry": {
        "type": "Polygon",
        "coordinates": [
          [
            [
              73.73977264115616,
              18.591834463206315
            ],
            [
              73.73932253017406,
              18.59183145234691
            ],
            [
              73.73932020314275,
              18.592147708173943
            ],
            [
              73.73977031495517,
              18.59215071908821
            ],
            [
              73.73977264115616,
              18.591834463206315
            ]
          ]
        ]
      }
    },
    {
      "type": "Feature",
      "properties": {
        "building_id": "BLD-WARD7-00136",
        "parcel_id": "ULPIN-IND-DL-00143",
        "height_m": 6.75,
        "floors": 2,
        "structure_type": "Masonry",
        "confidence": 0.911
      },
      "geometry": {
        "type": "Polygon",
        "coordinates": [
          [
            [
              73.73976998263691,
              18.592195898499025
            ],
            [
              73.7393198707059,
              18.592192887576914
            ],
            [
              73.73931754362114,
              18.59250914339151
            ],
            [
              73.73976765638248,
              18.59251215436848
            ],
            [
              73.73976998263691,
              18.592195898499025
            ]
          ]
        ]
      }
    },
    {
      "type": "Feature",
      "properties": {
        "building_id": "BLD-WARD7-00137",
        "parcel_id": "ULPIN-IND-DL-00144",
        "height_m": 13.45,
        "floors": 4,
        "structure_type": "RCC Framed",
        "confidence": 0.937
      },
      "geometry": {
        "type": "Polygon",
        "coordinates": [
          [
            [
              73.7397673240566,
              18.592557333777517
            ],
            [
              73.73931721117663,
              18.592554322792708
            ],
            [
              73.73931488403842,
              18.592870578594866
            ],
            [
              73.73976499774874,
              18.592873589634536
            ],
            [
              73.7397673240566,
              18.592557333777517
            ]
          ]
        ]
      }
    },
    {
      "type": "Feature",
      "properties": {
        "building_id": "BLD-WARD7-00138",
        "parcel_id": "ULPIN-IND-DL-00145",
        "height_m": 3.42,
        "floors": 1,
        "structure_type": "Masonry",
        "confidence": 0.975
      },
      "geometry": {
        "type": "Polygon",
        "coordinates": [
          [
            [
              73.73976466541522,
              18.59291876904179
            ],
            [
              73.73931455158629,
              18.592915757994287
            ],
            [
              73.73931222439461,
              18.593232013784007
            ],
            [
              73.73976233905391,
              18.593235024886376
            ],
            [
              73.73976466541522,
              18.59291876904179
            ]
          ]
        ]
      }
    },
    {
      "type": "Feature",
      "properties": {
        "building_id": "BLD-WARD7-00139",
        "parcel_id": "ULPIN-IND-DL-00146",
        "height_m": 9.82,
        "floors": 3,
        "structure_type": "RCC Framed",
        "confidence": 0.944
      },
      "geometry": {
        "type": "Polygon",
        "coordinates": [
          [
            [
              73.73829141309307,
              18.590297412315007
            ],
            [
              73.73829360870809,
              18.58999922830986
            ],
            [
              73.73784350280346,
              18.58999621420449
            ],
            [
              73.73784130640567,
              18.590294398157848
            ],
            [
              73.73829141309307,
              18.590297412315007
            ]
          ]
        ]
      }
    },
    {
      "type": "Feature",
      "properties": {
        "building_id": "BLD-WARD7-00140",
        "parcel_id": "ULPIN-IND-DL-00147",
        "height_m": 3.61,
        "floors": 1,
        "structure_type": "Masonry",
        "confidence": 0.937
      },
      "geometry": {
        "type": "Polygon",
        "coordinates": [
          [
            [
              73.73828888475755,
              18.590640775702877
            ],
            [
              73.7382910804205,
              18.59034259170888
            ],
            [
              73.7378409736145,
              18.590339577543876
            ],
            [
              73.73783877716876,
              18.59063776148609
            ],
            [
              73.73828888475755,
              18.590640775702877
            ]
          ]
        ]
      }
    },
    {
      "type": "Feature",
      "properties": {
        "building_id": "BLD-WARD7-00141",
        "parcel_id": "ULPIN-IND-DL-00148",
        "height_m": 6.62,
        "floors": 2,
        "structure_type": "Masonry",
        "confidence": 0.97
      },
      "geometry": {
        "type": "Polygon",
        "coordinates": [
          [
            [
              73.73828635636684,
              18.59098413907793
            ],
            [
              73.7382885520777,
              18.59068595509506
            ],
            [
              73.73783844437033,
              18.590682940870426
            ],
            [
              73.73783624787667,
              18.590981124801505
            ],
            [
              73.73828635636684,
              18.59098413907793
            ]
          ]
        ]
      }
    },
    {
      "type": "Feature",
      "properties": {
        "building_id": "BLD-WARD7-00142",
        "parcel_id": "ULPIN-IND-DL-00149",
        "height_m": 10.3,
        "floors": 3,
        "structure_type": "RCC Framed",
        "confidence": 0.949
      },
      "geometry": {
        "type": "Polygon",
        "coordinates": [
          [
            [
              73.73828382792097,
              18.591327502440144
            ],
            [
              73.73828602367975,
              18.591029318468426
            ],
            [
              73.73783591507096,
              18.591026304184155
            ],
            [
              73.73783371852936,
              18.591324488104092
            ],
            [
              73.73828382792097,
              18.591327502440144
            ]
          ]
        ]
      }
    },
    {
      "type": "Feature",
      "properties": {
        "building_id": "BLD-WARD7-00143",
        "parcel_id": "ULPIN-IND-DL-00150",
        "height_m": 6.63,
        "floors": 2,
        "structure_type": "Masonry",
        "confidence": 0.955
      },
      "geometry": {
        "type": "Polygon",
        "coordinates": [
          [
            [
              73.73828349522661,
              18.591372681828954
            ],
            [
              73.7378333857164,
              18.591369667485054
            ],
            [
              73.73783118912685,
              18.59166785139385
            ],
            [
              73.7382812994199,
              18.591670865789542
            ],
            [
              73.73828349522661,
              18.591372681828954
            ]
          ]
        ]
      }
    },
    {
      "type": "Feature",
      "properties": {
        "building_id": "BLD-WARD7-00144",
        "parcel_id": "ULPIN-IND-DL-00151",
        "height_m": 7.2,
        "floors": 2,
        "structure_type": "Masonry",
        "confidence": 0.946
      },
      "geometry": {
        "type": "Polygon",
        "coordinates": [
          [
            [
              73.73833879274939,
              18.5902977295322
            ],
            [
              73.73878889953207,
              18.590300742501807
            ],
            [
              73.73879109428194,
              18.59000255843945
            ],
            [
              73.73834098828202,
              18.58999954552161
            ],
            [
              73.73833879274939,
              18.5902977295322
            ]
          ]
        ]
      }
    },
    {
      "type": "Feature",
      "properties": {
        "building_id": "BLD-WARD7-00145",
        "parcel_id": "ULPIN-IND-DL-00152",
        "height_m": 7.05,
        "floors": 2,
        "structure_type": "Masonry",
        "confidence": 0.918
      },
      "geometry": {
        "type": "Polygon",
        "coordinates": [
          [
            [
              73.7383384600893,
              18.590342908926903
            ],
            [
              73.73833626450875,
              18.590641092926354
            ],
            [
              73.73878637219282,
              18.59064410595557
            ],
            [
              73.73878856699058,
              18.590345921904348
            ],
            [
              73.7383384600893,
              18.590342908926903
            ]
          ]
        ]
      }
    },
    {
      "type": "Feature",
      "properties": {
        "building_id": "BLD-WARD7-00146",
        "parcel_id": "ULPIN-IND-DL-00153",
        "height_m": 6.73,
        "floors": 2,
        "structure_type": "Masonry",
        "confidence": 0.93
      },
      "geometry": {
        "type": "Polygon",
        "coordinates": [
          [
            [
              73.7383359318414,
              18.590686272319367
            ],
            [
              73.73833373621294,
              18.590984456307677
            ],
            [
              73.73878384479842,
              18.590987469396506
            ],
            [
              73.73878603964408,
              18.590689285356422
            ],
            [
              73.7383359318414,
              18.590686272319367
            ]
          ]
        ]
      }
    },
    {
      "type": "Feature",
      "properties": {
        "building_id": "BLD-WARD7-00147",
        "parcel_id": "ULPIN-IND-DL-00154",
        "height_m": 6.79,
        "floors": 2,
        "structure_type": "Masonry",
        "confidence": 0.964
      },
      "geometry": {
        "type": "Polygon",
        "coordinates": [
          [
            [
              73.73833340353832,
              18.591029635699
            ],
            [
              73.73833120786195,
              18.591327819676174
            ],
            [
              73.73878131734885,
              18.59133083282461
            ],
            [
              73.7387835122424,
              18.591032648795675
            ],
            [
              73.73833340353832,
              18.591029635699
            ]
          ]
        ]
      }
    },
    {
      "type": "Feature",
      "properties": {
        "building_id": "BLD-WARD7-00148",
        "parcel_id": "ULPIN-IND-DL-00155",
        "height_m": 7.02,
        "floors": 2,
        "structure_type": "Masonry",
        "confidence": 0.938
      },
      "geometry": {
        "type": "Polygon",
        "coordinates": [
          [
            [
              73.73878098478558,
              18.59137601222209
            ],
            [
              73.73833087518007,
              18.591372999065808
            ],
            [
              73.73832867945578,
              18.591671183031846
            ],
            [
              73.7387787898441,
              18.59167419623989
            ],
            [
              73.73878098478558,
              18.59137601222209
            ]
          ]
        ]
      }
    },
    {
      "type": "Feature",
      "properties": {
        "building_id": "BLD-WARD7-00149",
        "parcel_id": "ULPIN-IND-DL-00157",
        "height_m": 13.35,
        "floors": 4,
        "structure_type": "RCC Framed",
        "confidence": 0.942
      },
      "geometry": {
        "type": "Polygon",
        "coordinates": [
          [
            [
              73.73883594666943,
              18.590346238997366
            ],
            [
              73.73883375195405,
              18.590644423054034
            ],
            [
              73.73928385973338,
              18.590647434895676
            ],
            [
              73.73928605366596,
              18.590349250787266
            ],
            [
              73.73883594666943,
              18.590346238997366
            ]
          ]
        ]
      }
    },
    {
      "type": "Feature",
      "properties": {
        "building_id": "BLD-WARD7-00150",
        "parcel_id": "ULPIN-IND-DL-00158",
        "height_m": 3.85,
        "floors": 1,
        "structure_type": "Masonry",
        "confidence": 0.927
      },
      "geometry": {
        "type": "Polygon",
        "coordinates": [
          [
            [
              73.7388334194178,
              18.590689602455715
            ],
            [
              73.73883122465452,
              18.590987786501245
            ],
            [
              73.73928133333526,
              18.590990798402476
            ],
            [
              73.73928352731572,
              18.590692614305198
            ],
            [
              73.7388334194178,
              18.590689602455715
            ]
          ]
        ]
      }
    },
    {
      "type": "Feature",
      "properties": {
        "building_id": "BLD-WARD7-00151",
        "parcel_id": "ULPIN-IND-DL-00159",
        "height_m": 3.48,
        "floors": 1,
        "structure_type": "Masonry",
        "confidence": 0.923
      },
      "geometry": {
        "type": "Polygon",
        "coordinates": [
          [
            [
              73.73883089211101,
              18.59103296590124
            ],
            [
              73.73882869729985,
              18.591331149935627
            ],
            [
              73.739278806882,
              18.591334161896437
            ],
            [
              73.73928100091035,
              18.5910359778103
            ],
            [
              73.73883089211101,
              18.59103296590124
            ]
          ]
        ]
      }
    },
    {
      "type": "Feature",
      "properties": {
        "building_id": "BLD-WARD7-00152",
        "parcel_id": "ULPIN-IND-DL-00160",
        "height_m": 6.83,
        "floors": 2,
        "structure_type": "Masonry",
        "confidence": 0.946
      },
      "geometry": {
        "type": "Polygon",
        "coordinates": [
          [
            [
              73.73927847444985,
              18.591379341302584
            ],
            [
              73.73882836474907,
              18.59137632933393
            ],
            [
              73.73882616989,
              18.591674513357177
            ],
            [
              73.73927628037362,
              18.59167752537758
            ],
            [
              73.73927847444985,
              18.591379341302584
            ]
          ]
        ]
      }
    },
    {
      "type": "Feature",
      "properties": {
        "building_id": "BLD-WARD7-00153",
        "parcel_id": "ULPIN-IND-DL-00161",
        "height_m": 10.38,
        "floors": 3,
        "structure_type": "RCC Framed",
        "confidence": 0.971
      },
      "geometry": {
        "type": "Polygon",
        "coordinates": [
          [
            [
              73.73978606574543,
              18.59000921476102
            ],
            [
              73.73933595955504,
              18.590006204218245
            ],
            [
              73.73933376575273,
              18.59030438834325
            ],
            [
              73.73978387272588,
              18.590307398937753
            ],
            [
              73.73978606574543,
              18.59000921476102
            ]
          ]
        ]
      }
    },
    {
      "type": "Feature",
      "properties": {
        "building_id": "BLD-WARD7-00154",
        "parcel_id": "ULPIN-IND-DL-00162",
        "height_m": 6.9,
        "floors": 2,
        "structure_type": "Masonry",
        "confidence": 0.916
      },
      "geometry": {
        "type": "Polygon",
        "coordinates": [
          [
            [
              73.73978354044658,
              18.59035257835762
            ],
            [
              73.73933343335483,
              18.59034956775528
            ],
            [
              73.73933123950464,
              18.590647751869135
            ],
            [
              73.73978134737918,
              18.590650762523204
            ],
            [
              73.73978354044658,
              18.59035257835762
            ]
          ]
        ]
      }
    },
    {
      "type": "Feature",
      "properties": {
        "building_id": "BLD-WARD7-00155",
        "parcel_id": "ULPIN-IND-DL-00163",
        "height_m": 3.44,
        "floors": 1,
        "structure_type": "Masonry",
        "confidence": 0.926
      },
      "geometry": {
        "type": "Polygon",
        "coordinates": [
          [
            [
              73.73978101509262,
              18.590695941941387
            ],
            [
              73.73933090709947,
              18.590692931279484
            ],
            [
              73.7393287132014,
              18.590991115382206
            ],
            [
              73.73977882197735,
              18.590994126095836
            ],
            [
              73.73978101509262,
              18.590695941941387
            ]
          ]
        ]
      }
    },
    {
      "type": "Feature",
      "properties": {
        "building_id": "BLD-WARD7-00156",
        "parcel_id": "ULPIN-IND-DL-00164",
        "height_m": 3.74,
        "floors": 1,
        "structure_type": "Masonry",
        "confidence": 0.956
      },
      "geometry": {
        "type": "Polygon",
        "coordinates": [
          [
            [
              73.73977848968353,
              18.591039305512332
            ],
            [
              73.73932838078898,
              18.591036294790865
            ],
            [
              73.73932618684303,
              18.59133447888244
            ],
            [
              73.7397762965204,
              18.591337489655636
            ],
            [
              73.73977848968353,
              18.591039305512332
            ]
          ]
        ]
      }
    },
    {
      "type": "Feature",
      "properties": {
        "building_id": "BLD-WARD7-00157",
        "parcel_id": "ULPIN-IND-DL-00165",
        "height_m": 6.89,
        "floors": 2,
        "structure_type": "Masonry",
        "confidence": 0.916
      },
      "geometry": {
        "type": "Polygon",
        "coordinates": [
          [
            [
              73.73977596421935,
              18.591382669070445
            ],
            [
              73.73932585442336,
              18.59137965828941
            ],
            [
              73.73932366042953,
              18.591677842369855
            ],
            [
              73.73977377100834,
              18.59168085320261
            ],
            [
              73.73977596421935,
              18.591382669070445
            ]
          ]
        ]
      }
    }
  ]
}