{
  "type": "FeatureCollection",
  "features": [
    {
      "type": "Feature",
      "properties": {
        "parcel_id": "ULPIN-2026-2246-00001",
        "survey_number": "UNSURVEYED-1",
        "area_sqm": 1126.08,
        "perimeter_m": 200.59,
        "confidence_score": 0.612,
        "verification_status": "Needs GT Verification",
        "building_count": 2,
        "building_coverage_ratio": 0.08,
        "landuse_class": "Residential",
        "owner_record": "Unregistered / Pending Survey",
        "has_gnss_control": false,
        "tax_assessment_annual_inr": 2083247,
        "tax_rate_per_sqm": 1850,
        "lulc_confidence": 0.908
      },
      "geometry": {
        "type": "Polygon",
        "coordinates": [
          [
            [
              77.229838317383,
              28.615062886022752
            ],
            [
              77.22964562752003,
              28.61502126161522
            ],
            [
              77.22965735214528,
              28.615576100127267
            ],
            [
              77.22967959795004,
              28.615567865640585
            ],
            [
              77.22968053552987,
              28.61556688065951
            ],
            [
              77.22968322601919,
              28.615564560085723
            ],
            [
              77.22968616131915,
              28.61556248339056
            ],
            [
              77.22968931316119,
              28.61556067057373
            ],
            [
              77.22981731499775,
              28.61549470983131
            ],
            [
              77.22971893934309,
              28.615496328618804
            ],
            [
              77.22971517882631,
              28.615496227570876
            ],
            [
              77.22971144764175,
              28.61549580175641
            ],
            [
              77.22970778172274,
              28.615495055276245
            ],
            [
              77.22970421637415,
              28.615493995319376
            ],
            [
              77.22970078593225,
              28.61549263209379
            ],
            [
              77.2296975234341,
              28.6154909787281
            ],
            [
              77.22969446029937,
              28.61548905114513
            ],
            [
              77.22969162602772,
              28.61548686790858
            ],
            [
              77.22968904791473,
              28.61548445004422
            ],
            [
              77.22968675078907,
              28.615481820837424
            ],
            [
              77.2296847567733,
              28.615479005608897
            ],
            [
              77.22968308507086,
              28.615476031470852
            ],
            [
              77.22968175178113,
              28.615472927065873
            ],
            [
              77.2296807697444,
              28.615469722291103
            ],
            [
              77.22968014841821,
              28.615466448010256
            ],
            [
              77.22967989378623,
              28.615463135756478
            ],
            [
              77.22968000830066,
              28.615459817428572
            ],
            [
              77.22968049085864,
              28.615456524983863
            ],
            [
              77.22968133681283,
              28.61545329013039
            ],
            [
              77.2296825380162,
              28.615450144021544
            ],
            [
              77.22968408290049,
              28.61544711695607
            ],
            [
              77.22968595658756,
              28.61544423808626
            ],
            [
              77.2296881410328,
              28.615441535137183
            ],
            [
              77.22969061519878,
              28.61543903413972
            ],
            [
              77.22969335525791,
              28.615436759179804
            ],
            [
              77.2296938193495,
              28.615436443455817
            ],
            [
              77.2296941595947,
              28.615436022449348
            ],
            [
              77.2296966337604,
              28.61543352145178
            ],
            [
              77.22969937381926,
              28.615431246491756
            ],
            [
              77.229702353383,
              28.61542921947838
            ],
            [
              77.22970554375682,
              28.615427459932874
            ],
            [
              77.22970891421568,
              28.615425984800602
            ],
            [
              77.22971243230025,
              28.6154248082879
            ],
            [
              77.22971606412943,
              28.615423941725208
            ],
            [
              77.22971977472682,
              28.615423393457995
            ],
            [
              77.22972352835731,
              28.61542316876635
            ],
            [
              77.22992693695159,
              28.615419821564387
            ],
            [
              77.22993069746539,
              28.615419922606566
            ],
            [
              77.22993442864772,
              28.615420348415093
            ],
            [
              77.22993809456526,
              28.61542109488919
            ],
            [
              77.22994165991324,
              28.61542215483992
            ],
            [
              77.22994509035546,
              28.615423518059366
            ],
            [
              77.2299483528549,
              28.61542517141901
            ],
            [
              77.22995141599193,
              28.615427098996097
            ],
            [
              77.22995425026689,
              28.615429282227016
            ],
            [
              77.22995682838415,
              28.615431700086088
            ],
            [
              77.22995912551502,
              28.615434329288007
            ],
            [
              77.22996111953691,
              28.615437144512153
            ],
            [
              77.22996279124627,
              28.615440118646376
            ],
            [
              77.22996412454357,
              28.615443223048164
            ],
            [
              77.22996510658847,
              28.615446427820427
            ],
            [
              77.22996572792326,
              28.615449702099493
            ],
            [
              77.22996598256411,
              28.615453014352244
            ],
            [
              77.2299658680587,
              28.615456332679894
            ],
            [
              77.2299653855097,
              28.61545962512512
            ],
            [
              77.2299645395643,
              28.615462859979896
            ],
            [
              77.22996333836942,
              28.61546600609078
            ],
            [
              77.22996179349315,
              28.615469033158995
            ],
            [
              77.22995991981347,
              28.615471912032223
            ],
            [
              77.22995945502572,
              28.615472487145453
            ],
            [
              77.22996005585635,
              28.61547532105596
            ],
            [
              77.22996038190466,
              28.61547862843122
            ],
            [
              77.22996033900453,
              28.61548194808099
            ],
            [
              77.2299603141628,
              28.615482147326315
            ],
            [
              77.22996039191675,
              28.615483036363173
            ],
            [
              77.22998240808624,
              28.615473794992077
            ],
            [
              77.229838317383,
              28.615062886022752
            ]
          ]
        ]
      }
    },
    {
      "type": "Feature",
      "properties": {
        "parcel_id": "ULPIN-2026-2246-00002",
        "survey_number": "UNSURVEYED-2",
        "area_sqm": 633.51,
        "perimeter_m": 133.15,
        "confidence_score": 0.75,
        "verification_status": "Needs GT Verification",
        "building_count": 1,
        "building_coverage_ratio": 1.0,
        "landuse_class": "Commercial",
        "owner_record": "Unregistered / Pending Survey",
        "has_gnss_control": false,
        "tax_assessment_annual_inr": 2660742,
        "tax_rate_per_sqm": 4200,
        "lulc_confidence": 0.933
      },
      "geometry": {
        "type": "Polygon",
        "coordinates": [
          [
            [
              77.23094665252853,
              28.614348576145854
            ],
            [
              77.23094756975863,
              28.614348959483586
            ],
            [
              77.2309507956893,
              28.614350667750614
            ],
            [
              77.2309538163366,
              28.61435264681069
            ],
            [
              77.23095660261002,
              28.614354877604402
            ],
            [
              77.23095912767624,
              28.614357338647974
            ],
            [
              77.23096136721753,
              28.614360006240258
            ],
            [
              77.23096329966583,
              28.61436285469089
            ],
            [
              77.2309649064106,
              28.614365856567733
            ],
            [
              77.23096617197803,
              28.6143689829611
            ],
            [
              77.23096708417991,
              28.614372203762112
            ],
            [
              77.23096763423126,
              28.614375487952717
            ],
            [
              77.23096781683476,
              28.614378803904366
            ],
            [
              77.23096763023179,
              28.614382119682624
            ],
            [
              77.23096707621939,
              28.614385403354753
            ],
            [
              77.23096616013297,
              28.614388623297184
            ],
            [
              77.23096489079494,
              28.614391748500104
            ],
            [
              77.23096328042966,
              28.614394748866086
            ],
            [
              77.23096134454583,
              28.614397595499973
            ],
            [
              77.23095910178702,
              28.614400260987097
            ],
            [
              77.23095657375224,
              28.614402719657352
            ],
            [
              77.23095378478783,
              28.614404947832384
            ],
            [
              77.23095076175305,
              28.61440692405363
            ],
            [
              77.23094753376135,
              28.61440862928898
            ],
            [
              77.23094413190013,
              28.614410047116092
            ],
            [
              77.23094085163733,
              28.614411081073982
            ],
            [
              77.23094031484301,
              28.614411473669996
            ],
            [
              77.23093719684019,
              28.6144133314456
            ],
            [
              77.23093388749439,
              28.61441491059166
            ],
            [
              77.23093223982514,
              28.61441552110605
            ],
            [
              77.23093267679975,
              28.614417823770175
            ],
            [
              77.23093293146604,
              28.61442113602003
            ],
            [
              77.23093281698992,
              28.614424454347212
            ],
            [
              77.23093233447379,
              28.61442774679442
            ],
            [
              77.23093148856452,
              28.614430981653573
            ],
            [
              77.23093028740865,
              28.61443412777122
            ],
            [
              77.23092874257392,
              28.614437154848517
            ],
            [
              77.23092686893794,
              28.614440033733047
            ],
            [
              77.2309246845448,
              28.614442736699562
            ],
            [
              77.2309222104314,
              28.614445237716993
            ],
            [
              77.23091869995248,
              28.614448453225133
            ],
            [
              77.23092307916113,
              28.614447907121313
            ],
            [
              77.23093084447616,
              28.614444254588612
            ],
            [
              77.23093424732349,
              28.614442838603185
            ],
            [
              77.23093779106914,
              28.614441723756627
            ],
            [
              77.2309414415849,
              28.614440920785494
            ],
            [
              77.23094516371437,
              28.614440437422843
            ],
            [
              77.23094892161143,
              28.614440278323716
            ],
            [
              77.23095267908552,
              28.61444044502031
            ],
            [
              77.23095639995013,
              28.614440935907254
            ],
            [
              77.23096004837133,
              28.614441746257047
            ],
            [
              77.23096355998325,
              28.61444285900339
            ],
            [
              77.23107416790398,
              28.6144290656965
            ],
            [
              77.23107588885398,
              28.6144285399495
            ],
            [
              77.23107954756567,
              28.61442776657269
            ],
            [
              77.23108327456433,
              28.61442731337079
            ],
            [
              77.23108703395692,
              28.614427184708358
            ],
            [
              77.2310889859852,
              28.61442728716288
            ],
            [
              77.23109115310626,
              28.61442711207353
            ],
            [
              77.2310949152365,
              28.614427134882334
            ],
            [
              77.23109865671753,
              28.614427482977117
            ],
            [
              77.23110234151686,
              28.61442815300553
            ],
            [
              77.2311059341479,
              28.614429138514833
            ],
            [
              77.23110940001169,
              28.614430430014043
            ],
            [
              77.23111270573006,
              28.61443201506533
            ],
            [
              77.23111581946719,
              28.614433878403787
            ],
            [
              77.23111871123609,
              28.61443600208447
            ],
            [
              77.23112135318745,
              28.614438365655175
            ],
            [
              77.23112371987786,
              28.614440946353447
            ],
            [
              77.23112578851476,
              28.61444371932576
            ],
            [
              77.23112753917603,
              28.614446657866896
            ],
            [
              77.23112786273614,
              28.61444736078493
            ],
            [
              77.23131752764029,
              28.614587628729033
            ],
            [
              77.2311787497445,
              28.61419898972701
            ],
            [
              77.23094665252853,
              28.614348576145854
            ]
          ]
        ]
      }
    },
    {
      "type": "Feature",
      "properties": {
        "parcel_id": "ULPIN-2026-2246-00003",
        "survey_number": "UNSURVEYED-3",
        "area_sqm": 3832.19,
        "perimeter_m": 758.36,
        "confidence_score": 0.687,
        "verification_status": "Needs GT Verification",
        "building_count": 2,
        "building_coverage_ratio": 0.577,
        "landuse_class": "Vacant/Green",
        "owner_record": "Unregistered / Pending Survey",
        "has_gnss_control": false,
        "tax_assessment_annual_inr": 1724485,
        "tax_rate_per_sqm": 450,
        "lulc_confidence": 0.951
      },
      "geometry": {
        "type": "Polygon",
        "coordinates": [
          [
            [
              77.229838317383,
              28.615062886022752
            ],
            [
              77.22998240808624,
              28.615473794992077
            ],
            [
              77.23013787274778,
              28.615408537963006
            ],
            [
              77.23014134540699,
              28.615407260684332
            ],
            [
              77.23014494322248,
              28.615406289912023
            ],
            [
              77.23014863154538,
              28.615405634995142
            ],
            [
              77.2301523748551,
              28.61540530224088
            ],
            [
              77.23015613710157,
              28.615405294853844
            ],
            [
              77.23015988205236,
              28.615405612905175
            ],
            [
              77.23016357364156,
              28.615406253331848
            ],
            [
              77.2301671763172,
              28.61540720996624
            ],
            [
              77.23017065538355,
              28.61540847359542
            ],
            [
              77.23017397733534,
              28.615410032049965
            ],
            [
              77.23017711018038,
              28.615411870321125
            ],
            [
              77.23018002374765,
              28.61541397070534
            ],
            [
              77.23018268997795,
              28.6154163129748
            ],
            [
              77.23018508319402,
              28.615418874572153
            ],
            [
              77.23018718034787,
              28.615421630827857
            ],
            [
              77.23018896124275,
              28.615424555197677
            ],
            [
              77.23019040872764,
              28.61542761951833
            ],
            [
              77.23019150886245,
              28.61543079427875
            ],
            [
              77.23019225105227,
              28.615434048904284
            ],
            [
              77.23019262814937,
              28.615437352051096
            ],
            [
              77.23019263652206,
              28.615440671908104
            ],
            [
              77.23019227608967,
              28.615443976503254
            ],
            [
              77.23019155032333,
              28.615447234011487
            ],
            [
              77.23019046621252,
              28.615450413061225
            ],
            [
              77.23019041694619,
              28.61545051867914
            ],
            [
              77.23058100980907,
              28.615312020730133
            ],
            [
              77.23057658295333,
              28.615310773190508
            ],
            [
              77.2305719769877,
              28.61530901971499
            ],
            [
              77.23056758797445,
              28.61530687630486
            ],
            [
              77.23056422879415,
              28.615304832468244
            ],
            [
              77.23044691980624,
              28.615325035900263
            ],
            [
              77.23044319631167,
              28.615325511202254
            ],
            [
              77.23043943795096,
              28.615325662163993
            ],
            [
              77.2304356809192,
              28.615325487331653
            ],
            [
              77.23043196139868,
              28.615324988388952
            ],
            [
              77.23042831521046,
              28.615324170140994
            ],
            [
              77.23042477746935,
              28.615323040467953
            ],
            [
              77.23042138224578,
              28.6153216102492
            ],
            [
              77.23041816223761,
              28.615319893258544
            ],
            [
              77.23041514845532,
              28.61531790603155
            ],
            [
              77.23041236992327,
              28.615315667706323
            ],
            [
              77.23040985340027,
              28.615313199839164
            ],
            [
              77.23040762312178,
              28.615310526197003
            ],
            [
              77.23040570056662,
              28.615307672528484
            ],
            [
              77.23040410425001,
              28.615304666316018
            ],
            [
              77.23040284954537,
              28.615301536511083
            ],
            [
              77.23040194853613,
              28.615298313255412
            ],
            [
              77.23040140989947,
              28.61529502759075
            ],
            [
              77.23040123882274,
              28.615291711159838
            ],
            [
              77.23040143695347,
              28.615288395901725
            ],
            [
              77.2304020023835,
              28.615285113744147
            ],
            [
              77.2304029296674,
              28.61528189629609
            ],
            [
              77.23040420987492,
              28.615278774543317
            ],
            [
              77.2304058306769,
              28.61527577855002
            ],
            [
              77.2304077764641,
              28.615272937169234
            ],
            [
              77.23041002849754,
              28.615270277764996
            ],
            [
              77.23041256508887,
              28.615267825948802
            ],
            [
              77.23041536180934,
              28.61526560533299
            ],
            [
              77.23041839172498,
              28.61526363730327
            ],
            [
              77.23042162565609,
              28.61526194081283
            ],
            [
              77.23042503245813,
              28.615260532199795
            ],
            [
              77.23042857932175,
              28.61525942502986
            ],
            [
              77.23043223208879,
              28.615258629965663
            ],
            [
              77.23055795697015,
              28.615236977114893
            ],
            [
              77.23064650980895,
              28.615153252513778
            ],
            [
              77.23064298586102,
              28.61511559850513
            ],
            [
              77.23064286056842,
              28.61511228048203
            ],
            [
              77.23064310443903,
              28.615108967599326
            ],
            [
              77.23064371512419,
              28.615105691761887
            ],
            [
              77.23064468674266,
              28.615102484517806
            ],
            [
              77.23064600993719,
              28.615099376754607
            ],
            [
              77.23064767196465,
              28.615096398401725
            ],
            [
              77.23064965681878,
              28.61509357814233
            ],
            [
              77.23065194538435,
              28.61509094313704
            ],
            [
              77.23065451562121,
              28.615088518762384
            ],
            [
              77.23065734277658,
              28.615086328366402
            ],
            [
              77.23066039962339,
              28.615084393043787
            ],
            [
              77.23066365672253,
              28.615082731432732
            ],
            [
              77.2306670827064,
              28.615081359535466
            ],
            [
              77.23067064458091,
              28.615080290564087
            ],
            [
              77.2306743080433,
              28.615079534813344
            ],
            [
              77.23067803781244,
              28.615079099561548
            ],
            [
              77.23068179796866,
              28.6150789890004
            ],
            [
              77.23068555229962,
              28.61507920419465
            ],
            [
              77.2306892646491,
              28.615079743071863
            ],
            [
              77.2306928992652,
              28.615080600442365
            ],
            [
              77.23069642114456,
              28.61508176804923
            ],
            [
              77.23069979636963,
              28.61508323464775
            ],
            [
              77.23070299243517,
              28.615084986113793
            ],
            [
              77.23070597856132,
              28.615087005579806
            ],
            [
              77.23070872599006,
              28.61508927359723
            ],
            [
              77.23071120826216,
              28.615091768323847
            ],
            [
              77.23071135224987,
              28.61509194541311
            ],
            [
              77.23090284122242,
              28.6149108962302
            ],
            [
              77.2309019498801,
              28.614910474457417
            ],
            [
              77.23089882450738,
              28.61490862633053
            ],
            [
              77.23089591947041,
              28.614906516782874
            ],
            [
              77.2308932627463,
              28.61490416613058
            ],
            [
              77.23089241649332,
              28.6149032537161
            ],
            [
              77.23071905799047,
              28.615057930021607
            ],
            [
              77.23071628436938,
              28.615060173077232
            ],
            [
              77.23071327494958,
              28.61506216543602
            ],
            [
              77.23071005871341,
              28.615063887910445
            ],
            [
              77.23070666663502,
              28.615065323912127
            ],
            [
              77.23070313138196,
              28.61506645961157
            ],
            [
              77.23069948700072,
              28.61506728407135
            ],
            [
              77.23069576858867,
              28.615067789351475
            ],
            [
              77.23069201195622,
              28.6150679705858
            ],
            [
              77.23068825328181,
              28.615067826028945
            ],
            [
              77.23068452876356,
              28.615067357073066
            ],
            [
              77.23068087427066,
              28.615066568234468
            ],
            [
              77.23067732499791,
              28.615065467110107
            ],
            [
              77.23067391512677,
              28.61506406430442
            ],
            [
              77.23067067749618,
              28.61506237332719
            ],
            [
              77.23066764328632,
              28.615060410463478
            ],
            [
              77.2306648417183,
              28.615058194616747
            ],
            [
              77.23066229977276,
              28.615055747126824
            ],
            [
              77.23066004193001,
              28.615053091564384
            ],
            [
              77.23065808993432,
              28.615050253503977
            ],
            [
              77.23065646258446,
              28.61504726027768
            ],
            [
              77.23065517555267,
              28.615044140711912
            ],
            [
              77.23065424123375,
              28.615040924849808
            ],
            [
              77.23065366862568,
              28.615037643661875
            ],
            [
              77.23065346324292,
              28.61503432874778
            ],
            [
              77.23065362706343,
              28.615031012031935
            ],
            [
              77.23065415850948,
              28.615027725456144
            ],
            [
              77.23065505246291,
              28.61502450067192
            ],
            [
              77.23065630031442,
              28.615021368735697
            ],
            [
              77.23065789004652,
              28.615018359809714
            ],
            [
              77.23065980634918,
              28.61501550287157
            ],
            [
              77.23066203076732,
              28.615012825435134
            ],
            [
              77.2306645418786,
              28.615010353285566
            ],
            [
              77.23076893022035,
              28.61491721461045
            ],
            [
              77.23072592627771,
              28.61474897256205
            ],
            [
              77.23072527956913,
              28.614745702112682
            ],
            [
              77.23072499924885,
              28.614742391476184
            ],
            [
              77.2307250880165,
              28.614739072535784
            ],
            [
              77.23072554501715,
              28.614735777254698
            ],
            [
              77.2307263658496,
              28.614732537368287
            ],
            [
              77.23072728110004,
              28.61473008482741
            ],
            [
              77.2307204135575,
              28.614732111571048
            ],
            [
              77.23071679132796,
              28.61473300879348
            ],
            [
              77.23071308687896,
              28.61473358840081
            ],
            [
              77.23070933588637,
              28.614733844811116
            ],
            [
              77.23070557447436,
              28.614733775554992
            ],
            [
              77.2307018388674,
              28.614733381299427
            ],
            [
              77.23069816504147,
              28.61473266584132
            ],
            [
              77.23069458837756,
              28.614731636070925
            ],
            [
              77.2306911433209,
              28.614730301905503
            ],
            [
              77.23068786304933,
              28.61472867619381
            ],
            [
              77.23068477915365,
              28.614726774592334
            ],
            [
              77.23068192133348,
              28.614724615414573
            ],
            [
              77.23067931711122,
              28.61472221945458
            ],
            [
              77.23067699156695,
              28.614719609786803
            ],
            [
              77.23067496709692,
              28.614716811543758
            ],
            [
              77.23067326319784,
              28.614713851674086
            ],
            [
              77.2306718962792,
              28.61471075868295
            ],
            [
              77.23067087950517,
              28.614707562357577
            ],
            [
              77.23067022266777,
              28.61470429348031
            ],
            [
              77.23067000393614,
              28.614701801902736
            ],
            [
              77.23057554239779,
              28.614726886009905
            ],
            [
              77.2304849287785,
              28.61480338790739
            ],
            [
              77.23048498156984,
              28.614805341571966
            ],
            [
              77.23048470216234,
              28.614808652268955
            ],
            [
              77.2304840563552,
              28.614811922857477
            ],
            [
              77.23048305036785,
              28.614815121839968
            ],
            [
              77.23048169388848,
              28.614818218408477
            ],
            [
              77.2304799999807,
              28.614821182741345
            ],
            [
              77.23047798495777,
              28.614823986290425
            ],
            [
              77.23047566822541,
              28.614826602055977
            ],
            [
              77.23047532794125,
              28.614826916998414
            ],
            [
              77.23047582248671,
              28.61482771497583
            ],
            [
              77.23047729542559,
              28.614830769833905
            ],
            [
              77.23053184120322,
              28.614961337567227
            ],
            [
              77.23053411348369,
              28.614960888416384
            ],
            [
              77.23053784767113,
              28.614960483765042
            ],
            [
              77.23054160882528,
              28.61496040403952
            ],
            [
              77.23054536072421,
              28.6149606500076
            ],
            [
              77.23054906723509,
              28.614961219300476
            ],
            [
              77.23055269266227,
              28.61496210643556
            ],
            [
              77.23055620209088,
              28.61496330286926
            ],
            [
              77.23055956172328,
              28.614964797079267
            ],
            [
              77.23056273920439,
              28.614966574675538
            ],
            [
              77.23056570393331,
              28.614968618538864
            ],
            [
              77.23056842735812,
              28.61497090898574
            ],
            [
              77.23057088325075,
              28.61497342395791
            ],
            [
              77.23057304795961,
              28.61497613923484
            ],
            [
              77.23057490063736,
              28.614979028666962
            ],
            [
              77.23057642344168,
              28.61498206442745
            ],
            [
              77.23057760170711,
              28.614985217280303
            ],
            [
              77.23057842408629,
              28.614988456861834
            ],
            [
              77.23057888265922,
              28.6149917519731
            ],
            [
              77.23057897300956,
              28.614995070880394
            ],
            [
              77.23057869426717,
              28.614998381620822
            ],
            [
              77.23057804911643,
              28.61500165231014
            ],
            [
              77.23057704377047,
              28.615004851449818
            ],
            [
              77.23057568791131,
              28.615007948230396
            ],
            [
              77.23057399459655,
              28.615010912828165
            ],
            [
              77.23057198013375,
              28.615013716692435
            ],
            [
              77.23056966392325,
              28.615016332820424
            ],
            [
              77.23056706827143,
              28.615018736017383
            ],
            [
              77.2305642181758,
              28.615020903139207
            ],
            [
              77.2302608974521,
              28.615229556017454
            ],
            [
              77.23033534779455,
              28.615334820628632
            ],
            [
              77.23033718072182,
              28.615337719855823
            ],
            [
              77.23033868278162,
              28.615340763655425
            ],
            [
              77.23033983950829,
              28.61534392271398
            ],
            [
              77.23034063976189,
              28.615347166608057
            ],
            [
              77.23034107583553,
              28.615350464097187
            ],
            [
              77.2303411435295,
              28.615353783424748
            ],
            [
              77.2303408421919,
              28.61535709262381
            ],
            [
              77.23034017472467,
              28.615360359824965
            ],
            [
              77.23033914755591,
              28.615363553563288
            ],
            [
              77.23033777057775,
              28.61536664308132
            ],
            [
              77.23033605705125,
              28.61536959862531
            ],
            [
              77.23033402347853,
              28.61537239173174
            ],
            [
              77.23033168944406,
              28.61537499550146
            ],
            [
              77.23032907742581,
              28.615377384858714
            ],
            [
              77.23032621257894,
              28.615379536792688
            ],
            [
              77.23032312249352,
              28.615381430579056
            ],
            [
              77.23031983692874,
              28.615383047979613
            ],
            [
              77.23031638752644,
              28.61538437341789
            ],
            [
              77.23031280750625,
              28.615385394129166
            ],
            [
              77.23030913134575,
              28.61538610028345
            ],
            [
              77.2303053944484,
              28.61538648508007
            ],
            [
              77.23030163280261,
              28.61538654481321
            ],
            [
              77.2302978826351,
              28.615386278907607
            ],
            [
              77.2302941800621,
              28.615385689924096
            ],
            [
              77.23029056074141,
              28.61538478353489
            ],
            [
              77.23028705952913,
              28.615383568469035
            ],
            [
              77.23028371014385,
              28.61538205642828
            ],
            [
              77.23028054484202,
              28.61538026197442
            ],
            [
              77.23027759410722,
              28.615378202389028
            ],
            [
              77.23027488635668,
              28.61537589750707
            ],
            [
              77.23027244766752,
              28.61537336952582
            ],
            [
              77.2302703015256,
              28.615370642791138
            ],
            [
              77.23017972854322,
              28.61524258239684
            ],
            [
              77.23017890074912,
              28.615242017025864
            ],
            [
              77.23017616560182,
              28.615239737474155
            ],
            [
              77.23017369683382,
              28.615237232331292
            ],
            [
              77.23017151822071,
              28.615234525723167
            ],
            [
              77.23016965074373,
              28.615231643715926
            ],
            [
              77.23016811238769,
              28.615228614064883
            ],
            [
              77.23016691796776,
              28.615225465947248
            ],
            [
              77.2301665102098,
              28.61522389307092
            ],
            [
              77.23010376851909,
              28.61513518283887
            ],
            [
              77.23010193560194,
              28.615132283607892
            ],
            [
              77.23010043355218,
              28.615129239805036
            ],
            [
              77.23009927683536,
              28.61512608074381
            ],
            [
              77.23009847659124,
              28.615122836847704
            ],
            [
              77.23009804052658,
              28.615119539357213
            ],
            [
              77.23009797284092,
              28.615116220028995
            ],
            [
              77.23009827418605,
              28.615112910829982
            ],
            [
              77.23009894165982,
              28.61510964362957
            ],
            [
              77.23009996883407,
              28.615106449892696
            ],
            [
              77.23010134581651,
              28.615103360376775
            ],
            [
              77.23010305934602,
              28.61510040483552
            ],
            [
              77.23010509292035,
              28.615097611732406
            ],
            [
              77.23010742695506,
              28.61509500796653
            ],
            [
              77.23011003897211,
              28.61509261861357
            ],
            [
              77.23011290381633,
              28.61509046668427
            ],
            [
              77.23011599389771,
              28.615088572902884
            ],
            [
              77.2301192794571,
              28.615086955507543
            ],
            [
              77.23012272885279,
              28.61508563007464
            ],
            [
              77.2301263088652,
              28.6150846093688
            ],
            [
              77.23012998501692,
              28.615083903219976
            ],
            [
              77.23013372190461,
              28.61508351842874
            ],
            [
              77.23013748354003,
              28.615083458700855
            ],
            [
              77.23014123369661,
              28.615083724611527
            ],
            [
              77.23014493625834,
              28.615084313599887
            ],
            [
              77.23014855556755,
              28.61508521999366
            ],
            [
              77.23015205676836,
              28.615086435063795
            ],
            [
              77.23015540614227,
              28.615087947108492
            ],
            [
              77.23015857143307,
              28.615089741565953
            ],
            [
              77.23016152215725,
              28.615091801154595
            ],
            [
              77.23016422989772,
              28.61509410603945
            ],
            [
              77.23016666857751,
              28.615096634023246
            ],
            [
              77.23016881471077,
              28.615099360760127
            ],
            [
              77.23021540105327,
              28.615165228972433
            ],
            [
              77.23046337211099,
              28.614993052767623
            ],
            [
              77.23040988768145,
              28.614865025436632
            ],
            [
              77.23015386231258,
              28.61500786533691
            ],
            [
              77.23015058752591,
              28.61500949965168
            ],
            [
              77.23014714697165,
              28.61501084285392
            ],
            [
              77.23014357378423,
              28.615011882007845
            ],
            [
              77.23013990237544,
              28.615012607105832
            ],
            [
              77.23013616810297,
              28.615013011164766
            ],
            [
              77.23013240692995,
              28.615013090293356
            ],
            [
              77.23012865507857,
              28.615012843729527
            ],
            [
              77.23012494868122,
              28.61501227384783
            ],
            [
              77.23012132343258,
              28.61501138613655
            ],
            [
              77.23011781424584,
              28.615010189144833
            ],
            [
              77.23011445491635,
              28.61500869440036
            ],
            [
              77.23011127779637,
              28.615006916298366
            ],
            [
              77.23010831348327,
              28.615004871962952
            ],
            [
              77.23010559052506,
              28.615002581082194
            ],
            [
              77.23010313514528,
              28.61500006571855
            ],
            [
              77.2301009709906,
              28.614997350096356
            ],
            [
              77.23009911890301,
              28.614994460368553
            ],
            [
              77.2300975967191,
              28.614991424364813
            ],
            [
              77.2300964190983,
              28.614988271323536
            ],
            [
              77.23009559738173,
              28.614985031610228
            ],
            [
              77.23009513948294,
              28.614981736425104
            ],
            [
              77.23009504981171,
              28.614978417502623
            ],
            [
              77.23009532923157,
              28.61497510680581
            ],
            [
              77.23009597505155,
              28.614971836218498
            ],
            [
              77.230096981052,
              28.61496863723821
            ],
            [
              77.23009833754456,
              28.61496554067288
            ],
            [
              77.23010003146543,
              28.614962576344123
            ],
            [
              77.23010204650122,
              28.61495977280002
            ],
            [
              77.230104363246,
              28.61495715704022
            ],
            [
              77.23010695938824,
              28.61495475425592
            ],
            [
              77.23010980992566,
              28.61495258758723
            ],
            [
              77.23011288740607,
              28.614950677900314
            ],
            [
              77.2304082059192,
              28.614785915813087
            ],
            [
              77.23040827221297,
              28.61478509537507
            ],
            [
              77.23040890632936,
              28.61478182300569
            ],
            [
              77.23040990087988,
              28.61477862123975
            ],
            [
              77.23041124628641,
              28.614775520912016
            ],
            [
              77.23041292959194,
              28.61477255188032
            ],
            [
              77.23041493458527,
              28.614769742738055
            ],
            [
              77.23041724195723,
              28.614767120538787
            ],
            [
              77.23041982948654,
              28.6147647105357
            ],
            [
              77.23042062389557,
              28.61476403984527
            ],
            [
              77.230420154221,
              28.614763977429277
            ],
            [
              77.23041650677109,
              28.6147631636392
            ],
            [
              77.23041296727871,
              28.614762038291754
            ],
            [
              77.23040956983114,
              28.614760612224647
            ],
            [
              77.23040634714766,
              28.614758899171697
            ],
            [
              77.23040333026452,
              28.614756915630547
            ],
            [
              77.23040054823595,
              28.61475468070381
            ],
            [
              77.2303980278544,
              28.614752215915058
            ],
            [
              77.23039579339256,
              28.614749545001583
            ],
            [
              77.23039386636948,
              28.61474669368573
            ],
            [
              77.23039226534344,
              28.61474368942727
            ],
            [
              77.23039100573317,
              28.614740561158854
            ],
            [
              77.23039009966938,
              28.614737339007426
            ],
            [
              77.23038955587793,
              28.614734054004085
            ],
            [
              77.2303893795958,
              28.614730737785205
            ],
            [
              77.23038957252066,
              28.6147274222878
            ],
            [
              77.23039013279448,
              28.614724139441908
            ],
            [
              77.2303910550215,
              28.61472092086313
            ],
            [
              77.23039233032013,
              28.61471779754816
            ],
            [
              77.23039394640851,
              28.614714799576188
            ],
            [
              77.23039588772284,
              28.61471195581931
            ],
            [
              77.23039813556714,
              28.61470929366448
            ],
            [
              77.23040066829346,
              28.61470683874967
            ],
            [
              77.23040346151022,
              28.61470461471703
            ],
            [
              77.23040648831724,
              28.614702642985208
            ],
            [
              77.23040971956475,
              28.614700942543042
            ],
            [
              77.23041312413402,
              28.614699529766696
            ],
            [
              77.23041666923724,
              28.61469841826198
            ],
            [
              77.23053582994943,
              28.614666775462677
            ],
            [
              77.23058464240812,
              28.614625564755503
            ],
            [
              77.2305847262547,
              28.614624093186613
            ],
            [
              77.23058528256206,
              28.614620809815897
            ],
            [
              77.23058620089965,
              28.6146175903718
            ],
            [
              77.23058747242335,
              28.614614465859333
            ],
            [
              77.23058908488767,
              28.614611466369247
            ],
            [
              77.23059102276365,
              28.614608620788268
            ],
            [
              77.23059326738847,
              28.61460595652088
            ],
            [
              77.23059579714517,
              28.614603499225414
            ],
            [
              77.2305985876708,
              28.614601272566954
            ],
            [
              77.23060161209108,
              28.614599297989436
            ],
            [
              77.23060484127916,
              28.6145975945091
            ],
            [
              77.2306340384976,
              28.614583861259725
            ],
            [
              77.23063782178708,
              28.614580667150666
            ],
            [
              77.2306406645449,
              28.614578492549303
            ],
            [
              77.23064373516341,
              28.61457657429593
            ],
            [
              77.2306470040709,
              28.614574930864386
            ],
            [
              77.23065043978603,
              28.614573578081778
            ],
            [
              77.23065400922097,
              28.614572528976133
            ],
            [
              77.23065767800016,
              28.614571793650914
            ],
            [
              77.23066031761024,
              28.614571500566928
            ],
            [
              77.23069645583706,
              28.614554502509925
            ],
            [
              77.23083201486406,
              28.614430334310594
            ],
            [
              77.23081524112334,
              28.61443327030892
            ],
            [
              77.229838317383,
              28.615062886022752
            ]
          ]
        ]
      }
    },
    {
      "type": "Feature",
      "properties": {
        "parcel_id": "ULPIN-2026-2246-00004",
        "survey_number": "UNSURVEYED-4",
        "area_sqm": 703.52,
        "perimeter_m": 176.1,
        "confidence_score": 0.75,
        "verification_status": "Needs GT Verification",
        "building_count": 1,
        "building_coverage_ratio": 1.0,
        "landuse_class": "Commercial",
        "owner_record": "Unregistered / Pending Survey",
        "has_gnss_control": false,
        "tax_assessment_annual_inr": 2954784,
        "tax_rate_per_sqm": 4200,
        "lulc_confidence": 0.914
      },
      "geometry": {
        "type": "Polygon",
        "coordinates": [
          [
            [
              77.23086892188965,
              28.615209930800827
            ],
            [
              77.2309312965562,
              28.615150847244173
            ],
            [
              77.23093123637231,
              28.61515056403211
            ],
            [
              77.2309309087576,
              28.61514725677902
            ],
            [
              77.23093095008414,
              28.61514393711525
            ],
            [
              77.23093135995393,
              28.615140637010974
            ],
            [
              77.23093213441966,
              28.615137388248
            ],
            [
              77.23093326602275,
              28.6151342221137
            ],
            [
              77.2309347438652,
              28.615131169099666
            ],
            [
              77.23093655371461,
              28.615128258608063
            ],
            [
              77.23093867814107,
              28.61512551866852
            ],
            [
              77.23094109668521,
              28.615122975668143
            ],
            [
              77.23094378605511,
              28.615120654097392
            ],
            [
              77.23094672035064,
              28.615118576314252
            ],
            [
              77.2310041174536,
              28.615081868521607
            ],
            [
              77.23103578044716,
              28.61505187609154
            ],
            [
              77.23103847687828,
              28.61504956090917
            ],
            [
              77.23104141749128,
              28.61504749009455
            ],
            [
              77.23104457396643,
              28.61504568359074
            ],
            [
              77.23104791590518,
              28.615044158795342
            ],
            [
              77.23105141112283,
              28.615042930392967
            ],
            [
              77.23105502595858,
              28.615042010213767
            ],
            [
              77.23105872559958,
              28.615041407119588
            ],
            [
              77.23106247441632,
              28.615041126918523
            ],
            [
              77.23106623630564,
              28.615041172309077
            ],
            [
              77.23106754763207,
              28.615041302274378
            ],
            [
              77.23113886503994,
              28.61499569174411
            ],
            [
              77.23113906588996,
              28.614994959176805
            ],
            [
              77.23114030474622,
              28.614991824462162
            ],
            [
              77.23114188583489,
              28.61498881199317
            ],
            [
              77.23114379392918,
              28.614985950781527
            ],
            [
              77.2311460106531,
              28.614983268382254
            ],
            [
              77.23114851465839,
              28.614980790628312
            ],
            [
              77.23115128183007,
              28.614978541381806
            ],
            [
              77.23115428551877,
              28.61497654230419
            ],
            [
              77.23115749679737,
              28.61497481264767
            ],
            [
              77.23116088473947,
              28.614973369069773
            ],
            [
              77.23116441671738,
              28.614972225472915
            ],
            [
              77.23129767507712,
              28.614935517015926
            ],
            [
              77.23129755361684,
              28.614933240874123
            ],
            [
              77.23129774586486,
              28.614929925347766
            ],
            [
              77.23129830546904,
              28.614926642414495
            ],
            [
              77.23129922704007,
              28.614923423690755
            ],
            [
              77.23130050170266,
              28.614920300174603
            ],
            [
              77.2313021171811,
              28.6149173019472
            ],
            [
              77.23130405791743,
              28.614914457883103
            ],
            [
              77.23130630522125,
              28.614911795372205
            ],
            [
              77.23130883744982,
              28.61490934005592
            ],
            [
              77.23131163021637,
              28.61490711558026
            ],
            [
              77.23131465662505,
              28.614905143368134
            ],
            [
              77.23131788752987,
              28.614903442413016
            ],
            [
              77.23132129181549,
              28.61490202909601
            ],
            [
              77.23140082583603,
              28.614873125742616
            ],
            [
              77.23139826581696,
              28.614871514800267
            ],
            [
              77.23139448676783,
              28.614868603866867
            ],
            [
              77.2313910492564,
              28.614865380092432
            ],
            [
              77.23138798638782,
              28.6148618745237
            ],
            [
              77.23138532765917,
              28.614858120921234
            ],
            [
              77.23138309867542,
              28.614854155434315
            ],
            [
              77.23138132090288,
              28.614850016252767
            ],
            [
              77.23138001146245,
              28.61484574323919
            ],
            [
              77.23137918296466,
              28.61484137754506
            ],
            [
              77.23137884338838,
              28.614836961214415
            ],
            [
              77.23137899600383,
              28.614832536778923
            ],
            [
              77.23137963934118,
              28.61482814684833
            ],
            [
              77.23138076720468,
              28.614823833700072
            ],
            [
              77.23138236873235,
              28.614819638872095
            ],
            [
              77.23138313552924,
              28.614818136336083
            ],
            [
              77.23136222962576,
              28.614802707470677
            ],
            [
              77.23130049879583,
              28.614834255486244
            ],
            [
              77.23130035208243,
              28.614836825771047
            ],
            [
              77.2312997954374,
              28.614840109096
            ],
            [
              77.231298876768,
              28.614843328465426
            ],
            [
              77.2312976049215,
              28.614846452875042
            ],
            [
              77.23129599214644,
              28.614849452235074
            ],
            [
              77.2312940539747,
              28.614852297660022
            ],
            [
              77.23129180907192,
              28.614854961746875
            ],
            [
              77.23128927905772,
              28.61485741883901
            ],
            [
              77.23128648829753,
              28.614859645273285
            ],
            [
              77.23128346366788,
              28.614861619607883
            ],
            [
              77.23128023429763,
              28.61486332282888
            ],
            [
              77.23127683128737,
              28.61486473853332
            ],
            [
              77.23127328741,
              28.614865853087164
            ],
            [
              77.23120095277251,
              28.6148851291509
            ],
            [
              77.23116874128593,
              28.614901591022246
            ],
            [
              77.23116539704326,
              28.614903111871115
            ],
            [
              77.23116189997118,
              28.614904336146136
            ],
            [
              77.23115828374846,
              28.614905252056868
            ],
            [
              77.2311545832013,
              28.614905850782566
            ],
            [
              77.23115083396804,
              28.614906126557184
            ],
            [
              77.23114707215589,
              28.61490607672484
            ],
            [
              77.23114333399319,
              28.61490570176545
            ],
            [
              77.23113965548049,
              28.614905005290087
            ],
            [
              77.23113607204395,
              28.614903994006195
            ],
            [
              77.23113363974467,
              28.61490306699286
            ],
            [
              77.23101851381129,
              28.614933746116833
            ],
            [
              77.23072855916183,
              28.615207892870533
            ],
            [
              77.23073325214013,
              28.615258037651927
            ],
            [
              77.23086892188965,
              28.615209930800827
            ]
          ]
        ]
      }
    },
    {
      "type": "Feature",
      "properties": {
        "parcel_id": "ULPIN-2026-2246-00005",
        "survey_number": "UNSURVEYED-5",
        "area_sqm": 90.95,
        "perimeter_m": 55.73,
        "confidence_score": 0.75,
        "verification_status": "Needs GT Verification",
        "building_count": 1,
        "building_coverage_ratio": 1.0,
        "landuse_class": "Commercial",
        "owner_record": "Unregistered / Pending Survey",
        "has_gnss_control": false,
        "tax_assessment_annual_inr": 381990,
        "tax_rate_per_sqm": 4200,
        "lulc_confidence": 0.883
      },
      "geometry": {
        "type": "Polygon",
        "coordinates": [
          [
            [
              77.23141169734615,
              28.615017467431386
            ],
            [
              77.23139219425217,
              28.61499840631303
            ],
            [
              77.23135219900348,
              28.615019847944247
            ],
            [
              77.23134778923516,
              28.615021957899554
            ],
            [
              77.23134316633114,
              28.615023676285155
            ],
            [
              77.23133837481262,
              28.615024986552054
            ],
            [
              77.23133346082456,
              28.61502587608163
            ],
            [
              77.2313284716914,
              28.615026336307235
            ],
            [
              77.23132345546128,
              28.61502636279661
            ],
            [
              77.2313184604433,
              28.615025955294655
            ],
            [
              77.2313135347423,
              28.61502511772584
            ],
            [
              77.2313087257955,
              28.61502385815641
            ],
            [
              77.23130407991576,
              28.61502218871673
            ],
            [
              77.23129964184548,
              28.61502012548442
            ],
            [
              77.23129545432575,
              28.61501768832957
            ],
            [
              77.23129155768467,
              28.615014900723327
            ],
            [
              77.23128798944909,
              28.61501178951189
            ],
            [
              77.2312859520476,
              28.615009625379045
            ],
            [
              77.23121307634044,
              28.615029700328922
            ],
            [
              77.23121262832814,
              28.615030278147785
            ],
            [
              77.23121020979286,
              28.615032821152557
            ],
            [
              77.23120752043133,
              28.61503514272818
            ],
            [
              77.23120458614353,
              28.615037220516577
            ],
            [
              77.2311607154818,
              28.615065277711253
            ],
            [
              77.2311625194356,
              28.615065256371704
            ],
            [
              77.2311675177451,
              28.615065631155367
            ],
            [
              77.23117245035618,
              28.615066436447595
            ],
            [
              77.23117726976514,
              28.615067664492994
            ],
            [
              77.2311819295585,
              28.61506930346482
            ],
            [
              77.23118638485995,
              28.615071337578907
            ],
            [
              77.23119059276253,
              28.615073747245635
            ],
            [
              77.23119451274188,
              28.615076509258635
            ],
            [
              77.23119810704647,
              28.61507959701821
            ],
            [
              77.23120134106118,
              28.615082980787598
            ],
            [
              77.23120418364068,
              28.615086627979263
            ],
            [
              77.23120644737661,
              28.615090247584146
            ],
            [
              77.23141169734615,
              28.615017467431386
            ]
          ]
        ]
      }
    },
    {
      "type": "Feature",
      "properties": {
        "parcel_id": "ULPIN-2026-2246-00006",
        "survey_number": "UNSURVEYED-6",
        "area_sqm": 1177.07,
        "perimeter_m": 152.14,
        "confidence_score": 0.75,
        "verification_status": "Needs GT Verification",
        "building_count": 1,
        "building_coverage_ratio": 1.0,
        "landuse_class": "Commercial",
        "owner_record": "Unregistered / Pending Survey",
        "has_gnss_control": false,
        "tax_assessment_annual_inr": 4943694,
        "tax_rate_per_sqm": 4200,
        "lulc_confidence": 0.959
      },
      "geometry": {
        "type": "Polygon",
        "coordinates": [
          [
            [
              77.2313581112184,
              28.614701279923665
            ],
            [
              77.23135559266588,
              28.614700698798234
            ],
            [
              77.23135206363064,
              28.614699548171988
            ],
            [
              77.23134867939771,
              28.614698097852102
            ],
            [
              77.2313454725591,
              28.614696361805933
            ],
            [
              77.23134247399844,
              28.614694356752587
            ],
            [
              77.2310758659532,
              28.614497185117468
            ],
            [
              77.2309472054935,
              28.61451322964443
            ],
            [
              77.23086216656516,
              28.61455322893675
            ],
            [
              77.2308629403993,
              28.614553317243637
            ],
            [
              77.23086660629103,
              28.614554063693994
            ],
            [
              77.23087017161666,
              28.614555123621503
            ],
            [
              77.2308736020402,
              28.6145564868185
            ],
            [
              77.23087686452482,
              28.614558140156646
            ],
            [
              77.230879927651,
              28.614560067713413
            ],
            [
              77.2308827619192,
              28.614562250925392
            ],
            [
              77.23088534003388,
              28.61456466876706
            ],
            [
              77.23088763716638,
              28.61456729795331
            ],
            [
              77.23088963119402,
              28.614570113163637
            ],
            [
              77.23089130291326,
              28.614573087286065
            ],
            [
              77.23089263622448,
              28.614576191678168
            ],
            [
              77.23089361828714,
              28.614579396442963
            ],
            [
              77.23089423964343,
              28.614582670716832
            ],
            [
              77.23089449430931,
              28.614585982966727
            ],
            [
              77.23089500321407,
              28.61461005287677
            ],
            [
              77.23089821032715,
              28.614609833640515
            ],
            [
              77.23090197173448,
              28.61460990289152
            ],
            [
              77.23090570733739,
              28.614610297141766
            ],
            [
              77.23090938116,
              28.614611012594423
            ],
            [
              77.23091295782145,
              28.61461204235927
            ],
            [
              77.23091640287653,
              28.614613376519127
            ],
            [
              77.2309196831475,
              28.614615002225317
            ],
            [
              77.23092276704364,
              28.614616903821414
            ],
            [
              77.23092562486528,
              28.61461906299401
            ],
            [
              77.23092822909008,
              28.614621458949127
            ],
            [
              77.23093055463794,
              28.61462406861241
            ],
            [
              77.23093257911255,
              28.614626866851385
            ],
            [
              77.23093428301708,
              28.6146298267175
            ],
            [
              77.230935649942,
              28.614632919705652
            ],
            [
              77.23093666672304,
              28.614636116028674
            ],
            [
              77.23093732356803,
              28.614639384904237
            ],
            [
              77.23093761415114,
              28.614642694851288
            ],
            [
              77.23093753567389,
              28.614646013993237
            ],
            [
              77.230937088892,
              28.614649310364932
            ],
            [
              77.2309362781082,
              28.614652552220516
            ],
            [
              77.23093511113075,
              28.614655708339132
            ],
            [
              77.23093359919824,
              28.61465874832563
            ],
            [
              77.23093175687139,
              28.614661642903265
            ],
            [
              77.2309296018928,
              28.614664364195665
            ],
            [
              77.23092715501608,
              28.61466688599529
            ],
            [
              77.23092443980595,
              28.614669184015806
            ],
            [
              77.2309214824114,
              28.614671236125997
            ],
            [
              77.23091831131377,
              28.614673022562926
            ],
            [
              77.23091495705245,
              28.614674526122197
            ],
            [
              77.23091145193085,
              28.614675732323693
            ],
            [
              77.23089648525081,
              28.61468014930221
            ],
            [
              77.23089807947758,
              28.614755551739847
            ],
            [
              77.23089800326447,
              28.61475776092053
            ],
            [
              77.23095397411605,
              28.61486255090631
            ],
            [
              77.23096213148511,
              28.614854838240145
            ],
            [
              77.23096572995756,
              28.614851754268898
            ],
            [
              77.23096965366314,
              28.614848996387185
            ],
            [
              77.23097386481446,
              28.61484659115488
            ],
            [
              77.23097832285583,
              28.61484456173566
            ],
            [
              77.23098298485392,
              28.61484292767393
            ],
            [
              77.23098780591118,
              28.61484170470655
            ],
            [
              77.23099273959825,
              28.614840904611384
            ],
            [
              77.23099773840106,
              28.614840535093734
            ],
            [
              77.23100275417849,
              28.61484059971229
            ],
            [
              77.23100773862592,
              28.6148410978447
            ],
            [
              77.23101264374044,
              28.614842024693697
            ],
            [
              77.23101742228319,
              28.614843371333222
            ],
            [
              77.23102202823424,
              28.614845124794424
            ],
            [
              77.23102641723581,
              28.614847268190516
            ],
            [
              77.23103054701944,
              28.61484978087945
            ],
            [
              77.23103437781312,
              28.61485263866268
            ],
            [
              77.23103787272416,
              28.614855814018213
            ],
            [
              77.2310393982209,
              28.614857503993782
            ],
            [
              77.2311702459461,
              28.61482263522614
            ],
            [
              77.23129976685146,
              28.614756442678242
            ],
            [
              77.23129916726688,
              28.61475595410878
            ],
            [
              77.23129666672975,
              28.61475347363362
            ],
            [
              77.23129445375916,
              28.61475078882564
            ],
            [
              77.23129254966722,
              28.61474792554105
            ],
            [
              77.23129097279136,
              28.614744911354833
            ],
            [
              77.23128973831773,
              28.614741775295272
            ],
            [
              77.23128885813499,
              28.614738547564343
            ],
            [
              77.2312883407197,
              28.61473525924687
            ],
            [
              77.23128819105487,
              28.61473194201116
            ],
            [
              77.23128841058181,
              28.614728627804
            ],
            [
              77.2312889971863,
              28.61472534854302
            ],
            [
              77.23128994521899,
              28.614722135809295
            ],
            [
              77.23129124554977,
              28.614719020543205
            ],
            [
              77.23129288565573,
              28.614716032746454
            ],
            [
              77.23129484974173,
              28.614713201193133
            ],
            [
              77.23129711889254,
              28.614710553152648
            ],
            [
              77.23129967125494,
              28.614708114127083
            ],
            [
              77.23130248224834,
              28.614705907605536
            ],
            [
              77.2313055248013,
              28.61470395483802
            ],
            [
              77.23130876961238,
              28.614702274630734
            ],
            [
              77.23131218543232,
              28.614700883164986
            ],
            [
              77.2313157393649,
              28.614699793841336
            ],
            [
              77.23131939718382,
              28.61469901715054
            ],
            [
              77.23132312366238,
              28.614698560572567
            ],
            [
              77.23132688291251,
              28.614698428504497
            ],
            [
              77.23133063873065,
              28.614698622218214
            ],
            [
              77.23133435494626,
              28.61469913984815
            ],
            [
              77.23133799577015,
              28.61469997640926
            ],
            [
              77.23134152613925,
              28.614701123844988
            ],
            [
              77.23134491205421,
              28.614702571104917
            ],
            [
              77.23134812090683,
              28.614704304251163
            ],
            [
              77.23135112179413,
              28.614706306592584
            ],
            [
              77.23136304961871,
              28.614715109515053
            ],
            [
              77.2313581112184,
              28.614701279923665
            ]
          ]
        ]
      }
    },
    {
      "type": "Feature",
      "properties": {
        "parcel_id": "ULPIN-2026-2246-00007",
        "survey_number": "UNSURVEYED-7",
        "area_sqm": 14865.12,
        "perimeter_m": 1218.23,
        "confidence_score": 0.724,
        "verification_status": "Needs GT Verification",
        "building_count": 2,
        "building_coverage_ratio": 0.829,
        "landuse_class": "Vacant/Green",
        "owner_record": "Unregistered / Pending Survey",
        "has_gnss_control": false,
        "tax_assessment_annual_inr": 6689304,
        "tax_rate_per_sqm": 450,
        "lulc_confidence": 0.927
      },
      "geometry": {
        "type": "Polygon",
        "coordinates": [
          [
            [
              77.229838317383,
              28.615062886022752
            ],
            [
              77.23081524112334,
              28.61443327030892
            ],
            [
              77.23071488590845,
              28.614450835977294
            ],
            [
              77.23071286989136,
              28.61445305806644
            ],
            [
              77.2307102420483,
              28.614455433853728
            ],
            [
              77.2307073629625,
              28.614457570912347
            ],
            [
              77.23070426036115,
              28.614459448661243
            ],
            [
              77.230700964124,
              28.61446104901663
            ],
            [
              77.23069750599562,
              28.614462356566214
            ],
            [
              77.2306939192797,
              28.614463358717565
            ],
            [
              77.23069023851832,
              28.614464045819407
            ],
            [
              77.23068649915923,
              28.614464411254573
            ],
            [
              77.23068273721456,
              28.614464451503697
            ],
            [
              77.23067898891391,
              28.61446416617917
            ],
            [
              77.23067529035552,
              28.614463558028813
            ],
            [
              77.23067167715855,
              28.614462632909472
            ],
            [
              77.23066818412009,
              28.61446139973053
            ],
            [
              77.23066484488002,
              28.6144598703682
            ],
            [
              77.2306616915971,
              28.614458059551097
            ],
            [
              77.23065875463918,
              28.614455984718372
            ],
            [
              77.23065606229078,
              28.614453665851826
            ],
            [
              77.23065364048065,
              28.614451125283423
            ],
            [
              77.2306515125322,
              28.61444838748024
            ],
            [
              77.23064969893869,
              28.614445478808836
            ],
            [
              77.23064139684651,
              28.61443046313935
            ],
            [
              77.23060862775729,
              28.614517175499063
            ],
            [
              77.23060726390256,
              28.61452026954253
            ],
            [
              77.23060556293638,
              28.61452323072427
            ],
            [
              77.23060354123999,
              28.61452603052647
            ],
            [
              77.2306012182834,
              28.614528641985494
            ],
            [
              77.23059861643793,
              28.61453103995154
            ],
            [
              77.23059576076079,
              28.61453320133087
            ],
            [
              77.23059267875374,
              28.61453510530823
            ],
            [
              77.23058940009814,
              28.614536733547222
            ],
            [
              77.2305859563693,
              28.61453807036703
            ],
            [
              77.2305823807322,
              28.61453910289333
            ],
            [
              77.23057870762224,
              28.61453982118231
            ],
            [
              77.23057497241349,
              28.614540218316453
            ],
            [
              77.2305712110781,
              28.614540290471137
            ],
            [
              77.23056745983978,
              28.61454003695147
            ],
            [
              77.23056375482508,
              28.614539460198973
            ],
            [
              77.23056013171535,
              28.614538565768115
            ],
            [
              77.23055662540312,
              28.61453736227274
            ],
            [
              77.23055326965614,
              28.61453586130318
            ],
            [
              77.23055009679211,
              28.614534077314605
            ],
            [
              77.23054713736748,
              28.614532027487808
            ],
            [
              77.23054441988309,
              28.61452973156376
            ],
            [
              77.23054197050983,
              28.614527211653495
            ],
            [
              77.23053981283651,
              28.614524492025115
            ],
            [
              77.23053796764269,
              28.614521598870148
            ],
            [
              77.23053645269856,
              28.61451856005129
            ],
            [
              77.23053528259386,
              28.61451540483403
            ],
            [
              77.2305344685973,
              28.614512163604836
            ],
            [
              77.23053401854808,
              28.61450886757854
            ],
            [
              77.23053393678039,
              28.614505548497675
            ],
            [
              77.23053422408167,
              28.614502238326804
            ],
            [
              77.23053487768502,
              28.614498968944694
            ],
            [
              77.23053589129582,
              28.614495771837262
            ],
            [
              77.23056610100178,
              28.614415832177443
            ],
            [
              77.23051853100938,
              28.61440749775477
            ],
            [
              77.23051873456578,
              28.614417127156806
            ],
            [
              77.23051862007658,
              28.614420445484367
            ],
            [
              77.23051813754742,
              28.61442373793081
            ],
            [
              77.23051729162528,
              28.61442697278809
            ],
            [
              77.23051609045683,
              28.614430118902742
            ],
            [
              77.23051454560992,
              28.61443314597598
            ],
            [
              77.23051267196229,
              28.614436024855397
            ],
            [
              77.23051048755813,
              28.614438727815813
            ],
            [
              77.23050801343445,
              28.61444122882622
            ],
            [
              77.23050527341842,
              28.614443503800516
            ],
            [
              77.23050229389786,
              28.614445530829432
            ],
            [
              77.23049910356723,
              28.614447290391556
            ],
            [
              77.23049573315113,
              28.614448765541344
            ],
            [
              77.23049221510855,
              28.614449942072252
            ],
            [
              77.23048858332018,
              28.614450808653665
            ],
            [
              77.23048487276216,
              28.61445135693991
            ],
            [
              77.23048111916926,
              28.614451581650666
            ],
            [
              77.23047735869059,
              28.614451480621867
            ],
            [
              77.2304736275417,
              28.61445105482647
            ],
            [
              77.23046996165563,
              28.614450308365107
            ],
            [
              77.23046639633688,
              28.614449248426617
            ],
            [
              77.23046296592146,
              28.61444788521881
            ],
            [
              77.23045970344617,
              28.61444623187011
            ],
            [
              77.23045664033043,
              28.614444304303206
            ],
            [
              77.23045380607377,
              28.614442121081616
            ],
            [
              77.2304512279716,
              28.614439703230968
            ],
            [
              77.23044893085246,
              28.614437074036516
            ],
            [
              77.23044693683889,
              28.614434258818847
            ],
            [
              77.23044526513426,
              28.614431284690067
            ],
            [
              77.23044393183805,
              28.614428180292663
            ],
            [
              77.23044294979054,
              28.614424975523697
            ],
            [
              77.2304423284494,
              28.614421701246865
            ],
            [
              77.23044207379843,
              28.614418388995233
            ],
            [
              77.2304392453466,
              28.61428458173273
            ],
            [
              77.23041019982054,
              28.61426044667253
            ],
            [
              77.23019100794731,
              28.614122707232976
            ],
            [
              77.23016159593949,
              28.614108717955087
            ],
            [
              77.230158375753,
              28.614107001277812
            ],
            [
              77.23015536175619,
              28.614105014344016
            ],
            [
              77.23015258297555,
              28.614102776288966
            ],
            [
              77.23015006617219,
              28.61410030866639
            ],
            [
              77.23014783558438,
              28.614097635240842
            ],
            [
              77.23014591269383,
              28.614094781758887
            ],
            [
              77.23014558396521,
              28.614094162861928
            ],
            [
              77.23013982793223,
              28.61409054577605
            ],
            [
              77.23013687414695,
              28.61408848963791
            ],
            [
              77.23013416297485,
              28.614086187919593
            ],
            [
              77.23013172052602,
              28.614083662787912
            ],
            [
              77.23012957032256,
              28.614080938561273
            ],
            [
              77.2301277330721,
              28.614078041475484
            ],
            [
              77.23012622646833,
              28.61407499943109
            ],
            [
              77.23012506502067,
              28.61407184172465
            ],
            [
              77.23012425991446,
              28.614068598766597
            ],
            [
              77.23012381890328,
              28.614065301788422
            ],
            [
              77.2301237462343,
              28.614061982541816
            ],
            [
              77.23012404260729,
              28.61405867299295
            ],
            [
              77.230124705168,
              28.61405540501458
            ],
            [
              77.23012572753558,
              28.614052210079137
            ],
            [
              77.23012709986402,
              28.61404911895557
            ],
            [
              77.23012880893704,
              28.61404616141309
            ],
            [
              77.23013083829531,
              28.614043365934425
            ],
            [
              77.23013316839497,
              28.61404075944157
            ],
            [
              77.23013577679589,
              28.61403836703645
            ],
            [
              77.23013863837774,
              28.614036211759217
            ],
            [
              77.23014172558192,
              28.614034314366364
            ],
            [
              77.23014500867697,
              28.614032693130792
            ],
            [
              77.2301484560449,
              28.61403136366588
            ],
            [
              77.23015203448571,
              28.614030338775102
            ],
            [
              77.2301557095371,
              28.61402962832868
            ],
            [
              77.23015944580632,
              28.61402923916861
            ],
            [
              77.2301632073111,
              28.614029175042706
            ],
            [
              77.23016695782611,
              28.614029436568533
            ],
            [
              77.23017066123191,
              28.614030021227464
            ],
            [
              77.23017428186269,
              28.614030923388906
            ],
            [
              77.23017778484981,
              28.61403213436456
            ],
            [
              77.23018113645763,
              28.61403364249208
            ],
            [
              77.23018430440838,
              28.614035433247373
            ],
            [
              77.23020994043091,
              28.61405154289363
            ],
            [
              77.2302120673849,
              28.614049342746714
            ],
            [
              77.23021477785908,
              28.61404704038955
            ],
            [
              77.23021773102045,
              28.61404498355525
            ],
            [
              77.23022089842841,
              28.614043192052236
            ],
            [
              77.23022424957917,
              28.614041683133642
            ],
            [
              77.23022775219928,
              28.614040471331172
            ],
            [
              77.23023137255667,
              28.614039568315135
            ],
            [
              77.2302350757853,
              28.614038982782052
            ],
            [
              77.2302388262211,
              28.61403872037093
            ],
            [
              77.23024258774537,
              28.61403878360892
            ],
            [
              77.2302463241326,
              28.614039171887004
            ],
            [
              77.23024999939936,
              28.614039881465857
            ],
            [
              77.23025357815088,
              28.614040905511853
            ],
            [
              77.23025595023128,
              28.61404181962915
            ],
            [
              77.23023664817252,
              28.61401748395094
            ],
            [
              77.2302346447271,
              28.614014673956174
            ],
            [
              77.23023296305468,
              28.614011704208657
            ],
            [
              77.23023161935062,
              28.614008603308697
            ],
            [
              77.23023062655554,
              28.614005401119673
            ],
            [
              77.23022999423057,
              28.614002128480408
            ],
            [
              77.23022972846529,
              28.613998816908236
            ],
            [
              77.23022983181916,
              28.61399549829539
            ],
            [
              77.23023030329676,
              28.613992204601956
            ],
            [
              77.2302311383575,
              28.613988967547964
            ],
            [
              77.23023232895923,
              28.613985818308034
            ],
            [
              77.23023386363577,
              28.613982787211057
            ],
            [
              77.23023572760736,
              28.613979903448136
            ],
            [
              77.2302379029229,
              28.613977194791477
            ],
            [
              77.23024036863286,
              28.61397468732691
            ],
            [
              77.23024310099116,
              28.613972405202674
            ],
            [
              77.23024607368365,
              28.613970370396853
            ],
            [
              77.2302492580817,
              28.613968602505743
            ],
            [
              77.23025262351781,
              28.61396711855507
            ],
            [
              77.23025613758105,
              28.613965932836074
            ],
            [
              77.23025976642906,
              28.61396505676788
            ],
            [
              77.23026347511409,
              28.613964498787485
            ],
            [
              77.23026722791951,
              28.613964264268542
            ],
            [
              77.23027098870377,
              28.61396435546959
            ],
            [
              77.2302734086739,
              28.613964625208087
            ],
            [
              77.23035880994946,
              28.613920352263136
            ],
            [
              77.2303446121948,
              28.613894721643106
            ],
            [
              77.23034312785606,
              28.613891671088957
            ],
            [
              77.23034198951086,
              28.613888506839277
            ],
            [
              77.23034120812204,
              28.61388525936752
            ],
            [
              77.23034079121479,
              28.61388195994863
            ],
            [
              77.23034074280409,
              28.613878640357818
            ],
            [
              77.23034106335616,
              28.61387533256456
            ],
            [
              77.23034174978388,
              28.613872068424715
            ],
            [
              77.2303427954765,
              28.613868879373737
            ],
            [
              77.23034419036344,
              28.613865796123903
            ],
            [
              77.23034592101112,
              28.613862848368605
            ],
            [
              77.23034797075245,
              28.61386006449631
            ],
            [
              77.23035031984729,
              28.61385747131724
            ],
            [
              77.23035294567255,
              28.613855093805096
            ],
            [
              77.2303558229401,
              28.6138529548566
            ],
            [
              77.23035892394027,
              28.613851075070997
            ],
            [
              77.23036221880878,
              28.613849472551617
            ],
            [
              77.23036567581421,
              28.613848162731607
            ],
            [
              77.23036926166378,
              28.61384715822521
            ],
            [
              77.23037294182379,
              28.61384646870638
            ],
            [
              77.23037668085234,
              28.61384610081555
            ],
            [
              77.23038044274057,
              28.613846058095696
            ],
            [
              77.23038419125947,
              28.613846340958247
            ],
            [
              77.23038789030879,
              28.613846946679065
            ],
            [
              77.23039150426469,
              28.61384786942474
            ],
            [
              77.23039499832284,
              28.613849100308737
            ],
            [
              77.23039833883358,
              28.613850627476968
            ],
            [
              77.23040149362595,
              28.613852436221986
            ],
            [
              77.23040443231764,
              28.613854509124604
            ],
            [
              77.23040712660743,
              28.613856826221646
            ],
            [
              77.23040955054785,
              28.613859365198216
            ],
            [
              77.23041168079502,
              28.613862101602603
            ],
            [
              77.23041349683348,
              28.613865009081742
            ],
            [
              77.23042511331793,
              28.613885979818683
            ],
            [
              77.23063416357978,
              28.613777605359445
            ],
            [
              77.23063749700721,
              28.613776066191193
            ],
            [
              77.23064098534894,
              28.613774822752525
            ],
            [
              77.2306445950104,
              28.613773887018418
            ],
            [
              77.23064829122856,
              28.613773268000504
            ],
            [
              77.23065203840689,
              28.613772971660232
            ],
            [
              77.23065580045801,
              28.61377300085154
            ],
            [
              77.23065954115137,
              28.613773355293286
            ],
            [
              77.23066322446206,
              28.613774031572014
            ],
            [
              77.23066681491785,
              28.613775023174785
            ],
            [
              77.2306702779407,
              28.613776320551928
            ],
            [
              77.23067358017984,
              28.613777911209006
            ],
            [
              77.2306766898329,
              28.613779779827137
            ],
            [
              77.23067957695226,
              28.613781908410513
            ],
            [
              77.23068221373337,
              28.613784276459732
            ],
            [
              77.23068457478261,
              28.6137868611692
            ],
            [
              77.23068663736177,
              28.61378963764676
            ],
            [
              77.23068838160708,
              28.613792579153436
            ],
            [
              77.23068979072045,
              28.613795657360928
            ],
            [
              77.23069085113138,
              28.613798842624426
            ],
            [
              77.23069155262748,
              28.61380210426811
            ],
            [
              77.23069188845291,
              28.613805410880563
            ],
            [
              77.2306918553735,
              28.613808730617315
            ],
            [
              77.23069145370773,
              28.613812031507496
            ],
            [
              77.23069068732386,
              28.613815281761724
            ],
            [
              77.23068956360255,
              28.613818450078252
            ],
            [
              77.23068809336583,
              28.613821505944475
            ],
            [
              77.23068629077284,
              28.613824419930705
            ],
            [
              77.2306841731835,
              28.61382716397366
            ],
            [
              77.23068176099139,
              28.613829711646694
            ],
            [
              77.23067907742717,
              28.613832038414298
            ],
            [
              77.23067614833508,
              28.61383412186843
            ],
            [
              77.23067300192386,
              28.613835941944252
            ],
            [
              77.2304588835941,
              28.613946943780434
            ],
            [
              77.23050066779686,
              28.614022374806005
            ],
            [
              77.23050215214214,
              28.61402542535802
            ],
            [
              77.23050299858619,
              28.614027778197578
            ],
            [
              77.23061855951862,
              28.614140796730744
            ],
            [
              77.2306198059307,
              28.614139885143484
            ],
            [
              77.23062292393189,
              28.61413802737526
            ],
            [
              77.2306262332745,
              28.614136448236962
            ],
            [
              77.23062970208774,
              28.61413516293656
            ],
            [
              77.23063329696507,
              28.614134183852176
            ],
            [
              77.2306369832859,
              28.614133520412917
            ],
            [
              77.23064072554897,
              28.614133179008068
            ],
            [
              77.23064448771426,
              28.614133162925526
            ],
            [
              77.23064823355011,
              28.61413347232018
            ],
            [
              77.2306519269821,
              28.614134104212383
            ],
            [
              77.23065553244051,
              28.61413505251669
            ],
            [
              77.23065901520282,
              28.614136308100406
            ],
            [
              77.23066234172815,
              28.614137858871576
            ],
            [
              77.23066547998027,
              28.61413968989546
            ],
            [
              77.2306683997361,
              28.614141783538283
            ],
            [
              77.2306701399206,
              28.614143161816536
            ],
            [
              77.23067170241589,
              28.614140997942176
            ],
            [
              77.23067402536282,
              28.614138386482377
            ],
            [
              77.2306766271974,
              28.614135988515386
            ],
            [
              77.23067948286257,
              28.61413382713491
            ],
            [
              77.23068256485672,
              28.614131923156222
            ],
            [
              77.23068584349858,
              28.614130294915665
            ],
            [
              77.23068928721302,
              28.614128958094046
            ],
            [
              77.23069286283524,
              28.6141279255657
            ],
            [
              77.23069653593005,
              28.614127207274414
            ],
            [
              77.23070027112358,
              28.614126810137734
            ],
            [
              77.23070403244392,
              28.61412673798029
            ],
            [
              77.23070778366751,
              28.61412699149698
            ],
            [
              77.23071148866806,
              28.61412756824633
            ],
            [
              77.23071511176443,
              28.614128462673907
            ],
            [
              77.23071861806423,
              28.6141296661659
            ],
            [
              77.23072197379993,
              28.614131167132033
            ],
            [
              77.23072514665397,
              28.614132951117192
            ],
            [
              77.23072810607006,
              28.61413500094064
            ],
            [
              77.23073082354739,
              28.614137296861454
            ],
            [
              77.23073327291519,
              28.614139816768702
            ],
            [
              77.2307354305847,
              28.614142536394304
            ],
            [
              77.23073727577639,
              28.614145429546788
            ],
            [
              77.23073879072,
              28.614148468363542
            ],
            [
              77.23073996082582,
              28.614151623579083
            ],
            [
              77.23074077482504,
              28.614154864807
            ],
            [
              77.23074122487837,
              28.614158160832496
            ],
            [
              77.23074130665152,
              28.614161479913044
            ],
            [
              77.23074101935694,
              28.614164790084097
            ],
            [
              77.23074036576139,
              28.614168059466884
            ],
            [
              77.23073935215933,
              28.61417125657547
            ],
            [
              77.23073157968778,
              28.614191823913284
            ],
            [
              77.23092521295517,
              28.614345186640637
            ],
            [
              77.23092574244447,
              28.61434511758741
            ],
            [
              77.23092950022694,
              28.61434495645519
            ],
            [
              77.23093325781277,
              28.61434512111889
            ],
            [
              77.23093697901442,
              28.614345609992686
            ],
            [
              77.23094062799471,
              28.61434641836847
            ],
            [
              77.230944169612,
              28.614347538461136
            ],
            [
              77.23094665252853,
              28.614348576145854
            ],
            [
              77.2311787497445,
              28.61419898972701
            ],
            [
              77.23113967143895,
              28.614037816652875
            ],
            [
              77.23013822176335,
              28.613394581816816
            ],
            [
              77.23009389386323,
              28.613389260545933
            ],
            [
              77.23009019538911,
              28.613388652169395
            ],
            [
              77.23008658230043,
              28.613387726828936
            ],
            [
              77.23008308939323,
              28.61338649343609
            ],
            [
              77.23007975030617,
              28.613384963869112
            ],
            [
              77.23007659719647,
              28.613383152858574
            ],
            [
              77.23007366043034,
              28.61338107784552
            ],
            [
              77.23007096829043,
              28.613378758813482
            ],
            [
              77.23006854670355,
              28.613376218096004
            ],
            [
              77.23006641899089,
              28.613373480161602
            ],
            [
              77.23006460564348,
              28.613370571378105
            ],
            [
              77.23006312412481,
              28.6133675197587
            ],
            [
              77.23006198870272,
              28.613364354692166
            ],
            [
              77.2300612103119,
              28.613361106659816
            ],
            [
              77.23006079644865,
              28.613357806942005
            ],
            [
              77.23006075109868,
              28.613354487316805
            ],
            [
              77.23006107469868,
              28.61335117975404
            ],
            [
              77.23006176413217,
              28.613347916107344
            ],
            [
              77.23006242775354,
              28.61334589839925
            ],
            [
              77.22960400484669,
              28.613051445838575
            ],
            [
              77.2296135609081,
              28.61350370920661
            ],
            [
              77.22961650196139,
              28.613503533157754
            ],
            [
              77.22962151588892,
              28.61350366789725
            ],
            [
              77.2296264907067,
              28.613504235658542
            ],
            [
              77.22963137850452,
              28.61350523097378
            ],
            [
              77.2296361322103,
              28.613506644257555
            ],
            [
              77.22964070604331,
              28.613508461899166
            ],
            [
              77.22964505595506,
              28.61351066639376
            ],
            [
              77.22964914005358,
              28.613513236510865
            ],
            [
              77.22965291900678,
              28.613516147498885
            ],
            [
              77.22965635642127,
              28.61351937132342
            ],
            [
              77.2296594191929,
              28.613522876937317
            ],
            [
              77.22966207782548,
              28.61352663057963
            ],
            [
              77.22966430671491,
              28.61353059610075
            ],
            [
              77.2296660843957,
              28.613534735310555
            ],
            [
              77.22966739374782,
              28.61353900834623
            ],
            [
              77.2296682221614,
              28.613543374056103
            ],
            [
              77.22966856165831,
              28.61354779039603
            ],
            [
              77.22968398040653,
              28.61427747798651
            ],
            [
              77.22968382771897,
              28.61428190242432
            ],
            [
              77.22968318431215,
              28.61428629235092
            ],
            [
              77.22968205638237,
              28.614290605488893
            ],
            [
              77.22968045479217,
              28.614294800300375
            ],
            [
              77.22967839496567,
              28.614298836387
            ],
            [
              77.22967589674008,
              28.614302674879045
            ],
            [
              77.22967298417467,
              28.61430627880971
            ],
            [
              77.22966968531897,
              28.614309613471143
            ],
            [
              77.22966603194278,
              28.61431264674872
            ],
            [
              77.22966205923012,
              28.614315349430267
            ],
            [
              77.22965780544038,
              28.61431769548749
            ],
            [
              77.2296533115399,
              28.61431966232652
            ],
            [
              77.22964862080744,
              28.61432123100561
            ],
            [
              77.22964377841735,
              28.614322386417513
            ],
            [
              77.22963883100456,
              28.614323117434946
            ],
            [
              77.22963382621543,
              28.614323417017808
            ],
            [
              77.22963087974631,
              28.6143233378394
            ],
            [
              77.22963693658197,
              28.61460997459676
            ],
            [
              77.22963944544263,
              28.61460979932627
            ],
            [
              77.22964320697977,
              28.614609862964997
            ],
            [
              77.22991349191231,
              28.614626167794643
            ],
            [
              77.22991722826885,
              28.614626556463307
            ],
            [
              77.22992090346145,
              28.614627266426385
            ],
            [
              77.22992448209604,
              28.614628290846532
            ],
            [
              77.22992792970842,
              28.61462961985805
            ],
            [
              77.22993121309624,
              28.61463124066183
            ],
            [
              77.22993430063869,
              28.614633137648653
            ],
            [
              77.22993716260108,
              28.614635292549515
            ],
            [
              77.22993977142114,
              28.61463768461157
            ],
            [
              77.22994210197452,
              28.614640290797947
            ],
            [
              77.2299441318167,
              28.61464308600967
            ],
            [
              77.22994584139916,
              28.614646043327344
            ],
            [
              77.2299472142577,
              28.61464913427039
            ],
            [
              77.22994823717092,
              28.614652329071358
            ],
            [
              77.22994890028754,
              28.61465559696256
            ],
            [
              77.22994919722139,
              28.61465890647243
            ],
            [
              77.2299491251128,
              28.614662225728598
            ],
            [
              77.22994868465615,
              28.614665522764792
            ],
            [
              77.22994788009326,
              28.614668765828768
            ],
            [
              77.2299467191725,
              28.614671923688036
            ],
            [
              77.2299452130741,
              28.614674965930664
            ],
            [
              77.22994337630263,
              28.61467786325821
            ],
            [
              77.22994122654714,
              28.61468058776779
            ],
            [
              77.22993878451096,
              28.61468311322088
            ],
            [
              77.22993607371224,
              28.61468541529598
            ],
            [
              77.22993312025743,
              28.614687471822833
            ],
            [
              77.22992995258991,
              28.614689262995928
            ],
            [
              77.22992660121609,
              28.6146907715653
            ],
            [
              77.22992309841155,
              28.61469198300257
            ],
            [
              77.22991947791022,
              28.614692885640927
            ],
            [
              77.22991577457952,
              28.61469347078746
            ],
            [
              77.22991202408463,
              28.61469373280689
            ],
            [
              77.22990826254485,
              28.61469366917581
            ],
            [
              77.22963836107652,
              28.614677387488605
            ],
            [
              77.22964562752003,
              28.61502126161522
            ],
            [
              77.229838317383,
              28.615062886022752
            ]
          ],
          [
            [
              77.23007188477627,
              28.613700008535368
            ],
            [
              77.23006832835435,
              28.613701091434994
            ],
            [
              77.23006466877266,
              28.613701861514237
            ],
            [
              77.23006094127497,
              28.613702311356793
            ],
            [
              77.2300607919872,
              28.61370231633133
            ],
            [
              77.23006049091721,
              28.613705359253842
            ],
            [
              77.23005979790447,
              28.613708622310423
            ],
            [
              77.23000953230438,
              28.613894416066024
            ],
            [
              77.23000848017621,
              28.613897603469013
            ],
            [
              77.23000707906756,
              28.613900684522154
            ],
            [
              77.23000534247184,
              28.613903629553224
            ],
            [
              77.23000328711338,
              28.613906410199935
            ],
            [
              77.23000093278641,
              28.61390899968313
            ],
            [
              77.22999830216438,
              28.61391137306466
            ],
            [
              77.22999542058156,
              28.613913507487553
            ],
            [
              77.22999231578925,
              28.61391538239613
            ],
            [
              77.22998901768825,
              28.613916979733975
            ],
            [
              77.22998555804112,
              28.613918284117855
            ],
            [
              77.22998197016616,
              28.613919282985808
            ],
            [
              77.22997828861662,
              28.613919966718196
            ],
            [
              77.22997454884785,
              28.613920328730273
            ],
            [
              77.22997078687587,
              28.61392036553568
            ],
            [
              77.22996703893061,
              28.613920076779955
            ],
            [
              77.22996334110685,
              28.613919465243974
            ],
            [
              77.22995972901667,
              28.61391853681716
            ],
            [
              77.22995623744653,
              28.61391730044078
            ],
            [
              77.22995290002217,
              28.61391576802182
            ],
            [
              77.22994974888483,
              28.613913954318335
            ],
            [
              77.22994681438173,
              28.613911876797275
            ],
            [
              77.22994412477371,
              28.613909555466353
            ],
            [
              77.22994170596318,
              28.613907012681228
            ],
            [
              77.22993958124462,
              28.613904272930345
            ],
            [
              77.2299377710802,
              28.613901362599023
            ],
            [
              77.22993629290278,
              28.613898309715356
            ],
            [
              77.22993516094802,
              28.613895143680278
            ],
            [
              77.2299343861172,
              28.613891894984466
            ],
            [
              77.22993397587234,
              28.613888594914634
            ],
            [
              77.22993393416431,
              28.613885275252276
            ],
            [
              77.22993426139473,
              28.613881967967544
            ],
            [
              77.22993495441217,
              28.6138787049114
            ],
            [
              77.22998522014014,
              28.613692911176205
            ],
            [
              77.2299862722674,
              28.613689723773383
            ],
            [
              77.22998767337431,
              28.613686642720495
            ],
            [
              77.2299894099674,
              28.613683697689737
            ],
            [
              77.22999146532231,
              28.613680917043375
            ],
            [
              77.22999381964483,
              28.61367832756052
            ],
            [
              77.22999645026155,
              28.613675954179325
            ],
            [
              77.22999933183817,
              28.613673819756706
            ],
            [
              77.23000243662355,
              28.613671944848306
            ],
            [
              77.23000573471694,
              28.61367034751051
            ],
            [
              77.23000587282662,
              28.613670295439164
            ],
            [
              77.22982798172323,
              28.61350971632355
            ],
            [
              77.22982548698154,
              28.613507231327816
            ],
            [
              77.22982328027729,
              28.61350454251971
            ],
            [
              77.22982138286228,
              28.613501675793934
            ],
            [
              77.22981981300963,
              28.613498658758655
            ],
            [
              77.22981858583783,
              28.613495520469574
            ],
            [
              77.22981771316522,
              28.613492291150138
            ],
            [
              77.22981720339607,
              28.61348900190047
            ],
            [
              77.2298170614397,
              28.613485684397858
            ],
            [
              77.22981728866321,
              28.613482370591655
            ],
            [
              77.22981788287828,
              28.613479092395632
            ],
            [
              77.22981883836223,
              28.61347588138061
            ],
            [
              77.22982014591321,
              28.613472768470398
            ],
            [
              77.22982179293878,
              28.61346978364404
            ],
            [
              77.22982376357713,
              28.61346695564701
            ],
            [
              77.22982603884995,
              28.61346431171447
            ],
            [
              77.22982859684508,
              28.61346187730891
            ],
            [
              77.22983141292764,
              28.613459675874978
            ],
            [
              77.22983445997721,
              28.613457728613668
            ],
            [
              77.22983770864906,
              28.613456054278153
            ],
            [
              77.22984112765668,
              28.613454668993207
            ],
            [
              77.22984468407324,
              28.61345358609983
            ],
            [
              77.22984834364848,
              28.6134528160269
            ],
            [
              77.22985207113874,
              28.613452366190614
            ],
            [
              77.22985583064627,
              28.61345224092314
            ],
            [
              77.229859585965,
              28.61345244143087
            ],
            [
              77.22986330092922,
              28.613452965782805
            ],
            [
              77.22986693976178,
              28.61345380892915
            ],
            [
              77.22987046741879,
              28.61345496274996
            ],
            [
              77.22987384992702,
              28.613456416133303
            ],
            [
              77.22987705471108,
              28.613458155082316
            ],
            [
              77.22988005090716,
              28.613460162849993
            ],
            [
              77.22988280966027,
              28.61346242010045
            ],
            [
              77.23008503059735,
              28.61364496118852
            ],
            [
              77.23008752534831,
              28.613647446178906
            ],
            [
              77.23008973206224,
              28.613650134982112
            ],
            [
              77.23009162948723,
              28.61365300170351
            ],
            [
              77.23009319935007,
              28.61365601873503
            ],
            [
              77.23009442653206,
              28.613659157020987
            ],
            [
              77.23009529921477,
              28.613662386338024
            ],
            [
              77.23009580899374,
              28.61366567558603
            ],
            [
              77.2300959509595,
              28.61366899308777
            ],
            [
              77.23009572374478,
              28.613672306893896
            ],
            [
              77.2300951295378,
              28.61367558509064
            ],
            [
              77.23009417406102,
              28.613678796107155
            ],
            [
              77.2300928665162,
              28.61368190901961
            ],
            [
              77.23009121949565,
              28.613684893848937
            ],
            [
              77.23008924886109,
              28.613687721849605
            ],
            [
              77.23008697359077,
              28.613690365786393
            ],
            [
              77.23008441559678,
              28.613692800196738
            ],
            [
              77.230081599514,
              28.613695001635907
            ],
            [
              77.23007855246284,
              28.61369694890284
            ],
            [
              77.23007530378808,
              28.613698623244275
            ],
            [
              77.23007188477627,
              28.613700008535368
            ]
          ],
          [
            [
              77.2303456471735,
              28.61427708496161
            ],
            [
              77.23034318842662,
              28.61427959774974
            ],
            [
              77.23034046240554,
              28.614281885774687
            ],
            [
              77.23033749536332,
              28.61428392700151
            ],
            [
              77.2303343158742,
              28.614285701772054
            ],
            [
              77.23033095455841,
              28.6142871929943
            ],
            [
              77.2303274437873,
              28.61428838630695
            ],
            [
              77.23032381737151,
              28.61428927021773
            ],
            [
              77.23014460657032,
              28.614324701627307
            ],
            [
              77.23014089943172,
              28.6143252676189
            ],
            [
              77.23013714727516,
              28.614325510245113
            ],
            [
              77.23013338623596,
              28.614325427169348
            ],
            [
              77.23012965253506,
              28.61432501919164
            ],
            [
              77.23012598213005,
              28.614324290241058
            ],
            [
              77.23012241036899,
              28.614323247337808
            ],
            [
              77.23011897164989,
              28.6143219005256
            ],
            [
              77.23011569908954,
              28.614320262775003
            ],
            [
              77.2301126242045,
              28.614318349858447
            ],
            [
              77.2301097766076,
              28.614316180198394
            ],
            [
              77.23010718372278,
              28.614313774689858
            ],
            [
              77.23010487052093,
              28.61431115649922
            ],
            [
              77.23010285927943,
              28.614308350841103
            ],
            [
              77.23010116936764,
              28.61430538473554
            ],
            [
              77.23009981706032,
              28.61430228674777
            ],
            [
              77.23009881538087,
              28.614299086713114
            ],
            [
              77.23009817397602,
              28.614295815449665
            ],
            [
              77.2300978990228,
              28.614292504461485
            ],
            [
              77.23009799316912,
              28.614289185635204
            ],
            [
              77.23009845550828,
              28.61428589093294
            ],
            [
              77.23009928158766,
              28.614282652084466
            ],
            [
              77.23010046345162,
              28.61427950028167
            ],
            [
              77.23010198971816,
              28.61427646587811
            ],
            [
              77.23010384568845,
              28.614273578096764
            ],
            [
              77.23010601348847,
              28.61427086474852
            ],
            [
              77.23010847224113,
              28.61426835196439
            ],
            [
              77.23011119826724,
              28.614266063943845
            ],
            [
              77.23011416531374,
              28.61426402272176
            ],
            [
              77.2301173448063,
              28.614262247956216
            ],
            [
              77.2301207061247,
              28.614260756739146
            ],
            [
              77.23012421689765,
              28.614259563431766
            ],
            [
              77.23012784331448,
              28.614258679526287
            ],
            [
              77.23030705401226,
              28.614223248144494
            ],
            [
              77.2303107611461,
              28.6142226821486
            ],
            [
              77.23031451329828,
              28.614222439517796
            ],
            [
              77.23031827433357,
              28.614222522588733
            ],
            [
              77.23032200803118,
              28.6142229305614
            ],
            [
              77.23032567843357,
              28.614223659506788
            ],
            [
              77.23032925019284,
              28.61422470240478
            ],
            [
              77.23033268891098,
              28.614226049211688
            ],
            [
              77.2303359614713,
              28.61422768695704
            ],
            [
              77.23033903635726,
              28.61422959986847
            ],
            [
              77.23034188395606,
              28.614231769523595
            ],
            [
              77.23034447684377,
              28.61423417502748
            ],
            [
              77.23034679004945,
              28.614236793213813
            ],
            [
              77.23034880129569,
              28.614239598868053
            ],
            [
              77.23035049121303,
              28.614242564970223
            ],
            [
              77.23035184352666,
              28.614245662955152
            ],
            [
              77.23035284521302,
              28.61424886298756
            ],
            [
              77.2303534866253,
              28.6142521342494
            ],
            [
              77.23035376158631,
              28.614255445236644
            ],
            [
              77.230353667448,
              28.61425876406267
            ],
            [
              77.23035320511696,
              28.614262058765362
            ],
            [
              77.2303523790456,
              28.614265297614953
            ],
            [
              77.23035119718945,
              28.61426844941953
            ],
            [
              77.23034967093038,
              28.61427148382549
            ],
            [
              77.23034781496709,
              28.614274371609838
            ],
            [
              77.2303456471735,
              28.61427708496161
            ]
          ],
          [
            [
              77.23042348743938,
              28.614551479088913
            ],
            [
              77.23042049073592,
              28.61455348630111
            ],
            [
              77.23041728550608,
              28.61455522465603
            ],
            [
              77.23041390261795,
              28.61455667741233
            ],
            [
              77.23041037465066,
              28.614557830579162
            ],
            [
              77.23040673558046,
              28.614558673050897
            ],
            [
              77.23040302045362,
              28.614559196714062
            ],
            [
              77.23021220341559,
              28.614577676022243
            ],
            [
              77.23020844800945,
              28.614577875828427
            ],
            [
              77.23020468849262,
              28.614577749858537
            ],
            [
              77.23020096107135,
              28.61457729932572
            ],
            [
              77.23019730164278,
              28.614576528568875
            ],
            [
              77.2301937454492,
              28.614575445010797
            ],
            [
              77.23019032673876,
              28.614574059086763
            ],
            [
              77.23018707843555,
              28.614572384143983
            ],
            [
              77.2301840318225,
              28.614570436313084
            ],
            [
              77.23018121624018,
              28.61456823435276
            ],
            [
              77.23017865880419,
              28.614565799469112
            ],
            [
              77.23017638414403,
              28.614563155111398
            ],
            [
              77.23017441416592,
              28.614560326746265
            ],
            [
              77.23017276784182,
              28.614557341612414
            ],
            [
              77.2301714610267,
              28.614554228458335
            ],
            [
              77.23017050630588,
              28.614551017265416
            ],
            [
              77.23016991287382,
              28.6145477389592
            ],
            [
              77.23016968644556,
              28.614544425111596
            ],
            [
              77.23016982920171,
              28.614541107636743
            ],
            [
              77.23017033976737,
              28.61453781848376
            ],
            [
              77.23017121322553,
              28.614534589328983
            ],
            [
              77.23017244116426,
              28.614531451270917
            ],
            [
              77.2301740117578,
              28.61452843453079
            ],
            [
              77.23017590988046,
              28.614525568161437
            ],
            [
              77.23017811725225,
              28.61452287976755
            ],
            [
              77.23018061261499,
              28.614520395239815
            ],
            [
              77.23018337193693,
              28.614518138505584
            ],
            [
              77.23018636864433,
              28.614516131298426
            ],
            [
              77.23018957387723,
              28.614514392948823
            ],
            [
              77.23019295676751,
              28.614512940198026
            ],
            [
              77.23019648473613,
              28.6145117870368
            ],
            [
              77.23020012380682,
              28.6145109445707
            ],
            [
              77.23020383893339,
              28.614510420913142
            ],
            [
              77.23039465585285,
              28.614491941623253
            ],
            [
              77.23039841125522,
              28.61449174181209
            ],
            [
              77.23040217076883,
              28.614491867776763
            ],
            [
              77.23040589818751,
              28.614492318304162
            ],
            [
              77.23040955761425,
              28.61449308905546
            ],
            [
              77.23041311380679,
              28.614494172607916
            ],
            [
              77.23041653251708,
              28.614495558526322
            ],
            [
              77.23041978082111,
              28.614497233463542
            ],
            [
              77.23042282743593,
              28.614499181289027
            ],
            [
              77.230425643021,
              28.614501383244175
            ],
            [
              77.23042820046068,
              28.614503818122955
            ],
            [
              77.23043047512547,
              28.614506462476175
            ],
            [
              77.23043244510907,
              28.614509290837283
            ],
            [
              77.23043409143945,
              28.61451227596763
            ],
            [
              77.23043539826153,
              28.61451538911879
            ],
            [
              77.23043635298988,
              28.614518600309424
            ],
            [
              77.2304369464299,
              28.61452187861403
            ],
            [
              77.23043717286643,
              28.614525192460743
            ],
            [
              77.23043703011872,
              28.614528509935415
            ],
            [
              77.23043651956145,
              28.614531799088944
            ],
            [
              77.23043564611156,
              28.614535028244976
            ],
            [
              77.23043441818082,
              28.614538166304996
            ],
            [
              77.23043284759481,
              28.614541183047738
            ],
            [
              77.23043094947914,
              28.614544049420314
            ],
            [
              77.23042874211367,
              28.614546737817985
            ],
            [
              77.23042624675655,
              28.61454922234999
            ],
            [
              77.23042348743938,
              28.614551479088913
            ]
          ]
        ]
      }
    },
    {
      "type": "Feature",
      "properties": {
        "parcel_id": "ULPIN-2026-2246-00008",
        "survey_number": "UNSURVEYED-8",
        "area_sqm": 57500.86,
        "perimeter_m": 5375.29,
        "confidence_score": 0.733,
        "verification_status": "Needs GT Verification",
        "building_count": 1,
        "building_coverage_ratio": 0.884,
        "landuse_class": "Vacant/Green",
        "owner_record": "Unregistered / Pending Survey",
        "has_gnss_control": false,
        "tax_assessment_annual_inr": 25875387,
        "tax_rate_per_sqm": 450,
        "lulc_confidence": 0.944
      },
      "geometry": {
        "type": "Polygon",
        "coordinates": [
          [
            [
              77.2338298897261,
              28.612714966760173
            ],
            [
              77.23381453654076,
              28.61274637756648
            ],
            [
              77.2338144508855,
              28.61274800889565
            ],
            [
              77.23381390923643,
              28.612751294168117
            ],
            [
              77.23381300528179,
              28.612754516771773
            ],
            [
              77.23381174772712,
              28.612757645671184
            ],
            [
              77.23381014868333,
              28.61276065073333
            ],
            [
              77.2338082235501,
              28.612763503017806
            ],
            [
              77.23380686089058,
              28.612765133826212
            ],
            [
              77.23380565296613,
              28.612768031707827
            ],
            [
              77.23380401438732,
              28.612771020139952
            ],
            [
              77.23380205175656,
              28.61277385245496
            ],
            [
              77.23379985025561,
              28.612776423955964
            ],
            [
              77.23378295608347,
              28.61281098739763
            ],
            [
              77.23378129835963,
              28.612813967596768
            ],
            [
              77.23377931759039,
              28.612816790062556
            ],
            [
              77.23377703285162,
              28.612819427613122
            ],
            [
              77.23377446614658,
              28.61282185484737
            ],
            [
              77.23377164219406,
              28.6128240483897
            ],
            [
              77.23376858819024,
              28.61282598711509
            ],
            [
              77.23376533354688,
              28.612827652352546
            ],
            [
              77.23376190960798,
              28.6128290280649
            ],
            [
              77.23375834934797,
              28.612830101003276
            ],
            [
              77.23375468705413,
              28.612830860834666
            ],
            [
              77.23375095799635,
              28.6128313002415
            ],
            [
              77.23374719808757,
              28.612831414992023
            ],
            [
              77.23374344353779,
              28.612831203981123
            ],
            [
              77.23373973050539,
              28.61283066924097
            ],
            [
              77.23373609474895,
              28.61282981592138
            ],
            [
              77.23373257128283,
              28.612828652240307
            ],
            [
              77.23372950107152,
              28.61282732239381
            ],
            [
              77.23361400894085,
              28.61290946178744
            ],
            [
              77.2334322136912,
              28.613060174516814
            ],
            [
              77.23343523265395,
              28.61306195200316
            ],
            [
              77.23343814243556,
              28.6130640563916
            ],
            [
              77.2334408044589,
              28.613066402324254
            ],
            [
              77.23344319308724,
              28.613068967208527
            ],
            [
              77.2334452853168,
              28.61307172634318
            ],
            [
              77.23344706099824,
              28.613074653156264
            ],
            [
              77.23344850303076,
              28.613077719460975
            ],
            [
              77.23344959752677,
              28.61308089572713
            ],
            [
              77.23345033394565,
              28.613084151365584
            ],
            [
              77.23345070519527,
              28.613087455022743
            ],
            [
              77.2334605224821,
              28.613261432260103
            ],
            [
              77.23346052498778,
              28.61326475211986
            ],
            [
              77.23346015872403,
              28.613268056210305
            ],
            [
              77.23345942721815,
              28.613271312711245
            ],
            [
              77.23345833751492,
              28.613274490260785
            ],
            [
              77.23345690010873,
              28.613277558257394
            ],
            [
              77.23345512884258,
              28.613280487154555
            ],
            [
              77.23345304077469,
              28.613283248745397
            ],
            [
              77.2334506560143,
              28.613285816434264
            ],
            [
              77.23344799752792,
              28.6132881654929
            ],
            [
              77.23344509091824,
              28.61329027329857
            ],
            [
              77.23344196417753,
              28.613292119551936
            ],
            [
              77.23343864741797,
              28.613293686472563
            ],
            [
              77.23343517258184,
              28.613294958970123
            ],
            [
              77.2334315731337,
              28.613295924789757
            ],
            [
              77.23342788373823,
              28.613296574630095
            ],
            [
              77.23342413992638,
              28.61329690223281
            ],
            [
              77.23342037775312,
              28.61329690444289
            ],
            [
              77.23341663345028,
              28.613296581239062
            ],
            [
              77.23341294307757,
              28.61329593573396
            ],
            [
              77.23340934217532,
              28.61329497414414
            ],
            [
              77.23340586542223,
              28.613293705730257
            ],
            [
              77.23340254630136,
              28.613292142707834
            ],
            [
              77.2333994167777,
              28.613290300129645
            ],
            [
              77.23339650699023,
              28.61328819574073
            ],
            [
              77.23339384496187,
              28.61328584980753
            ],
            [
              77.23339145632936,
              28.613283284922673
            ],
            [
              77.23338936409657,
              28.613280525787424
            ],
            [
              77.23338758841281,
              28.613277598973777
            ],
            [
              77.23338614637886,
              28.61327453266855
            ],
            [
              77.2333850518823,
              28.613271356401963
            ],
            [
              77.23338431546368,
              28.61326810076321
            ],
            [
              77.2333839442151,
              28.61326479710587
            ],
            [
              77.23337507093532,
              28.613107547131243
            ],
            [
              77.23336609422283,
              28.613114989019518
            ],
            [
              77.2333632291871,
              28.61311714068643
            ],
            [
              77.2333601389486,
              28.613119034185303
            ],
            [
              77.23335685326799,
              28.613120651280678
            ],
            [
              77.23335340378821,
              28.613121976399047
            ],
            [
              77.23334982372965,
              28.61312299677877
            ],
            [
              77.23334614757027,
              28.61312370259303
            ],
            [
              77.23334241071352,
              28.613124087044422
            ],
            [
              77.2333386491474,
              28.613124146430494
            ],
            [
              77.23333489909787,
              28.613123880179312
            ],
            [
              77.23333119668001,
              28.61312329085501
            ],
            [
              77.23332757755017,
              28.613122384133117
            ],
            [
              77.23332407656257,
              28.613121168745867
            ],
            [
              77.23332072743365,
              28.613119656398105
            ],
            [
              77.23331756241738,
              28.613117861654587
            ],
            [
              77.23331461199464,
              28.61311580179968
            ],
            [
              77.23331190457958,
              28.61311349667093
            ],
            [
              77.23330946624613,
              28.613110968468
            ],
            [
              77.23330732047673,
              28.61310824153888
            ],
            [
              77.23330548793633,
              28.613105342145413
            ],
            [
              77.23330398627327,
              28.61310229821035
            ],
            [
              77.23330282994938,
              28.613099139048458
            ],
            [
              77.23330203010065,
              28.61309589508421
            ],
            [
              77.23330159443003,
              28.613092597558765
            ],
            [
              77.23330152713324,
              28.613089278229086
            ],
            [
              77.23330182885833,
              28.61308596906215
            ],
            [
              77.23330249669952,
              28.61308270192704
            ],
            [
              77.23330352422508,
              28.61307950828805
            ],
            [
              77.23330490153934,
              28.613076418901652
            ],
            [
              77.23330661537801,
              28.613073463520333
            ],
            [
              77.23330864923584,
              28.613070670606014
            ],
            [
              77.23331098352566,
              28.613068067055973
            ],
            [
              77.23331359576696,
              28.6130656779438
            ],
            [
              77.23344905960788,
              28.6129533753812
            ],
            [
              77.23344912936774,
              28.612952046871214
            ],
            [
              77.23344967102888,
              28.612948761599608
            ],
            [
              77.23345057499604,
              28.612945538997757
            ],
            [
              77.2334518325635,
              28.61294241010106
            ],
            [
              77.23345343162018,
              28.612939405042503
            ],
            [
              77.23345535676626,
              28.612936552762427
            ],
            [
              77.23345758946151,
              28.612933880729837
            ],
            [
              77.23346010820383,
              28.61293141467786
            ],
            [
              77.23346288873637,
              28.61292917835591
            ],
            [
              77.23358931706713,
              28.612837098420727
            ],
            [
              77.23360067954887,
              28.612827678620686
            ],
            [
              77.2319215253231,
              28.613653367583243
            ],
            [
              77.23200436729064,
              28.61365882833765
            ],
            [
              77.23204196438523,
              28.613654630045602
            ],
            [
              77.23204571548888,
              28.613654375373805
            ],
            [
              77.232049476818,
              28.613654446372827
            ],
            [
              77.232053212149,
              28.613654842358894
            ],
            [
              77.23205688550858,
              28.613655559518453
            ],
            [
              77.23206046152038,
              28.613656590944856
            ],
            [
              77.23206390574542,
              28.61365792670494
            ],
            [
              77.23206718501399,
              28.613659553934585
            ],
            [
              77.23207026774494,
              28.6136614569627
            ],
            [
              77.2320727522178,
              28.61366333607798
            ],
            [
              77.23209176954262,
              28.613664589639832
            ],
            [
              77.23209550300929,
              28.61366499908961
            ],
            [
              77.23209917301803,
              28.613665729486762
            ],
            [
              77.23210274422469,
              28.613666773797167
            ],
            [
              77.23210618223663,
              28.61366812196356
            ],
            [
              77.23210945394395,
              28.613669761002367
            ],
            [
              77.23211252783834,
              28.61367167512875
            ],
            [
              77.2321153743165,
              28.613673845908657
            ],
            [
              77.23211796596534,
              28.6136762524363
            ],
            [
              77.23212027782584,
              28.61367887153551
            ],
            [
              77.23212228763352,
              28.613681677982953
            ],
            [
              77.23212397603281,
              28.61368464475101
            ],
            [
              77.2321253267635,
              28.613687743268105
            ],
            [
              77.23212632681728,
              28.613690943693843
            ],
            [
              77.23212696656304,
              28.613694215206365
            ],
            [
              77.23212723983968,
              28.613697526299237
            ],
            [
              77.23212714401535,
              28.613700845084832
            ],
            [
              77.23212668001285,
              28.61370413960142
            ],
            [
              77.23212585230074,
              28.61370737812101
            ],
            [
              77.23212466885033,
              28.61371052945488
            ],
            [
              77.23212314105884,
              28.613713563253963
            ],
            [
              77.23212128363973,
              28.613716450301094
            ],
            [
              77.23211911448092,
              28.61371916279242
            ],
            [
              77.2321166544726,
              28.61372167460517
            ],
            [
              77.232113927306,
              28.61372396154918
            ],
            [
              77.23211095924519,
              28.61372600159993
            ],
            [
              77.23210777887425,
              28.613727775110576
            ],
            [
              77.2321044168219,
              28.613729265001254
            ],
            [
              77.23210090546654,
              28.613730456923467
            ],
            [
              77.2320972786245,
              28.613731339398363
            ],
            [
              77.23209357122425,
              28.613731903927203
            ],
            [
              77.23208981897014,
              28.613732145073254
            ],
            [
              77.23208605799844,
              28.613732060514153
            ],
            [
              77.23200634415059,
              28.61372680601438
            ],
            [
              77.23183381720206,
              28.61374607115248
            ],
            [
              77.23191567351965,
              28.613884478994358
            ],
            [
              77.23191691396259,
              28.61388511162524
            ],
            [
              77.23191997105658,
              28.613887046597576
            ],
            [
              77.23192279849931,
              28.61388923666938
            ],
            [
              77.23192536906099,
              28.61389166074908
            ],
            [
              77.2319276579857,
              28.613894295491484
            ],
            [
              77.2319296432298,
              28.613897115522594
            ],
            [
              77.23193130567434,
              28.613900093683977
            ],
            [
              77.23193262930903,
              28.613903201294338
            ],
            [
              77.2319336013865,
              28.613906408425688
            ],
            [
              77.23193421254513,
              28.61390968419162
            ],
            [
              77.23193445689907,
              28.613912997044714
            ],
            [
              77.23193434224636,
              28.613916045196813
            ],
            [
              77.23198549517053,
              28.614002537509837
            ],
            [
              77.23198707005608,
              28.614005552500664
            ],
            [
              77.23198830246216,
              28.614008689189752
            ],
            [
              77.23198918051999,
              28.61401191736908
            ],
            [
              77.23198969577336,
              28.61401520594952
            ],
            [
              77.2319898432601,
              28.614018523260256
            ],
            [
              77.23198962155975,
              28.614021837353775
            ],
            [
              77.23198903280742,
              28.614025116313538
            ],
            [
              77.23198808267306,
              28.614028328561382
            ],
            [
              77.23198678030693,
              28.614031443161586
            ],
            [
              77.23198513825153,
              28.61403443011884
            ],
            [
              77.23198317232072,
              28.6140372606671
            ],
            [
              77.23198090144747,
              28.614039907546637
            ],
            [
              77.23197834750152,
              28.614042345266537
            ],
            [
              77.23197553507876,
              28.6140445503502
            ],
            [
              77.23197249126437,
              28.61404650156146
            ],
            [
              77.23196924537194,
              28.614048180109066
            ],
            [
              77.2319658286612,
              28.61404956982768
            ],
            [
              77.23196227403697,
              28.614050657333525
            ],
            [
              77.23195861573225,
              28.61405143215333
            ],
            [
              77.23195488897856,
              28.614051886825138
            ],
            [
              77.2319511296666,
              28.61405201697021
            ],
            [
              77.23194737400061,
              28.61405182133517
            ],
            [
              77.23194365814976,
              28.614051301804093
            ],
            [
              77.23194001789977,
              28.614050463380355
            ],
            [
              77.23193648830826,
              28.61404931413843
            ],
            [
              77.23193310336714,
              28.614047865146162
            ],
            [
              77.23192989567528,
              28.614046130358155
            ],
            [
              77.23192689612452,
              28.61404412648136
            ],
            [
              77.23192413360219,
              28.614041872814237
            ],
            [
              77.23192163471289,
              28.614039391060835
            ],
            [
              77.23191942352227,
              28.614036705121826
            ],
            [
              77.23191752132534,
              28.614033840864273
            ],
            [
              77.23188247838523,
              28.613974588198033
            ],
            [
              77.23183003390521,
              28.614022362817888
            ],
            [
              77.23193064297926,
              28.614055651533228
            ],
            [
              77.23193409663554,
              28.614056968221924
            ],
            [
              77.23193738740775,
              28.61405857728662
            ],
            [
              77.23194048360398,
              28.61406046323114
            ],
            [
              77.23194335540617,
              28.61406260789284
            ],
            [
              77.23194597515732,
              28.614064990617468
            ],
            [
              77.23194831762777,
              28.614067588458084
            ],
            [
              77.23195036025825,
              28.61407037639609
            ],
            [
              77.23195208337712,
              28.61407332758213
            ],
            [
              77.23195347038977,
              28.614076413594677
            ],
            [
              77.23195450793848,
              28.61407960471377
            ],
            [
              77.23195518603107,
              28.61408287020718
            ],
            [
              77.23195549813711,
              28.614086178626444
            ],
            [
              77.2319554412508,
              28.614089498109664
            ],
            [
              77.23195501591997,
              28.614092796688414
            ],
            [
              77.23195422624073,
              28.61409604259557
            ],
            [
              77.23195307981811,
              28.61409920457127
            ],
            [
              77.23195158769275,
              28.61410225216396
            ],
            [
              77.23194976423461,
              28.614105156023637
            ],
            [
              77.23194762700457,
              28.61410788818453
            ],
            [
              77.2319451965853,
              28.614110422334434
            ],
            [
              77.23194249638306,
              28.614112734068076
            ],
            [
              77.23193955240228,
              28.61411480112219
            ],
            [
              77.23193639299512,
              28.61411660358988
            ],
            [
              77.23193304858839,
              28.61411812411242
            ],
            [
              77.23192955139058,
              28.6141193480463
            ],
            [
              77.23192593508163,
              28.614120263604363
            ],
            [
              77.23192223448862,
              28.614120861969287
            ],
            [
              77.23191848525032,
              28.614121137378476
            ],
            [
              77.23191472347395,
              28.61412108717958
            ],
            [
              77.23191098538751,
              28.614120711856042
            ],
            [
              77.23190730699088,
              28.61412001502244
            ],
            [
              77.23190372370905,
              28.614119003389668
            ],
            [
              77.23177184650811,
              28.614075368911575
            ],
            [
              77.23174108471663,
              28.614103391485394
            ],
            [
              77.2317383376454,
              28.61410565981349
            ],
            [
              77.23173535184269,
              28.614107679617224
            ],
            [
              77.23173215606342,
              28.614109431444767
            ],
            [
              77.2317287810847,
              28.61411089842503
            ],
            [
              77.23172525940944,
              28.614112066430195
            ],
            [
              77.23172162495334,
              28.614112924211717
            ],
            [
              77.23171791271822,
              28.614113463508673
            ],
            [
              77.23171415845495,
              28.614113679127353
            ],
            [
              77.2317103983192,
              28.61411356899121
            ],
            [
              77.23170666852313,
              28.614113134160917
            ],
            [
              77.23170300498678,
              28.614112378824128
            ],
            [
              77.23169944299205,
              28.614111310255158
            ],
            [
              77.23169601684289,
              28.614109938744924
            ],
            [
              77.23169275953502,
              28.61410827750182
            ],
            [
              77.23168970243813,
              28.614106342524536
            ],
            [
              77.23168687499376,
              28.614104152447986
            ],
            [
              77.23168430443171,
              28.61410172836381
            ],
            [
              77.23168201550793,
              28.61409909361728
            ],
            [
              77.23168003026599,
              28.61409627358247
            ],
            [
              77.23167836782486,
              28.61409329541785
            ],
            [
              77.2316770441947,
              28.614090187804802
            ],
            [
              77.23167607212278,
              28.61408698067135
            ],
            [
              77.23167546097068,
              28.614083704903948
            ],
            [
              77.23167521662407,
              28.614080392050028
            ],
            [
              77.23167534143612,
              28.614077074014205
            ],
            [
              77.2316758342048,
              28.61407378275096
            ],
            [
              77.2316766901844,
              28.614070549956967
            ],
            [
              77.23167790113138,
              28.614067406765788
            ],
            [
              77.2316794553836,
              28.614064383448067
            ],
            [
              77.23168133797276,
              28.614061509119995
            ],
            [
              77.23168353076848,
              28.614058811462915
            ],
            [
              77.2316860126529,
              28.614056316456722
            ],
            [
              77.23169353999837,
              28.61404945939758
            ],
            [
              77.23167512996962,
              28.614043368006538
            ],
            [
              77.23167167631655,
              28.614042051311024
            ],
            [
              77.23166838554846,
              28.614040442239613
            ],
            [
              77.23166528935727,
              28.614038556288563
            ],
            [
              77.231662417561,
              28.614036411620614
            ],
            [
              77.23165979781663,
              28.614034028890092
            ],
            [
              77.23165745535374,
              28.614031431044044
            ],
            [
              77.23165541273151,
              28.61402864310113
            ],
            [
              77.2316536896215,
              28.614025691910797
            ],
            [
              77.23165230261817,
              28.61402260589463
            ],
            [
              77.23165126507912,
              28.61401941477266
            ],
            [
              77.23165058699638,
              28.61401614927715
            ],
            [
              77.23165027490023,
              28.614012840856617
            ],
            [
              77.23165033179629,
              28.614009521372953
            ],
            [
              77.23165075713656,
              28.614006222794615
            ],
            [
              77.23165154682479,
              28.6140029768887
            ],
            [
              77.2316526932558,
              28.613999814915065
            ],
            [
              77.23165418538879,
              28.613996767325233
            ],
            [
              77.2316560088537,
              28.61399386346915
            ],
            [
              77.23165814608953,
              28.613991131312524
            ],
            [
              77.23166057651352,
              28.6139885971675
            ],
            [
              77.23166327671935,
              28.613986285439275
            ],
            [
              77.23166622070256,
              28.61398421839103
            ],
            [
              77.23166938011099,
              28.61398241592956
            ],
            [
              77.23167272451782,
              28.613980895413544
            ],
            [
              77.23167622171461,
              28.61397967148636
            ],
            [
              77.23167983802146,
              28.613978755935094
            ],
            [
              77.23168353861139,
              28.613978157576984
            ],
            [
              77.23168728784573,
              28.61397788217454
            ],
            [
              77.23169104961733,
              28.613977932380052
            ],
            [
              77.2316947876983,
              28.61397830770999
            ],
            [
              77.23169846608893,
              28.61397900454973
            ],
            [
              77.23170204936434,
              28.613980016188336
            ],
            [
              77.23175172742387,
              28.613996453335957
            ],
            [
              77.2318451032796,
              28.613911392079494
            ],
            [
              77.23175633778489,
              28.613761301572055
            ],
            [
              77.23175476290989,
              28.613758286577877
            ],
            [
              77.23175353051407,
              28.613755149886003
            ],
            [
              77.23175265246604,
              28.613751921704516
            ],
            [
              77.23175213722186,
              28.613748633122565
            ],
            [
              77.23175198974357,
              28.613745315811023
            ],
            [
              77.23175221145144,
              28.613742001717384
            ],
            [
              77.23175280021027,
              28.6137387227582
            ],
            [
              77.2317536274404,
              28.61373592604605
            ],
            [
              77.23113967143895,
              28.614037816652875
            ],
            [
              77.2311787497445,
              28.61419898972701
            ],
            [
              77.23131752764029,
              28.614587628729033
            ],
            [
              77.23139172468345,
              28.614642501465823
            ],
            [
              77.23139448608804,
              28.61464475621554
            ],
            [
              77.23139698374351,
              28.61464723894816
            ],
            [
              77.23139919359608,
              28.614649925753607
            ],
            [
              77.23140109436366,
              28.614652790756505
            ],
            [
              77.2314026677408,
              28.614655806365302
            ],
            [
              77.23140389857498,
              28.61465894353807
            ],
            [
              77.23140477501259,
              28.614662172062133
            ],
            [
              77.23140528861302,
              28.61466546084503
            ],
            [
              77.23140543442997,
              28.61466877821401
            ],
            [
              77.23140521105914,
              28.614672092220978
            ],
            [
              77.23140462065166,
              28.61467537095025
            ],
            [
              77.23140366889344,
              28.61467858282587
            ],
            [
              77.2314023649504,
              28.614681696915707
            ],
            [
              77.2314007213802,
              28.614684683229367
            ],
            [
              77.2313987540113,
              28.61468751300701
            ],
            [
              77.23139648179051,
              28.6146901589963
            ],
            [
              77.23139392660056,
              28.614692595714924
            ],
            [
              77.23139111304931,
              28.614694799695926
            ],
            [
              77.2313880682328,
              28.614696749713747
            ],
            [
              77.23138482147431,
              28.614698426988635
            ],
            [
              77.23138140404187,
              28.614699815367505
            ],
            [
              77.23137784884729,
              28.614700901479488
            ],
            [
              77.23137419012902,
              28.614701674864726
            ],
            [
              77.23137046312257,
              28.61470212807509
            ],
            [
              77.2313667037211,
              28.614702256745908
            ],
            [
              77.2313629481297,
              28.61470205963801
            ],
            [
              77.23135923251681,
              28.614701538649648
            ],
            [
              77.2313581112184,
              28.614701279923665
            ],
            [
              77.23136304961871,
              28.614715109515053
            ],
            [
              77.2314339545817,
              28.61476743844079
            ],
            [
              77.23151678623643,
              28.61469156625728
            ],
            [
              77.23151722239871,
              28.614691042391634
            ],
            [
              77.23151973636843,
              28.614688572513202
            ],
            [
              77.2315224121927,
              28.614686412985268
            ],
            [
              77.23155513764397,
              28.614656437062365
            ],
            [
              77.23155249995466,
              28.61465482399967
            ],
            [
              77.23154963266943,
              28.61465267461947
            ],
            [
              77.23154701793919,
              28.614650287591044
            ],
            [
              77.23154468094528,
              28.614647685902806
            ],
            [
              77.23154264419418,
              28.614644894610443
            ],
            [
              77.2315409273009,
              28.614641940595632
            ],
            [
              77.23153954680006,
              28.614638852307174
            ],
            [
              77.23153851598663,
              28.61463565948699
            ],
            [
              77.23153784478784,
              28.614632392883674
            ],
            [
              77.2315375396677,
              28.61462908395643
            ],
            [
              77.23153760356465,
              28.614625764572036
            ],
            [
              77.23153803586325,
              28.614622466697977
            ],
            [
              77.23153883240025,
              28.61461922209457
            ],
            [
              77.2315399855045,
              28.61461606200914
            ],
            [
              77.23154148407093,
              28.614613016875012
            ],
            [
              77.23154331366754,
              28.614610116018486
            ],
            [
              77.23154545667428,
              28.61460738737638
            ],
            [
              77.23154789245282,
              28.614604857227004
            ],
            [
              77.23155059754525,
              28.61460254993706
            ],
            [
              77.23155354590006,
              28.614600487727
            ],
            [
              77.23155670912297,
              28.61459869045702
            ],
            [
              77.23156005675047,
              28.614597175435783
            ],
            [
              77.2316660032784,
              28.614554885963173
            ],
            [
              77.23167498406949,
              28.61454665969408
            ],
            [
              77.23155613441325,
              28.614445627055556
            ],
            [
              77.23155355628722,
              28.614443209227304
            ],
            [
              77.23155125914185,
              28.614440580053085
            ],
            [
              77.23154926509993,
              28.61443776485329
            ],
            [
              77.23154889650229,
              28.614437109096663
            ],
            [
              77.23135208071602,
              28.614297658449953
            ],
            [
              77.23134926624967,
              28.61429545538925
            ],
            [
              77.23134671004584,
              28.614293019506405
            ],
            [
              77.23134443672221,
              28.614290374260303
            ],
            [
              77.2313424681721,
              28.61428754512614
            ],
            [
              77.2313408233537,
              28.61428455935002
            ],
            [
              77.23133951810752,
              28.61428144568663
            ],
            [
              77.23133856500374,
              28.61427823412225
            ],
            [
              77.23133797322126,
              28.614274955586026
            ],
            [
              77.23133774845924,
              28.614271641652042
            ],
            [
              77.23133789288222,
              28.6142683242353
            ],
            [
              77.23133840509928,
              28.614265035284344
            ],
            [
              77.23133928017747,
              28.614261806473575
            ],
            [
              77.23134050968926,
              28.614258668898188
            ],
            [
              77.23134208179378,
              28.61425565277474
            ],
            [
              77.23134398135076,
              28.61425278715015
            ],
            [
              77.23134619006643,
              28.614250099621923
            ],
            [
              77.2313486866696,
              28.614247616072422
            ],
            [
              77.23135144711664,
              28.61424536041957
            ],
            [
              77.23135444482293,
              28.614243354386517
            ],
            [
              77.23135765091892,
              28.614241617292446
            ],
            [
              77.23136103452818,
              28.614240165866512
            ],
            [
              77.2313645630647,
              28.61423901408672
            ],
            [
              77.2313682025468,
              28.614238173045322
            ],
            [
              77.23137191792428,
              28.614237650842014
            ],
            [
              77.23137567341607,
              28.614237452505883
            ],
            [
              77.23137943285477,
              28.614237579947023
            ],
            [
              77.23138316003494,
              28.61423803193808
            ],
            [
              77.23138681906187,
              28.614238804126163
            ],
            [
              77.23139037469711,
              28.61423988907466
            ],
            [
              77.23139379269804,
              28.614241276334948
            ],
            [
              77.23139704014743,
              28.614242952546952
            ],
            [
              77.23140008577059,
              28.614244901567865
            ],
            [
              77.23162534315395,
              28.614404503952482
            ],
            [
              77.23162815762875,
              28.614406707006935
            ],
            [
              77.23163071384164,
              28.614409142883922
            ],
            [
              77.23163298717489,
              28.614411788124634
            ],
            [
              77.23163495573506,
              28.614414617253967
            ],
            [
              77.23163660056382,
              28.61441760302588
            ],
            [
              77.23163790582053,
              28.614420716685764
            ],
            [
              77.23163809469725,
              28.614421353114317
            ],
            [
              77.2316851892156,
              28.61446138758095
            ],
            [
              77.23168622246831,
              28.614458802694955
            ],
            [
              77.23168501282133,
              28.61445612721308
            ],
            [
              77.23168396791475,
              28.614452937962692
            ],
            [
              77.23168328229355,
              28.614449673692896
            ],
            [
              77.23168296256058,
              28.61444636584039
            ],
            [
              77.23168301179504,
              28.614443046261613
            ],
            [
              77.23168342952275,
              28.61443974692592
            ],
            [
              77.23168421172068,
              28.614436499607727
            ],
            [
              77.23168535085584,
              28.61443333558046
            ],
            [
              77.23168683595772,
              28.614430285315443
            ],
            [
              77.2316886527239,
              28.614427378188378
            ],
            [
              77.23169078365795,
              28.614424642196468
            ],
            [
              77.23169320823779,
              28.61442210368881
            ],
            [
              77.23176729967383,
              28.61435183831179
            ],
            [
              77.23172736460327,
              28.61422041236727
            ],
            [
              77.23172656972758,
              28.614217167447386
            ],
            [
              77.23172613911608,
              28.614213869401777
            ],
            [
              77.23172607691578,
              28.614210549992432
            ],
            [
              77.23172638372564,
              28.614207241187085
            ],
            [
              77.23172705659091,
              28.61420397485133
            ],
            [
              77.23172808903149,
              28.614200782441767
            ],
            [
              77.23172947110437,
              28.614197694703044
            ],
            [
              77.23173118949943,
              28.614194741371755
            ],
            [
              77.23173322766753,
              28.61419195089009
            ],
            [
              77.23173556598,
              28.614189350131902
            ],
            [
              77.2317381819176,
              28.61418696414389
            ],
            [
              77.23174105028744,
              28.614184815904416
            ],
            [
              77.23174414346552,
              28.61418292610218
            ],
            [
              77.23174743166285,
              28.614181312936996
            ],
            [
              77.23175088321234,
              28.614179991944525
            ],
            [
              77.2317544648737,
              28.61417897584662
            ],
            [
              77.23175814215357,
              28.614178274428852
            ],
            [
              77.23176187963779,
              28.614177894446257
            ],
            [
              77.23176564133237,
              28.614177839558256
            ],
            [
              77.23176939101018,
              28.61417811029346
            ],
            [
              77.23177309255978,
              28.614178704044537
            ],
            [
              77.23177671033329,
              28.61417961509334
            ],
            [
              77.2317802094896,
              28.614180834665994
            ],
            [
              77.23178355632992,
              28.614182351017323
            ],
            [
              77.2317867186224,
              28.614184149544084
            ],
            [
              77.23178966591243,
              28.614186212925468
            ],
            [
              77.23179236981603,
              28.614188521290007
            ],
            [
              77.2317948042931,
              28.614191052406902
            ],
            [
              77.23179694589832,
              28.614193781900138
            ],
            [
              77.23179877400685,
              28.614196683483208
            ],
            [
              77.23180027101297,
              28.614199729212295
            ],
            [
              77.2318014224997,
              28.614202889755372
            ],
            [
              77.23182892385296,
              28.614293396288144
            ],
            [
              77.23186361475555,
              28.614260496718572
            ],
            [
              77.23186630962326,
              28.61425818013936
            ],
            [
              77.23186924883359,
              28.61425610780117
            ],
            [
              77.23187240408029,
              28.61425429966175
            ],
            [
              77.23187426390429,
              28.614253449868237
            ],
            [
              77.23187572274423,
              28.614252066357405
            ],
            [
              77.23187527444522,
              28.614251407675802
            ],
            [
              77.23187366289042,
              28.61424840780979
            ],
            [
              77.23187239231262,
              28.614245283001356
            ],
            [
              77.23187147494812,
              28.61424206334413
            ],
            [
              77.23187091963165,
              28.614238779845167
            ],
            [
              77.23187073171113,
              28.614235464126363
            ],
            [
              77.23187084061558,
              28.61423347208364
            ],
            [
              77.2318706239041,
              28.614230653800945
            ],
            [
              77.23187073835088,
              28.61422733547454
            ],
            [
              77.23187122083701,
              28.614224043025573
            ],
            [
              77.23187206671581,
              28.614220808162152
            ],
            [
              77.23187326784102,
              28.61421766203775
            ],
            [
              77.23187481264509,
              28.614214634951267
            ],
            [
              77.2318766862507,
              28.6142117560552
            ],
            [
              77.23187887061397,
              28.61420905307487
            ],
            [
              77.2318813446983,
              28.614206552041445
            ],
            [
              77.23188408467688,
              28.61420427704122
            ],
            [
              77.23188706416221,
              28.614202249983688
            ],
            [
              77.23189025446024,
              28.614200490390495
            ],
            [
              77.23189362484665,
              28.614199015207493
            ],
            [
              77.23189714286283,
              28.61419783864146
            ],
            [
              77.23190077462836,
              28.61419697202337
            ],
            [
              77.23190448516739,
              28.614196423699223
            ],
            [
              77.23190823874542,
              28.614196198949667
            ],
            [
              77.23193509844745,
              28.614195756554427
            ],
            [
              77.23195790260917,
              28.61417412987735
            ],
            [
              77.23196059747261,
              28.614171813296473
            ],
            [
              77.23196353667863,
              28.61416974095646
            ],
            [
              77.23196669192109,
              28.614167932815043
            ],
            [
              77.23197003281328,
              28.614166406285623
            ],
            [
              77.2319735271806,
              28.614165176069488
            ],
            [
              77.23197714137041,
              28.61416425401427
            ],
            [
              77.23198084057611,
              28.614163648999863
            ],
            [
              77.23198458917236,
              28.614163366852896
            ],
            [
              77.23198835105816,
              28.614163410290573
            ],
            [
              77.23199209000454,
              28.614163778894568
            ],
            [
              77.23199577000342,
              28.614164469115035
            ],
            [
              77.23199935561445,
              28.614165474304762
            ],
            [
              77.23200281230625,
              28.614166784783244
            ],
            [
              77.23200610678902,
              28.614168387929855
            ],
            [
              77.2320092073351,
              28.614170268305436
            ],
            [
              77.23201208408457,
              28.614172407800954
            ],
            [
              77.23201470933277,
              28.614174785811905
            ],
            [
              77.2320170577971,
              28.61417737943677
            ],
            [
              77.23201910686056,
              28.614180163697533
            ],
            [
              77.23202083678957,
              28.61418311178026
            ],
            [
              77.23202223092393,
              28.6141861952933
            ],
            [
              77.23202327583734,
              28.61418938454078
            ],
            [
              77.23202369612109,
              28.614191385503382
            ],
            [
              77.23212062453965,
              28.614182884943542
            ],
            [
              77.23212438205134,
              28.61418271911123
            ],
            [
              77.23212813988978,
              28.61418287907453
            ],
            [
              77.23213186186493,
              28.614183363292927
            ],
            [
              77.2321355121322,
              28.614184167103126
            ],
            [
              77.23213905553754,
              28.61418528276401
            ],
            [
              77.23214245795606,
              28.61418669953115
            ],
            [
              77.23214568662061,
              28.614188403760316
            ],
            [
              77.23214871043743,
              28.61419037903887
            ],
            [
              77.23215150028551,
              28.614192606343806
            ],
            [
              77.23215402929709,
              28.614195064224976
            ],
            [
              77.23215627311642,
              28.614197729011668
            ],
            [
              77.23215821013424,
              28.614200575040535
            ],
            [
              77.23215982169607,
              28.614203574902767
            ],
            [
              77.2321610922816,
              28.61420669970807
            ],
            [
              77.23216200965443,
              28.614209919362878
            ],
            [
              77.23216256497967,
              28.61421320286017
            ],
            [
              77.23216275290925,
              28.61421651857807
            ],
            [
              77.23216257163324,
              28.614219834584393
            ],
            [
              77.2321620228974,
              28.614223118944206
            ],
            [
              77.23216111198633,
              28.614226340027322
            ],
            [
              77.23215984767258,
              28.614229466812933
            ],
            [
              77.23215824213212,
              28.614232469188384
            ],
            [
              77.23215631082718,
              28.614235318239146
            ],
            [
              77.23215407235726,
              28.614237986527304
            ],
            [
              77.23215154828004,
              28.614240448355748
            ],
            [
              77.23214876290378,
              28.614242680015714
            ],
            [
              77.23214574305314,
              28.614244660015096
            ],
            [
              77.23214418661104,
              28.614245484877266
            ],
            [
              77.23214244379155,
              28.61424764149086
            ],
            [
              77.23213996971288,
              28.614250142528746
            ],
            [
              77.23213722973907,
              28.614252417533887
            ],
            [
              77.23213425025759,
              28.614254444596728
            ],
            [
              77.23213105996247,
              28.614256204195517
            ],
            [
              77.23212768957801,
              28.614257679384338
            ],
            [
              77.23212417156289,
              28.614258855956322
            ],
            [
              77.23212053979753,
              28.61425972258041
            ],
            [
              77.23211682925786,
              28.61426027091053
            ],
            [
              77.2321130756784,
              28.61426049566597
            ],
            [
              77.23206343945338,
              28.61426131326633
            ],
            [
              77.23206179706776,
              28.61426288681993
            ],
            [
              77.23205898933351,
              28.614265096556707
            ],
            [
              77.23200913259859,
              28.61430061700612
            ],
            [
              77.23201208611742,
              28.6143028920388
            ],
            [
              77.23201552362714,
              28.614306115797675
            ],
            [
              77.23201858649811,
              28.614309621352213
            ],
            [
              77.2320212452332,
              28.614313374942046
            ],
            [
              77.2320234742273,
              28.614317340418054
            ],
            [
              77.23202525201397,
              28.614321479590576
            ],
            [
              77.2320265614721,
              28.61432575259713
            ],
            [
              77.23202738999083,
              28.614330118286343
            ],
            [
              77.23202772959102,
              28.61433453461425
            ],
            [
              77.23202757700206,
              28.614338959049217
            ],
            [
              77.23202693369345,
              28.614343348981517
            ],
            [
              77.23202580586049,
              28.614347662133685
            ],
            [
              77.23202420436479,
              28.61435185696772
            ],
            [
              77.23202214462958,
              28.614355893085047
            ],
            [
              77.2320196464912,
              28.614359731615643
            ],
            [
              77.23201823624268,
              28.614361476691105
            ],
            [
              77.23205454007983,
              28.61434988711767
            ],
            [
              77.23205813643416,
              28.614348912253533
            ],
            [
              77.23206182375631,
              28.61434825314131
            ],
            [
              77.2320655665354,
              28.614347916128605
            ],
            [
              77.23206932872645,
              28.614347904461013
            ],
            [
              77.23207307409751,
              28.61434821825092
            ],
            [
              77.2320767665787,
              28.614348854476354
            ],
            [
              77.2320803706094,
              28.614349807010125
            ],
            [
              77.23208385148085,
              28.61435106667879
            ],
            [
              77.2320871756704,
              28.614352621351102
            ],
            [
              77.23209031116431,
              28.61435445605469
            ],
            [
              77.23209322776607,
              28.614356553120384
            ],
            [
              77.23209589738723,
              28.614358892352325
            ],
            [
              77.23209829431785,
              28.614361451222425
            ],
            [
              77.23210039547419,
              28.614364205087387
            ],
            [
              77.23210218062097,
              28.614367127426004
            ],
            [
              77.23210363256622,
              28.614370190094565
            ],
            [
              77.23210473732689,
              28.61437336359792
            ],
            [
              77.2321054842635,
              28.61437661737349
            ],
            [
              77.23210586618262,
              28.61437992008566
            ],
            [
              77.23210587940613,
              28.614383239927516
            ],
            [
              77.23210552380664,
              28.614386544927154
            ],
            [
              77.23210480280873,
              28.614389803255616
            ],
            [
              77.23210372335596,
              28.614392983533435
            ],
            [
              77.23210229584404,
              28.61439605513277
            ],
            [
              77.23210053402066,
              28.614398988472445
            ],
            [
              77.23209845485313,
              28.614401755302776
            ],
            [
              77.23209607836493,
              28.614404328977656
            ],
            [
              77.23209342744293,
              28.614406684711188
            ],
            [
              77.23209052761699,
              28.614408799816356
            ],
            [
              77.232087406814,
              28.614410653923507
            ],
            [
              77.23208409508901,
              28.61441222917659
            ],
            [
              77.23208062433575,
              28.61441351040501
            ],
            [
              77.23189900022967,
              28.6144714916571
            ],
            [
              77.23181577970107,
              28.614547720670483
            ],
            [
              77.23181570389312,
              28.61454887971425
            ],
            [
              77.23181512001051,
              28.614552159352467
            ],
            [
              77.23181417464522,
              28.614555372696937
            ],
            [
              77.2318128769016,
              28.614558488801407
            ],
            [
              77.2318112392776,
              28.614561477656064
            ],
            [
              77.2318092775444,
              28.614564310476588
            ],
            [
              77.23180820997331,
              28.614565558203676
            ],
            [
              77.23180853514586,
              28.614566242196396
            ],
            [
              77.23180900932603,
              28.614566645289553
            ],
            [
              77.23183611134708,
              28.6145520825517
            ],
            [
              77.23183941684042,
              28.614550497131585
            ],
            [
              77.2318428825214,
              28.61454920524553
            ],
            [
              77.23184647501365,
              28.6145482193351
            ],
            [
              77.23185015971953,
              28.61454754889514
            ],
            [
              77.23185390115333,
              28.61454720038234
            ],
            [
              77.23185766328304,
              28.614547177153064
            ],
            [
              77.23186140987733,
              28.614547479431025
            ],
            [
              77.23186510485446,
              28.614548104305122
            ],
            [
              77.23186871262985,
              28.61454904575747
            ],
            [
              77.23187219845867,
              28.614550294721393
            ],
            [
              77.2318755287705,
              28.614551839168666
            ],
            [
              77.23187867149264,
              28.614553664225465
            ],
            [
              77.23188159635896,
              28.614555752315486
            ],
            [
              77.23188427520145,
              28.614558083329296
            ],
            [
              77.23188668222136,
              28.614560634817973
            ],
            [
              77.23188879423776,
              28.61456338220931
            ],
            [
              77.2318905909108,
              28.614566299044423
            ],
            [
              77.2318920549375,
              28.61456935723264
            ],
            [
              77.23189317221846,
              28.614572527321922
            ],
            [
              77.23189393199362,
              28.61457577878259
            ],
            [
              77.23189432694592,
              28.614579080301322
            ],
            [
              77.2318943532717,
              28.614582400082682
            ],
            [
              77.23189401071741,
              28.61458570615536
            ],
            [
              77.231893302582,
              28.614588966680074
            ],
            [
              77.23189223568514,
              28.614592150256186
            ],
            [
              77.23189082030162,
              28.614595226224115
            ],
            [
              77.23188907006234,
              28.614598164960583
            ],
            [
              77.23188700182301,
              28.614600938163957
            ],
            [
              77.23188463550194,
              28.614603519126746
            ],
            [
              77.23188199388804,
              28.61460588299286
            ],
            [
              77.23187910242152,
              28.61460800699696
            ],
            [
              77.23187598894874,
              28.614609870683715
            ],
            [
              77.23187497886177,
              28.6146104134344
            ],
            [
              77.23187861253798,
              28.61461101960136
            ],
            [
              77.23188222298208,
              28.614611953059843
            ],
            [
              77.23188571235464,
              28.614613194299007
            ],
            [
              77.2318890470511,
              28.614614731365066
            ],
            [
              77.23189219495654,
              28.614616549455242
            ],
            [
              77.23189512575495,
              28.614618631060342
            ],
            [
              77.2318978112211,
              28.61462095613338
            ],
            [
              77.23190022549255,
              28.614623502282647
            ],
            [
              77.23190234531847,
              28.614626244987367
            ],
            [
              77.23190415028382,
              28.61462915783378
            ],
            [
              77.23190562300577,
              28.614632212769628
            ],
            [
              77.23190674930116,
              28.614635380374192
            ],
            [
              77.23190751832314,
              28.61463863014174
            ],
            [
              77.23190792266557,
              28.61464193077524
            ],
            [
              77.23190795843439,
              28.614645250487776
            ],
            [
              77.23190762528506,
              28.614648557308715
            ],
            [
              77.23190692642599,
              28.614651819391565
            ],
            [
              77.23190586858755,
              28.61465500532067
            ],
            [
              77.23190446195723,
              28.614658084413804
            ],
            [
              77.23190272008165,
              28.614661027017597
            ],
            [
              77.231900659736,
              28.614663804793143
            ],
            [
              77.23189830076251,
              28.614666390988948
            ],
            [
              77.23189566587936,
              28.614668760698518
            ],
            [
              77.23189278046196,
              28.61467089110023
            ],
            [
              77.23184829277977,
              28.614700588567622
            ],
            [
              77.23184857644226,
              28.61470095836861
            ],
            [
              77.23185016512747,
              28.61470354375267
            ],
            [
              77.23198764311988,
              28.614663428414584
            ],
            [
              77.23198726413904,
              28.614661371181388
            ],
            [
              77.23198702737369,
              28.614658057899582
            ],
            [
              77.23198715978005,
              28.61465474009375
            ],
            [
              77.23198766008296,
              28.614651449716202
            ],
            [
              77.23198852346421,
              28.614648218455045
            ],
            [
              77.2319897416089,
              28.614645077429092
            ],
            [
              77.23199130278563,
              28.61464205688814
            ],
            [
              77.231991414007,
              28.61464188786566
            ],
            [
              77.2319910080564,
              28.614641300826033
            ],
            [
              77.23198937256649,
              28.61463831106147
            ],
            [
              77.23198807704804,
              28.61463519423616
            ],
            [
              77.23198713397754,
              28.614631980366852
            ],
            [
              77.23198655243728,
              28.614628700404865
            ],
            [
              77.23198633802775,
              28.614625385938037
            ],
            [
              77.23198649281382,
              28.614622068886504
            ],
            [
              77.23198701530475,
              28.614618781195272
            ],
            [
              77.23198790046865,
              28.614615554526626
            ],
            [
              77.2319891397809,
              28.614612419955115
            ],
            [
              77.23199072130618,
              28.614609407668393
            ],
            [
              77.23199262981352,
              28.614606546676406
            ],
            [
              77.23199484692293,
              28.614603864532057
            ],
            [
              77.23199735128246,
              28.614601387065854
            ],
            [
              77.23200011877371,
              28.61459913813713
            ],
            [
              77.23200312274423,
              28.614597139404303
            ],
            [
              77.23200633426417,
              28.61459541011621
            ],
            [
              77.23200972240484,
              28.61459396692685
            ],
            [
              77.23201325453661,
              28.614592823734917
            ],
            [
              77.23201536625734,
              28.61459224228721
            ],
            [
              77.23201544788671,
              28.614590206809478
            ],
            [
              77.2320159488318,
              28.61458691650806
            ],
            [
              77.23201681284341,
              28.61458368537824
            ],
            [
              77.23201803160065,
              28.61458054453757
            ],
            [
              77.23201959336616,
              28.614577524234054
            ],
            [
              77.23202148309927,
              28.61457465355484
            ],
            [
              77.23202368260081,
              28.61457196014615
            ],
            [
              77.23202617068834,
              28.61456946994695
            ],
            [
              77.23202892340024,
              28.614567206939213
            ],
            [
              77.23202923911825,
              28.614566994334712
            ],
            [
              77.23202947398008,
              28.61456670086455
            ],
            [
              77.23203193500215,
              28.614564189810228
            ],
            [
              77.23203466309545,
              28.61456190370686
            ],
            [
              77.2320376319869,
              28.614559864570843
            ],
            [
              77.23204081308448,
              28.61455809204016
            ],
            [
              77.23204417575249,
              28.61455660318522
            ],
            [
              77.23204768760664,
              28.614555412344515
            ],
            [
              77.23205131482587,
              28.61455453098648
            ],
            [
              77.23205502247808,
              28.614553967599054
            ],
            [
              77.23219674470344,
              28.614538705308618
            ],
            [
              77.23220397225755,
              28.61453557355799
            ],
            [
              77.23222482729848,
              28.614524163404212
            ],
            [
              77.23222811821833,
              28.614522554552654
            ],
            [
              77.23223157199867,
              28.614521238087573
            ],
            [
              77.2322351553777,
              28.614520226687226
            ],
            [
              77.23223883384556,
              28.614519530091957
            ],
            [
              77.23224257197663,
              28.614519155010335
            ],
            [
              77.2322463337707,
              28.614519105054605
            ],
            [
              77.23224740951697,
              28.614519184145756
            ],
            [
              77.2322487192739,
              28.614519053167292
            ],
            [
              77.23225248108903,
              28.614519004464043
            ],
            [
              77.23225623019987,
              28.61451928136357
            ],
            [
              77.23225993050042,
              28.614519881199197
            ],
            [
              77.2322635463548,
              28.614520798194153
            ],
            [
              77.2322670429404,
              28.614522023517303
            ],
            [
              77.23227038658322,
              28.61452354536812
            ],
            [
              77.23227158286088,
              28.614524228525752
            ],
            [
              77.23227210764965,
              28.614524247593124
            ],
            [
              77.23227583341313,
              28.61452470864188
            ],
            [
              77.23227949002393,
              28.61452548972062
            ],
            [
              77.23228304226691,
              28.61452658330713
            ],
            [
              77.23228645593208,
              28.61452797886956
            ],
            [
              77.23228897901025,
              28.61452928942913
            ],
            [
              77.23229003498206,
              28.614529313494103
            ],
            [
              77.23229376831777,
              28.614529724086406
            ],
            [
              77.23229743806893,
              28.61453045560656
            ],
            [
              77.23230100889384,
              28.614531501009655
            ],
            [
              77.23230444640353,
              28.61453285022788
            ],
            [
              77.23230765164863,
              28.61453445725491
            ],
            [
              77.23230789089345,
              28.614534464725317
            ],
            [
              77.23231161961525,
              28.61453490676144
            ],
            [
              77.23231250125447,
              28.614535090331852
            ],
            [
              77.23285793910674,
              28.61434710878877
            ],
            [
              77.23286269556877,
              28.614345702668693
            ],
            [
              77.23286758531509,
              28.614344714717728
            ],
            [
              77.23287256125484,
              28.614344154450364
            ],
            [
              77.23287757546706,
              28.614344027262284
            ],
            [
              77.23288257966219,
              28.614344334378373
            ],
            [
              77.23288752564716,
              28.61434507284092
            ],
            [
              77.2328923657895,
              28.614346235538143
            ],
            [
              77.23289705347602,
              28.614347811272648
            ],
            [
              77.23290154356184,
              28.614349784869255
            ],
            [
              77.23290579280496,
              28.614352137321173
            ],
            [
              77.23290976028291,
              28.614354845973033
            ],
            [
              77.23291340778673,
              28.61435788473905
            ],
            [
              77.23291670018895,
              28.61436122435429
            ],
            [
              77.23291960578194,
              28.614364832656438
            ],
            [
              77.23292209658327,
              28.61436867489562
            ],
            [
              77.23292414860508,
              28.614372714068978
            ],
            [
              77.23292574208527,
              28.6143769112771
            ],
            [
              77.2329268616777,
              28.614381226098594
            ],
            [
              77.23292749660001,
              28.614385616979373
            ],
            [
              77.23292764073754,
              28.614390041632884
            ],
            [
              77.23292729270206,
              28.614394457447286
            ],
            [
              77.23292645584532,
              28.614398821895872
            ],
            [
              77.23292513822659,
              28.614403092946628
            ],
            [
              77.23292335253527,
              28.614407229466973
            ],
            [
              77.23292111596845,
              28.614411191619933
            ],
            [
              77.23291845006547,
              28.61441494124782
            ],
            [
              77.23291538050039,
              28.614418442239607
            ],
            [
              77.23291193683478,
              28.61442166087883
            ],
            [
              77.23290815223304,
              28.614424566168207
            ],
            [
              77.23290406314294,
              28.61442713012816
            ],
            [
              77.23289970894467,
              28.61442932806636
            ],
            [
              77.23289513157157,
              28.614431138815423
            ],
            [
              77.23234799428322,
              28.614619706102186
            ],
            [
              77.23234323780095,
              28.614621112205203
            ],
            [
              77.23233834803573,
              28.614622100138178
            ],
            [
              77.23233337207871,
              28.61462266038678
            ],
            [
              77.23232835785119,
              28.614622787555476
            ],
            [
              77.23232335364294,
              28.614622480419566
            ],
            [
              77.2323184076473,
              28.614621741936944
            ],
            [
              77.23231356749696,
              28.6146205792196
            ],
            [
              77.23230887980529,
              28.61461900346514
            ],
            [
              77.23230438971736,
              28.614617029848983
            ],
            [
              77.23230014047519,
              28.61461467737812
            ],
            [
              77.23229617300137,
              28.61461196870817
            ],
            [
              77.23229252550486,
              28.61460892992513
            ],
            [
              77.23228923311302,
              28.61460559029416
            ],
            [
              77.23228785714535,
              28.614603881538184
            ],
            [
              77.23226443810746,
              28.61460620351542
            ],
            [
              77.23226566539631,
              28.614607590398137
            ],
            [
              77.23226767910332,
              28.614610394677456
            ],
            [
              77.23226937162121,
              28.61461335962354
            ],
            [
              77.2322707266501,
              28.614616456682356
            ],
            [
              77.23227173114027,
              28.614619656027543
            ],
            [
              77.23227237541795,
              28.614622926847673
            ],
            [
              77.23227265327833,
              28.614626237642963
            ],
            [
              77.23227256204542,
              28.61462955652865
            ],
            [
              77.23227210259786,
              28.614632851542055
            ],
            [
              77.23227127936028,
              28.614636090950388
            ],
            [
              77.2322701002609,
              28.614639243556375
            ],
            [
              77.23226857665509,
              28.61464227899869
            ],
            [
              77.23226672321594,
              28.614645168044365
            ],
            [
              77.2322645577931,
              28.61464788287028
            ],
            [
              77.23226210124074,
              28.61465039733117
            ],
            [
              77.23225937721678,
              28.614652687211393
            ],
            [
              77.23225641195509,
              28.614654730458128
            ],
            [
              77.23225323401276,
              28.61465650739379
            ],
            [
              77.23224987399512,
              28.614658000905486
            ],
            [
              77.232246364261,
              28.614659196609875
            ],
            [
              77.23210527880767,
              28.61470036488374
            ],
            [
              77.23220423929419,
              28.614827206021793
            ],
            [
              77.232207679067,
              28.61482789721575
            ],
            [
              77.23221124784806,
              28.614828948066403
            ],
            [
              77.23221468271828,
              28.61483030252829
            ],
            [
              77.23221795059806,
              28.614831947557214
            ],
            [
              77.23222102001591,
              28.61483386731067
            ],
            [
              77.2322238614117,
              28.614836043300393
            ],
            [
              77.23222644742124,
              28.614838454570414
            ],
            [
              77.23222875313982,
              28.614841077898916
            ],
            [
              77.23223075636213,
              28.614843888021824
            ],
            [
              77.23223243779601,
              28.614846857876127
            ],
            [
              77.23225421637318,
              28.61489056668177
            ],
            [
              77.23225721931888,
              28.614891181027836
            ],
            [
              77.23226078340919,
              28.614892244207606
            ],
            [
              77.23226421224172,
              28.614893610533347
            ],
            [
              77.23226747279493,
              28.614895266846606
            ],
            [
              77.23227053366797,
              28.61489719719619
            ],
            [
              77.23227336538295,
              28.614899382991798
            ],
            [
              77.23227594066893,
              28.614901803183034
            ],
            [
              77.23227823472449,
              28.61490443446215
            ],
            [
              77.2322802254566,
              28.6149072514885
            ],
            [
              77.23228189369344,
              28.6149102271326
            ],
            [
              77.23228322336894,
              28.61491333273738
            ],
            [
              77.23228420167756,
              28.614916538394183
            ],
            [
              77.23228481919766,
              28.61491981323079
            ],
            [
              77.23228506998213,
              28.614923125708746
            ],
            [
              77.23228495161571,
              28.61492644392706
            ],
            [
              77.23228446523837,
              28.614929735929508
            ],
            [
              77.2322836155341,
              28.61493297001228
            ],
            [
              77.232282410686,
              28.614936115029405
            ],
            [
              77.23228086229739,
              28.61493914069262
            ],
            [
              77.23227947710028,
              28.61494126398064
            ],
            [
              77.23231359391342,
              28.615009735008464
            ],
            [
              77.23231493737048,
              28.615012835991728
            ],
            [
              77.23231592990733,
              28.615016038241162
            ],
            [
              77.23231656196529,
              28.615019310917344
            ],
            [
              77.23231682745723,
              28.615022622502632
            ],
            [
              77.2323167238263,
              28.615025941104655
            ],
            [
              77.23231625207048,
              28.61502923476345
            ],
            [
              77.232315416733,
              28.615032471759296
            ],
            [
              77.23231422585862,
              28.615035620918146
            ],
            [
              77.23231269091603,
              28.615038651911853
            ],
            [
              77.23231082668758,
              28.6150415355503
            ],
            [
              77.23231003421105,
              28.615042522161335
            ],
            [
              77.23231187619753,
              28.61504229122105
            ],
            [
              77.23231563496448,
              28.61504214863451
            ],
            [
              77.23231939147014,
              28.61504233183754
            ],
            [
              77.2323231095374,
              28.615042839065794
            ],
            [
              77.23232675335926,
              28.615043665434392
            ],
            [
              77.23233028784374,
              28.615044802984947
            ],
            [
              77.23233367895186,
              28.615046240762243
            ],
            [
              77.23234662242038,
              28.6150524359289
            ],
            [
              77.23260679751712,
              28.614863025358027
            ],
            [
              77.23261136489715,
              28.614852141005912
            ],
            [
              77.23261284285984,
              28.614849088041744
            ],
            [
              77.23261465282243,
              28.614846177610534
            ],
            [
              77.23261677735395,
              28.614843437741303
            ],
            [
              77.232619195994,
              28.614840894820485
            ],
            [
              77.23262188544975,
              28.614838573337774
            ],
            [
              77.23262481982024,
              28.6148364956503
            ],
            [
              77.23262797084593,
              28.614834681767324
            ],
            [
              77.23263130818067,
              28.614833149157516
            ],
            [
              77.23263479968418,
              28.61483191258073
            ],
            [
              77.23263841173136,
              28.614830983945854
            ],
            [
              77.23264210953626,
              28.614830372196153
            ],
            [
              77.23264585748703,
              28.614830083223104
            ],
            [
              77.2326496194889,
              28.614830119809664
            ],
            [
              77.23265335931174,
              28.614830481603487
            ],
            [
              77.23265704093907,
              28.6148311651203
            ],
            [
              77.23266062891484,
              28.614832163777468
            ],
            [
              77.2326640886849,
              28.614833467957382
            ],
            [
              77.2326673869298,
              28.614835065100085
            ],
            [
              77.23267049188568,
              28.61483693982424
            ],
            [
              77.23267054372454,
              28.61483697821639
            ],
            [
              77.23267325383524,
              28.614837826910687
            ],
            [
              77.23267665900639,
              28.614839238556172
            ],
            [
              77.23267989097823,
              28.61484093792458
            ],
            [
              77.23268291862516,
              28.61484290865007
            ],
            [
              77.23268571278925,
              28.61484513175351
            ],
            [
              77.23268824656121,
              28.614847585825206
            ],
            [
              77.23269049553942,
              28.614850247231125
            ],
            [
              77.23269243806499,
              28.614853090340464
            ],
            [
              77.23269405543031,
              28.614856087772573
            ],
            [
              77.23269533205927,
              28.614859210660534
            ],
            [
              77.23269625565717,
              28.61486242892925
            ],
            [
              77.23269681732928,
              28.614865711585036
            ],
            [
              77.2326970116663,
              28.614869027014137
            ],
            [
              77.23269683679669,
              28.614872343287157
            ],
            [
              77.23269629440445,
              28.61487562846657
            ],
            [
              77.2326953897131,
              28.61487885091431
            ],
            [
              77.23269413143527,
              28.61488197959643
            ],
            [
              77.23269253168885,
              28.614884984382005
            ],
            [
              77.23269060588026,
              28.614887836333303
            ],
            [
              77.23268837255605,
              28.614890507984448
            ],
            [
              77.23268585322435,
              28.614892973605976
            ],
            [
              77.23268307214768,
              28.61489520945259
            ],
            [
              77.23267152736355,
              28.61490361422587
            ],
            [
              77.2326701689932,
              28.614906851311293
            ],
            [
              77.23282365979682,
              28.614782409639826
            ],
            [
              77.23282655178654,
              28.614780286187997
            ],
            [
              77.2328296657188,
              28.61477842309558
            ],
            [
              77.23283297160471,
              28.614776838305122
            ],
            [
              77.23283643760684,
              28.61477554707904
            ],
            [
              77.23284003034566,
              28.614774561852524
            ],
            [
              77.23284371522121,
              28.61477389211383
            ],
            [
              77.23284745674613,
              28.614773544312904
            ],
            [
              77.23285121888753,
              28.61477352179925
            ],
            [
              77.23285496541396,
              28.614773824789694
            ],
            [
              77.23285866024439,
              28.61477445036627
            ],
            [
              77.23286226779557,
              28.61477539250432
            ],
            [
              77.23286575332486,
              28.614776642130575
            ],
            [
              77.23286908326472,
              28.614778187210433
            ],
            [
              77.23287222554607,
              28.61478001286396
            ],
            [
              77.232875149907,
              28.614782101509128
            ],
            [
              77.23287782818433,
              28.614784433031144
            ],
            [
              77.23288023458481,
              28.614786984976195
            ],
            [
              77.23288234593345,
              28.61478973276768
            ],
            [
              77.23288414189683,
              28.61479264994287
            ],
            [
              77.23288560517881,
              28.614795708407794
            ],
            [
              77.23288672168717,
              28.614798878707767
            ],
            [
              77.23288748066928,
              28.61480213031108
            ],
            [
              77.2328878748157,
              28.614805431903026
            ],
            [
              77.23288790033057,
              28.61480875168748
            ],
            [
              77.2328875569681,
              28.61481205769309
            ],
            [
              77.23288684803505,
              28.614815318081224
            ],
            [
              77.2328857803588,
              28.614818501452557
            ],
            [
              77.23288436422162,
              28.614821577149478
            ],
            [
              77.23288261326165,
              28.614824515551337
            ],
            [
              77.23288054434158,
              28.614827288359688
            ],
            [
              77.23287817738624,
              28.61482986887089
            ],
            [
              77.23287553519064,
              28.61483223223317
            ],
            [
              77.2326351216099,
              28.615027145869195
            ],
            [
              77.23263731145045,
              28.615026632502495
            ],
            [
              77.23264102473277,
              28.615026098684645
            ],
            [
              77.23264477943005,
              28.615025888606247
            ],
            [
              77.23264853938252,
              28.61502600429047
            ],
            [
              77.23265226837984,
              28.615026444623208
            ],
            [
              77.23265593050975,
              28.61502720536382
            ],
            [
              77.23265949050398,
              28.615028279185964
            ],
            [
              77.23266291407784,
              28.61502965574815
            ],
            [
              77.2326661682605,
              28.61503132179335
            ],
            [
              77.2326692217124,
              28.615033261276643
            ],
            [
              77.23267204502714,
              28.61503545551975
            ],
            [
              77.23267461101469,
              28.615037883390944
            ],
            [
              77.23267689496315,
              28.6150405215085
            ],
            [
              77.23267887487687,
              28.615043344465928
            ],
            [
              77.23268053168817,
              28.61504632507661
            ],
            [
              77.23268184944104,
              28.61504943463565
            ],
            [
              77.23268281544478,
              28.615052643196314
            ],
            [
              77.23268342039619,
              28.61505591985842
            ],
            [
              77.23268365846923,
              28.61505923306591
            ],
            [
              77.23268352737112,
              28.6150625509108
            ],
            [
              77.23268302836436,
              28.615065841440437
            ],
            [
              77.23268216625462,
              28.615069072965206
            ],
            [
              77.23261631988522,
              28.61527091476398
            ],
            [
              77.23326681831837,
              28.61501598966604
            ],
            [
              77.23335175075741,
              28.614892804685162
            ],
            [
              77.23335386157935,
              28.614890056578393
            ],
            [
              77.23335626749095,
              28.61488750427384
            ],
            [
              77.233358945322,
              28.614885172351592
            ],
            [
              77.2333618692835,
              28.614883083269294
            ],
            [
              77.23336501121611,
              28.61488125714596
            ],
            [
              77.2333683408613,
              28.61487971156813
            ],
            [
              77.2333718261528,
              28.614878461420545
            ],
            [
              77.2333754335254,
              28.61487751874281
            ],
            [
              77.2333791282381,
              28.614876892613403
            ],
            [
              77.23338287470887,
              28.614876589062305
            ],
            [
              77.23338663685716,
              28.61487661101285
            ],
            [
              77.23339037845146,
              28.61487695825366
            ],
            [
              77.23339406345822,
              28.61487762744061
            ],
            [
              77.23339765638886,
              28.61487861212906
            ],
            [
              77.23340112264148,
              28.614879902835945
            ],
            [
              77.23340442883422,
              28.614881487131047
            ],
            [
              77.23340754312666,
              28.614883349756767
            ],
            [
              77.23341043552647,
              28.61488547277499
            ],
            [
              77.23341307817826,
              28.61488783573993
            ],
            [
              77.23341544563188,
              28.61489041589494
            ],
            [
              77.23341751508742,
              28.614893188391743
            ],
            [
              77.23341926661489,
              28.614896126529686
            ],
            [
              77.23342068334613,
              28.614899202012907
            ],
            [
              77.23342175163718,
              28.61490238522284
            ],
            [
              77.23342246119981,
              28.614905645503434
            ],
            [
              77.23342280520049,
              28.61490895145643
            ],
            [
              77.23342278032631,
              28.614912271243682
            ],
            [
              77.23342238681676,
              28.614915572893832
            ],
            [
              77.23342162846151,
              28.61491882461018
            ],
            [
              77.23342051256392,
              28.614921995076912
            ],
            [
              77.23341904987066,
              28.614925053760707
            ],
            [
              77.23341725446825,
              28.614927971204743
            ],
            [
              77.23338979740156,
              28.614967794674595
            ],
            [
              77.23339564975804,
              28.61496550115662
            ],
            [
              77.23543858334932,
              28.613889872473813
            ],
            [
              77.23525114948649,
              28.613905499998538
            ],
            [
              77.23510518242075,
              28.613989479108117
            ],
            [
              77.23510193386794,
              28.61399115362988
            ],
            [
              77.2350985149569,
              28.613992539111766
            ],
            [
              77.23509495861367,
              28.613993622210828
            ],
            [
              77.23509129908778,
              28.613994392496203
            ],
            [
              77.23508757162251,
              28.613994842549626
            ],
            [
              77.23508381211542,
              28.613994968036835
            ],
            [
              77.23508005677265,
              28.6139947677493
            ],
            [
              77.23507634176023,
              28.61399424361591
            ],
            [
              77.2350727028558,
              28.61399340068436
            ],
            [
              77.23506917510403,
              28.613992247072538
            ],
            [
              77.23506579247912,
              28.613990793890373
            ],
            [
              77.23506258755764,
              28.61398905513282
            ],
            [
              77.23505959120473,
              28.613987047545063
            ],
            [
              77.23505683227694,
              28.61398479046129
            ],
            [
              77.23505433734424,
              28.613982305618464
            ],
            [
              77.2350521304342,
              28.613979616947
            ],
            [
              77.23505023280056,
              28.6139767503403
            ],
            [
              77.23504866271855,
              28.613973733405334
            ],
            [
              77.23504743530891,
              28.613970595196875
            ],
            [
              77.23504656239223,
              28.613967365937594
            ],
            [
              77.23504605237514,
              28.613964076727022
            ],
            [
              77.23504591016938,
              28.61396075924207
            ],
            [
              77.23504613714438,
              28.613957445431932
            ],
            [
              77.23504673111427,
              28.61395416721041
            ],
            [
              77.23504768635873,
              28.613950956148557
            ],
            [
              77.23504899367819,
              28.613947843170678
            ],
            [
              77.23505064048246,
              28.613944858256403
            ],
            [
              77.23505261091185,
              28.61394203015211
            ],
            [
              77.23505488599007,
              28.613939386093964
            ],
            [
              77.23505744380684,
              28.61393695154567
            ],
            [
              77.23506025972898,
              28.613934749953252
            ],
            [
              77.23506330663761,
              28.613932802519237
            ],
            [
              77.23518414482282,
              28.613863280828088
            ],
            [
              77.23518507684913,
              28.613861010706497
            ],
            [
              77.23518669888419,
              28.613858015250756
            ],
            [
              77.2351886458343,
              28.613855174513503
            ],
            [
              77.23519089894924,
              28.613852515852585
            ],
            [
              77.23519343653028,
              28.613850064872324
            ],
            [
              77.23519623413912,
              28.61384784517701
            ],
            [
              77.23519926483326,
              28.61384587814349
            ],
            [
              77.23520249942544,
              28.613844182715376
            ],
            [
              77.23520590676485,
              28.61384277522054
            ],
            [
              77.23520945403689,
              28.613841669213908
            ],
            [
              77.23521310707947,
              28.61384087534693
            ],
            [
              77.2352168307118,
              28.61384040126497
            ],
            [
              77.23522511276448,
              28.613839710746333
            ],
            [
              77.23525221051531,
              28.61382412058784
            ],
            [
              77.23525545906054,
              28.61382244606286
            ],
            [
              77.23525887796386,
              28.613821060577386
            ],
            [
              77.23526243429941,
              28.61381997747442
            ],
            [
              77.23526609381776,
              28.613819207184804
            ],
            [
              77.23526982127575,
              28.613818757126843
            ],
            [
              77.235273580776,
              28.61381863163483
            ],
            [
              77.23527733611245,
              28.61381883191733
            ],
            [
              77.23528105111923,
              28.61381935604551
            ],
            [
              77.23528469001883,
              28.613820198971727
            ],
            [
              77.23528821776667,
              28.613821352578142
            ],
            [
              77.23529160038862,
              28.613822805754918
            ],
            [
              77.23529480530824,
              28.613824544507164
            ],
            [
              77.23529780166042,
              28.613826552089773
            ],
            [
              77.23530056058864,
              28.613828809168627
            ],
            [
              77.23530305552293,
              28.613831294006843
            ],
            [
              77.23530452917944,
              28.613833089352852
            ],
            [
              77.23552712010428,
              28.613814530443495
            ],
            [
              77.2355308784638,
              28.613814380703666
            ],
            [
              77.23553463535843,
              28.61381455675646
            ],
            [
              77.23553835460724,
              28.61381505690638
            ],
            [
              77.23554200039185,
              28.613815876336723
            ],
            [
              77.23554553760138,
              28.61381700715593
            ],
            [
              77.23554893217063,
              28.613818438473604
            ],
            [
              77.23555215140806,
              28.61382015650537
            ],
            [
              77.23555516431064,
              28.613822144705672
            ],
            [
              77.23555794186254,
              28.613824383927057
            ],
            [
              77.23555969478812,
              28.613826104257406
            ],
            [
              77.23575317041464,
              28.61372423410302
            ],
            [
              77.23572895132283,
              28.6125811490887
            ],
            [
              77.23572711593489,
              28.612581587112917
            ],
            [
              77.23572340547945,
              28.612582135537664
            ],
            [
              77.2357196519743,
              28.612582360389375
            ],
            [
              77.23542017015097,
              28.612587300925757
            ],
            [
              77.23541640974399,
              28.612587200030646
            ],
            [
              77.23541267865137,
              28.612586774368662
            ],
            [
              77.23540901280563,
              28.61258602803915
            ],
            [
              77.23540544751089,
              28.61258496822969
            ],
            [
              77.23540201710291,
              28.612583605146828
            ],
            [
              77.23539875461844,
              28.6125819519178
            ],
            [
              77.235395691477,
              28.61258002446412
            ],
            [
              77.23539285717831,
              28.612577841348244
            ],
            [
              77.23539027901822,
              28.612575423594777
            ],
            [
              77.23538798182587,
              28.612572794488017
            ],
            [
              77.23538598772441,
              28.612569979347732
            ],
            [
              77.23538431591817,
              28.612567005285268
            ],
            [
              77.2353829825075,
              28.612563900942476
            ],
            [
              77.23538200033386,
              28.612560696215894
            ],
            [
              77.23538137885609,
              28.6125574219688
            ],
            [
              77.23538112405933,
              28.61255410973399
            ],
            [
              77.23538122266838,
              28.612551247897994
            ],
            [
              77.23518312367675,
              28.612554515503568
            ],
            [
              77.23518334341685,
              28.612557372088748
            ],
            [
              77.23518319095781,
              28.612561796520843
            ],
            [
              77.23518254778718,
              28.612566186461287
            ],
            [
              77.235181420099,
              28.61257049963255
            ],
            [
              77.23517981875344,
              28.612574694496438
            ],
            [
              77.23517775917229,
              28.612578730654093
            ],
            [
              77.23517526119042,
              28.612582569235105
            ],
            [
              77.2351723488647,
              28.6125861732718
            ],
            [
              77.2351690502424,
              28.612589508055333
            ],
            [
              77.23516539709107,
              28.61259254146987
            ],
            [
              77.23516142459252,
              28.612595244301954
            ],
            [
              77.2351571710041,
              28.612597590521812
            ],
            [
              77.23515267729023,
              28.612599557534026
            ],
            [
              77.23514798672787,
              28.612601126395177
            ],
            [
              77.23514314448973,
              28.612602281996246
            ],
            [
              77.23513819720925,
              28.61260301320816
            ],
            [
              77.23513319253153,
              28.61260331298893
            ],
            [
              77.23439113118508,
              28.61261555031617
            ],
            [
              77.23438611730633,
              28.612615415751243
            ],
            [
              77.23438114251769,
              28.612614848163826
            ],
            [
              77.23437625472913,
              28.612613853020093
            ],
            [
              77.23437150101279,
              28.61261243990384
            ],
            [
              77.23436692714962,
              28.612610622424153
            ],
            [
              77.23436257718843,
              28.612608418084395
            ],
            [
              77.23435849302182,
              28.61260584811355
            ],
            [
              77.2343547139825,
              28.61260293726189
            ],
            [
              77.23435127646475,
              28.612599713562535
            ],
            [
              77.23434821357372,
              28.61259620806148
            ],
            [
              77.23434555480672,
              28.612592454518655
            ],
            [
              77.2343433257691,
              28.612588489082764
            ],
            [
              77.23434154792768,
              28.612584349943134
            ],
            [
              77.23434023840403,
              28.61258007696197
            ],
            [
              77.23433940980946,
              28.612575711290415
            ],
            [
              77.2343390701238,
              28.612571294972312
            ],
            [
              77.23433916876115,
              28.612568433135515
            ],
            [
              77.23412054794258,
              28.61257203754675
            ],
            [
              77.2338298897261,
              28.612714966760173
            ]
          ],
          [
            [
              77.2327690675983,
              28.61345094866155
            ],
            [
              77.2327693299048,
              28.613454260444172
            ],
            [
              77.2327692230874,
              28.6134575789674
            ],
            [
              77.23276874817478,
              28.613460872272043
            ],
            [
              77.23276790974056,
              28.61346410864178
            ],
            [
              77.2327667158593,
              28.61346725690859
            ],
            [
              77.23276517802869,
              28.613470286752932
            ],
            [
              77.2326700136497,
              28.613635529674532
            ],
            [
              77.23267173795365,
              28.61363505644695
            ],
            [
              77.23267542262067,
              28.61363438598435
            ],
            [
              77.23267916401767,
              28.613634037448453
            ],
            [
              77.23268292611299,
              28.613634014195853
            ],
            [
              77.2326866726756,
              28.61363431645048
            ],
            [
              77.23298090322754,
              28.61367097302413
            ],
            [
              77.23298459817853,
              28.613671597866926
            ],
            [
              77.23298820593195,
              28.61367253928855
            ],
            [
              77.2329916917432,
              28.613673788222616
            ],
            [
              77.23299502204202,
              28.613675332641222
            ],
            [
              77.23299816475586,
              28.61367715767077
            ],
            [
              77.23300108961867,
              28.613679245735256
            ],
            [
              77.23300376846242,
              28.613681576725483
            ],
            [
              77.2330061754884,
              28.613684128192762
            ],
            [
              77.23300828751563,
              28.613686875565072
            ],
            [
              77.23301008420411,
              28.61368979238374
            ],
            [
              77.23301154825073,
              28.61369285055822
            ],
            [
              77.23301266555593,
              28.613696020636635
            ],
            [
              77.23301342535937,
              28.613699272089406
            ],
            [
              77.23301382034376,
              28.61370257360326
            ],
            [
              77.23301384670509,
              28.61370589338284
            ],
            [
              77.23301350418949,
              28.613709199456842
            ],
            [
              77.23301279609551,
              28.613712459985965
            ],
            [
              77.23301172924248,
              28.613715643569535
            ],
            [
              77.23301031390473,
              28.61371871954789
            ],
            [
              77.2330085637127,
              28.613721658297674
            ],
            [
              77.23300649552169,
              28.6137244315171
            ],
            [
              77.2330041292495,
              28.613727012498543
            ],
            [
              77.23300148768459,
              28.613729376385713
            ],
            [
              77.23299859626671,
              28.613731500413085
            ],
            [
              77.23299548284176,
              28.613733364125103
            ],
            [
              77.23299217739375,
              28.613734949573168
            ],
            [
              77.23298871175597,
              28.613736241488546
            ],
            [
              77.23298511930443,
              28.61373722742937
            ],
            [
              77.23298143463643,
              28.61373789790049
            ],
            [
              77.23297769323737,
              28.61373824644488
            ],
            [
              77.23297393113899,
              28.61373826970587
            ],
            [
              77.23297018457241,
              28.613737967459443
            ],
            [
              77.23267595383393,
              28.61370131087302
            ],
            [
              77.23267225888311,
              28.613700686021772
            ],
            [
              77.23266865113094,
              28.61369974459163
            ],
            [
              77.23266516532205,
              28.61369849564909
            ],
            [
              77.23266183502672,
              28.613696951222142
            ],
            [
              77.23265869231753,
              28.613695126184506
            ],
            [
              77.23265576746051,
              28.613693038112277
            ],
            [
              77.23265308862365,
              28.61369070711476
            ],
            [
              77.23265068160559,
              28.61368815564074
            ],
            [
              77.23264856958725,
              28.613685408262334
            ],
            [
              77.23264677290852,
              28.613682491438308
            ],
            [
              77.23264530887235,
              28.613679433259275
            ],
            [
              77.2326441915782,
              28.613676263177204
            ],
            [
              77.2326434317862,
              28.61367301172172
            ],
            [
              77.23264303681351,
              28.613669710206118
            ],
            [
              77.23264301046395,
              28.613666390425806
            ],
            [
              77.23264335299119,
              28.613663084352076
            ],
            [
              77.2326440610965,
              28.613659823824243
            ],
            [
              77.23264458265334,
              28.61365826746966
            ],
            [
              77.23264426113663,
              28.613658375656676
            ],
            [
              77.2326406313896,
              28.613659248770016
            ],
            [
              77.2326369221383,
              28.6136598037309
            ],
            [
              77.23263316910484,
              28.613660035194762
            ],
            [
              77.23262940843304,
              28.613659940932447
            ],
            [
              77.23262567634028,
              28.613659521851766
            ],
            [
              77.23262200876864,
              28.613658781988693
            ],
            [
              77.23261844103891,
              28.613657728468528
            ],
            [
              77.23261500751028,
              28.613656371437244
            ],
            [
              77.23261174124956,
              28.61365472396381
            ],
            [
              77.2326086737126,
              28.61365280191429
            ],
            [
              77.23260583444153,
              28.613650623799106
            ],
            [
              77.23260325078006,
              28.613648210594718
            ],
            [
              77.23260094761027,
              28.613645585541597
            ],
            [
              77.23259894711292,
              28.613642773920468
            ],
            [
              77.23259726855389,
              28.613639802808787
            ],
            [
              77.23259592809862,
              28.613636700820003
            ],
            [
              77.23259493865638,
              28.613633497827973
            ],
            [
              77.23259430975601,
              28.613630224679273
            ],
            [
              77.23259404745416,
              28.613626912896112
            ],
            [
              77.23259415427685,
              28.61362359437279
            ],
            [
              77.23259462919535,
              28.613620301068483
            ],
            [
              77.23259546763586,
              28.613617064699532
            ],
            [
              77.23259666152373,
              28.61361391643392
            ],
            [
              77.2325981993611,
              28.613610886591157
            ],
            [
              77.23269682489142,
              28.613439633954982
            ],
            [
              77.2326986918626,
              28.613436751713003
            ],
            [
              77.23270086999267,
              28.61343404483024
            ],
            [
              77.23270333830503,
              28.61343153937545
            ],
            [
              77.23270607302845,
              28.613429259477538
            ],
            [
              77.23270904782609,
              28.613427227093112
            ],
            [
              77.23271223404902,
              28.61342546179515
            ],
            [
              77.23271560101217,
              28.613423980584425
            ],
            [
              77.23271911628986,
              28.61342279772579
            ],
            [
              77.23272274602807,
              28.6134219246108
            ],
            [
              77.2327264552705,
              28.613421369648034
            ],
            [
              77.2327302082951,
              28.613421138182076
            ],
            [
              77.23273396895824,
              28.613421232442054
            ],
            [
              77.23273770104275,
              28.613421651520206
            ],
            [
              77.2327413686066,
              28.613422391380578
            ],
            [
              77.23274493632921,
              28.61342344489793
            ],
            [
              77.23274836985146,
              28.613424801926286
            ],
            [
              77.23275163610671,
              28.61342644939676
            ],
            [
              77.23275470363916,
              28.613428371443312
            ],
            [
              77.23275754290677,
              28.613430549555595
            ],
            [
              77.23276012656588,
              28.613432962757223
            ],
            [
              77.23276242973441,
              28.613435587807746
            ],
            [
              77.23276443023163,
              28.613438399426514
            ],
            [
              77.2327661087916,
              28.61344137053612
            ],
            [
              77.23276744924887,
              28.613444472523163
            ],
            [
              77.23276843869408,
              28.613447675513825
            ],
            [
              77.2327690675983,
              28.61345094866155
            ]
          ],
          [
            [
              77.23292683664397,
              28.613905789004274
            ],
            [
              77.23292451491032,
              28.61390840129561
            ],
            [
              77.23292191419121,
              28.61391080019455
            ],
            [
              77.23291905953297,
              28.61391296259835
            ],
            [
              77.23291597842751,
              28.6139148676819
            ],
            [
              77.23291270054759,
              28.61391649709816
            ],
            [
              77.23290925746099,
              28.613917835154954
            ],
            [
              77.23290568232653,
              28.613918868966053
            ],
            [
              77.23260151369928,
              28.613992453544174
            ],
            [
              77.23259784094232,
              28.613993173145413
            ],
            [
              77.23259410593953,
              28.613993571614348
            ],
            [
              77.23259034466105,
              28.613993645113503
            ],
            [
              77.23258659333011,
              28.613993392935054
            ],
            [
              77.23258288807408,
              28.613992817507597
            ],
            [
              77.23257926457667,
              28.613991924372836
            ],
            [
              77.23257575773415,
              28.613990722132137
            ],
            [
              77.23257240131936,
              28.613989222363763
            ],
            [
              77.23256922765643,
              28.613987439511288
            ],
            [
              77.2325662673095,
              28.61398539074459
            ],
            [
              77.2325635487883,
              28.613983095794417
            ],
            [
              77.23256109827373,
              28.61398057676241
            ],
            [
              77.23255893936556,
              28.613977857908246
            ],
            [
              77.23255709285525,
              28.613974965415977
            ],
            [
              77.23255557652567,
              28.613971927141918
            ],
            [
              77.2325544049799,
              28.6139687723463
            ],
            [
              77.23255358950051,
              28.613965531411562
            ],
            [
              77.23255313794104,
              28.61396223554967
            ],
            [
              77.23255305465015,
              28.613958916501584
            ],
            [
              77.23255334043,
              28.613955606231563
            ],
            [
              77.23255399252832,
              28.613952336619313
            ],
            [
              77.23255500466502,
              28.61394913915296
            ],
            [
              77.23255636709261,
              28.613946044625887
            ],
            [
              77.23255806669017,
              28.61394308284005
            ],
            [
              77.23256008708961,
              28.61394028231905
            ],
            [
              77.23256240883337,
              28.613937670033437
            ],
            [
              77.23256500956177,
              28.613935271140924
            ],
            [
              77.23256786422839,
              28.613933108744146
            ],
            [
              77.23257094534121,
              28.61393120366815
            ],
            [
              77.23257422322745,
              28.613929574259846
            ],
            [
              77.23257766631926,
              28.61392823621131
            ],
            [
              77.23258124145786,
              28.613927202408682
            ],
            [
              77.23259653819802,
              28.61392350183527
            ],
            [
              77.2325971486879,
              28.613922703923677
            ],
            [
              77.23259954935018,
              28.613920147787276
            ],
            [
              77.23260222238017,
              28.613917811599524
            ],
            [
              77.23260514203511,
              28.613915717859175
            ],
            [
              77.23260828019714,
              28.61391388673008
            ],
            [
              77.23261160664406,
              28.613912335846994
            ],
            [
              77.2326150893404,
              28.613911080145755
            ],
            [
              77.2326171289482,
              28.61391054361313
            ],
            [
              77.23261883370373,
              28.61390950920611
            ],
            [
              77.232622127744,
              28.613907905366727
            ],
            [
              77.23262558407193,
              28.613906594161264
            ],
            [
              77.2326291694012,
              28.61390558821733
            ],
            [
              77.23287437832539,
              28.613848313782018
            ],
            [
              77.23287805812332,
              28.613847622780927
            ],
            [
              77.23288179695616,
              28.61384725338365
            ],
            [
              77.23288555881697,
              28.613847209147668
            ],
            [
              77.23288930747697,
              28.613847490499015
            ],
            [
              77.23289300683459,
              28.613848094728112
            ],
            [
              77.23289662126298,
              28.61384901601591
            ],
            [
              77.2329001159533,
              28.613850245489907
            ],
            [
              77.23290345724976,
              28.613851771309612
            ],
            [
              77.23290661297388,
              28.613853578780557
            ],
            [
              77.23290729034386,
              28.613854056138422
            ],
            [
              77.23290765900887,
              28.613854147007697
            ],
            [
              77.23291116584991,
              28.613855349239863
            ],
            [
              77.23291452226452,
              28.613856848999845
            ],
            [
              77.23291769592862,
              28.61385863184415
            ],
            [
              77.23292065627811,
              28.61386068060302
            ],
            [
              77.2329233748032,
              28.613862975545807
            ],
            [
              77.23292582532304,
              28.613865494570966
            ],
            [
              77.23292798423773,
              28.61386821341893
            ],
            [
              77.2329298307558,
              28.613871105905716
            ],
            [
              77.23293134709421,
              28.61387414417511
            ],
            [
              77.23293251864976,
              28.61387729896693
            ],
            [
              77.23293333413973,
              28.61388053989882
            ],
            [
              77.23293378571049,
              28.61388383575884
            ],
            [
              77.2329338690131,
              28.613887154806058
            ],
            [
              77.23293358324528,
              28.613890465076246
            ],
            [
              77.23293293115913,
              28.613893734689686
            ],
            [
              77.2329319190345,
              28.6138969321582
            ],
            [
              77.23293055661874,
              28.613900026688434
            ],
            [
              77.23292885703258,
              28.61390298847835
            ],
            [
              77.23292683664397,
              28.613905789004274
            ]
          ],
          [
            [
              77.2326733389451,
              28.614277471200122
            ],
            [
              77.23266970005197,
              28.61427662818127
            ],
            [
              77.23266617232139,
              28.614275474484398
            ],
            [
              77.23266278972734,
              28.614274021220243
            ],
            [
              77.23265958484615,
              28.61427228238457
            ],
            [
              77.23265658854253,
              28.614270274723314
            ],
            [
              77.23265382967253,
              28.614268017571362
            ],
            [
              77.23265133480564,
              28.614265532666337
            ],
            [
              77.23262803370959,
              28.614239892739914
            ],
            [
              77.23256601988483,
              28.61427046136738
            ],
            [
              77.23254590118671,
              28.614281249922374
            ],
            [
              77.23254259408915,
              28.614282832719034
            ],
            [
              77.23253912710334,
              28.614284121854617
            ],
            [
              77.23253728461792,
              28.61428462589808
            ],
            [
              77.2322662745227,
              28.614418214953865
            ],
            [
              77.23226178042488,
              28.614420181435676
            ],
            [
              77.2322570895355,
              28.61442174974258
            ],
            [
              77.23225224703043,
              28.614422904770898
            ],
            [
              77.23224729954568,
              28.614423635397056
            ],
            [
              77.23224229472832,
              28.61442393458472
            ],
            [
              77.2322372807775,
              28.614423799452542
            ],
            [
              77.23223230598039,
              28.614423231301913
            ],
            [
              77.23222741824706,
              28.614422235604433
            ],
            [
              77.23222266464914,
              28.614420821949235
            ],
            [
              77.2322180909664,
              28.61441900395059
            ],
            [
              77.23221374124593,
              28.614416799116846
            ],
            [
              77.232209657378,
              28.61441422868178
            ],
            [
              77.23220587869247,
              28.61441131740011
            ],
            [
              77.23220244158017,
              28.614408093309088
            ],
            [
              77.23219937914239,
              28.614404587458512
            ],
            [
              77.23219672087204,
              28.614400833611647
            ],
            [
              77.23219449236973,
              28.61439686792014
            ],
            [
              77.23219271509709,
              28.61439272857578
            ],
            [
              77.23219140617019,
              28.614388455442732
            ],
            [
              77.23219057819466,
              28.614384089673628
            ],
            [
              77.2321902391443,
              28.61437967331322
            ],
            [
              77.23219039228431,
              28.614375248893477
            ],
            [
              77.23219103613978,
              28.61437085902399
            ],
            [
              77.23219216450998,
              28.614366545981593
            ],
            [
              77.23219376652801,
              28.614362351303225
            ],
            [
              77.23219582676555,
              28.61435831538593
            ],
            [
              77.23219832538132,
              28.614354477097777
            ],
            [
              77.23220123831224,
              28.614350873403552
            ],
            [
              77.23220453750518,
              28.614347539008794
            ],
            [
              77.23220819118711,
              28.614344506025496
            ],
            [
              77.23221216417105,
              28.614341803662928
            ],
            [
              77.23221641819501,
              28.614339457946308
            ],
            [
              77.23256317949433,
              28.614168528739032
            ],
            [
              77.23240008638813,
              28.61398906445745
            ],
            [
              77.23239787956364,
              28.613986375725496
            ],
            [
              77.23239598202187,
              28.613983509065985
            ],
            [
              77.23239441203718,
              28.613980492086444
            ],
            [
              77.23239318472935,
              28.613977353842046
            ],
            [
              77.23239231191802,
              28.613974124555806
            ],
            [
              77.23239180200878,
              28.613970835327525
            ],
            [
              77.23239165991234,
              28.613967517834276
            ],
            [
              77.23239188699709,
              28.613964204025343
            ],
            [
              77.23239248107606,
              28.61396092581451
            ],
            [
              77.23239343642794,
              28.61395771477273
            ],
            [
              77.23239474385211,
              28.613954601824098
            ],
            [
              77.23239639075733,
              28.613951616948
            ],
            [
              77.23239836128299,
              28.613948788890404
            ],
            [
              77.23240063645183,
              28.61394614488705
            ],
            [
              77.23240319435273,
              28.613943710401117
            ],
            [
              77.23240601035167,
              28.613941508878018
            ],
            [
              77.23240905732906,
              28.613939561519615
            ],
            [
              77.23241230594087,
              28.613937887080013
            ],
            [
              77.2324157249012,
              28.613936501684968
            ],
            [
              77.23241928128358,
              28.613935418676576
            ],
            [
              77.23242294083816,
              28.613934648484793
            ],
            [
              77.23242666832148,
              28.613934198526987
            ],
            [
              77.23243042783582,
              28.61393407313647
            ],
            [
              77.23243418317506,
              28.613934273520844
            ],
            [
              77.23243789817327,
              28.61393479775027
            ],
            [
              77.23244153705302,
              28.613935640776162
            ],
            [
              77.23244506476992,
              28.613936794479706
            ],
            [
              77.2324484473502,
              28.613938247750124
            ],
            [
              77.23245165221773,
              28.613939986591635
            ],
            [
              77.23245464850795,
              28.613941994258255
            ],
            [
              77.23245740736492,
              28.613944251415074
            ],
            [
              77.23245990221938,
              28.613946736324458
            ],
            [
              77.23263105593763,
              28.614135070208075
            ],
            [
              77.2326728045071,
              28.614114490938583
            ],
            [
              77.23267729858365,
              28.614112524444202
            ],
            [
              77.23268198945233,
              28.614110956123785
            ],
            [
              77.23268683193751,
              28.614109801081103
            ],
            [
              77.2326917794035,
              28.614109070439852
            ],
            [
              77.23269678420353,
              28.614108771236463
            ],
            [
              77.2327017981387,
              28.614108906352435
            ],
            [
              77.23270677292216,
              28.61410947448652
            ],
            [
              77.23271166064406,
              28.614110470167297
            ],
            [
              77.23271641423302,
              28.6141118838058
            ],
            [
              77.23272098790947,
              28.614113701787954
            ],
            [
              77.23272533762643,
              28.614115906605598
            ],
            [
              77.23272942149376,
              28.614118477025166
            ],
            [
              77.23273320018163,
              28.614121388292123
            ],
            [
              77.23273336359733,
              28.614121541578964
            ],
            [
              77.23273467973644,
              28.61412056231356
            ],
            [
              77.23273777982268,
              28.614118681351794
            ],
            [
              77.2327410739128,
              28.61411707758219
            ],
            [
              77.23274453028297,
              28.614115766449906
            ],
            [
              77.23294659984155,
              28.61404927762873
            ],
            [
              77.2329501852005,
              28.614048271755543
            ],
            [
              77.2329538650243,
              28.614047580833468
            ],
            [
              77.23295760387428,
              28.614047211516443
            ],
            [
              77.23296136574328,
              28.6140471673612
            ],
            [
              77.23296511440249,
              28.614047448792974
            ],
            [
              77.2329688137503,
              28.614048053101417
            ],
            [
              77.23297242816002,
              28.614048974466716
            ],
            [
              77.23297592282294,
              28.614050204015633
            ],
            [
              77.23297926408355,
              28.61405172990694
            ],
            [
              77.23298241976373,
              28.614053537445482
            ],
            [
              77.23298535947255,
              28.61405560922369
            ],
            [
              77.23298805489902,
              28.614057925289224
            ],
            [
              77.23299048008472,
              28.614060463337108
            ],
            [
              77.2329926116738,
              28.614063198924583
            ],
            [
              77.23299442913785,
              28.61406610570646
            ],
            [
              77.23299591497369,
              28.614069155688846
            ],
            [
              77.23299705487189,
              28.614072319498764
            ],
            [
              77.23299783785457,
              28.614075566667
            ],
            [
              77.23299825638117,
              28.61407886592157
            ],
            [
              77.23299829840883,
              28.614081653973845
            ],
            [
              77.23300417443443,
              28.614079665482443
            ],
            [
              77.23309060198099,
              28.614031618511284
            ],
            [
              77.2330898219944,
              28.614029759323458
            ],
            [
              77.23308886795508,
              28.614026547978973
            ],
            [
              77.23308827521628,
              28.614023269580446
            ],
            [
              77.23308804948634,
              28.614019955700673
            ],
            [
              77.23308819293916,
              28.614016638254117
            ],
            [
              77.23308870419316,
              28.61401334918962
            ],
            [
              77.23308957832465,
              28.61401012018264
            ],
            [
              77.23309080691526,
              28.614006982330302
            ],
            [
              77.23309237813291,
              28.61400396585182
            ],
            [
              77.23309427684593,
              28.61400109979752
            ],
            [
              77.23309648476865,
              28.613998411769057
            ],
            [
              77.2330984482851,
              28.61399645749914
            ],
            [
              77.23309852329547,
              28.613994619585753
            ],
            [
              77.2330991943276,
              28.613990232888852
            ],
            [
              77.23310034938942,
              28.61398592535456
            ],
            [
              77.23310197735697,
              28.613981738466766
            ],
            [
              77.233104062552,
              28.61397771254748
            ],
            [
              77.23310658489288,
              28.61397388636849
            ],
            [
              77.23310952008808,
              28.61397029677797
            ],
            [
              77.23311283987003,
              28.613966978345605
            ],
            [
              77.23311651226739,
              28.613963963029704
            ],
            [
              77.23312050191298,
              28.613961279869365
            ],
            [
              77.23312477038435,
              28.61395895470486
            ],
            [
              77.2331292765738,
              28.613957009928782
            ],
            [
              77.23313397708431,
              28.613955464270365
            ],
            [
              77.23313882664743,
              28.613954332615105
            ],
            [
              77.23326668858354,
              28.613930350188085
            ],
            [
              77.23326725530617,
              28.613930022673465
            ],
            [
              77.23327058949408,
              28.613928484790204
            ],
            [
              77.23327407845015,
              28.61392724269568
            ],
            [
              77.2332836110348,
              28.613924320192293
            ],
            [
              77.23343762960153,
              28.61383869726732
            ],
            [
              77.23344199990592,
              28.61383652440319
            ],
            [
              77.23344659052071,
              28.613834740002382
            ],
            [
              77.23345135723582,
              28.613833361249615
            ],
            [
              77.23345625414521,
              28.613832401423043
            ],
            [
              77.23346123408902,
              28.613831869766276
            ],
            [
              77.23346624910774,
              28.61383177139947
            ],
            [
              77.23347125090403,
              28.613832107269936
            ],
            [
              77.23347619130796,
              28.613832874143057
            ],
            [
              77.23348102274076,
              28.613834064633444
            ],
            [
              77.23348569867319,
              28.61383566727602
            ],
            [
              77.23349017407348,
              28.613837666636485
            ],
            [
              77.23349440584113,
              28.61384004345992
            ],
            [
              77.23349835322192,
              28.61384277485625
            ],
            [
              77.23350197820044,
              28.61384583452065
            ],
            [
              77.23350524586618,
              28.613849192986905
            ],
            [
              77.23350812474972,
              28.61385281791118
            ],
            [
              77.23351058712583,
              28.6138566743835
            ],
            [
              77.23351260928045,
              28.613860725263944
            ],
            [
              77.23351417173909,
              28.613864931540352
            ],
            [
              77.23351525945435,
              28.613869252704003
            ],
            [
              77.23351580613671,
              28.613873240047138
            ],
            [
              77.2335174664233,
              28.6138747324178
            ],
            [
              77.2335198261984,
              28.61387731802819
            ],
            [
              77.23352188740922,
              28.61388009529196
            ],
            [
              77.23352316056618,
              28.613882244622697
            ],
            [
              77.23381915093768,
              28.61382672607913
            ],
            [
              77.23382410283725,
              28.613826019301186
            ],
            [
              77.23382910939863,
              28.61382574423085
            ],
            [
              77.233834122406,
              28.613825903517185
            ],
            [
              77.23383909358135,
              28.61382649562618
            ],
            [
              77.23384397504965,
              28.61382751485552
            ],
            [
              77.23384451031183,
              28.61382767691301
            ],
            [
              77.23394483701067,
              28.61372364397934
            ],
            [
              77.23394507781317,
              28.61372073742702
            ],
            [
              77.23394564165953,
              28.613717858789578
            ],
            [
              77.23394435138012,
              28.613717255197958
            ],
            [
              77.23394121611378,
              28.613715420222498
            ],
            [
              77.23393829976766,
              28.61371332290411
            ],
            [
              77.23393563042778,
              28.613710983441134
            ],
            [
              77.23393323380135,
              28.6137084243639
            ],
            [
              77.2339311329692,
              28.61370567031773
            ],
            [
              77.23392934816347,
              28.613702747825613
            ],
            [
              77.23392789657281,
              28.61369968503275
            ],
            [
              77.23392679217677,
              28.61369651143553
            ],
            [
              77.2339260456113,
              28.613693257597436
            ],
            [
              77.23392566406619,
              28.613689954854713
            ],
            [
              77.2339256512159,
              28.613686635014595
            ],
            [
              77.23392600718412,
              28.61368333004895
            ],
            [
              77.23392672854271,
              28.61368007178641
            ],
            [
              77.2339278083445,
              28.613676891605806
            ],
            [
              77.23392923619039,
              28.613673820134025
            ],
            [
              77.23393099832944,
              28.613670886951
            ],
            [
              77.23393307779125,
              28.613668120304876
            ],
            [
              77.23393545454945,
              28.613665546839965
            ],
            [
              77.23393810571456,
              28.613663191340116
            ],
            [
              77.23394100575439,
              28.613661076490065
            ],
            [
              77.23409187550403,
              28.613561632420886
            ],
            [
              77.23420027722153,
              28.613450592547878
            ],
            [
              77.2342028696095,
              28.613448186649872
            ],
            [
              77.23420571675274,
              28.613446016560975
            ],
            [
              77.23420879123172,
              28.61344410318034
            ],
            [
              77.23421206343751,
              28.61344246493486
            ],
            [
              77.234215501857,
              28.6134411176017
            ],
            [
              77.23421907337635,
              28.613440074156426
            ],
            [
              77.23422274359991,
              28.61343934464796
            ],
            [
              77.23422647718145,
              28.61343893610186
            ],
            [
              77.23423023816459,
              28.61343885245265
            ],
            [
              77.23423399032899,
              28.613439094505907
            ],
            [
              77.23423769753934,
              28.613439659930524
            ],
            [
              77.2342413240932,
              28.613440543281175
            ],
            [
              77.2342448350649,
              28.6134417360507
            ],
            [
              77.23424819664189,
              28.61344322675208
            ],
            [
              77.23425137645036,
              28.61344500102907
            ],
            [
              77.23425434386704,
              28.613447041794423
            ],
            [
              77.2342570703141,
              28.613449329394456
            ],
            [
              77.23425952953437,
              28.613451841798362
            ],
            [
              77.2342616978442,
              28.613454554810332
            ],
            [
              77.23426355436159,
              28.613457442302575
            ],
            [
              77.23426508120721,
              28.61346047646699
            ],
            [
              77.23426626367674,
              28.613463628082922
            ],
            [
              77.23426709038226,
              28.613466866798603
            ],
            [
              77.23426755336216,
              28.613470161423432
            ],
            [
              77.23426764815764,
              28.61347348022838
            ],
            [
              77.23426737385574,
              28.613476791251546
            ],
            [
              77.23426673309808,
              28.613480062605962
            ],
            [
              77.2342657320555,
              28.6134832627867
            ],
            [
              77.23426438036856,
              28.613486360974253
            ],
            [
              77.23426269105468,
              28.613489327331386
            ],
            [
              77.23426068038289,
              28.613492133290436
            ],
            [
              77.23425836771703,
              28.61349475182848
            ],
            [
              77.2342505543486,
              28.61350275536481
            ],
            [
              77.23425088392722,
              28.613503187418154
            ],
            [
              77.2342526687378,
              28.613506109905817
            ],
            [
              77.23425412033457,
              28.613509172694894
            ],
            [
              77.23425522473791,
              28.613512346289088
            ],
            [
              77.23425597131171,
              28.61351560012496
            ],
            [
              77.2342563528661,
              28.613518902866282
            ],
            [
              77.2342563657264,
              28.61352222270587
            ],
            [
              77.23425600976876,
              28.613525527671847
            ],
            [
              77.23425528842121,
              28.613528785935586
            ],
            [
              77.23425420863067,
              28.613531966118234
            ],
            [
              77.23425278079611,
              28.613535037592868
            ],
            [
              77.23425101866832,
              28.613537970779507
            ],
            [
              77.23424893921752,
              28.613540737429958
            ],
            [
              77.23424656246996,
              28.613543310899836
            ],
            [
              77.23424391131499,
              28.613545666405212
            ],
            [
              77.23424101128471,
              28.613547781261268
            ],
            [
              77.23414448632631,
              28.61361140479583
            ],
            [
              77.23411458905464,
              28.613642029633052
            ],
            [
              77.23411449079191,
              28.61364332320951
            ],
            [
              77.23411387245187,
              28.61364659792186
            ],
            [
              77.23411289334538,
              28.613649803383424
            ],
            [
              77.23411156290175,
              28.613652908723843
            ],
            [
              77.23410989393383,
              28.61365588403697
            ],
            [
              77.23410790251471,
              28.613658700668918
            ],
            [
              77.23410560782278,
              28.61366133149396
            ],
            [
              77.23407981876285,
              28.61368807335707
            ],
            [
              77.23408295380477,
              28.61368674197394
            ],
            [
              77.23408766529647,
              28.61368522260835
            ],
            [
              77.23424422563141,
              28.61364229256363
            ],
            [
              77.23424451716869,
              28.61364199288346
            ],
            [
              77.23424814190325,
              28.613638933002903
            ],
            [
              77.23425208906458,
              28.613636201370987
            ],
            [
              77.2342563206394,
              28.613633824294823
            ],
            [
              77.23426079587531,
              28.61363182466689
            ],
            [
              77.23426547167342,
              28.6136302217447
            ],
            [
              77.23478270013024,
              28.61347823123033
            ],
            [
              77.23478489225278,
              28.613477690927567
            ],
            [
              77.23478502044411,
              28.613476943596638
            ],
            [
              77.23478594538658,
              28.613473725634506
            ],
            [
              77.23478722331481,
              28.61347060316902
            ],
            [
              77.23478884192163,
              28.613467606271207
            ],
            [
              77.23479078561891,
              28.613464763802842
            ],
            [
              77.23479303568782,
              28.61346210313843
            ],
            [
              77.23479557045891,
              28.613459649901603
            ],
            [
              77.23479836552097,
              28.613457427718362
            ],
            [
              77.234801393956,
              28.613455457989534
            ],
            [
              77.23499631546585,
              28.613341263545937
            ],
            [
              77.23499954810156,
              28.613339565236757
            ],
            [
              77.23500295381297,
              28.61333815470686
            ],
            [
              77.23500649980124,
              28.613337045540426
            ],
            [
              77.23501015191663,
              28.613336248419298
            ],
            [
              77.23501387498725,
              28.613335771020196
            ],
            [
              77.23501763315797,
              28.613335617940717
            ],
            [
              77.23502139023554,
              28.6133357906551
            ],
            [
              77.23502511003733,
              28.613336287500015
            ],
            [
              77.23502875673962,
              28.613337103690576
            ],
            [
              77.23503229522271,
              28.61333823136643
            ],
            [
              77.23503569140911,
              28.613339659667435
            ],
            [
              77.23503891259169,
              28.613341374838303
            ],
            [
              77.23504192774875,
              28.613343360360993
            ],
            [
              77.23504470784269,
              28.61334559711386
            ],
            [
              77.23504722609967,
              28.613348063555772
            ],
            [
              77.2350494582675,
              28.613350735933558
            ],
            [
              77.23505138284918,
              28.613353588510762
            ],
            [
              77.23505298130992,
              28.61335659381553
            ],
            [
              77.23505423825566,
              28.613359722905145
            ],
            [
              77.23505514158128,
              28.613362945644784
            ],
            [
              77.23505568258726,
              28.613366230997695
            ],
            [
              77.23505585606334,
              28.613369547324147
            ],
            [
              77.23505566033887,
              28.61337286268611
            ],
            [
              77.23505509729871,
              28.61337614515483
            ],
            [
              77.23505417236521,
              28.613379363118344
            ],
            [
              77.23505289444597,
              28.613382485585888
            ],
            [
              77.23505127584804,
              28.61338548248639
            ],
            [
              77.23504933215932,
              28.61338832495806
            ],
            [
              77.23504708209865,
              28.61339098562631
            ],
            [
              77.23504454733526,
              28.613393438867444
            ],
            [
              77.23504175228037,
              28.6133956610554
            ],
            [
              77.23503872385184,
              28.613397630789276
            ],
            [
              77.23484814118324,
              28.61350928336912
            ],
            [
              77.23484869674921,
              28.613511038552865
            ],
            [
              77.23484956615502,
              28.61351539803924
            ],
            [
              77.23484994713822,
              28.61351981173119
            ],
            [
              77.23484983602964,
              28.613524237122473
            ],
            [
              77.23484923389928,
              28.613528631594153
            ],
            [
              77.2348481465459,
              28.613532952825043
            ],
            [
              77.23484658444129,
              28.61353715919934
            ],
            [
              77.23484456262926,
              28.613541210207345
            ],
            [
              77.23484210058098,
              28.613545066835602
            ],
            [
              77.23483922200724,
              28.613548691942672
            ],
            [
              77.23483595463028,
              28.613552050616757
            ],
            [
              77.2348323299167,
              28.613555110511964
            ],
            [
              77.2348283827745,
              28.613557842159807
            ],
            [
              77.23482415121678,
              28.613560219253007
            ],
            [
              77.23481967599581,
              28.6135622188988
            ],
            [
              77.23481500021045,
              28.613563821839506
            ],
            [
              77.23480422194656,
              28.613566989118436
            ],
            [
              77.23480275763485,
              28.613569769645682
            ],
            [
              77.23480020793085,
              28.6135735816666
            ],
            [
              77.23479724707818,
              28.613577154799543
            ],
            [
              77.23479390359147,
              28.613580454633283
            ],
            [
              77.23479020967032,
              28.613583449388564
            ],
            [
              77.2347862008892,
              28.613586110224258
            ],
            [
              77.23478191585488,
              28.613588411515018
            ],
            [
              77.23477739583463,
              28.613590331098134
            ],
            [
              77.23477268435872,
              28.61359185048696
            ],
            [
              77.23469766278248,
              28.613612422333926
            ],
            [
              77.23450990243265,
              28.61370454072485
            ],
            [
              77.23450652854542,
              28.61370600962479
            ],
            [
              77.23450300774384,
              28.613707179633654
            ],
            [
              77.23449937393512,
              28.61370803948361
            ],
            [
              77.23449566211488,
              28.61370858089382
            ],
            [
              77.23449190803001,
              28.61370879865019
            ],
            [
              77.23448814783443,
              28.613708690655617
            ],
            [
              77.23448441774092,
              28.61370825795014
            ],
            [
              77.23448075367233,
              28.613707504700965
            ],
            [
              77.2344771909157,
              28.613706438162286
            ],
            [
              77.23447376378233,
              28.613705068605455
            ],
            [
              77.23447050527744,
              28.61370340922006
            ],
            [
              77.23446744678222,
              28.613701475986925
            ],
            [
              77.23446461775168,
              28.613699287524145
            ],
            [
              77.2344620454309,
              28.613696864907816
            ],
            [
              77.23445975459276,
              28.613694231469093
            ],
            [
              77.23445776729929,
              28.61369141256943
            ],
            [
              77.23445610268917,
              28.61368843535639
            ],
            [
              77.2344547767935,
              28.61368532850217
            ],
            [
              77.23445380238134,
              28.6136821219275
            ],
            [
              77.23445329810133,
              28.613679429823218
            ],
            [
              77.23411800189827,
              28.613771370896398
            ],
            [
              77.23411314432417,
              28.61377247543569
            ],
            [
              77.23410818745194,
              28.613773154509943
            ],
            [
              77.23410317901899,
              28.613773401579316
            ],
            [
              77.23409816725936,
              28.61377321426437
            ],
            [
              77.23409320043909,
              28.61377259436906
            ],
            [
              77.23408832639144,
              28.61377154786331
            ],
            [
              77.23408359205621,
              28.613770084825568
            ],
            [
              77.23407904302766,
              28.613768219345687
            ],
            [
              77.2340747231155,
              28.61376596938928
            ],
            [
              77.23407067392286,
              28.61376335662469
            ],
            [
              77.2340669344457,
              28.61376040621428
            ],
            [
              77.23406354069725,
              28.613757146572148
            ],
            [
              77.23406052536114,
              28.61375360909045
            ],
            [
              77.23405791747673,
              28.6137498278371
            ],
            [
              77.23405574215931,
              28.613745839227658
            ],
            [
              77.23405402035837,
              28.61374168167464
            ],
            [
              77.23405276865573,
              28.613737395217576
            ],
            [
              77.23405199910592,
              28.613733021137396
            ],
            [
              77.23405171912007,
              28.6137286015589
            ],
            [
              77.23405193139455,
              28.61372417904506
            ],
            [
              77.23405263388494,
              28.61371979618709
            ],
            [
              77.23405381982586,
              28.613715495194317
            ],
            [
              77.23405413163626,
              28.613714709503235
            ],
            [
              77.23401596588215,
              28.61375428527156
            ],
            [
              77.23402045150709,
              28.613752316912674
            ],
            [
              77.23402389830552,
              28.61375098633379
            ],
            [
              77.23402747630291,
              28.613749960285933
            ],
            [
              77.23403115104122,
              28.613749248650496
            ],
            [
              77.23403488713073,
              28.613748858280914
            ],
            [
              77.2340386485909,
              28.61374879293665
            ],
            [
              77.23404239919684,
              28.613749053247005
            ],
            [
              77.2340461028282,
              28.61374963670505
            ],
            [
              77.23404972381701,
              28.613750537691764
            ],
            [
              77.23405322729121,
              28.613751747530163
            ],
            [
              77.23405657951047,
              28.613753254568845
            ],
            [
              77.23405974819107,
              28.61375504429422
            ],
            [
              77.23406270281694,
              28.613757099470263
            ],
            [
              77.2340654149334,
              28.613759400304524
            ],
            [
              77.2340678584213,
              28.613761924638723
            ],
            [
              77.23407000974852,
              28.61376464816216
            ],
            [
              77.23407184819656,
              28.613767544645828
            ],
            [
              77.2340733560602,
              28.61377058619501
            ],
            [
              77.23407451881782,
              28.613773743517964
            ],
            [
              77.23407532527142,
              28.61377698620793
            ],
            [
              77.23407576765437,
              28.613780283036046
            ],
            [
              77.23407584170627,
              28.613783602252063
            ],
            [
              77.2340755467139,
              28.61378691189011
            ],
            [
              77.23407488551818,
              28.613790180076574
            ],
            [
              77.23407386448675,
              28.613793375337025
            ],
            [
              77.23407249345266,
              28.613796466899355
            ],
            [
              77.23407078561969,
              28.61379942499012
            ],
            [
              77.2340687574352,
              28.613802221121265
            ],
            [
              77.23406642843169,
              28.61380482836452
            ],
            [
              77.2340638210387,
              28.613807221610685
            ],
            [
              77.2340609603669,
              28.61380937781149
            ],
            [
              77.2340578739661,
              28.61381127620151
            ],
            [
              77.23405628614336,
              28.613812060967177
            ],
            [
              77.23405850789453,
              28.61381234671874
            ],
            [
              77.23406215963811,
              28.613813145230676
            ],
            [
              77.2340657051015,
              28.613814255747613
            ],
            [
              77.23406911013996,
              28.613815667574688
            ],
            [
              77.23407234196114,
              28.613817367115228
            ],
            [
              77.23407536944084,
              28.613819338001758
            ],
            [
              77.2340781634228,
              28.613821561253566
            ],
            [
              77.23408069699946,
              28.613824015459535
            ],
            [
              77.23408294577108,
              28.61382667698435
            ],
            [
              77.23408488808073,
              28.613829520196077
            ],
            [
              77.23408650522295,
              28.613832517713043
            ],
            [
              77.2340877816237,
              28.61383564066754
            ],
            [
              77.23408870499054,
              28.61383885898382
            ],
            [
              77.23408926643093,
              28.613842141667742
            ],
            [
              77.23408946053782,
              28.61384545710527
            ],
            [
              77.23408928544185,
              28.61384877336694
            ],
            [
              77.23408874282924,
              28.61385205851534
            ],
            [
              77.23408783792564,
              28.61385528091269
            ],
            [
              77.2340865794457,
              28.613858409525537
            ],
            [
              77.23408497950925,
              28.61386141422361
            ],
            [
              77.23408305352454,
              28.613864266070035
            ],
            [
              77.23408082003984,
              28.61386693759994
            ],
            [
              77.23407830056479,
              28.61386940308503
            ],
            [
              77.23407823689675,
              28.61386945955234
            ],
            [
              77.2340853906212,
              28.613866796658012
            ],
            [
              77.2340889245938,
              28.613865657973978
            ],
            [
              77.2340925680307,
              28.61386483043657
            ],
            [
              77.23409628584363,
              28.61386432201541
            ],
            [
              77.23410004222805,
              28.613864137606864
            ],
            [
              77.23410380100798,
              28.61386427898689
            ],
            [
              77.23410752598431,
              28.61386474479392
            ],
            [
              77.23411118128355,
              28.613865530541975
            ],
            [
              77.2341144385254,
              28.613866537985874
            ],
            [
              77.23416652830318,
              28.613850556575134
            ],
            [
              77.23416643294955,
              28.613850471895766
            ],
            [
              77.23416405549891,
              28.613847898926572
            ],
            [
              77.23416197529367,
              28.613845132714182
            ],
            [
              77.2341602123673,
              28.61384219989876
            ],
            [
              77.23415878369777,
              28.613839128724912
            ],
            [
              77.23415770304388,
              28.61383594876976
            ],
            [
              77.23415698081294,
              28.613832690658004
            ],
            [
              77.23415662396036,
              28.613829385767048
            ],
            [
              77.23415663592279,
              28.61382606592481
            ],
            [
              77.234157016585,
              28.613822763103194
            ],
            [
              77.23415776228099,
              28.613819509110158
            ],
            [
              77.23415886582924,
              28.613816335283445
            ],
            [
              77.23416031660196,
              28.61381327218873
            ],
            [
              77.23416210062739,
              28.613810349325266
            ],
            [
              77.23416420072435,
              28.613807594841848
            ],
            [
              77.23416659666779,
              28.613805035265607
            ],
            [
              77.2341692653834,
              28.613802695246676
            ],
            [
              77.23417218117002,
              28.613800597320672
            ],
            [
              77.23417531594701,
              28.61379876169178
            ],
            [
              77.23417863952481,
              28.61379720603809
            ],
            [
              77.23418211989554,
              28.61379594534138
            ],
            [
              77.23418572354133,
              28.61379499174283
            ],
            [
              77.23418941575716,
              28.613794354426116
            ],
            [
              77.234193160985,
              28.61379403952893
            ],
            [
              77.23419692315628,
              28.613794050083907
            ],
            [
              77.23420066603929,
              28.613794385989383
            ],
            [
              77.23420435358803,
              28.613795044010427
            ],
            [
              77.23420795028943,
              28.613796017809925
            ],
            [
              77.23421142150532,
              28.613797298009665
            ],
            [
              77.23454981422218,
              28.613939691382726
            ],
            [
              77.23455312653198,
              28.61394126564486
            ],
            [
              77.23455624802803,
              28.613943118817577
            ],
            [
              77.23455914864864,
              28.613945233053823
            ],
            [
              77.23456180045928,
              28.61394758799237
            ],
            [
              77.23456417792156,
              28.613950160953877
            ],
            [
              77.23456625813917,
              28.613952927159353
            ],
            [
              77.23456802107852,
              28.61395585996872
            ],
            [
              77.2345694497615,
              28.61395893113744
            ],
            [
              77.23457053042908,
              28.613962111088497
            ],
            [
              77.23457125267383,
              28.613965369197235
            ],
            [
              77.23457160954008,
              28.61396867408628
            ],
            [
              77.23457159759103,
              28.613971993927766
            ],
            [
              77.23457121694166,
              28.61397529674979
            ],
            [
              77.23457047125785,
              28.61397855074439
            ],
            [
              77.23456936772088,
              28.613981724573787
            ],
            [
              77.23456791695838,
              28.613984787672287
            ],
            [
              77.23456613294198,
              28.613987710540552
            ],
            [
              77.2345640328527,
              28.613990465029765
            ],
            [
              77.23456163691554,
              28.61399302461266
            ],
            [
              77.23455896820467,
              28.613995364639063
            ],
            [
              77.23455605242123,
              28.613997462573195
            ],
            [
              77.23455291764583,
              28.61399929821081
            ],
            [
              77.23454959406806,
              28.6140008538737
            ],
            [
              77.23454611369581,
              28.614002114579947
            ],
            [
              77.234542510047,
              28.614003068188275
            ],
            [
              77.23453881782677,
              28.614003705514886
            ],
            [
              77.23453507259326,
              28.614004020421977
            ],
            [
              77.23453131041511,
              28.614004009876815
            ],
            [
              77.23452756752422,
              28.614003673980953
            ],
            [
              77.23452387996672,
              28.61400301596925
            ],
            [
              77.23452028325579,
              28.61400204217873
            ],
            [
              77.2345168120298,
              28.614000761987526
            ],
            [
              77.2342622199049,
              28.61389363145301
            ],
            [
              77.23425959663,
              28.61389482308904
            ],
            [
              77.2342394228345,
              28.613902908119254
            ],
            [
              77.23423809509127,
              28.613906648932357
            ],
            [
              77.23423613381466,
              28.61391072305211
            ],
            [
              77.2342337294415,
              28.613914607917337
            ],
            [
              77.23423090512718,
              28.613918266114656
            ],
            [
              77.23422768807137,
              28.61392166241358
            ],
            [
              77.23422410925606,
              28.613924764105896
            ],
            [
              77.23422020314719,
              28.613927541320567
            ],
            [
              77.23421600736273,
              28.61392996731148
            ],
            [
              77.23421156231042,
              28.613932018714973
            ],
            [
              77.23420691079856,
              28.613933675774913
            ],
            [
              77.23390955224005,
              28.614024906617168
            ],
            [
              77.23388630230869,
              28.614046204090403
            ],
            [
              77.23403762666062,
              28.61400456368537
            ],
            [
              77.23404126890924,
              28.614003732068124
            ],
            [
              77.23404498599292,
              28.614003219483575
            ],
            [
              77.23404874211414,
              28.61400303086818
            ],
            [
              77.23405250109941,
              28.614003168038415
            ],
            [
              77.23405622674774,
              28.614003629673253
            ],
            [
              77.23405988317907,
              28.614004411326903
            ],
            [
              77.23406343518003,
              28.614005505471596
            ],
            [
              77.23406684854295,
              28.614006901570164
            ],
            [
              77.23407009039528,
              28.614008586177402
            ],
            [
              77.23407312951623,
              28.614010543069636
            ],
            [
              77.23407593663744,
              28.61401275340093
            ],
            [
              77.23407848472478,
              28.614015195884626
            ],
            [
              77.23408074923879,
              28.614017846998273
            ],
            [
              77.23408270837092,
              28.614020681210192
            ],
            [
              77.23408434325368,
              28.614023671225425
            ],
            [
              77.23408563814225,
              28.614026788248466
            ],
            [
              77.23408658056607,
              28.61403000226072
            ],
            [
              77.2340871614491,
              28.61403328230949
            ],
            [
              77.23408737519705,
              28.614036596806116
            ],
            [
              77.2340872197514,
              28.614039913830187
            ],
            [
              77.23408669660914,
              28.61404320143695
            ],
            [
              77.23408581080837,
              28.614046427964958
            ],
            [
              77.2340845708798,
              28.61404956234097
            ],
            [
              77.23408298876461,
              28.614052574379237
            ],
            [
              77.23408107969941,
              28.614055435072157
            ],
            [
              77.234079581464,
              28.614057246900213
            ],
            [
              77.23407854030246,
              28.614059817349812
            ],
            [
              77.23407693289809,
              28.614062818943864
            ],
            [
              77.23407499982555,
              28.614065667055545
            ],
            [
              77.23407275970139,
              28.61406833425597
            ],
            [
              77.23407023409918,
              28.614070794858538
            ],
            [
              77.23406744734187,
              28.614073025166274
            ],
            [
              77.23406442626745,
              28.614075003700098
            ],
            [
              77.23406119997053,
              28.61407671140561
            ],
            [
              77.23405779952213,
              28.614078131836674
            ],
            [
              77.23405425767042,
              28.61407925131374
            ],
            [
              77.23386412992036,
              28.614130206237245
            ],
            [
              77.23386048077181,
              28.61413101397418
            ],
            [
              77.23385675947377,
              28.614131502196805
            ],
            [
              77.23385300186445,
              28.61413166620326
            ],
            [
              77.23384924413163,
              28.614131504414065
            ],
            [
              77.23384552246445,
              28.614131018387337
            ],
            [
              77.2338418727046,
              28.614130212803783
            ],
            [
              77.23383833000129,
              28.61412909542163
            ],
            [
              77.23383492847275,
              28.614127677001875
            ],
            [
              77.23383170087752,
              28.61412597120469
            ],
            [
              77.23382867829916,
              28.61412399445784
            ],
            [
              77.23382588984678,
              28.614121765798505
            ],
            [
              77.2338233623747,
              28.614119306689897
            ],
            [
              77.2338233500591,
              28.614119292046887
            ],
            [
              77.23382265156704,
              28.614118842285905
            ],
            [
              77.2338198444478,
              28.614116631949237
            ],
            [
              77.23381729636348,
              28.61411418946052
            ],
            [
              77.23381503185355,
              28.61411153834225
            ],
            [
              77.23381501113691,
              28.614111508372055
            ],
            [
              77.23374838356057,
              28.614172540594744
            ],
            [
              77.23374831302431,
              28.61417327375437
            ],
            [
              77.23374762886377,
              28.614176538258956
            ],
            [
              77.23374658538573,
              28.61417972786919
            ],
            [
              77.2337451926394,
              28.61418281186736
            ],
            [
              77.23374346403769,
              28.614185760552882
            ],
            [
              77.23374141622793,
              28.614188545528286
            ],
            [
              77.23373906893165,
              28.61419113997272
            ],
            [
              77.23373788320797,
              28.614192214881434
            ],
            [
              77.23373883013292,
              28.61419299463741
            ],
            [
              77.23374131588696,
              28.61419548663981
            ],
            [
              77.23374351286694,
              28.614198181641967
            ],
            [
              77.23374539991472,
              28.61420105368953
            ],
            [
              77.23374695885701,
              28.61420407512315
            ],
            [
              77.23374817468033,
              28.61420721684477
            ],
            [
              77.23374903567559,
              28.614210448597902
            ],
            [
              77.23374953355089,
              28.614213739259014
            ],
            [
              77.23374966351142,
              28.614217057137235
            ],
            [
              77.23374942430553,
              28.614220370279604
            ],
            [
              77.23374881823689,
              28.61422364677873
            ],
            [
              77.23374785114223,
              28.614226855080133
            ],
            [
              77.23374653233515,
              28.61422996428613
            ],
            [
              77.23374487451647,
              28.614232944453338
            ],
            [
              77.23374289365186,
              28.614235766881123
            ],
            [
              77.23374060881815,
              28.614238404387944
            ],
            [
              77.23373804201947,
              28.614240831573152
            ],
            [
              77.23373521797552,
              28.61424302506161
            ],
            [
              77.2337321638834,
              28.614244963728815
            ],
            [
              77.23368526333,
              28.614271755130382
            ],
            [
              77.23380198943227,
              28.61437065992267
            ],
            [
              77.23380457201371,
              28.614373074038735
            ],
            [
              77.23380687400577,
              28.614375699904063
            ],
            [
              77.23380887323903,
              28.61437851223016
            ],
            [
              77.23381055045975,
              28.614381483932792
            ],
            [
              77.23381188951534,
              28.61438458639286
            ],
            [
              77.23381287750999,
              28.614387789731982
            ],
            [
              77.23381350492869,
              28.614391063100264
            ],
            [
              77.23381376572904,
              28.614394374973394
            ],
            [
              77.23381365739938,
              28.61439769345622
            ],
            [
              77.2338131809829,
              28.614400986589946
            ],
            [
              77.23381234106776,
              28.61440422265987
            ],
            [
              77.23381114574276,
              28.614407370500892
            ],
            [
              77.23380960651949,
              28.614410399797556
            ],
            [
              77.2338077382215,
              28.614413281376088
            ],
            [
              77.23380555884151,
              28.61441598748528
            ],
            [
              77.2338030893681,
              28.614418492063816
            ],
            [
              77.23380035358366,
              28.61442077099122
            ],
            [
              77.23379737783529,
              28.614422802320163
            ],
            [
              77.23379419078108,
              28.614424566487823
            ],
            [
              77.23379082311409,
              28.614426046504278
            ],
            [
              77.23378730726687,
              28.614427228116146
            ],
            [
              77.23378367709891,
              28.614428099943865
            ],
            [
              77.2337799675708,
              28.614428653591236
            ],
            [
              77.23377621440731,
              28.614428883726323
            ],
            [
              77.23377245375353,
              28.6144287881328
            ],
            [
              77.23376872182659,
              28.61442836773128
            ],
            [
              77.23376505456709,
              28.614427626570464
            ],
            [
              77.23376148729272,
              28.61442657178814
            ],
            [
              77.23375805435836,
              28.614425213542443
            ],
            [
              77.23375478882501,
              28.614423564914045
            ],
            [
              77.2337517221416,
              28.614421641780133
            ],
            [
              77.233748883842,
              28.61441946266156
            ],
            [
              77.23363530069115,
              28.614323220935574
            ],
            [
              77.23354277870745,
              28.614361934918445
            ],
            [
              77.23354275616352,
              28.614362200283495
            ],
            [
              77.23354210854096,
              28.614365470586833
            ],
            [
              77.23354110078019,
              28.614368669128257
            ],
            [
              77.23353974258644,
              28.61437176510406
            ],
            [
              77.23353804703987,
              28.61437472869829
            ],
            [
              77.23353603046947,
              28.61437753136991
            ],
            [
              77.2335337122959,
              28.61438014612764
            ],
            [
              77.23353111484444,
              28.614382547789933
            ],
            [
              77.23352826312997,
              28.61438471322744
            ],
            [
              77.23352518461603,
              28.614386621585805
            ],
            [
              77.23352190895044,
              28.61438825448647
            ],
            [
              77.23351846767964,
              28.614389596203715
            ],
            [
              77.233514893945,
              28.614390633816026
            ],
            [
              77.23351122216351,
              28.61439135733065
            ],
            [
              77.23350748769653,
              28.61439175977972
            ],
            [
              77.233503726509,
              28.61439183728743
            ],
            [
              77.23349997482327,
              28.614391589107345
            ],
            [
              77.23349626877017,
              28.614391017629558
            ],
            [
              77.23349264404102,
              28.614390128357726
            ],
            [
              77.233489135544,
              28.614388929856023
            ],
            [
              77.23348577706787,
              28.614387433666693
            ],
            [
              77.23348425287386,
              28.614386579712306
            ],
            [
              77.2334361515827,
              28.61441405686384
            ],
            [
              77.23343289684476,
              28.614415722032753
            ],
            [
              77.23342947281651,
              28.614417097673
            ],
            [
              77.23342591247328,
              28.61441817053642
            ],
            [
              77.23342225010309,
              28.614418930290736
            ],
            [
              77.23341852097664,
              28.614419369619092
            ],
            [
              77.23341476100748,
              28.614419484290504
            ],
            [
              77.23341100640619,
              28.61441927320062
            ],
            [
              77.23340729333167,
              28.614418738382362
            ],
            [
              77.23340712114106,
              28.614418697965604
            ],
            [
              77.23336063318749,
              28.6144381498249
            ],
            [
              77.2333571587862,
              28.614439423326978
            ],
            [
              77.23335355965767,
              28.614440390187223
            ],
            [
              77.23334987046353,
              28.61444104109423
            ],
            [
              77.23334612673273,
              28.61444136977939
            ],
            [
              77.2333423645195,
              28.614441373077298
            ],
            [
              77.23333862005606,
              28.614441050956167
            ],
            [
              77.23333492940363,
              28.61444040651823
            ],
            [
              77.2333313281053,
              28.61443944596976
            ],
            [
              77.23332785084351,
              28.61443817856138
            ],
            [
              77.23332453110626,
              28.61443661649893
            ],
            [
              77.23332140086445,
              28.614434774825938
            ],
            [
              77.23331849026404,
              28.614432671278742
            ],
            [
              77.23331582733569,
              28.614430326115645
            ],
            [
              77.23331343772489,
              28.61442776192189
            ],
            [
              77.23331317934755,
              28.614427421431593
            ],
            [
              77.23331167199278,
              28.61442669205956
            ],
            [
              77.23330856637185,
              28.61442481821084
            ],
            [
              77.23330568384775,
              28.614422684772347
            ],
            [
              77.23330305218074,
              28.614420312290267
            ],
            [
              77.23330069671522,
              28.614417723612917
            ],
            [
              77.23329864013563,
              28.614414943670692
            ],
            [
              77.23329690224791,
              28.614411999235962
            ],
            [
              77.23329549978888,
              28.614408918665266
            ],
            [
              77.23329444626494,
              28.61440573162619
            ],
            [
              77.23329375182209,
              28.61440246881167
            ],
            [
              77.23329342314814,
              28.6143991616444
            ],
            [
              77.2332934634084,
              28.61439584197423
            ],
            [
              77.23329387221509,
              28.61439254177138
            ],
            [
              77.23329464563113,
              28.614389292818615
            ],
            [
              77.23329577620808,
              28.61438612640512
            ],
            [
              77.23329725305783,
              28.614383073025174
            ],
            [
              77.2332990619575,
              28.614380162084505
            ],
            [
              77.23330118548637,
              28.61437742161703
            ],
            [
              77.23330360319368,
              28.614374878014946
            ],
            [
              77.23330629179556,
              28.61437255577452
            ],
            [
              77.23330922539932,
              28.614370477260174
            ],
            [
              77.23331237575279,
              28.614368662489127
            ],
            [
              77.23331571251629,
              28.614367128938593
            ],
            [
              77.23338451165908,
              28.614339206297764
            ],
            [
              77.23338429170802,
              28.614338755024626
            ],
            [
              77.23338315117229,
              28.614335591393647
            ],
            [
              77.23338236753631,
              28.61433234434857
            ],
            [
              77.23338194834685,
              28.614329045160222
            ],
            [
              77.23338189764091,
              28.61432572560161
            ],
            [
              77.23338221590681,
              28.614322417641894
            ],
            [
              77.2333829000794,
              28.614319153138542
            ],
            [
              77.23338394356972,
              28.614315963530483
            ],
            [
              77.23338533632835,
              28.614312879535397
            ],
            [
              77.23338706494225,
              28.614309930853825
            ],
            [
              77.23338911276386,
              28.614307145883174
            ],
            [
              77.23339146007157,
              28.614304551444224
            ],
            [
              77.23339408425949,
              28.61430217252282
            ],
            [
              77.23339696005523,
              28.61430003202926
            ],
            [
              77.23340005976335,
              28.61429815057766
            ],
            [
              77.23345872230792,
              28.614266167568335
            ],
            [
              77.23345054039619,
              28.61416666850429
            ],
            [
              77.23344972878147,
              28.614165980799356
            ],
            [
              77.23336778041438,
              28.61419112242006
            ],
            [
              77.23336296721602,
              28.61419236914935
            ],
            [
              77.23335803871127,
              28.61419319356879
            ],
            [
              77.23335304236439,
              28.61419358773879
            ],
            [
              77.23334802629296,
              28.614193547863252
            ],
            [
              77.23334303880456,
              28.614193074326206
            ],
            [
              77.23333812793152,
              28.614192171688057
            ],
            [
              77.23333334096826,
              28.61419084864173
            ],
            [
              77.23332872401592,
              28.61418911792888
            ],
            [
              77.2333243215383,
              28.614186996217246
            ],
            [
              77.23332017593373,
              28.6141845039401
            ],
            [
              77.23331632712666,
              28.61418166509943
            ],
            [
              77.23331281218323,
              28.61417850703488
            ],
            [
              77.23330966495426,
              28.614175060160342
            ],
            [
              77.23330691574928,
              28.614171357671136
            ],
            [
              77.23330459104461,
              28.614167435224292
            ],
            [
              77.23330271322841,
              28.614163330595133
            ],
            [
              77.23330130038502,
              28.614159083313496
            ],
            [
              77.23330036612084,
              28.61415473428306
            ],
            [
              77.23329991943332,
              28.614150325387364
            ],
            [
              77.23329996462422,
              28.614145899086495
            ],
            [
              77.23330050125826,
              28.61414149800816
            ],
            [
              77.2333015241673,
              28.614137164537134
            ],
            [
              77.23330302350011,
              28.614132940407117
            ],
            [
              77.23330498481727,
              28.614128866298763
            ],
            [
              77.23330738923013,
              28.614124981447965
            ],
            [
              77.2333102135829,
              28.614121323267927
            ],
            [
              77.23331343067545,
              28.614117926988897
            ],
            [
              77.23331700952542,
              28.614114825318882
            ],
            [
              77.23332091566652,
              28.61411204812863
            ],
            [
              77.23332511148048,
              28.61410962216397
            ],
            [
              77.23332955655937,
              28.61410757078824
            ],
            [
              77.23333420809465,
              28.614105913757292
            ],
            [
              77.23368780575302,
              28.613997430187354
            ],
            [
              77.23363479133032,
              28.613953533439087
            ],
            [
              77.23331493506576,
              28.614013527942035
            ],
            [
              77.23314802790078,
              28.614106315614155
            ],
            [
              77.23314788766976,
              28.614108365597193
            ],
            [
              77.23314729398531,
              28.614111643862394
            ],
            [
              77.23314633901943,
              28.614114854992454
            ],
            [
              77.2331450319689,
              28.614117968062452
            ],
            [
              77.23314338542134,
              28.614120953091785
            ],
            [
              77.23314141523389,
              28.614123781333
            ],
            [
              77.23313914038047,
              28.614126425548566
            ],
            [
              77.23313658276919,
              28.61412886027323
            ],
            [
              77.23313376703123,
              28.614131062059236
            ],
            [
              77.23313072028368,
              28.61413300970218
            ],
            [
              77.2331274718684,
              28.614134684445187
            ],
            [
              77.2331240530694,
              28.614136070159528
            ],
            [
              77.23304270965802,
              28.61416486435149
            ],
            [
              77.23301208586615,
              28.61418188876697
            ],
            [
              77.23300771553811,
              28.614184061618413
            ],
            [
              77.23300312490004,
              28.61418584600552
            ],
            [
              77.23299835816235,
              28.61418722474365
            ],
            [
              77.23299346123136,
              28.614188184554774
            ],
            [
              77.23298848126726,
              28.614188716195372
            ],
            [
              77.23298346622988,
              28.614188814545447
            ],
            [
              77.23297846441685,
              28.614188478657837
            ],
            [
              77.2329767507381,
              28.614188212647196
            ],
            [
              77.2329460422895,
              28.61419908288284
            ],
            [
              77.23285307884633,
              28.61432873215009
            ],
            [
              77.23285091365744,
              28.61433144711614
            ],
            [
              77.23284845732329,
              28.614333961736165
            ],
            [
              77.23284573349967,
              28.614336251792963
            ],
            [
              77.2328427684185,
              28.61433829523204
            ],
            [
              77.23283959063514,
              28.614340072373952
            ],
            [
              77.23283623075339,
              28.61434156610382
            ],
            [
              77.23283272113078,
              28.614342762036202
            ],
            [
              77.23282909556691,
              28.6143436486536
            ],
            [
              77.23282538897797,
              28.614344217417397
            ],
            [
              77.23282163706047,
              28.614344462850084
            ],
            [
              77.23281787594746,
              28.614344382588
            ],
            [
              77.23281414186057,
              28.614343977404122
            ],
            [
              77.23281047076111,
              28.614343251200573
            ],
            [
              77.2328068980038,
              28.614342210971113
            ],
            [
              77.23280345799628,
              28.61434086673373
            ],
            [
              77.23280018386774,
              28.61433923143416
            ],
            [
              77.23279710714985,
              28.61433732082125
            ],
            [
              77.23279425747307,
              28.614335153295265
            ],
            [
              77.23279166228139,
              28.61433274973067
            ],
            [
              77.2327893465679,
              28.614330133275136
            ],
            [
              77.23278733263419,
              28.614327329126557
            ],
            [
              77.23278563987552,
              28.61432436429045
            ],
            [
              77.23278428459408,
              28.61432126731981
            ],
            [
              77.23278327984193,
              28.614318068040163
            ],
            [
              77.23278263529537,
              28.614314797262345
            ],
            [
              77.23278235716167,
              28.614311486485732
            ],
            [
              77.23278244811944,
              28.614308167594913
            ],
            [
              77.2327829072926,
              28.61430487255263
            ],
            [
              77.23278373025906,
              28.61430163309194
            ],
            [
              77.23278490909318,
              28.614298480410618
            ],
            [
              77.23278643244211,
              28.614295444870688
            ],
            [
              77.23278828563514,
              28.614292555706058
            ],
            [
              77.23285206840248,
              28.614203602697266
            ],
            [
              77.23278390677447,
              28.614226668976382
            ],
            [
              77.232780332148,
              28.614227704183197
            ],
            [
              77.23277665974639,
              28.61422842522628
            ],
            [
              77.2327729249369,
              28.614228825161582
            ],
            [
              77.23276916368783,
              28.614228900137505
            ],
            [
              77.23276541222208,
              28.614228649431972
            ],
            [
              77.23276170666837,
              28.614228075459426
            ],
            [
              77.23275808271323,
              28.614227183747538
            ],
            [
              77.23275457525736,
              28.614225982883983
            ],
            [
              77.23275121807951,
              28.61422448443375
            ],
            [
              77.23274804351117,
              28.614222702827742
            ],
            [
              77.23274508212516,
              28.614220655223807
            ],
            [
              77.23274236244127,
              28.614218361341514
            ],
            [
              77.23273991065155,
              28.614215843272202
            ],
            [
              77.23273775036806,
              28.614213125266293
            ],
            [
              77.23273590239552,
              28.614210233499666
            ],
            [
              77.23273438453089,
              28.61420719582163
            ],
            [
              77.232733211392,
              28.614204041486715
            ],
            [
              77.23273239427682,
              28.614200800872883
            ],
            [
              77.23273194105455,
              28.614197505189026
            ],
            [
              77.23273185608998,
              28.614194186174394
            ],
            [
              77.23273214020129,
              28.61419087579291
            ],
            [
              77.23273279065232,
              28.614187605925366
            ],
            [
              77.23273321289484,
              28.614186269717283
            ],
            [
              77.23273088801507,
              28.61418819965898
            ],
            [
              77.23272691505102,
              28.61419090203576
            ],
            [
              77.23272266104532,
              28.61419324776751
            ],
            [
              77.23269591017431,
              28.61420643417537
            ],
            [
              77.232711150677,
              28.614223204420853
            ],
            [
              77.23271335751451,
              28.6142258931469
            ],
            [
              77.23271525506944,
              28.614228759801147
            ],
            [
              77.23271682506724,
              28.614231776776148
            ],
            [
              77.23271805238798,
              28.614234915016805
            ],
            [
              77.23271892521188,
              28.614238144300153
            ],
            [
              77.23271943513312,
              28.61424143352644
            ],
            [
              77.23271957724084,
              28.614244751018628
            ],
            [
              77.23271935016645,
              28.61424806482745
            ],
            [
              77.23271875609676,
              28.61425134303912
            ],
            [
              77.23271780075292,
              28.614254554082656
            ],
            [
              77.23271649333543,
              28.614257667033957
            ],
            [
              77.23271484643539,
              28.614260651913586
            ],
            [
              77.23271287591331,
              28.614263479975516
            ],
            [
              77.2327106007464,
              28.614266123983942
            ],
            [
              77.23270804284573,
              28.614268558475622
            ],
            [
              77.2327052268453,
              28.614270760005038
            ],
            [
              77.23270217986469,
              28.614272707370247
            ],
            [
              77.23269893124805,
              28.614274381817044
            ],
            [
              77.23269551228134,
              28.61427576721958
            ],
            [
              77.23269195589107,
              28.614276850235655
            ],
            [
              77.23268829632727,
              28.614277620435217
            ],
            [
              77.23268456883356,
              28.61427807040082
            ],
            [
              77.23268080930778,
              28.614278195799045
            ],
            [
              77.23267705395625,
              28.614277995422235
            ],
            [
              77.2326733389451,
              28.614277471200122
            ]
          ],
          [
            [
              77.23242251305098,
              28.614196842355486
            ],
            [
              77.23242104242291,
              28.614199898073604
            ],
            [
              77.23241923945568,
              28.614202811879053
            ],
            [
              77.23241712151282,
              28.614205555710313
            ],
            [
              77.23241470899129,
              28.614208103142744
            ],
            [
              77.23241202512493,
              28.614210429643183
            ],
            [
              77.23240909576089,
              28.614212512806134
            ],
            [
              77.23240594911051,
              28.61421433256959
            ],
            [
              77.232163211299,
              28.61434013840105
            ],
            [
              77.23215987765849,
              28.61434167723409
            ],
            [
              77.2321563891408,
              28.61434292032214
            ],
            [
              77.23215277934229,
              28.61434385569355
            ],
            [
              77.23214908302732,
              28.614344474340193
            ],
            [
              77.23214533579349,
              28.614344770304136
            ],
            [
              77.23214157372871,
              28.6143447407351
            ],
            [
              77.23213783306375,
              28.61434438591783
            ],
            [
              77.23213414982332,
              28.614343709269427
            ],
            [
              77.23213055947905,
              28.614342717306375
            ],
            [
              77.23212709660795,
              28.61434141958185
            ],
            [
              77.2321237945594,
              28.614339828593646
            ],
            [
              77.23212068513395,
              28.61433795966385
            ],
            [
              77.23211779827706,
              28.614335830791294
            ],
            [
              77.23211516179079,
              28.614333462478218
            ],
            [
              77.23211280106588,
              28.61433087753277
            ],
            [
              77.23211073883748,
              28.614328100849402
            ],
            [
              77.2321089949659,
              28.614325159169123
            ],
            [
              77.23210758624558,
              28.614322080821914
            ],
            [
              77.23210652624326,
              28.61431889545397
            ],
            [
              77.23210582516728,
              28.614315633742127
            ],
            [
              77.23210548976938,
              28.614312327098467
            ],
            [
              77.23210552327957,
              28.614309007367766
            ],
            [
              77.23210592537511,
              28.61430570652087
            ],
            [
              77.23210669218356,
              28.61430245634672
            ],
            [
              77.23210781632012,
              28.61429928814627
            ],
            [
              77.23210928695869,
              28.614296232431013
            ],
            [
              77.2321110899362,
              28.614293318629155
            ],
            [
              77.23211320788896,
              28.614290574802183
            ],
            [
              77.2321156204199,
              28.61428802737464
            ],
            [
              77.23211830429506,
              28.61428570087963
            ],
            [
              77.23212123366723,
              28.61428361772256
            ],
            [
              77.23212438032498,
              28.614281797965354
            ],
            [
              77.23236711805845,
              28.614155992207376
            ],
            [
              77.23237045168989,
              28.614154453369686
            ],
            [
              77.2323739401986,
              28.61415321027658
            ],
            [
              77.23237754998831,
              28.61415227489972
            ],
            [
              77.23238124629484,
              28.614151656247277
            ],
            [
              77.23238499352072,
              28.614151360277212
            ],
            [
              77.23238875557819,
              28.614151389839876
            ],
            [
              77.23239249623659,
              28.614151744650552
            ],
            [
              77.23239617947138,
              28.61415242129222
            ],
            [
              77.23239976981105,
              28.614153413248474
            ],
            [
              77.23240323267868,
              28.61415471096622
            ],
            [
              77.23240653472496,
              28.614156301947745
            ],
            [
              77.23240964414943,
              28.61415817087103
            ],
            [
              77.23241253100663,
              28.61416029973736
            ],
            [
              77.23241516749458,
              28.61416266804457
            ],
            [
              77.23241752822243,
              28.614165252984606
            ],
            [
              77.23241959045511,
              28.614168029663094
            ],
            [
              77.23242133433216,
              28.6141709713391
            ],
            [
              77.23242274305906,
              28.614174049682713
            ],
            [
              77.23242380306901,
              28.61417723504779
            ],
            [
              77.23242450415347,
              28.614180496757555
            ],
            [
              77.23242483956061,
              28.614183803399953
            ],
            [
              77.23242480606022,
              28.61418712313023
            ],
            [
              77.23242440397492,
              28.614190423977544
            ],
            [
              77.23242363717695,
              28.614193674152958
            ],
            [
              77.23242251305098,
              28.614196842355486
            ]
          ],
          [
            [
              77.23292981114535,
              28.614542052114803
            ],
            [
              77.23292905014961,
              28.614545303351328
            ],
            [
              77.23292793167884,
              28.614548473111924
            ],
            [
              77.23292646650448,
              28.61455153087008
            ],
            [
              77.23292466873696,
              28.61455444717789
            ],
            [
              77.23292255568971,
              28.6145571939497
            ],
            [
              77.23292014771255,
              28.614559744732592
            ],
            [
              77.23291746799558,
              28.614562074961107
            ],
            [
              77.23274675891581,
              28.614696606614945
            ],
            [
              77.23274681189133,
              28.614696778055034
            ],
            [
              77.23274682930798,
              28.614696868660204
            ],
            [
              77.23292169962563,
              28.6146321335494
            ],
            [
              77.23292523616138,
              28.614631001010576
            ],
            [
              77.23292888146743,
              28.614630179808238
            ],
            [
              77.2329326004375,
              28.614629677850974
            ],
            [
              77.2329363572559,
              28.614629499972935
            ],
            [
              77.23294011574248,
              28.61462964788716
            ],
            [
              77.23294383970095,
              28.614630120169153
            ],
            [
              77.23294749326763,
              28.614630912270577
            ],
            [
              77.23295104125671,
              28.614632016563082
            ],
            [
              77.23295444949912,
              28.614633422411735
            ],
            [
              77.23295768517164,
              28.614635116277444
            ],
            [
              77.23296071711303,
              28.614637081847373
            ],
            [
              77.232963516124,
              28.61463930019203
            ],
            [
              77.2329660552486,
              28.614641749947555
            ],
            [
              77.23296831003364,
              28.61464440752147
            ],
            [
              77.2329702587643,
              28.614647247319905
            ],
            [
              77.23297188267323,
              28.61465024199407
            ],
            [
              77.2329731661213,
              28.614653362703628
            ],
            [
              77.23297409674814,
              28.614656579394428
            ],
            [
              77.2329746655913,
              28.614659861088022
            ],
            [
              77.23297486717247,
              28.614663176179892
            ],
            [
              77.2329746995503,
              28.6146664927439
            ],
            [
              77.23297416433901,
              28.614669778839726
            ],
            [
              77.23297326669297,
              28.614673002820457
            ],
            [
              77.23297201525696,
              28.6146761336374
            ],
            [
              77.23297042208296,
              28.61467914113908
            ],
            [
              77.2329685025141,
              28.614681996361576
            ],
            [
              77.23296627503684,
              28.614684671807534
            ],
            [
              77.23296376110301,
              28.614687141710935
            ],
            [
              77.23296098492315,
              28.614689382285246
            ],
            [
              77.23295797323338,
              28.61469137195249
            ],
            [
              77.23295475503794,
              28.61469309155107
            ],
            [
              77.23295136132984,
              28.614694524520303
            ],
            [
              77.23277279990904,
              28.614760626047808
            ],
            [
              77.23276926336712,
              28.61476175858295
            ],
            [
              77.23276561805505,
              28.614762579781306
            ],
            [
              77.23276189907924,
              28.614763081734267
            ],
            [
              77.23275814225543,
              28.614763259607745
            ],
            [
              77.23275438376398,
              28.61476311168873
            ],
            [
              77.23275065980123,
              28.614762639401754
            ],
            [
              77.232747006231,
              28.6147618472952
            ],
            [
              77.23274345823923,
              28.61476074299749
            ],
            [
              77.23274004999503,
              28.61475933714363
            ],
            [
              77.23273681432165,
              28.614757643272764
            ],
            [
              77.23273378238046,
              28.61475567769781
            ],
            [
              77.23273098337071,
              28.614753459348343
            ],
            [
              77.23272844424841,
              28.614751009588296
            ],
            [
              77.23272618946666,
              28.614748352010217
            ],
            [
              77.23272424074024,
              28.614745512208042
            ],
            [
              77.23272261683647,
              28.614742517530644
            ],
            [
              77.23272133339438,
              28.614739396818404
            ],
            [
              77.2327205479018,
              28.614736681759712
            ],
            [
              77.23267211073708,
              28.61475543485083
            ],
            [
              77.23262278934774,
              28.614794303663896
            ],
            [
              77.23261986368571,
              28.6147963908909
            ],
            [
              77.23261672026682,
              28.614798215020457
            ],
            [
              77.23261338936389,
              28.61479975848518
            ],
            [
              77.2326099030554,
              28.61480100642067
            ],
            [
              77.23260629491641,
              28.61480194680858
            ],
            [
              77.23260259969528,
              28.614802570592467
            ],
            [
              77.23259885297905,
              28.614802871764958
            ],
            [
              77.23259509085071,
              28.61480284742557
            ],
            [
              77.23259134954161,
              28.614802497808714
            ],
            [
              77.23258766508266,
              28.614801826281386
            ],
            [
              77.23258641748997,
              28.61480148349345
            ],
            [
              77.23251231607567,
              28.614858304825567
            ],
            [
              77.23250837275734,
              28.614861040833418
            ],
            [
              77.23250414451698,
              28.614863422600635
            ],
            [
              77.23249967207491,
              28.614865427189475
            ],
            [
              77.2324949985032,
              28.614867035294626
            ],
            [
              77.23249016881095,
              28.614868231429128
            ],
            [
              77.23248522951081,
              28.61486900407354
            ],
            [
              77.23248022817099,
              28.614869345786868
            ],
            [
              77.23247521295716,
              28.61486925327821
            ],
            [
              77.23247023216864,
              28.614868727438477
            ],
            [
              77.23246533377322,
              28.614867773331795
            ],
            [
              77.23246056494519,
              28.614866400146727
            ],
            [
              77.232455971611,
              28.61486462110784
            ],
            [
              77.23245159800703,
              28.61486245334824
            ],
            [
              77.23244748625352,
              28.614859917744674
            ],
            [
              77.2324436759489,
              28.614857038716405
            ],
            [
              77.23244020378853,
              28.614853843990083
            ],
            [
              77.2324371032112,
              28.614850364332693
            ],
            [
              77.23243440407714,
              28.614846633255258
            ],
            [
              77.2324321323805,
              28.61484268669013
            ],
            [
              77.23243030999889,
              28.614838562644913
            ],
            [
              77.23242895448281,
              28.61483430083642
            ],
            [
              77.2324280788866,
              28.61482994230823
            ],
            [
              77.23242769164263,
              28.614825529035365
            ],
            [
              77.23242779553358,
              28.614821143481613
            ],
            [
              77.23242337496984,
              28.614821727495215
            ],
            [
              77.23241963135708,
              28.61482205736127
            ],
            [
              77.23241586913001,
              28.614822061845764
            ],
            [
              77.23241212452098,
              28.614821740905523
            ],
            [
              77.23240843359264,
              28.614821097631364
            ],
            [
              77.2324048318907,
              28.614820138218384
            ],
            [
              77.23240135410153,
              28.614818871906248
            ],
            [
              77.23239803371817,
              28.61481731089026
            ],
            [
              77.23239490271777,
              28.61481547020386
            ],
            [
              77.23239199125356,
              28.614813367573866
            ],
            [
              77.23238932736456,
              28.614811023249793
            ],
            [
              77.23238693670548,
              28.614808459808753
            ],
            [
              77.23238484229967,
              28.614805701938113
            ],
            [
              77.23238306431737,
              28.614802776197703
            ],
            [
              77.23238161988151,
              28.614799710763997
            ],
            [
              77.23238052290282,
              28.614796535158806
            ],
            [
              77.23237978394572,
              28.61479327996497
            ],
            [
              77.23237941012675,
              28.614789976531775
            ],
            [
              77.23237940504598,
              28.614786656673104
            ],
            [
              77.2323797687523,
              28.614783352361016
            ],
            [
              77.23238049774297,
              28.614780095417842
            ],
            [
              77.23238158499738,
              28.614776917209717
            ],
            [
              77.23238302004465,
              28.61477384834451
            ],
            [
              77.23238478906448,
              28.61477091837708
            ],
            [
              77.23238687502021,
              28.61476815552458
            ],
            [
              77.23238925782293,
              28.61476558639478
            ],
            [
              77.23239191452492,
              28.614763235729807
            ],
            [
              77.23239481954072,
              28.614761126167828
            ],
            [
              77.2323979448934,
              28.614759278025055
            ],
            [
              77.23240126048418,
              28.614757709100104
            ],
            [
              77.23240473438206,
              28.614756434502567
            ],
            [
              77.23240833313156,
              28.614755466507496
            ],
            [
              77.23241202207478,
              28.61475481443721
            ],
            [
              77.2324892731778,
              28.614744608549437
            ],
            [
              77.23252049202429,
              28.614732521810623
            ],
            [
              77.23283967971423,
              28.614487766113093
            ],
            [
              77.23284362301001,
              28.61448503009671
            ],
            [
              77.23284785122738,
              28.614482648320035
            ],
            [
              77.2328523236463,
              28.61448064372086
            ],
            [
              77.23285699719497,
              28.614479035604553
            ],
            [
              77.23286182686459,
              28.614477839458118
            ],
            [
              77.23286676614289,
              28.614477066801104
            ],
            [
              77.23287176746194,
              28.614476725074585
            ],
            [
              77.23287678265638,
              28.614476817569578
            ],
            [
              77.2328817634272,
              28.614477343395308
            ],
            [
              77.23288666180692,
              28.614478297487775
            ],
            [
              77.23289143062152,
              28.614479670658568
            ],
            [
              77.23289602394476,
              28.614481449683307
            ],
            [
              77.23290039754048,
              28.61448361742903
            ],
            [
              77.2329045092886,
              28.614486153019186
            ],
            [
              77.23290831959073,
              28.614489032034676
            ],
            [
              77.23291179175163,
              28.614492226749036
            ],
            [
              77.23291489233247,
              28.61449570639544
            ],
            [
              77.23291759147298,
              28.614499437463028
            ],
            [
              77.2329198631789,
              28.614503384019603
            ],
            [
              77.23292168557246,
              28.614507508057685
            ],
            [
              77.23292304110294,
              28.614511769860556
            ],
            [
              77.23292391671582,
              28.614516128384743
            ],
            [
              77.2329241295039,
              28.614518553332108
            ],
            [
              77.23292495762867,
              28.614519664527993
            ],
            [
              77.23292670676166,
              28.614522603774706
            ],
            [
              77.23292812098795,
              28.614525680154802
            ],
            [
              77.23292918668771,
              28.614528864041077
            ],
            [
              77.23292989359769,
              28.614532124770957
            ],
            [
              77.2329302349099,
              28.614535430941864
            ],
            [
              77.23293020733728,
              28.614538750713546
            ],
            [
              77.23292981114535,
              28.614542052114803
            ]
          ],
          [
            [
              77.23397401674484,
              28.61327543878932
            ],
            [
              77.23421269225575,
              28.613301400421427
            ],
            [
              77.23421639908682,
              28.613301967754573
            ],
            [
              77.23422002505133,
              28.613302852972183
            ],
            [
              77.23422353522928,
              28.61330404754911
            ],
            [
              77.23422689581574,
              28.61330553998096
            ],
            [
              77.23423007444647,
              28.61330731589478
            ],
            [
              77.23423304050952,
              28.61330935818759
            ],
            [
              77.2342357654401,
              28.613311647190983
            ],
            [
              77.23423822299567,
              28.61331416086064
            ],
            [
              77.23424038950857,
              28.61331687498854
            ],
            [
              77.23424224411413,
              28.613319763436195
            ],
            [
              77.23424376895146,
              28.613322798386253
            ],
            [
              77.2342449493355,
              28.613325950610527
            ],
            [
              77.23424577389851,
              28.613329189751372
            ],
            [
              77.23424623469943,
              28.6133324846141
            ],
            [
              77.2342463273005,
              28.613335803467386
            ],
            [
              77.23424605080987,
              28.613339114348864
            ],
            [
              77.23424540789026,
              28.613342385372945
            ],
            [
              77.2342444047333,
              28.61334558503786
            ],
            [
              77.23424305099992,
              28.61334868252908
            ],
            [
              77.23424135972726,
              28.613351648016074
            ],
            [
              77.23423934720323,
              28.613354452939557
            ],
            [
              77.23423703280946,
              28.613357070286586
            ],
            [
              77.23423443883486,
              28.61335947485065
            ],
            [
              77.2342315902608,
              28.613361643474484
            ],
            [
              77.23422851452061,
              28.613363555273015
            ],
            [
              77.23422524123536,
              28.613365191834593
            ],
            [
              77.2342218019286,
              28.6133665373982
            ],
            [
              77.23421822972274,
              28.61336757900531
            ],
            [
              77.23421455902012,
              28.613368306624675
            ],
            [
              77.23421082517162,
              28.61336871324891
            ],
            [
              77.2342070641363,
              28.613368794962003
            ],
            [
              77.23420331213501,
              28.613368550977
            ],
            [
              77.23395119960124,
              28.6133411277455
            ],
            [
              77.23394749276967,
              28.613340560405078
            ],
            [
              77.23394386680562,
              28.613339675180132
            ],
            [
              77.23394035662912,
              28.613338480595843
            ],
            [
              77.23393699604512,
              28.61333698815673
            ],
            [
              77.2339338174179,
              28.613335212235807
            ],
            [
              77.23393085135942,
              28.613333169936173
            ],
            [
              77.23392812643442,
              28.613330880926316
            ],
            [
              77.23392566888542,
              28.613328367250645
            ],
            [
              77.23392350238,
              28.613325653117272
            ],
            [
              77.23392164778275,
              28.613322764664783
            ],
            [
              77.23392086808754,
              28.613321212792208
            ],
            [
              77.23356060204698,
              28.61332715131308
            ],
            [
              77.23355684161166,
              28.61332705036772
            ],
            [
              77.2335531104965,
              28.61332662465557
            ],
            [
              77.23354944463424,
              28.6133258782765
            ],
            [
              77.23354587932914,
              28.613324818418544
            ],
            [
              77.23354244891709,
              28.613323455288707
            ],
            [
              77.23353918643484,
              28.613321802014703
            ],
            [
              77.23353612330192,
              28.613319874518467
            ],
            [
              77.23353328901797,
              28.613317691362845
            ],
            [
              77.23353071087871,
              28.613315273572862
            ],
            [
              77.23352841371302,
              28.613312644433144
            ],
            [
              77.23352641964387,
              28.61330982926377
            ],
            [
              77.2335247478752,
              28.613306855176383
            ],
            [
              77.23352341450705,
              28.613303750813074
            ],
            [
              77.23352243238047,
              28.613300546070576
            ],
            [
              77.23352181095382,
              28.613297271812304
            ],
            [
              77.23352155621178,
              28.61329395957118
            ],
            [
              77.2335216706076,
              28.6132906412459
            ],
            [
              77.23352215303954,
              28.61328734879373
            ],
            [
              77.23352299886152,
              28.613284113922813
            ],
            [
              77.23352419992776,
              28.6132809677867
            ],
            [
              77.23352574467128,
              28.6132779406844
            ],
            [
              77.23352761821536,
              28.61327506176855
            ],
            [
              77.23352980251673,
              28.61327235876467
            ],
            [
              77.23353227653936,
              28.61326985770416
            ],
            [
              77.23353501645703,
              28.613267582673576
            ],
            [
              77.23353799588284,
              28.613265555582693
            ],
            [
              77.23354118612333,
              28.613263795953493
            ],
            [
              77.23354455645472,
              28.61326232073215
            ],
            [
              77.2335480744189,
              28.613261144125843
            ],
            [
              77.233551706136,
              28.61326027746592
            ],
            [
              77.2335554166306,
              28.61325972909877
            ],
            [
              77.23355917016865,
              28.613259504305482
            ],
            [
              77.23393735828299,
              28.613253270350768
            ],
            [
              77.23394111871528,
              28.613253371285698
            ],
            [
              77.23394484982863,
              28.61325379698721
            ],
            [
              77.23394851569039,
              28.613254543355563
            ],
            [
              77.23395208099635,
              28.61325560320285
            ],
            [
              77.23395551141068,
              28.61325696632214
            ],
            [
              77.23395877389666,
              28.61325861958588
            ],
            [
              77.23396183703476,
              28.613260547072247
            ],
            [
              77.23396467132532,
              28.613262730218498
            ],
            [
              77.23396724947257,
              28.61326514799976
            ],
            [
              77.23396954664756,
              28.6132677771315
            ],
            [
              77.2339715407272,
              28.613270592293752
            ],
            [
              77.23397321250742,
              28.613273566374968
            ],
            [
              77.23397401674484,
              28.61327543878932
            ]
          ],
          [
            [
              77.23344018600791,
              28.613333554278327
            ],
            [
              77.2334416466429,
              28.613336613720357
            ],
            [
              77.23344276041324,
              28.613339784765554
            ],
            [
              77.23344351659269,
              28.613343036875047
            ],
            [
              77.23344390789879,
              28.613346338729237
            ],
            [
              77.23344393056301,
              28.61334965852948
            ],
            [
              77.23344358436708,
              28.61335296430428
            ],
            [
              77.23344294068482,
              28.613355912573255
            ],
            [
              77.23358048208897,
              28.61354502847502
            ],
            [
              77.23358235629796,
              28.613547907056056
            ],
            [
              77.23358390173956,
              28.613550933882227
            ],
            [
              77.23358510353033,
              28.61355407980358
            ],
            [
              77.2335859500963,
              28.613557314523163
            ],
            [
              77.23358643328456,
              28.613560606888868
            ],
            [
              77.23358654844172,
              28.613563925193418
            ],
            [
              77.2335862944587,
              28.61356723747973
            ],
            [
              77.23358567378149,
              28.613570511848682
            ],
            [
              77.23358469238747,
              28.613573716766304
            ],
            [
              77.23358335972803,
              28.613576821367495
            ],
            [
              77.23358168863732,
              28.613579795753207
            ],
            [
              77.23357969520889,
              28.613582611278492
            ],
            [
              77.23357739864048,
              28.613585240828286
            ],
            [
              77.23357482104933,
              28.613587659078583
            ],
            [
              77.23357198725901,
              28.613589842740275
            ],
            [
              77.2335689245605,
              28.613591770783504
            ],
            [
              77.23356566244927,
              28.61359342464014
            ],
            [
              77.23356223234123,
              28.613594788382635
            ],
            [
              77.23355866727022,
              28.613595848877374
            ],
            [
              77.23355500156987,
              28.61359659591122
            ],
            [
              77.23355127054289,
              28.613597022289806
            ],
            [
              77.23354751012116,
              28.613597123906878
            ],
            [
              77.23354375651961,
              28.613596899783794
            ],
            [
              77.23354004588751,
              28.61359635207899
            ],
            [
              77.23353641396032,
              28.613595486067172
            ],
            [
              77.23353289571553,
              28.6135943100885
            ],
            [
              77.23352952503575,
              28.61359283546831
            ],
            [
              77.23352633438253,
              28.613591076408007
            ],
            [
              77.23352335448358,
              28.613589049848308
            ],
            [
              77.23352061403702,
              28.613586775306114
            ],
            [
              77.23351813943482,
              28.613584274686527
            ],
            [
              77.23351595450873,
              28.613581572071894
            ],
            [
              77.23338630971124,
              28.613403313684653
            ],
            [
              77.23317454864024,
              28.613543654089117
            ],
            [
              77.23317143314287,
              28.6135455150947
            ],
            [
              77.23316812593342,
              28.613547097669624
            ],
            [
              77.23316465886214,
              28.613548386572834
            ],
            [
              77.23316106531884,
              28.613549369391457
            ],
            [
              77.23315737991133,
              28.61355003666042
            ],
            [
              77.23315363813215,
              28.613550381953537
            ],
            [
              77.2331498760167,
              28.613550401945446
            ],
            [
              77.23314612979622,
              28.613550096443618
            ],
            [
              77.23314243554894,
              28.61354946839019
            ],
            [
              77.23313882885247,
              28.61354852383367
            ],
            [
              77.23313534444134,
              28.61354727187066
            ],
            [
              77.23313201587233,
              28.613545724558275
            ],
            [
              77.2331288752014,
              28.613543896797957
            ],
            [
              77.23312595267497,
              28.613541806192075
            ],
            [
              77.23312327643856,
              28.613539472874315
            ],
            [
              77.2331208722658,
              28.61353691931581
            ],
            [
              77.23311876331016,
              28.613534170108746
            ],
            [
              77.23311696988205,
              28.613531251729512
            ],
            [
              77.23311550925314,
              28.613528192283688
            ],
            [
              77.23311439549006,
              28.613525021235446
            ],
            [
              77.23311363931892,
              28.613521769123707
            ],
            [
              77.23311324802205,
              28.613518467268104
            ],
            [
              77.2331132253678,
              28.6135151474673
            ],
            [
              77.23311357157432,
              28.61351184169281
            ],
            [
              77.23311428330743,
              28.61350858178105
            ],
            [
              77.23311535371269,
              28.613505399126737
            ],
            [
              77.2331167724815,
              28.61350232438057
            ],
            [
              77.23311852595029,
              28.61349938715403
            ],
            [
              77.23312059723222,
              28.613496615734192
            ],
            [
              77.23312296637967,
              28.613494036811353
            ],
            [
              77.23312561057644,
              28.613491675221898
            ],
            [
              77.23312850435747,
              28.613489553709247
            ],
            [
              77.23338260734305,
              28.613321152026668
            ],
            [
              77.23338572283,
              28.613319291016754
            ],
            [
              77.23338903002889,
              28.613317708437037
            ],
            [
              77.23339249708964,
              28.61331641952862
            ],
            [
              77.23339609062255,
              28.613315436704383
            ],
            [
              77.23339977601998,
              28.61331476942944
            ],
            [
              77.23340351778958,
              28.613314424130024
            ],
            [
              77.23340727989607,
              28.613314404131533
            ],
            [
              77.23341102610836,
              28.61331470962658
            ],
            [
              77.2334147203484,
              28.61331533767307
            ],
            [
              77.23341832703868,
              28.613316282222566
            ],
            [
              77.23342181144484,
              28.613317534178574
            ],
            [
              77.23342514001014,
              28.613319081484054
            ],
            [
              77.23342828067874,
              28.61332090923764
            ],
            [
              77.23343120320425,
              28.613322999837067
            ],
            [
              77.23343387944121,
              28.61332533314874
            ],
            [
              77.23343628361597,
              28.613327886701608
            ],
            [
              77.23343839257502,
              28.61333063590357
            ],
            [
              77.23344018600791,
              28.613333554278327
            ]
          ],
          [
            [
              77.23329592056525,
              28.613848881545906
            ],
            [
              77.23329224020394,
              28.613848192888607
            ],
            [
              77.23328865405847,
              28.613847189222007
            ],
            [
              77.23328519666543,
              28.61384588021196
            ],
            [
              77.23328190132143,
              28.613844278464956
            ],
            [
              77.23327879976245,
              28.613842399406717
            ],
            [
              77.23327592185822,
              28.613840261133614
            ],
            [
              77.23306781067366,
              28.61366955168937
            ],
            [
              77.2330651841489,
              28.61366717478956
            ],
            [
              77.23306283428967,
              28.613664582158858
            ],
            [
              77.2330607837264,
              28.613661798765744
            ],
            [
              77.2330590522071,
              28.613658851415845
            ],
            [
              77.23305765640727,
              28.61365576849374
            ],
            [
              77.23305660976918,
              28.613652579689674
            ],
            [
              77.23305592237249,
              28.61364931571358
            ],
            [
              77.23305560083718,
              28.61364600799935
            ],
            [
              77.23305564825978,
              28.613642688402077
            ],
            [
              77.23305606418356,
              28.61363938889129
            ],
            [
              77.23305684460288,
              28.613636141243106
            ],
            [
              77.23305798200188,
              28.613632976734117
            ],
            [
              77.23305946542675,
              28.61362992584029
            ],
            [
              77.23306128059126,
              28.61362701794338
            ],
            [
              77.23306341001437,
              28.613624281048015
            ],
            [
              77.23306583318853,
              28.613621741511988
            ],
            [
              77.23306852677729,
              28.61361942379239
            ],
            [
              77.23307146483987,
              28.613617350210127
            ],
            [
              77.23307461908115,
              28.613615540734894
            ],
            [
              77.23307795912409,
              28.613614012792933
            ],
            [
              77.23308145280222,
              28.613612781099135
            ],
            [
              77.23308506646958,
              28.613611857515384
            ],
            [
              77.23308876532458,
              28.61361125093627
            ],
            [
              77.23309251374528,
              28.613610967203492
            ],
            [
              77.23309627563235,
              28.613611009049535
            ],
            [
              77.2331000147568,
              28.6136113760714
            ],
            [
              77.23310369510887,
              28.613612064734475
            ],
            [
              77.23310728124476,
              28.613613068406544
            ],
            [
              77.23311073862807,
              28.61361437742173
            ],
            [
              77.23311403396235,
              28.613615979173478
            ],
            [
              77.2331171355117,
              28.613617858236086
            ],
            [
              77.23312001340658,
              28.613619996513155
            ],
            [
              77.23332812456638,
              28.61379070587906
            ],
            [
              77.23333075109997,
              28.61379308277323
            ],
            [
              77.23333310096855,
              28.61379567539871
            ],
            [
              77.23333515154158,
              28.6137984587871
            ],
            [
              77.2333368830709,
              28.61380140613286
            ],
            [
              77.23333827888094,
              28.613804489051464
            ],
            [
              77.23333932552923,
              28.613807677852737
            ],
            [
              77.23334001293597,
              28.613810941826774
            ],
            [
              77.23334033448103,
              28.61381424953973
            ],
            [
              77.2333402870677,
              28.613817569136533
            ],
            [
              77.23333987115257,
              28.61382086864765
            ],
            [
              77.23333909074111,
              28.613824116296982
            ],
            [
              77.23333795334906,
              28.61382728080789
            ],
            [
              77.2333364699301,
              28.613830331704392
            ],
            [
              77.23333465477036,
              28.61383323960468
            ],
            [
              77.23333252535076,
              28.613835976504078
            ],
            [
              77.2333301021788,
              28.61383851604472
            ],
            [
              77.23332740859091,
              28.61384083376945
            ],
            [
              77.23332447052785,
              28.61384290735727
            ],
            [
              77.23332131628474,
              28.613844716838404
            ],
            [
              77.2333179762387,
              28.613846244786526
            ],
            [
              77.23331448255621,
              28.61384747648667
            ],
            [
              77.23331086888336,
              28.61384840007685
            ],
            [
              77.23330717002186,
              28.613849006662402
            ],
            [
              77.23330342159376,
              28.613849290401546
            ],
            [
              77.2332996596985,
              28.61384924856174
            ],
            [
              77.23329592056525,
              28.613848881545906
            ]
          ],
          [
            [
              77.233106245557,
              28.61391447883322
            ],
            [
              77.23310491976308,
              28.613917585724632
            ],
            [
              77.23310325524936,
              28.613920562983758
            ],
            [
              77.23310126804596,
              28.613923381937944
            ],
            [
              77.23309897729072,
              28.61392601543913
            ],
            [
              77.23309640504488,
              28.61392843812522
            ],
            [
              77.23309357608055,
              28.613930626664423
            ],
            [
              77.23309051764221,
              28.613932559979887
            ],
            [
              77.23286016153881,
              28.614063576617877
            ],
            [
              77.23285690307297,
              28.614065236085562
            ],
            [
              77.23285347596868,
              28.614066605728656
            ],
            [
              77.23284991323087,
              28.61406767235675
            ],
            [
              77.23284624917066,
              28.614068425697607
            ],
            [
              77.23284251907498,
              28.614068858496136
            ],
            [
              77.23283875886673,
              28.61406896658425
            ],
            [
              77.23283500475881,
              28.614068748921
            ],
            [
              77.23283129290536,
              28.6140682076026
            ],
            [
              77.23282765905358,
              28.61406734784224
            ],
            [
              77.23282413819952,
              28.61406617791989
            ],
            [
              77.2328207642509,
              28.614064709102557
            ],
            [
              77.23281756970076,
              28.61406295553576
            ],
            [
              77.23281458531436,
              28.614060934107318
            ],
            [
              77.23281183983298,
              28.614058664284713
            ],
            [
              77.23280935969713,
              28.61405616792759
            ],
            [
              77.23280716879184,
              28.614053469077234
            ],
            [
              77.23280528821675,
              28.61405059372508
            ],
            [
              77.2328037360828,
              28.61404756956235
            ],
            [
              77.23280252733787,
              28.614044425713395
            ],
            [
              77.23280167362277,
              28.61404119245521
            ],
            [
              77.23280118315928,
              28.61403790092586
            ],
            [
              77.23280106067075,
              28.61403458282456
            ],
            [
              77.23280130733679,
              28.614031270106445
            ],
            [
              77.23280192078184,
              28.614027994674814
            ],
            [
              77.23280289509805,
              28.61402478807385
            ],
            [
              77.2328042209022,
              28.614021681184866
            ],
            [
              77.23280588542602,
              28.6140187039289
            ],
            [
              77.23280787263924,
              28.614015884978535
            ],
            [
              77.23281016340388,
              28.614013251481804
            ],
            [
              77.23281273565863,
              28.614010828800698
            ],
            [
              77.23281556463124,
              28.614008640266945
            ],
            [
              77.23281862307718,
              28.614006706957316
            ],
            [
              77.23304897911802,
              28.613875690392998
            ],
            [
              77.23305223757487,
              28.613874030921135
            ],
            [
              77.23305566467013,
              28.61387266127347
            ],
            [
              77.23305922739902,
              28.613871594640415
            ],
            [
              77.23306289145057,
              28.613870841294247
            ],
            [
              77.23306662153796,
              28.613870408490065
            ],
            [
              77.23307038173846,
              28.613870300396034
            ],
            [
              77.23307413583932,
              28.61387051805313
            ],
            [
              77.23307784768649,
              28.613871059365206
            ],
            [
              77.23308148153295,
              28.613871919119138
            ],
            [
              77.23308500238277,
              28.61387308903502
            ],
            [
              77.23308837632827,
              28.613874557845953
            ],
            [
              77.23309157087652,
              28.613876311406464
            ],
            [
              77.23309455526231,
              28.613878332828854
            ],
            [
              77.2330973007444,
              28.613880602645708
            ],
            [
              77.23309978088227,
              28.613883098997476
            ],
            [
              77.23310197179086,
              28.613885797842936
            ],
            [
              77.23310385237049,
              28.613888673190743
            ],
            [
              77.23310540451014,
              28.613891697349757
            ],
            [
              77.23310661326184,
              28.613894841195666
            ],
            [
              77.23310746698462,
              28.613898074451537
            ],
            [
              77.23310795745665,
              28.613901365979352
            ],
            [
              77.23310807995436,
              28.613904684079902
            ],
            [
              77.233107833298,
              28.613907996798076
            ],
            [
              77.23310721986299,
              28.61391127223059
            ],
            [
              77.233106245557,
              28.61391447883322
            ]
          ],
          [
            [
              77.23328755963415,
              28.614191680498955
            ],
            [
              77.23328687710342,
              28.614194945270018
            ],
            [
              77.2332858352177,
              28.61419813528641
            ],
            [
              77.23328444401083,
              28.614201219826544
            ],
            [
              77.2332827168809,
              28.614204169184582
            ],
            [
              77.23328067046108,
              28.614206954956586
            ],
            [
              77.23327832445952,
              28.614209550314033
            ],
            [
              77.23327570146945,
              28.614211930262215
            ],
            [
              77.23309882087281,
              28.614357404667018
            ],
            [
              77.23309594614747,
              28.614359546282323
            ],
            [
              77.23309284737964,
              28.614361428942868
            ],
            [
              77.23308955441217,
              28.614363034517588
            ],
            [
              77.23308609895817,
              28.614364347543905
            ],
            [
              77.23308251429555,
              28.61436535537665
            ],
            [
              77.23307883494658,
              28.61436604830982
            ],
            [
              77.23307509634547,
              28.614366419670095
            ],
            [
              77.23307133449703,
              28.61436646588106
            ],
            [
              77.23306758562991,
              28.614366186497673
            ],
            [
              77.23306388584781,
              28.614365584210564
            ],
            [
              77.23306027078169,
              28.614364664820073
            ],
            [
              77.23305677524664,
              28.614363437180454
            ],
            [
              77.2330534329066,
              28.614361913114546
            ],
            [
              77.23305027595015,
              28.61436010729996
            ],
            [
              77.23304733478051,
              28.614358037127673
            ],
            [
              77.2330446377228,
              28.614355722534597
            ],
            [
              77.23304221075112,
              28.614353185811563
            ],
            [
              77.23304007723857,
              28.614350451388596
            ],
            [
              77.23303825773198,
              28.614347545599692
            ],
            [
              77.23303676975424,
              28.614344496429215
            ],
            [
              77.23303562763532,
              28.61434133324235
            ],
            [
              77.23303484237442,
              28.614338086502332
            ],
            [
              77.23303442153404,
              28.614334787477045
            ],
            [
              77.23303436916704,
              28.6143314679379
            ],
            [
              77.23303468577774,
              28.6143281598539
            ],
            [
              77.2330353683169,
              28.61432489508369
            ],
            [
              77.23303641021134,
              28.614321705068786
            ],
            [
              77.23303780142699,
              28.614318620530764
            ],
            [
              77.23303952856563,
              28.614315671175415
            ],
            [
              77.23304157499398,
              28.614312885406626
            ],
            [
              77.2330439210038,
              28.61431029005286
            ],
            [
              77.2330465440017,
              28.614307910108767
            ],
            [
              77.23322342459718,
              28.614162435771878
            ],
            [
              77.23322629931467,
              28.614160294154242
            ],
            [
              77.23322939807423,
              28.614158411491058
            ],
            [
              77.23323269103315,
              28.614156805913368
            ],
            [
              77.23323614647845,
              28.614155492883757
            ],
            [
              77.23323973113234,
              28.614154485047393
            ],
            [
              77.23324341047264,
              28.614153792110297
            ],
            [
              77.23324714906533,
              28.614153420745822
            ],
            [
              77.23325091090577,
              28.614153374530392
            ],
            [
              77.2332546597654,
              28.614153653909106
            ],
            [
              77.23325835954068,
              28.614154256191373
            ],
            [
              77.23326197460082,
              28.614155175576904
            ],
            [
              77.2332654701308,
              28.614156403211513
            ],
            [
              77.2332688124668,
              28.61415792727242
            ],
            [
              77.23327196942034,
              28.61415973308209
            ],
            [
              77.23327491058822,
              28.614161803249615
            ],
            [
              77.2332776076454,
              28.614164117838154
            ],
            [
              77.23328003461776,
              28.61416665455698
            ],
            [
              77.23328216813222,
              28.614169388976094
            ],
            [
              77.23328398764185,
              28.61417229476158
            ],
            [
              77.23328547562377,
              28.61417534392915
            ],
            [
              77.23328661774788,
              28.61417850711367
            ],
            [
              77.23328740301487,
              28.61418175385193
            ],
            [
              77.23328782386217,
              28.614185052876095
            ],
            [
              77.23328787623674,
              28.614188372414763
            ],
            [
              77.23328755963415,
              28.614191680498955
            ]
          ],
          [
            [
              77.23317161337646,
              28.6146021130387
            ],
            [
              77.23316798538136,
              28.61460123417306
            ],
            [
              77.23316447247842,
              28.614600045745604
            ],
            [
              77.23316110849883,
              28.614598559201546
            ],
            [
              77.23315792583958,
              28.61459678885712
            ],
            [
              77.23315495515145,
              28.61459475176174
            ],
            [
              77.23315222504375,
              28.614592467533758
            ],
            [
              77.23314976180897,
              28.614589958171525
            ],
            [
              77.2330020701439,
              28.614423666629047
            ],
            [
              77.23299989751168,
              28.61442095629631
            ],
            [
              77.23299803639813,
              28.614418071098218
            ],
            [
              77.23299650472681,
              28.614415038820812
            ],
            [
              77.23299531724851,
              28.61441188866659
            ],
            [
              77.23299448539927,
              28.614408650973285
            ],
            [
              77.23299401719024,
              28.61440535692165
            ],
            [
              77.23299391713047,
              28.61440203823521
            ],
            [
              77.23299418618356,
              28.614398726874736
            ],
            [
              77.23299482175837,
              28.614395454730438
            ],
            [
              77.23299581773391,
              28.61439225331485
            ],
            [
              77.23299716451838,
              28.614389153459342
            ],
            [
              77.23299884914145,
              28.614386185017217
            ],
            [
              77.23300085537929,
              28.614383376576185
            ],
            [
              77.2330031639107,
              28.614380755183046
            ],
            [
              77.23300575250325,
              28.61437834608325
            ],
            [
              77.23300859622736,
              28.614376172477716
            ],
            [
              77.23301166769646,
              28.61437425529945
            ],
            [
              77.2330149373306,
              28.614372613011895
            ],
            [
              77.23301837364143,
              28.614371261431177
            ],
            [
              77.23302194353543,
              28.614370213573753
            ],
            [
              77.23302561263259,
              28.614369479531025
            ],
            [
              77.23302934559753,
              28.61436906637225
            ],
            [
              77.2330331064798,
              28.614368978076335
            ],
            [
              77.23303685906006,
              28.61436921549365
            ],
            [
              77.23304056719897,
              28.614369776337707
            ],
            [
              77.23304419518514,
              28.61437065520729
            ],
            [
              77.23304770807913,
              28.614371843638402
            ],
            [
              77.23305107204985,
              28.614373330185817
            ],
            [
              77.23305425470046,
              28.614375100533277
            ],
            [
              77.23305722538034,
              28.61437713763138
            ],
            [
              77.23305995548017,
              28.614379421861777
            ],
            [
              77.23306241870768,
              28.6143819312261
            ],
            [
              77.23321011040007,
              28.61454822270167
            ],
            [
              77.23321228304032,
              28.614550933030536
            ],
            [
              77.2332141441621,
              28.61455381822518
            ],
            [
              77.23321567584182,
              28.614556850499607
            ],
            [
              77.23321686332851,
              28.614560000651373
            ],
            [
              77.23321769518599,
              28.6145632383428
            ],
            [
              77.23321816340301,
              28.614566532393166
            ],
            [
              77.23321826347036,
              28.61456985107896
            ],
            [
              77.23321799442428,
              28.614573162439445
            ],
            [
              77.2332173588558,
              28.614576434584382
            ],
            [
              77.23321636288576,
              28.614579636001253
            ],
            [
              77.23321501610586,
              28.614582735858626
            ],
            [
              77.23321333148631,
              28.6145857043032
            ],
            [
              77.23321132525089,
              28.6145885127472
            ],
            [
              77.23320901672075,
              28.614591134143776
            ],
            [
              77.23320642812823,
              28.614593543247423
            ],
            [
              77.23320358440294,
              28.614595716857142
            ],
            [
              77.23320051293149,
              28.61459763403987
            ],
            [
              77.23319724329383,
              28.614599276332072
            ],
            [
              77.23319380697839,
              28.614600627917575
            ],
            [
              77.2331902370788,
              28.61460167577984
            ],
            [
              77.23318656797512,
              28.614602409827388
            ],
            [
              77.23318283500292,
              28.614602822990914
            ],
            [
              77.23317907411275,
              28.614602911291428
            ],
            [
              77.2331753215241,
              28.614602673878558
            ],
            [
              77.23317161337646,
              28.6146021130387
            ]
          ],
          [
            [
              77.23375256374628,
              28.614718183866998
            ],
            [
              77.23375138091198,
              28.614721335380874
            ],
            [
              77.23374985371025,
              28.614724369413363
            ],
            [
              77.23374799684885,
              28.614727256745095
            ],
            [
              77.23374582821035,
              28.614729969569446
            ],
            [
              77.23374336867991,
              28.614732481760427
            ],
            [
              77.23374064194415,
              28.61473476912426
            ],
            [
              77.2335343480886,
              28.614891556246913
            ],
            [
              77.23353138039896,
              28.61489359675091
            ],
            [
              77.2335282003445,
              28.614895370747632
            ],
            [
              77.23352483855088,
              28.6148968611525
            ],
            [
              77.23352132739407,
              28.61489805361207
            ],
            [
              77.23351770068842,
              28.614898936642316
            ],
            [
              77.23351399336113,
              28.61489950173915
            ],
            [
              77.23351024111582,
              28.614899743460384
            ],
            [
              77.2335064800887,
              28.614899659478095
            ],
            [
              77.23350274650055,
              28.614899250601095
            ],
            [
              77.23349907630788,
              28.61489852076707
            ],
            [
              77.23349550485672,
              28.61489747700474
            ],
            [
              77.2334920665421,
              28.614896129366112
            ],
            [
              77.2334887944769,
              28.6148944908297
            ],
            [
              77.23348572017291,
              28.614892577175503
            ],
            [
              77.23348287323739,
              28.61489040683308
            ],
            [
              77.23348028108788,
              28.61488800070403
            ],
            [
              77.23347796868819,
              28.61488538196071
            ],
            [
              77.23347595830802,
              28.614882575823053
            ],
            [
              77.23347426930837,
              28.614879609315718
            ],
            [
              77.23347291795524,
              28.61487651100781
            ],
            [
              77.23347191726288,
              28.614873310737735
            ],
            [
              77.23347127686844,
              28.614870039325858
            ],
            [
              77.23347100293928,
              28.614866728277654
            ],
            [
              77.23347109811344,
              28.614863409480353
            ],
            [
              77.23347156147429,
              28.614860114895784
            ],
            [
              77.23347238855939,
              28.61485687625258
            ],
            [
              77.23347357140342,
              28.61485372474065
            ],
            [
              77.23347509861493,
              28.614850690710778
            ],
            [
              77.233476955486,
              28.614847803382304
            ],
            [
              77.23347912413394,
              28.614845090561786
            ],
            [
              77.23348158367345,
              28.614842578375146
            ],
            [
              77.23348431041782,
              28.614840291016087
            ],
            [
              77.23369060425836,
              28.614683503970017
            ],
            [
              77.23369357193904,
              28.614681463462965
            ],
            [
              77.23369675198427,
              28.614679689462825
            ],
            [
              77.23370011376844,
              28.61467819905417
            ],
            [
              77.23370362491576,
              28.61467700659044
            ],
            [
              77.23370725161199,
              28.6146761235557
            ],
            [
              77.23371095893009,
              28.61467555845405
            ],
            [
              77.2337147111666,
              28.61467531672772
            ],
            [
              77.23371847218546,
              28.614675400704666
            ],
            [
              77.23372220576606,
              28.614675809576124
            ],
            [
              77.23372587595196,
              28.614676539404464
            ],
            [
              77.23372944739734,
              28.614677583161043
            ],
            [
              77.23373288570723,
              28.614678930793904
            ],
            [
              77.23373615776887,
              28.614680569324634
            ],
            [
              77.23373923207053,
              28.614682482973283
            ],
            [
              77.23374207900504,
              28.614684653310395
            ],
            [
              77.23374467115484,
              28.61468705943445
            ],
            [
              77.23374698355612,
              28.61468967817316
            ],
            [
              77.23374899393919,
              28.614692484306676
            ],
            [
              77.23375068294294,
              28.614695450810395
            ],
            [
              77.23375203430132,
              28.614698549115282
            ],
            [
              77.233753035,
              28.614701749382984
            ],
            [
              77.23375367540169,
              28.614705020793178
            ],
            [
              77.2337539493389,
              28.61470833184041
            ],
            [
              77.23375385417347,
              28.614711650637474
            ],
            [
              77.23375339082182,
              28.61471494522256
            ],
            [
              77.23375256374628,
              28.614718183866998
            ]
          ],
          [
            [
              77.23514407286805,
              28.612967091146462
            ],
            [
              77.23514203178671,
              28.612969879949425
            ],
            [
              77.23513969076494,
              28.612972478782883
            ],
            [
              77.23513707234801,
              28.61297486261863
            ],
            [
              77.23513420175274,
              28.612977008499012
            ],
            [
              77.23513110662452,
              28.612978895758015
            ],
            [
              77.23512781677114,
              28.612980506220282
            ],
            [
              77.23500773377354,
              28.613032662504985
            ],
            [
              77.23492378408018,
              28.61307726648075
            ],
            [
              77.23492374209968,
              28.613078420852176
            ],
            [
              77.23492325344431,
              28.613081712587103
            ],
            [
              77.23492240150922,
              28.613084946205873
            ],
            [
              77.23492119449897,
              28.61308809056697
            ],
            [
              77.2349196440377,
              28.613091115388453
            ],
            [
              77.23491776505718,
              28.61309399153963
            ],
            [
              77.23491557565299,
              28.6130966913216
            ],
            [
              77.23491309691029,
              28.61309918873395
            ],
            [
              77.23491035270071,
              28.61310145972524
            ],
            [
              77.23490736945247,
              28.61310348242456
            ],
            [
              77.23490417589592,
              28.61310523735218
            ],
            [
              77.23472851319355,
              28.613191512966477
            ],
            [
              77.23460951565023,
              28.61325721634689
            ],
            [
              77.23460623226802,
              28.61325883707564
            ],
            [
              77.23460278467174,
              28.613260166009052
            ],
            [
              77.23459920606366,
              28.61326119034876
            ],
            [
              77.23459553090777,
              28.613261900229805
            ],
            [
              77.23459179459782,
              28.613262288815633
            ],
            [
              77.2345880331166,
              28.613262352363936
            ],
            [
              77.23458474670623,
              28.61326212269088
            ],
            [
              77.23456010953353,
              28.61327422301086
            ],
            [
              77.23455673641372,
              28.613275693257837
            ],
            [
              77.23455321622689,
              28.613276864672407
            ],
            [
              77.23454958287437,
              28.61327772597322
            ],
            [
              77.23454587134738,
              28.613278268865447
            ],
            [
              77.23454211738998,
              28.613278488120752
            ],
            [
              77.23453835715483,
              28.613278381627566
            ],
            [
              77.23453462685515,
              28.613277950411486
            ],
            [
              77.23453096241573,
              28.613277198625354
            ],
            [
              77.23452739912723,
              28.613276133509295
            ],
            [
              77.23452591991796,
              28.613275543094357
            ],
            [
              77.2345259121328,
              28.613275576720778
            ],
            [
              77.23452480140962,
              28.61327874859599
            ],
            [
              77.23452334371497,
              28.613281809127496
            ],
            [
              77.23452155308722,
              28.613284728840693
            ],
            [
              77.23451944677107,
              28.613287479617153
            ],
            [
              77.23451704505149,
              28.613290034965367
            ],
            [
              77.23451437105835,
              28.61329237027592
            ],
            [
              77.23451145054365,
              28.613294463058484
            ],
            [
              77.23450831163355,
              28.613296293158403
            ],
            [
              77.2345049845575,
              28.6132978429508
            ],
            [
              77.23450150135704,
              28.613299097510303
            ],
            [
              77.23449789557736,
              28.613300044754826
            ],
            [
              77.2343126509388,
              28.613340092436932
            ],
            [
              77.23430895730267,
              28.613340723239066
            ],
            [
              77.23430521138525,
              28.61334103152857
            ],
            [
              77.23430144926178,
              28.613341014336484
            ],
            [
              77.23429770716359,
              28.61334067182835
            ],
            [
              77.2342940211292,
              28.613340007302718
            ],
            [
              77.23429042665715,
              28.613339027159338
            ],
            [
              77.23428695836421,
              28.61333774083753
            ],
            [
              77.23428364965194,
              28.61333616072529
            ],
            [
              77.23428053238509,
              28.61333430203997
            ],
            [
              77.23427763658465,
              28.613332182681738
            ],
            [
              77.23427499013879,
              28.613329823061196
            ],
            [
              77.23427261853419,
              28.613327245902788
            ],
            [
              77.23427054461074,
              28.613324476025973
            ],
            [
              77.23426878834141,
              28.61332154010619
            ],
            [
              77.23426736664003,
              28.61331846641797
            ],
            [
              77.23426629319835,
              28.613315284562624
            ],
            [
              77.23426557835414,
              28.61331202518317
            ],
            [
              77.23426522899175,
              28.613308719669213
            ],
            [
              77.23426524847565,
              28.61330539985467
            ],
            [
              77.23426563661822,
              28.613302097711177
            ],
            [
              77.23426638968137,
              28.613298845040163
            ],
            [
              77.23426750041263,
              28.613295673166633
            ],
            [
              77.23426895811508,
              28.61329261263747
            ],
            [
              77.23427074875018,
              28.613289692927207
            ],
            [
              77.23427285507312,
              28.61328694215426
            ],
            [
              77.23427525679885,
              28.613284386810054
            ],
            [
              77.23427793079745,
              28.61328205150394
            ],
            [
              77.23428085131681,
              28.613279958726167
            ],
            [
              77.23428399023076,
              28.61327812863133
            ],
            [
              77.23428731730985,
              28.613276578844207
            ],
            [
              77.23429080051253,
              28.6132753242901
            ],
            [
              77.23429440629363,
              28.613274377051034
            ],
            [
              77.23447965082724,
              28.61323432939956
            ],
            [
              77.23448334445833,
              28.61323369859304
            ],
            [
              77.23448709037109,
              28.61323339029883
            ],
            [
              77.2344908524904,
              28.61323340748597
            ],
            [
              77.23449459458499,
              28.613233749988957
            ],
            [
              77.23449828061649,
              28.61323441450927
            ],
            [
              77.23450187508645,
              28.613235394647244
            ],
            [
              77.2345043538109,
              28.613236313953955
            ],
            [
              77.23450459583624,
              28.613235395334222
            ],
            [
              77.23450580286055,
              28.613232250976118
            ],
            [
              77.23450735333581,
              28.613229226158662
            ],
            [
              77.23450923233008,
              28.613226350012464
            ],
            [
              77.2345114217476,
              28.613223650236392
            ],
            [
              77.23451390050307,
              28.613221152830736
            ],
            [
              77.23451664472469,
              28.613218881846866
            ],
            [
              77.23451962798413,
              28.6132168591556
            ],
            [
              77.23452282155097,
              28.613215104236524
            ],
            [
              77.23464201278553,
              28.613156564510643
            ],
            [
              77.23464319814909,
              28.613154024864354
            ],
            [
              77.23464496497522,
              28.613151093882976
            ],
            [
              77.23464704885536,
              28.61314832983408
            ],
            [
              77.2346494297206,
              28.61314575933693
            ],
            [
              77.2346520846419,
              28.613143407146808
            ],
            [
              77.23465498805088,
              28.613141295916588
            ],
            [
              77.23465811198616,
              28.613139445978554
            ],
            [
              77.23465828005084,
              28.61313935668337
            ],
            [
              77.23465622805801,
              28.613139306298788
            ],
            [
              77.23465249571323,
              28.61313888912584
            ],
            [
              77.23464894474915,
              28.61313817469181
            ],
            [
              77.23455519104022,
              28.613194290884284
            ],
            [
              77.2345519776614,
              28.61319601741129
            ],
            [
              77.23454858797989,
              28.61319745768818
            ],
            [
              77.23454505464018,
              28.613198597844285
            ],
            [
              77.2345414116703,
              28.613199426899275
            ],
            [
              77.23453769415407,
              28.613199936868877
            ],
            [
              77.23453393789323,
              28.613200122841814
            ],
            [
              77.23453017906265,
              28.61319998302705
            ],
            [
              77.23452645386196,
              28.613199518771076
            ],
            [
              77.23452279816692,
              28.613198734544948
            ],
            [
              77.23451924718391,
              28.613197637901177
            ],
            [
              77.23451583511087,
              28.613196239401063
            ],
            [
              77.23451259480794,
              28.613194552512937
            ],
            [
              77.23450955748102,
              28.61319259348246
            ],
            [
              77.23450675238125,
              28.61319038117618
            ],
            [
              77.23450420652328,
              28.613187936899834
            ],
            [
              77.23450194442512,
              28.613185284193158
            ],
            [
              77.234499987872,
              28.613182448603176
            ],
            [
              77.23449835570656,
              28.613179457438193
            ],
            [
              77.23449706364747,
              28.613176339504758
            ],
            [
              77.2344961241379,
              28.6131731248303
            ],
            [
              77.23449554622584,
              28.6131698443739
            ],
            [
              77.23449533547685,
              28.61316652972815
            ],
            [
              77.23449549392053,
              28.613163212814904
            ],
            [
              77.23449602003095,
              28.613159925577857
            ],
            [
              77.23449690874132,
              28.61315669967488
            ],
            [
              77.23449815149287,
              28.613153566173192
            ],
            [
              77.23449973631719,
              28.613150555250115
            ],
            [
              77.23450164795152,
              28.61314769590247
            ],
            [
              77.23450386798578,
              28.613145015667328
            ],
            [
              77.23450637503977,
              28.61314254035681
            ],
            [
              77.23450914496924,
              28.613140293809494
            ],
            [
              77.23451215109822,
              28.613138297660832
            ],
            [
              77.23456081618494,
              28.613109169243987
            ],
            [
              77.23456110021182,
              28.613106791031313
            ],
            [
              77.23456185934168,
              28.613103539459317
            ],
            [
              77.23456297598771,
              28.61310036920437
            ],
            [
              77.23456443939597,
              28.61309731079774
            ],
            [
              77.23456623547301,
              28.613094393693565
            ],
            [
              77.2345683469216,
              28.61309164598513
            ],
            [
              77.23457075340735,
              28.61308909413435
            ],
            [
              77.23457343175446,
              28.613086762716947
            ],
            [
              77.23457635616897,
              28.61308467418573
            ],
            [
              77.2345794984872,
              28.613082848654347
            ],
            [
              77.23463218282183,
              28.613055412917667
            ],
            [
              77.23463301085407,
              28.613052677077903
            ],
            [
              77.2346343332139,
              28.61304956905318
            ],
            [
              77.23463599443296,
              28.61304659037011
            ],
            [
              77.23463797851274,
              28.613043769715024
            ],
            [
              77.23464026634547,
              28.61304113425235
            ],
            [
              77.23464283589803,
              28.61303870936303
            ],
            [
              77.23464566242424,
              28.613036518400065
            ],
            [
              77.23464871870311,
              28.613034582463595
            ],
            [
              77.234651975301,
              28.613032920197753
            ],
            [
              77.23465540085513,
              28.613031547611026
            ],
            [
              77.23465896237555,
              28.61303047792218
            ],
            [
              77.23469848259315,
              28.613020488451664
            ],
            [
              77.2348250598548,
              28.612903936777
            ],
            [
              77.23482779306275,
              28.61290165548239
            ],
            [
              77.23483076650604,
              28.612899621578126
            ],
            [
              77.23483395154881,
              28.612897854651816
            ],
            [
              77.23483731751735,
              28.6128963717199
            ],
            [
              77.2348408319956,
              28.61289518706381
            ],
            [
              77.2348444611372,
              28.612894312092422
            ],
            [
              77.23484816999157,
              28.612893755232182
            ],
            [
              77.23485192284045,
              28.61289352184595
            ],
            [
              77.2348556835419,
              28.61289361418136
            ],
            [
              77.23485941587832,
              28.612894031349168
            ],
            [
              77.23486308390534,
              28.61289476933182
            ],
            [
              77.23486665229782,
              28.612895821022153
            ],
            [
              77.23487008669031,
              28.61289717629181
            ],
            [
              77.23487335400769,
              28.61289882208883
            ],
            [
              77.23487642278394,
              28.612900742563284
            ],
            [
              77.23487926346512,
              28.612902919219973
            ],
            [
              77.23488184869386,
              28.612905331096517
            ],
            [
              77.23488415357303,
              28.612907954965245
            ],
            [
              77.23488615590539,
              28.612910765556876
            ],
            [
              77.23488775998088,
              28.612913600721942
            ],
            [
              77.23488894811105,
              28.612912962342012
            ],
            [
              77.23489233777843,
              28.61291152205732
            ],
            [
              77.23489587110433,
              28.612910381892853
            ],
            [
              77.23489951406091,
              28.612909552829006
            ],
            [
              77.23490323156456,
              28.612909042850113
            ],
            [
              77.2349069878137,
              28.612908856867538
            ],
            [
              77.23491074663363,
              28.612908996672395
            ],
            [
              77.2349144718249,
              28.612909460918292
            ],
            [
              77.23491521562404,
              28.61290962047769
            ],
            [
              77.23491556984159,
              28.612909527983494
            ],
            [
              77.23491926463171,
              28.612908902541108
            ],
            [
              77.23492301110187,
              28.612908599686456
            ],
            [
              77.23492677317157,
              28.612908622336192
            ],
            [
              77.23493051461006,
              28.612908970272183
            ],
            [
              77.23493419938525,
              28.61290964014361
            ],
            [
              77.2349377920108,
              28.612910625499257
            ],
            [
              77.23494125788778,
              28.612911916849608
            ],
            [
              77.23494456363792,
              28.612913501758282
            ],
            [
              77.23494767742508,
              28.61291536496173
            ],
            [
              77.23495056926178,
              28.612917488516317
            ],
            [
              77.23495321129809,
              28.612919851971057
            ],
            [
              77.23495557808971,
              28.612922432564602
            ],
            [
              77.23495764684318,
              28.61292520544444
            ],
            [
              77.23495939763525,
              28.612928143906238
            ],
            [
              77.23496081360481,
              28.612931219651024
            ],
            [
              77.23496188111528,
              28.6129344030577
            ],
            [
              77.23496258988594,
              28.612937663468323
            ],
            [
              77.23496293309086,
              28.612940969483375
            ],
            [
              77.2349629074248,
              28.612944289264128
            ],
            [
              77.2349625131349,
              28.612947590839273
            ],
            [
              77.23496175401834,
              28.61295084241284
            ],
            [
              77.2349606373858,
              28.61295401267039
            ],
            [
              77.23495917399103,
              28.612957071080604
            ],
            [
              77.2349573779273,
              28.61295998818932
            ],
            [
              77.23495526649165,
              28.612962735903153
            ],
            [
              77.23495286001837,
              28.612965287760126
            ],
            [
              77.23495018168309,
              28.612967619184435
            ],
            [
              77.23494725727963,
              28.612969707723174
            ],
            [
              77.23494411497163,
              28.61297153326257
            ],
            [
              77.23490347211344,
              28.61299269845981
            ],
            [
              77.23490411288323,
              28.612993486169547
            ],
            [
              77.23490599661817,
              28.61299635989718
            ],
            [
              77.23490755208066,
              28.61299938271812
            ],
            [
              77.23490800859778,
              28.61300056629466
            ],
            [
              77.23497096365818,
              28.612973222759376
            ],
            [
              77.23507873219239,
              28.61291596329052
            ],
            [
              77.235082046555,
              28.612914392450953
            ],
            [
              77.2350855194402,
              28.612913115846887
            ],
            [
              77.23508911740228,
              28.612912145772686
            ],
            [
              77.23509280579091,
              28.612911491570692
            ],
            [
              77.2350965490849,
              28.61291115954122
            ],
            [
              77.23510031123435,
              28.612911152881892
            ],
            [
              77.2351040560077,
              28.612911471656844
            ],
            [
              77.23510774734079,
              28.61291211279609
            ],
            [
              77.23511134968412,
              28.61291307012511
            ],
            [
              77.23511482834515,
              28.612914334424318
            ],
            [
              77.23511814982253,
              28.612915893517822
            ],
            [
              77.23512098867826,
              28.612917560115772
            ],
            [
              77.23512323750113,
              28.612918128432256
            ],
            [
              77.23512673532156,
              28.612919350876297
            ],
            [
              77.23513008051515,
              28.61292086997332
            ],
            [
              77.23513324086588,
              28.61292267109363
            ],
            [
              77.23513618593786,
              28.612924736891454
            ],
            [
              77.23513888736846,
              28.612927047472038
            ],
            [
              77.23514131914142,
              28.612929580583252
            ],
            [
              77.23514345783742,
              28.612932311829862
            ],
            [
              77.23514528285966,
              28.612935214908475
            ],
            [
              77.23514677663215,
              28.612938261860887
            ],
            [
              77.23514792476904,
              28.612941423343287
            ],
            [
              77.23514871621309,
              28.612944668908884
            ],
            [
              77.23514914334224,
              28.61294796730111
            ],
            [
              77.23514920204298,
              28.612951286754644
            ],
            [
              77.23514889174993,
              28.612954595301353
            ],
            [
              77.23514821545139,
              28.61295786107811
            ],
            [
              77.23514717966042,
              28.612961052633704
            ],
            [
              77.23514579435222,
              28.6129641392317
            ],
            [
              77.23514407286805,
              28.612967091146462
            ]
          ],
          [
            [
              77.23462811546393,
              28.612971188378246
            ],
            [
              77.2346259651668,
              28.61297391252422
            ],
            [
              77.23462352263691,
              28.612976437565557
            ],
            [
              77.23462081139719,
              28.612978739184705
            ],
            [
              77.23461785755836,
              28.61298079521581
            ],
            [
              77.23461468956751,
              28.61298258585815
            ],
            [
              77.23461133793411,
              28.61298409386683
            ],
            [
              77.23429092401835,
              28.61311118418408
            ],
            [
              77.23428742101213,
              28.613112395028292
            ],
            [
              77.23428380037798,
              28.6131132970544
            ],
            [
              77.23428009698468,
              28.61311388157539
            ],
            [
              77.23427634649791,
              28.613114142962
            ],
            [
              77.23427258503698,
              28.613114078696924
            ],
            [
              77.23426884882684,
              28.61311368939908
            ],
            [
              77.23426517384925,
              28.6131129788176
            ],
            [
              77.23426159549633,
              28.6131119537958
            ],
            [
              77.23425814822956,
              28.61311062420519
            ],
            [
              77.23425486524803,
              28.613109002850482
            ],
            [
              77.2342517781687,
              28.613107105346202
            ],
            [
              77.23424891672182,
              28.61310494996637
            ],
            [
              77.2342463084647,
              28.613102557468498
            ],
            [
              77.2342439785163,
              28.61309995089366
            ],
            [
              77.23424194931526,
              28.613097155344597
            ],
            [
              77.2342402404039,
              28.613094197744008
            ],
            [
              77.23423886823996,
              28.61309110657521
            ],
            [
              77.23423784603808,
              28.613087911607856
            ],
            [
              77.23423718364262,
              28.61308464361124
            ],
            [
              77.23423688743277,
              28.61308133405797
            ],
            [
              77.23423696026116,
              28.613078014820843
            ],
            [
              77.23423740142636,
              28.61307471786595
            ],
            [
              77.2342382066797,
              28.613071474944743
            ],
            [
              77.2342393682661,
              28.613068317288334
            ],
            [
              77.23424087499883,
              28.61306527530667
            ],
            [
              77.2342427123672,
              28.613062378295698
            ],
            [
              77.23424486267633,
              28.61305965415519
            ],
            [
              77.23424730521756,
              28.613057129120097
            ],
            [
              77.23425001646785,
              28.61305482750788
            ],
            [
              77.23425297031639,
              28.613052771484313
            ],
            [
              77.23425613831604,
              28.613050980849994
            ],
            [
              77.2342594899572,
              28.61304947284971
            ],
            [
              77.23457990373394,
              28.612922382614094
            ],
            [
              77.23458340673014,
              28.61292117176282
            ],
            [
              77.23458702735464,
              28.612920269729194
            ],
            [
              77.23459073073893,
              28.61291968520026
            ],
            [
              77.2345944812174,
              28.612919423805366
            ],
            [
              77.23459824267094,
              28.612919488061877
            ],
            [
              77.23460197887471,
              28.61291987735097
            ],
            [
              77.2346056538471,
              28.61292058792356
            ],
            [
              77.2346092321961,
              28.612921612936482
            ],
            [
              77.2346126794603,
              28.61292294251828
            ],
            [
              77.2346159624407,
              28.61292456386438
            ],
            [
              77.23461904952042,
              28.61292646136033
            ],
            [
              77.23462191096921,
              28.612928616732233
            ],
            [
              77.23462451922974,
              28.612931009222695
            ],
            [
              77.23462684918306,
              28.61293361579074
            ],
            [
              77.23462887839044,
              28.612936411333695
            ],
            [
              77.23463058730947,
              28.612939368928988
            ],
            [
              77.23463195948231,
              28.61294246009335
            ],
            [
              77.23463298169419,
              28.612945655057214
            ],
            [
              77.23463364410061,
              28.61294892305131
            ],
            [
              77.23463394032218,
              28.6129522326031
            ],
            [
              77.23463386750612,
              28.612955551839807
            ],
            [
              77.23463342635362,
              28.61295884879533
            ],
            [
              77.23463262111322,
              28.61296209171821
            ],
            [
              77.23463145953978,
              28.612965249377318
            ],
            [
              77.23462995281984,
              28.61296829136266
            ],
            [
              77.23462811546393,
              28.612971188378246
            ]
          ],
          [
            [
              77.23565561622846,
              28.61311402085704
            ],
            [
              77.23565618401283,
              28.613114067717287
            ],
            [
              77.23565637619046,
              28.613114042914074
            ],
            [
              77.23566013418936,
              28.613113886756615
            ],
            [
              77.23566389143782,
              28.613114056393684
            ],
            [
              77.23566761175151,
              28.613114550191558
            ],
            [
              77.23567125930181,
              28.613115363394726
            ],
            [
              77.23567479896086,
              28.613116488171585
            ],
            [
              77.23567819663981,
              28.613117913689923
            ],
            [
              77.23568141961721,
              28.613119626221245
            ],
            [
              77.23568443685403,
              28.613121609272927
            ],
            [
              77.23568721929264,
              28.613123843747143
            ],
            [
              77.23568974013664,
              28.613126308124674
            ],
            [
              77.23569197510892,
              28.613128978672247
            ],
            [
              77.23569390268548,
              28.613131829671033
            ],
            [
              77.23569550430268,
              28.613134833664382
            ],
            [
              77.23569676453606,
              28.613137961722195
            ],
            [
              77.23569767124884,
              28.61314118371958
            ],
            [
              77.23569821570887,
              28.613144468626963
            ],
            [
              77.23569839267265,
              28.613147784808877
            ],
            [
              77.2356982004359,
              28.613151100328693
            ],
            [
              77.23569764084993,
              28.613154383256138
            ],
            [
              77.23569671930383,
              28.61315760197483
            ],
            [
              77.23569544467256,
              28.61316072548673
            ],
            [
              77.23569382923147,
              28.613163723710716
            ],
            [
              77.23569188853813,
              28.613166567772243
            ],
            [
              77.23568964128246,
              28.61316923028141
            ],
            [
              77.23568710910675,
              28.61317168559681
            ],
            [
              77.23568431639723,
              28.613173910072383
            ],
            [
              77.23568129004921,
              28.6131758822852
            ],
            [
              77.2356780592081,
              28.613177583241765
            ],
            [
              77.23567465498867,
              28.613178996560915
            ],
            [
              77.23544838281255,
              28.61326122724861
            ],
            [
              77.23544483799381,
              28.613262339313653
            ],
            [
              77.23544118672035,
              28.61326313942017
            ],
            [
              77.23543746415594,
              28.61326361986269
            ],
            [
              77.23543370615093,
              28.613263776014275
            ],
            [
              77.23542994889705,
              28.61326360637111
            ],
            [
              77.23542622857869,
              28.613263112566937
            ],
            [
              77.23542258102461,
              28.61326229935737
            ],
            [
              77.23541904136279,
              28.613261174574067
            ],
            [
              77.23541564368212,
              28.61325974904931
            ],
            [
              77.23541242070414,
              28.613258036511702
            ],
            [
              77.23540940346791,
              28.61325605345392
            ],
            [
              77.23540662103109,
              28.61325381897391
            ],
            [
              77.23540410019007,
              28.613251354590943
            ],
            [
              77.23540186522192,
              28.613248684038403
            ],
            [
              77.23539993765058,
              28.613245833035183
            ],
            [
              77.23539833603965,
              28.61324282903802
            ],
            [
              77.23539707581345,
              28.61323970097705
            ],
            [
              77.23539697294319,
              28.613239335424822
            ],
            [
              77.23539567828401,
              28.613237643694394
            ],
            [
              77.23539388851938,
              28.613234723571235
            ],
            [
              77.23539243172908,
              28.61323166270632
            ],
            [
              77.23539132194279,
              28.61322849057746
            ],
            [
              77.23539056984832,
              28.613225237733996
            ],
            [
              77.23539018268873,
              28.613221935502622
            ],
            [
              77.23539016419254,
              28.61321861568561
            ],
            [
              77.23539051453784,
              28.613215310254624
            ],
            [
              77.23539123035059,
              28.61321205104277
            ],
            [
              77.23539230473708,
              28.613208869438036
            ],
            [
              77.23539372735034,
              28.613205796081008
            ],
            [
              77.23539548448984,
              28.613202860569793
            ],
            [
              77.2353975592333,
              28.613200091174942
            ],
            [
              77.2353999315998,
              28.613197514567233
            ],
            [
              77.23540257874217,
              28.613195155560796
            ],
            [
              77.23540547516694,
              28.613193036874144
            ],
            [
              77.23540859298001,
              28.613191178911354
            ],
            [
              77.2354119021551,
              28.613189599565633
            ],
            [
              77.23541537082309,
              28.613188314046905
            ],
            [
              77.23564083095204,
              28.613116021830812
            ],
            [
              77.23564442570283,
              28.61311504251359
            ],
            [
              77.23564811192252,
              28.61311437883472
            ],
            [
              77.23565185411081,
              28.613114037185785
            ],
            [
              77.23565561622846,
              28.61311402085704
            ]
          ],
          [
            [
              77.23471754488303,
              28.613344301712033
            ],
            [
              77.23472083708437,
              28.613345908453336
            ],
            [
              77.23472393496213,
              28.613347792211233
            ],
            [
              77.23472680868207,
              28.613349934844102
            ],
            [
              77.23472943056872,
              28.613352315717233
            ],
            [
              77.23473177537187,
              28.613354911901553
            ],
            [
              77.23473382050979,
              28.613357698394374
            ],
            [
              77.23473449124447,
              28.61335884491832
            ],
            [
              77.23473736258718,
              28.61335789497384
            ],
            [
              77.23474099780955,
              28.613357039830955
            ],
            [
              77.23474471051335,
              28.613356503228278
            ],
            [
              77.23474846494328,
              28.61335629033358
            ],
            [
              77.23475222494214,
              28.61335640319716
            ],
            [
              77.23475595429913,
              28.613356840732077
            ],
            [
              77.23475961709855,
              28.613357598724626
            ],
            [
              77.23476317806563,
              28.613358669874938
            ],
            [
              77.23476660290639,
              28.61336004386725
            ],
            [
              77.23476985863773,
              28.613361707469274
            ],
            [
              77.23477291390522,
              28.61336364465963
            ],
            [
              77.23477573928496,
              28.61336583678213
            ],
            [
              77.23477830756703,
              28.61336826272545
            ],
            [
              77.23478059401742,
              28.613370899126448
            ],
            [
              77.23478257661641,
              28.61337372059515
            ],
            [
              77.23478423627044,
              28.613376699959286
            ],
            [
              77.23478555699613,
              28.61337980852596
            ],
            [
              77.23478652607415,
              28.613383016357997
            ],
            [
              77.2347871341717,
              28.613386292562225
            ],
            [
              77.23478737543246,
              28.613389605587017
            ],
            [
              77.2347872475329,
              28.613392923526117
            ],
            [
              77.23478675170475,
              28.61339621442599
            ],
            [
              77.23478589272304,
              28.613399446593448
            ],
            [
              77.23478467886024,
              28.613402588900954
            ],
            [
              77.23478312180646,
              28.613405611086357
            ],
            [
              77.23478123655697,
              28.61340848404435
            ],
            [
              77.2347790412677,
              28.61341118010677
            ],
            [
              77.23477655708051,
              28.613413673309044
            ],
            [
              77.23477380791947,
              28.61341593964026
            ],
            [
              77.23477082026047,
              28.61341795727439
            ],
            [
              77.23476762287635,
              28.613419706780498
            ],
            [
              77.23476424655965,
              28.613421171309874
            ],
            [
              77.23456138658956,
              28.61349850308665
            ],
            [
              77.23455786385095,
              28.613499668530036
            ],
            [
              77.23455422862193,
              28.613500523668353
            ],
            [
              77.23455051591176,
              28.613501060266127
            ],
            [
              77.23454676147591,
              28.613501273155645
            ],
            [
              77.23454300147168,
              28.613501160286635
            ],
            [
              77.23453927211001,
              28.6135007227461
            ],
            [
              77.23453560930672,
              28.61349996474779
            ],
            [
              77.23453204833663,
              28.61349889359166
            ],
            [
              77.23452862349387,
              28.613497519593516
            ],
            [
              77.23452536776156,
              28.613495855985743
            ],
            [
              77.23452231249422,
              28.613493918789793
            ],
            [
              77.23451948711575,
              28.613491726661948
            ],
            [
              77.23451691883609,
              28.613489300713592
            ],
            [
              77.23451463238918,
              28.613486664307963
            ],
            [
              77.23451461306708,
              28.61348663681027
            ],
            [
              77.23449654520884,
              28.613493899982036
            ],
            [
              77.23449304914355,
              28.613495126374705
            ],
            [
              77.23448943368936,
              28.613496044475845
            ],
            [
              77.23448573366512,
              28.61349664544365
            ],
            [
              77.23448198470413,
              28.613496923490466
            ],
            [
              77.23447822291095,
              28.613496875938534
            ],
            [
              77.23447448451374,
              28.613496503245813
            ],
            [
              77.23447080551536,
              28.613495809001527
            ],
            [
              77.23446722134658,
              28.613494799891644
            ],
            [
              77.23446376652494,
              28.613493485634447
            ],
            [
              77.23446047432232,
              28.613491878886965
            ],
            [
              77.23445737644441,
              28.613489995123054
            ],
            [
              77.23445450272551,
              28.613487852484415
            ],
            [
              77.2344518808411,
              28.613485471605838
            ],
            [
              77.23444953604137,
              28.61348287541651
            ],
            [
              77.234447490908,
              28.61348008891916
            ],
            [
              77.23444576513675,
              28.613477138949285
            ],
            [
              77.23444437534769,
              28.613474053916747
            ],
            [
              77.23444333492527,
              28.61347086353209
            ],
            [
              77.23444265388929,
              28.61346759852047
            ],
            [
              77.23444233879842,
              28.61346429032576
            ],
            [
              77.23444239268717,
              28.61346097080766
            ],
            [
              77.23444281503652,
              28.613457671934967
            ],
            [
              77.23444360177896,
              28.613454425477617
            ],
            [
              77.23444474533771,
              28.61345126270076
            ],
            [
              77.23444623469966,
              28.61344821406367
            ],
            [
              77.2344480555214,
              28.613445308926384
            ],
            [
              77.2344501902674,
              28.61344257526694
            ],
            [
              77.23445261837887,
              28.61344003941195
            ],
            [
              77.23445531647178,
              28.61343772578309
            ],
            [
              77.234458258562,
              28.613435656661846
            ],
            [
              77.2344614163156,
              28.613433851974964
            ],
            [
              77.23446475932171,
              28.61343232910256
            ],
            [
              77.23468476624862,
              28.613343887415393
            ],
            [
              77.23468826230646,
              28.61334266101816
            ],
            [
              77.23469187775336,
              28.61334174291207
            ],
            [
              77.23469557777065,
              28.61334114193899
            ],
            [
              77.23469932672516,
              28.6133408638866
            ],
            [
              77.23470308851243,
              28.613340911432687
            ],
            [
              77.23470682690444,
              28.61334128411937
            ],
            [
              77.23471050589848,
              28.613341978357475
            ],
            [
              77.23471409006382,
              28.613342987461095
            ],
            [
              77.23471754488303,
              28.613344301712033
            ]
          ],
          [
            [
              77.23541576821987,
              28.613608748831762
            ],
            [
              77.2354130298425,
              28.613611025309375
            ],
            [
              77.23541005178777,
              28.613613053974213
            ],
            [
              77.23540686273599,
              28.6136148152891
            ],
            [
              77.23540349339946,
              28.613616292291603
            ],
            [
              77.23539997622676,
              28.613617470757358
            ],
            [
              77.23539634509024,
              28.613618339337105
            ],
            [
              77.2352819759106,
              28.613640444379943
            ],
            [
              77.23480155477168,
              28.613776229758045
            ],
            [
              77.23479670825618,
              28.613777371492393
            ],
            [
              77.23479175825777,
              28.613778088539128
            ],
            [
              77.2347867524477,
              28.61377837399267
            ],
            [
              77.2347817390347,
              28.613778225103957
            ],
            [
              77.23477676630078,
              28.61377764330686
            ],
            [
              77.23477188213612,
              28.61377663420441
            ],
            [
              77.23476713357795,
              28.613775207514816
            ],
            [
              77.23476256635753,
              28.613773376977903
            ],
            [
              77.23475822445977,
              28.613771160222747
            ],
            [
              77.2347541496995,
              28.613768578597956
            ],
            [
              77.2347508591803,
              28.613766027452737
            ],
            [
              77.23474119899184,
              28.61376782181712
            ],
            [
              77.2349432111219,
              28.61393954176999
            ],
            [
              77.2349457893079,
              28.613941959530237
            ],
            [
              77.23494808652204,
              28.61394458864295
            ],
            [
              77.23495008064087,
              28.613947403788362
            ],
            [
              77.23495175245993,
              28.6139503778551
            ],
            [
              77.23495308587866,
              28.613953482201282
            ],
            [
              77.23495406805547,
              28.61395668693037
            ],
            [
              77.23495468953146,
              28.613959961179077
            ],
            [
              77.23495494432144,
              28.61396327341461
            ],
            [
              77.2349548299716,
              28.613966591738333
            ],
            [
              77.23495434758314,
              28.61396988419298
            ],
            [
              77.23495350180173,
              28.613973119070394
            ],
            [
              77.23495230077263,
              28.613976265216955
            ],
            [
              77.23495075606242,
              28.613979292333536
            ],
            [
              77.23494888254746,
              28.61398217126733
            ],
            [
              77.2349466982707,
              28.61398487429264
            ],
            [
              77.2349442242679,
              28.61398737537781
            ],
            [
              77.23494148436508,
              28.61398965043603
            ],
            [
              77.23493850494897,
              28.613991677557227
            ],
            [
              77.23493531471301,
              28.613993437219097
            ],
            [
              77.2349319443809,
              28.61399491247513
            ],
            [
              77.23492842641083,
              28.613996089117776
            ],
            [
              77.2349247946828,
              28.61399695581532
            ],
            [
              77.23492108417233,
              28.613997504220972
            ],
            [
              77.23491733061371,
              28.61399772905329
            ],
            [
              77.23491357015581,
              28.613997628147015
            ],
            [
              77.23490983901394,
              28.613997202473914
            ],
            [
              77.23490617312103,
              28.613996456133474
            ],
            [
              77.23490260778169,
              28.61399539631335
            ],
            [
              77.23489917733212,
              28.613994033220195
            ],
            [
              77.23489591480946,
              28.61399237998136
            ],
            [
              77.23489285163357,
              28.613990452518443
            ],
            [
              77.23489001730455,
              28.613988269393996
            ],
            [
              77.23464012021827,
              28.61377584473347
            ],
            [
              77.23463754204317,
              28.613773426966734
            ],
            [
              77.23463524484043,
              28.61377079784805
            ],
            [
              77.23463325073335,
              28.613767982697276
            ],
            [
              77.23463157892627,
              28.61376500862588
            ],
            [
              77.23463024551955,
              28.613761904275794
            ],
            [
              77.23462926335463,
              28.613758699543617
            ],
            [
              77.23462864189028,
              28.613755425292705
            ],
            [
              77.23462838711148,
              28.613752113055863
            ],
            [
              77.23462850147187,
              28.61374879473176
            ],
            [
              77.23462898387005,
              28.613745502277666
            ],
            [
              77.23462982966026,
              28.61374226740172
            ],
            [
              77.234631030697,
              28.613739121257534
            ],
            [
              77.23463257541363,
              28.613736094144187
            ],
            [
              77.23463444893365,
              28.61373321521444
            ],
            [
              77.23463663321402,
              28.613730512193918
            ],
            [
              77.23463910721892,
              28.613728011114212
            ],
            [
              77.23464184712232,
              28.613725736062037
            ],
            [
              77.2346423355458,
              28.613725403751726
            ],
            [
              77.23464283209836,
              28.613724799007933
            ],
            [
              77.2346453274812,
              28.61372231452087
            ],
            [
              77.23464808681655,
              28.613720057830513
            ],
            [
              77.23465108353045,
              28.613718050670006
            ],
            [
              77.23465428876295,
              28.613716312369377
            ],
            [
              77.23465767164592,
              28.613714859669415
            ],
            [
              77.23466119960035,
              28.61371370656039
            ],
            [
              77.23466483865016,
              28.613712864147363
            ],
            [
              77.2347580147134,
              28.613695556861934
            ],
            [
              77.23476117390324,
              28.613693826868083
            ],
            [
              77.2347656748727,
              28.613691872730833
            ],
            [
              77.2347703712276,
              28.613690317305824
            ],
            [
              77.23493753626607,
              28.613643070316765
            ],
            [
              77.23493920456048,
              28.61364096291587
            ],
            [
              77.23494165098192,
              28.613638440799186
            ],
            [
              77.23494436577116,
              28.613636142425754
            ],
            [
              77.23494732278328,
              28.613634089930155
            ],
            [
              77.23495049354067,
              28.61363230307901
            ],
            [
              77.23495384750719,
              28.613630799080696
            ],
            [
              77.23495735238232,
              28.61362959241948
            ],
            [
              77.23496097441225,
              28.61362869471619
            ],
            [
              77.23505675383248,
              28.61360937489775
            ],
            [
              77.23530601658467,
              28.61353892336099
            ],
            [
              77.23531086308259,
              28.613537781609296
            ],
            [
              77.23531581306496,
              28.61353706454439
            ],
            [
              77.23532081886079,
              28.613536779071996
            ],
            [
              77.2353258322616,
              28.61353692794135
            ],
            [
              77.23533080498568,
              28.613537509718764
            ],
            [
              77.23533568914301,
              28.613538518801416
            ],
            [
              77.23534043769656,
              28.61353994547128
            ],
            [
              77.23534500491522,
              28.61354177598876
            ],
            [
              77.23534934681419,
              28.613543992725013
            ],
            [
              77.23535342157867,
              28.613546574331654
            ],
            [
              77.23535718996648,
              28.61354949594643
            ],
            [
              77.23536061568598,
              28.613552729432627
            ],
            [
              77.23536303342185,
              28.61355551509931
            ],
            [
              77.23537994023289,
              28.6135522473793
            ],
            [
              77.23538365036117,
              28.613551697050962
            ],
            [
              77.2353874037527,
              28.613551470273336
            ],
            [
              77.23539116426025,
              28.613551569230406
            ],
            [
              77.23539489566816,
              28.613551992969168
            ],
            [
              77.23539856204094,
              28.613552737408778
            ],
            [
              77.23540212806947,
              28.613553795379882
            ],
            [
              77.23540555941095,
              28.613555156693646
            ],
            [
              77.23540882301972,
              28.6135568082399
            ],
            [
              77.23541188746546,
              28.613558734113344
            ],
            [
              77.2354147232359,
              28.61356091576679
            ],
            [
              77.23541730302105,
              28.613563332189727
            ],
            [
              77.23541960197612,
              28.613565960110705
            ],
            [
              77.23542159796095,
              28.613568774221424
            ],
            [
              77.23542327175308,
              28.613571747420465
            ],
            [
              77.23542460723297,
              28.613574851074322
            ],
            [
              77.23542559153918,
              28.613578055293107
            ],
            [
              77.23542621519228,
              28.61358132921847
            ],
            [
              77.23542647218613,
              28.613584641320706
            ],
            [
              77.2354263600457,
              28.61358795970248
            ],
            [
              77.23542587985092,
              28.61359125240595
            ],
            [
              77.23542503622629,
              28.61359448772059
            ],
            [
              77.23542383729637,
              28.613597634488542
            ],
            [
              77.23542229460743,
              28.61360066240471
            ],
            [
              77.23542042301645,
              28.613603542308578
            ],
            [
              77.23541824054782,
              28.613606246465107
            ],
            [
              77.23541576821987,
              28.613608748831762
            ]
          ]
        ]
      }
    },
    {
      "type": "Feature",
      "properties": {
        "parcel_id": "ULPIN-2026-2246-00009",
        "survey_number": "UNSURVEYED-9",
        "area_sqm": 3494.07,
        "perimeter_m": 535.84,
        "confidence_score": 0.75,
        "verification_status": "Needs GT Verification",
        "building_count": 1,
        "building_coverage_ratio": 1.0,
        "landuse_class": "Vacant/Green",
        "owner_record": "Unregistered / Pending Survey",
        "has_gnss_control": false,
        "tax_assessment_annual_inr": 1572331,
        "tax_rate_per_sqm": 450,
        "lulc_confidence": 0.917
      },
      "geometry": {
        "type": "Polygon",
        "coordinates": [
          [
            [
              77.23165891567112,
              28.615254094466497
            ],
            [
              77.23165893641038,
              28.61525396421573
            ],
            [
              77.23165982253315,
              28.61525073775056
            ],
            [
              77.23166106277922,
              28.615247603464034
            ],
            [
              77.23166264520431,
              28.61524459154103
            ],
            [
              77.23166455456877,
              28.615241730987986
            ],
            [
              77.23166677248437,
              28.6152390493536
            ],
            [
              77.23166927759135,
              28.615236572463466
            ],
            [
              77.23167204576416,
              28.61523432417136
            ],
            [
              77.23167505034378,
              28.615232326129565
            ],
            [
              77.23167826239448,
              28.615230597580275
            ],
            [
              77.23168165098244,
              28.615229155170383
            ],
            [
              77.23168518347377,
              28.615228012791043
            ],
            [
              77.23168882584865,
              28.615227181443995
            ],
            [
              77.23169254302904,
              28.61522666913557
            ],
            [
              77.23169629921651,
              28.61522648079953
            ],
            [
              77.23170005823695,
              28.615226618249707
            ],
            [
              77.23170378388897,
              28.615227080162335
            ],
            [
              77.23170744029254,
              28.61522786208896
            ],
            [
              77.23171099223453,
              28.61522895649921
            ],
            [
              77.23171440550782,
              28.615230352853324
            ],
            [
              77.23171764724074,
              28.61523203770365
            ],
            [
              77.23172068621366,
              28.615233994824184
            ],
            [
              77.23172349315963,
              28.61523620536678
            ],
            [
              77.23198282335126,
              28.61546155619886
            ],
            [
              77.23198438767692,
              28.615461084568434
            ],
            [
              77.23198804994867,
              28.61546032429808
            ],
            [
              77.23199221787702,
              28.61545964755751
            ],
            [
              77.23199305868826,
              28.615459135109177
            ],
            [
              77.23199634899944,
              28.615457525241492
            ],
            [
              77.23199980228854,
              28.615456207709983
            ],
            [
              77.23200338529846,
              28.61545519520317
            ],
            [
              77.23200706352291,
              28.61545449747204
            ],
            [
              77.23201080153862,
              28.61545412123612
            ],
            [
              77.23201456334648,
              28.615454070118755
            ],
            [
              77.23201831271824,
              28.61545434461224
            ],
            [
              77.23202160466333,
              28.6154548760632
            ],
            [
              77.23216739542985,
              28.6154312041063
            ],
            [
              77.23217112451431,
              28.615430764247655
            ],
            [
              77.232174884501,
              28.615430649041535
            ],
            [
              77.23217863917927,
              28.615430859597414
            ],
            [
              77.23218235238953,
              28.615431393887548
            ],
            [
              77.23218598837155,
              28.61543224676641
            ],
            [
              77.23218951210892,
              28.61543341002033
            ],
            [
              77.2321928896661,
              28.61543487244655
            ],
            [
              77.23219499898686,
              28.615436024757408
            ],
            [
              77.23235204103118,
              28.615374482301398
            ],
            [
              77.23238019588537,
              28.61534413275543
            ],
            [
              77.23203110224387,
              28.61519003319054
            ],
            [
              77.2320278241726,
              28.615188404009135
            ],
            [
              77.23202474285286,
              28.615186499146226
            ],
            [
              77.23202188795945,
              28.615184336946704
            ],
            [
              77.23201928698654,
              28.61518193823374
            ],
            [
              77.23201696498293,
              28.615179326108276
            ],
            [
              77.2320149443108,
              28.61517652572652
            ],
            [
              77.23201324443029,
              28.615173564057685
            ],
            [
              77.23201188171218,
              28.61517046962429
            ],
            [
              77.23201086928015,
              28.615167272227417
            ],
            [
              77.23201021688445,
              28.615164002659778
            ],
            [
              77.23200993080796,
              28.61516069240907
            ],
            [
              77.23201001380575,
              28.615157373354844
            ],
            [
              77.23201046507846,
              28.6151540774614
            ],
            [
              77.23201128028002,
              28.615150836470004
            ],
            [
              77.23201245155961,
              28.61514768159315
            ],
            [
              77.23201396763712,
              28.61514464321403
            ],
            [
              77.23201581391186,
              28.615141750593892
            ],
            [
              77.23201797260319,
              28.61513903159023
            ],
            [
              77.2320204229217,
              28.615136512388514
            ],
            [
              77.2320231412695,
              28.615134217250034
            ],
            [
              77.23202610146738,
              28.61513216827822
            ],
            [
              77.23202927500705,
              28.61513038520574
            ],
            [
              77.2320326313256,
              28.61512888520458
            ],
            [
              77.23203613809986,
              28.615127682720544
            ],
            [
              77.2320397615577,
              28.615126789334198
            ],
            [
              77.23204346680328,
              28.615126213649322
            ],
            [
              77.23204721815306,
              28.61512596121009
            ],
            [
              77.23205097947955,
              28.615126034447602
            ],
            [
              77.23205471455917,
              28.615126432656556
            ],
            [
              77.23205838742105,
              28.61512715200198
            ],
            [
              77.23206196269359,
              28.615128185556188
            ],
            [
              77.232065405945,
              28.615129523365496
            ],
            [
              77.23242998757208,
              28.615290459715094
            ],
            [
              77.23249977078699,
              28.615215236652652
            ],
            [
              77.23250229389002,
              28.61521277402928
            ],
            [
              77.23250507838743,
              28.615210541491795
            ],
            [
              77.232508097463,
              28.615208560540754
            ],
            [
              77.23250994744222,
              28.615207579328654
            ],
            [
              77.23235552483217,
              28.615133667861073
            ],
            [
              77.23234069454925,
              28.61514446444365
            ],
            [
              77.23233767849713,
              28.615146448975967
            ],
            [
              77.23233445652976,
              28.615148163088183
            ],
            [
              77.23233105967645,
              28.615149590272427
            ],
            [
              77.23232752065078,
              28.615150716784157
            ],
            [
              77.23232387353553,
              28.615151531774412
            ],
            [
              77.23232015345445,
              28.615152027394384
            ],
            [
              77.23231639623397,
              28.61515219887098
            ],
            [
              77.23231263805822,
              28.615152044552786
            ],
            [
              77.23230891512054,
              28.615151565925967
            ],
            [
              77.23230526327485,
              28.615150767599957
            ],
            [
              77.23230171769048,
              28.615149657263093
            ],
            [
              77.23229831251336,
              28.61514824560852
            ],
            [
              77.23229508053724,
              28.615146546231266
            ],
            [
              77.23229205288783,
              28.61514457549725
            ],
            [
              77.23228925872307,
              28.615142352385764
            ],
            [
              77.23228672495229,
              28.615139898306577
            ],
            [
              77.23228447597708,
              28.61513723689385
            ],
            [
              77.23228253345633,
              28.615134393778433
            ],
            [
              77.23228091609752,
              28.615131396341113
            ],
            [
              77.23227963947669,
              28.615128273448864
            ],
            [
              77.23227871588838,
              28.615125055176847
            ],
            [
              77.23227815422723,
              28.61512177251879
            ],
            [
              77.23227795990228,
              28.6151184570885
            ],
            [
              77.23227813478498,
              28.615115140815377
            ],
            [
              77.23227867719106,
              28.61511185563695
            ],
            [
              77.23227958189683,
              28.615108633191287
            ],
            [
              77.23228084018945,
              28.615105504512275
            ],
            [
              77.23228243995085,
              28.61510249973082
            ],
            [
              77.2322843657744,
              28.615099647784586
            ],
            [
              77.23228601695035,
              28.615097672555397
            ],
            [
              77.2322856166627,
              28.61509727800716
            ],
            [
              77.23228339404895,
              28.615094599406593
            ],
            [
              77.23228147967177,
              28.615091741466085
            ],
            [
              77.23227989196765,
              28.61508873170918
            ],
            [
              77.23227864622702,
              28.615085599121493
            ],
            [
              77.232277754447,
              28.615082373871573
            ],
            [
              77.23227722521592,
              28.61507908702035
            ],
            [
              77.23227706363049,
              28.61507577022199
            ],
            [
              77.23227727124689,
              28.615072455419092
            ],
            [
              77.23227784606559,
              28.615069174535027
            ],
            [
              77.23227878255072,
              28.615065959166465
            ],
            [
              77.23228007168343,
              28.61506284027919
            ],
            [
              77.2322817010486,
              28.615059847909773
            ],
            [
              77.23228365495457,
              28.615057010876356
            ],
            [
              77.23228381048193,
              28.615056828179167
            ],
            [
              77.23228307764016,
              28.615056938386566
            ],
            [
              77.2322793247802,
              28.6150571726602
            ],
            [
              77.23227556396859,
              28.615057081213504
            ],
            [
              77.23227183142406,
              28.615056664927163
            ],
            [
              77.23226816309308,
              28.61505592781024
            ],
            [
              77.23226459430373,
              28.61505487696158
            ],
            [
              77.23226115942542,
              28.615053522501437
            ],
            [
              77.23225789153794,
              28.615051877474027
            ],
            [
              77.23225482211284,
              28.61504995772185
            ],
            [
              77.23225198071037,
              28.615047781733203
            ],
            [
              77.23224939469482,
              28.615045370464042
            ],
            [
              77.23224708897091,
              28.615042747136247
            ],
            [
              77.23224508574403,
              28.615039937013893
            ],
            [
              77.23224340430633,
              28.615036967160016
            ],
            [
              77.23221667001373,
              28.614983312484327
            ],
            [
              77.23203844659646,
              28.615092451352346
            ],
            [
              77.23203525419115,
              28.615094208004468
            ],
            [
              77.23203188203239,
              28.615095680080522
            ],
            [
              77.23202836259594,
              28.615096853403607
            ],
            [
              77.23202472977593,
              28.615097716673972
            ],
            [
              77.23202101855841,
              28.615098261577828
            ],
            [
              77.2320172646845,
              28.615098482867463
            ],
            [
              77.23201350430607,
              28.615098378411716
            ],
            [
              77.23200977363764,
              28.61509794921656
            ],
            [
              77.23200610860766,
              28.615097199415374
            ],
            [
              77.23200254451237,
              28.61509613622918
            ],
            [
              77.231999115676,
              28.615094769897027
            ],
            [
              77.23199585512015,
              28.615093113577462
            ],
            [
              77.23199279424574,
              28.615091183221757
            ],
            [
              77.23198996253072,
              28.6150889974203
            ],
            [
              77.23198738724604,
              28.615086577223575
            ],
            [
              77.2319850931931,
              28.615083945939418
            ],
            [
              77.23198310246488,
              28.615081128908542
            ],
            [
              77.23198143423316,
              28.615078153260516
            ],
            [
              77.23198010456393,
              28.61507504765246
            ],
            [
              77.23197912626257,
              28.6150718419931
            ],
            [
              77.23197850875066,
              28.615068567154687
            ],
            [
              77.23197825797511,
              28.615065254675724
            ],
            [
              77.23197837635102,
              28.615061936457185
            ],
            [
              77.23197886273833,
              28.61505864445534
            ],
            [
              77.23197971245281,
              28.61505541037396
            ],
            [
              77.23198091731125,
              28.615052265359008
            ],
            [
              77.23198246571013,
              28.615049239698692
            ],
            [
              77.23198434273753,
              28.615046362531764
            ],
            [
              77.2319865303166,
              28.61504366156691
            ],
            [
              77.23198900737978,
              28.615041162815874
            ],
            [
              77.23199175007157,
              28.615038890342987
            ],
            [
              77.23199473197836,
              28.61503686603339
            ],
            [
              77.23218420318058,
              28.614920839368867
            ],
            [
              77.23212787118483,
              28.614848636764393
            ],
            [
              77.23212761853121,
              28.614849019324325
            ],
            [
              77.23212541472131,
              28.61485170999272
            ],
            [
              77.23212292264954,
              28.61485419709262
            ],
            [
              77.23212016631587,
              28.614856456671856
            ],
            [
              77.23211717226529,
              28.614858466969434
            ],
            [
              77.23211396933219,
              28.614860208625092
            ],
            [
              77.23211058836256,
              28.6148616648657
            ],
            [
              77.232107061917,
              28.61486282166686
            ],
            [
              77.23210342395716,
              28.614863667887946
            ],
            [
              77.23191806099712,
              28.614898300723784
            ],
            [
              77.23191434655604,
              28.614898828210222
            ],
            [
              77.23191059140888,
              28.61489903188688
            ],
            [
              77.23190938606658,
              28.614898992743797
            ],
            [
              77.23179833142488,
              28.615089691065837
            ],
            [
              77.23179644971536,
              28.615092565851107
            ],
            [
              77.2317942577409,
              28.615095264040818
            ],
            [
              77.23179177661142,
              28.61509775964993
            ],
            [
              77.23178903022149,
              28.615100028644328
            ],
            [
              77.2317860450204,
              28.615102049172357
            ],
            [
              77.23178284975725,
              28.615103801775202
            ],
            [
              77.23177947520419,
              28.615105269574332
            ],
            [
              77.23177595386004,
              28.61510643843403
            ],
            [
              77.23177231963727,
              28.61510729709751
            ],
            [
              77.23176860753549,
              28.61510783729538
            ],
            [
              77.23176485330427,
              28.615108053825228
            ],
            [
              77.23176109309897,
              28.615107944601746
            ],
            [
              77.23175736313243,
              28.61510751067682
            ],
            [
              77.23175369932633,
              28.61510675622938
            ],
            [
              77.23175013696515,
              28.615105688525173
            ],
            [
              77.23174671035639,
              28.615104317846786
            ],
            [
              77.2317434525002,
              28.615102657394612
            ],
            [
              77.23174039477155,
              28.61510072315972
            ],
            [
              77.23173756661801,
              28.615098533769874
            ],
            [
              77.23173499527628,
              28.615096110310095
            ],
            [
              77.23173270550981,
              28.615093476119643
            ],
            [
              77.23173071937025,
              28.615090656567236
            ],
            [
              77.23172905598523,
              28.61508767880672
            ],
            [
              77.23172773137401,
              28.615084571515563
            ],
            [
              77.23172675829332,
              28.615081364618685
            ],
            [
              77.23172614611441,
              28.61507808900027
            ],
            [
              77.23172590073288,
              28.615074776206328
            ],
            [
              77.23172602451184,
              28.61507145814087
            ],
            [
              77.23172651625923,
              28.615068166758686
            ],
            [
              77.23172737123916,
              28.61506493375758
            ],
            [
              77.23172858121774,
              28.615061790273117
            ],
            [
              77.23173013454213,
              28.615058766578755
            ],
            [
              77.2318919479244,
              28.614780907575753
            ],
            [
              77.23189382962624,
              28.61477803278949
            ],
            [
              77.23189602159202,
              28.61477533459855
            ],
            [
              77.23189850271187,
              28.61477283898798
            ],
            [
              77.23190124909125,
              28.61477056999186
            ],
            [
              77.23190423428102,
              28.614768549461843
            ],
            [
              77.23190742953219,
              28.614766796856735
            ],
            [
              77.23191080407274,
              28.614765329055043
            ],
            [
              77.23191432540403,
              28.614764160192504
            ],
            [
              77.23191795961374,
              28.61476330152589
            ],
            [
              77.23192167170247,
              28.614762761324613
            ],
            [
              77.2319254259208,
              28.614762544791116
            ],
            [
              77.23192918611362,
              28.61476265401071
            ],
            [
              77.23193291606822,
              28.614763087931568
            ],
            [
              77.23193657986313,
              28.61476384237478
            ],
            [
              77.23194014221407,
              28.61476491007467
            ],
            [
              77.23194356881365,
              28.614766280748704
            ],
            [
              77.23194682666188,
              28.61476794119654
            ],
            [
              77.23194988438391,
              28.614769875427182
            ],
            [
              77.23195271253222,
              28.61477206481294
            ],
            [
              77.23195528387022,
              28.614774488268854
            ],
            [
              77.23195757363449,
              28.614777122455727
            ],
            [
              77.23195955977337,
              28.61477994200492
            ],
            [
              77.23196122315925,
              28.614782919762643
            ],
            [
              77.23196254777275,
              28.614786027051473
            ],
            [
              77.23196352085712,
              28.614789233946535
            ],
            [
              77.231964133041,
              28.614792509563685
            ],
            [
              77.2319643784287,
              28.614795822356943
            ],
            [
              77.23196425465696,
              28.61479914042231
            ],
            [
              77.23196376291773,
              28.614802431805
            ],
            [
              77.2319629079467,
              28.614805664807196
            ],
            [
              77.23196169797765,
              28.61480880829331
            ],
            [
              77.23196014466325,
              28.61481183198985
            ],
            [
              77.23195397140502,
              28.61482243248498
            ],
            [
              77.23208754144851,
              28.614797476509448
            ],
            [
              77.2320879149682,
              28.614797423465536
            ],
            [
              77.23202945297601,
              28.614722490540718
            ],
            [
              77.23182361306445,
              28.614782553500056
            ],
            [
              77.231819987406,
              28.61478343987094
            ],
            [
              77.23181628074988,
              28.614784008382564
            ],
            [
              77.23181252879328,
              28.614784253559833
            ],
            [
              77.23180876766963,
              28.614784173041546
            ],
            [
              77.23180503360062,
              28.614783767603154
            ],
            [
              77.23180136254743,
              28.614783041149234
            ],
            [
              77.2317977898643,
              28.614782000675962
            ],
            [
              77.23179667103138,
              28.614781563384994
            ],
            [
              77.23172017567745,
              28.6148225732544
            ],
            [
              77.23171881138063,
              28.614824572588944
            ],
            [
              77.23171656408941,
              28.614827235106038
            ],
            [
              77.23171403187271,
              28.614829690429342
            ],
            [
              77.23171123911717,
              28.614831914912738
            ],
            [
              77.23170821271857,
              28.614833887133216
            ],
            [
              77.23170498182276,
              28.614835588097197
            ],
            [
              77.23170157754504,
              28.614837001423453
            ],
            [
              77.23167576612644,
              28.614846381593456
            ],
            [
              77.2314938842704,
              28.614943889750712
            ],
            [
              77.23149354749732,
              28.61494439474982
            ],
            [
              77.23149133078338,
              28.614947077154262
            ],
            [
              77.23148882678737,
              28.61494955491406
            ],
            [
              77.23148605962407,
              28.614951804167028
            ],
            [
              77.23148305594286,
              28.614953803251627
            ],
            [
              77.23147984467079,
              28.61495553291553
            ],
            [
              77.23147645673417,
              28.614956976501137
            ],
            [
              77.23147292476072,
              28.61495812010592
            ],
            [
              77.23146143806619,
              28.614961284348254
            ],
            [
              77.23145890416872,
              28.61496264278477
            ],
            [
              77.2316819193553,
              28.61518060327328
            ],
            [
              77.23168430055186,
              28.615183173570575
            ],
            [
              77.23168638477836,
              28.615185937445197
            ],
            [
              77.23168815196253,
              28.61518886827955
            ],
            [
              77.2316895850854,
              28.615191937848095
            ],
            [
              77.2316906703452,
              28.61519511658923
            ],
            [
              77.23169139729026,
              28.61519837388995
            ],
            [
              77.23169175891967,
              28.61520167838068
            ],
            [
              77.2316917517507,
              28.615204998237356
            ],
            [
              77.23169137585236,
              28.615208301487957
            ],
            [
              77.23169063484472,
              28.615211556320382
            ],
            [
              77.23168953586406,
              28.615214731388793
            ],
            [
              77.23168808949414,
              28.615217796115548
            ],
            [
              77.23168630966425,
              28.615220720985647
            ],
            [
              77.23168421351512,
              28.615223477830977
            ],
            [
              77.23168182123379,
              28.615226040101597
            ],
            [
              77.23167915585923,
              28.615228383121423
            ],
            [
              77.23167624306043,
              28.61523048432588
            ],
            [
              77.23167311088928,
              28.61523232347921
            ],
            [
              77.23166978951029,
              28.615233882869337
            ],
            [
              77.23166631091017,
              28.615235147478472
            ],
            [
              77.23166270858977,
              28.615236105127742
            ],
            [
              77.23165901724143,
              28.615236746594427
            ],
            [
              77.23165527241488,
              28.615237065700846
            ],
            [
              77.2316515101749,
              28.61523705937384
            ],
            [
              77.23164776675392,
              28.615236727674336
            ],
            [
              77.2316453543816,
              28.615236300027764
            ],
            [
              77.23165891567112,
              28.615254094466497
            ]
          ]
        ]
      }
    },
    {
      "type": "Feature",
      "properties": {
        "parcel_id": "ULPIN-2026-2246-00010",
        "survey_number": "UNSURVEYED-10",
        "area_sqm": 108.47,
        "perimeter_m": 72.85,
        "confidence_score": 0.75,
        "verification_status": "Needs GT Verification",
        "building_count": 1,
        "building_coverage_ratio": 1.0,
        "landuse_class": "Commercial",
        "owner_record": "Unregistered / Pending Survey",
        "has_gnss_control": false,
        "tax_assessment_annual_inr": 455574,
        "tax_rate_per_sqm": 4200,
        "lulc_confidence": 0.897
      },
      "geometry": {
        "type": "Polygon",
        "coordinates": [
          [
            [
              77.23188896609233,
              28.615555953811786
            ],
            [
              77.23195336394848,
              28.61553071747234
            ],
            [
              77.23195094033885,
              28.615528808830515
            ],
            [
              77.23170619492416,
              28.615316131851753
            ],
            [
              77.23188896609233,
              28.615555953811786
            ]
          ]
        ]
      }
    },
    {
      "type": "Feature",
      "properties": {
        "parcel_id": "ULPIN-2026-2246-00011",
        "survey_number": "UNSURVEYED-11",
        "area_sqm": 379.22,
        "perimeter_m": 114.63,
        "confidence_score": 0.677,
        "verification_status": "Needs GT Verification",
        "building_count": 2,
        "building_coverage_ratio": 0.51,
        "landuse_class": "Mixed-Use",
        "owner_record": "Unregistered / Pending Survey",
        "has_gnss_control": false,
        "tax_assessment_annual_inr": 1175582,
        "tax_rate_per_sqm": 3100,
        "lulc_confidence": 0.952
      },
      "geometry": {
        "type": "Polygon",
        "coordinates": [
          [
            [
              77.23067733036862,
              28.616110429099393
            ],
            [
              77.23066697958258,
              28.616108233857805
            ],
            [
              77.23066585412958,
              28.616111002582187
            ],
            [
              77.23066424288871,
              28.61611400259297
            ],
            [
              77.23066230616742,
              28.61611684879994
            ],
            [
              77.2306600626174,
              28.61611951379254
            ],
            [
              77.23065753384525,
              28.616121971905425
            ],
            [
              77.23065474420441,
              28.61612419946561
            ],
            [
              77.23049334968889,
              28.616240890544045
            ],
            [
              77.23103782577527,
              28.61623192694041
            ],
            [
              77.23067733036862,
              28.616110429099393
            ]
          ]
        ]
      }
    },
    {
      "type": "Feature",
      "properties": {
        "parcel_id": "ULPIN-2026-2246-00012",
        "survey_number": "UNSURVEYED-12",
        "area_sqm": 1672.27,
        "perimeter_m": 293.71,
        "confidence_score": 0.709,
        "verification_status": "Needs GT Verification",
        "building_count": 1,
        "building_coverage_ratio": 0.724,
        "landuse_class": "Vacant/Green",
        "owner_record": "Unregistered / Pending Survey",
        "has_gnss_control": false,
        "tax_assessment_annual_inr": 752521,
        "tax_rate_per_sqm": 450,
        "lulc_confidence": 0.883
      },
      "geometry": {
        "type": "Polygon",
        "coordinates": [
          [
            [
              77.23023811435807,
              28.616017277390956
            ],
            [
              77.2302081010809,
              28.61603751039299
            ],
            [
              77.23020500295686,
              28.616039393949972
            ],
            [
              77.23020171052711,
              28.616041000476827
            ],
            [
              77.23019825549959,
              28.61604231450179
            ],
            [
              77.23019467114811,
              28.61604332337009
            ],
            [
              77.23019099199199,
              28.61604401736575
            ],
            [
              77.23018725346351,
              28.616044389805207
            ],
            [
              77.23018349156679,
              28.61604443710166
            ],
            [
              77.23017974253099,
              28.61604415879962
            ],
            [
              77.2301760424614,
              28.616043557579285
            ],
            [
              77.23017242699177,
              28.616042639230745
            ],
            [
              77.23016893094103,
              28.6160414125982
            ],
            [
              77.23016558797815,
              28.616039889494786
            ],
            [
              77.23016243029765,
              28.61603808458886
            ],
            [
              77.2301594883098,
              28.61603601526265
            ],
            [
              77.23015679034751,
              28.61603370144491
            ],
            [
              77.23015436239365,
              28.616031165418995
            ],
            [
              77.23015222783074,
              28.616028431608235
            ],
            [
              77.23015040721577,
              28.61602552634073
            ],
            [
              77.23014891808228,
              28.616022477595816
            ],
            [
              77.23014777477135,
              28.616019314734583
            ],
            [
              77.23014698829373,
              28.616016068217114
            ],
            [
              77.23014656622355,
              28.616012769309165
            ],
            [
              77.23014651262555,
              28.616009449781025
            ],
            [
              77.2301468280159,
              28.616006141601567
            ],
            [
              77.23014750935717,
              28.616002876630372
            ],
            [
              77.23014855008762,
              28.615999686310897
            ],
            [
              77.23014912774745,
              28.61599840435144
            ],
            [
              77.22993275196256,
              28.61595251325284
            ],
            [
              77.2299182251307,
              28.616021095127234
            ],
            [
              77.22995956672348,
              28.61600414304638
            ],
            [
              77.2299630522977,
              28.61600289341633
            ],
            [
              77.22996665989565,
              28.61600195127482
            ],
            [
              77.22997035477422,
              28.616001325695187
            ],
            [
              77.22997410134973,
              28.616001022702083
            ],
            [
              77.22997786354064,
              28.61600104521351
            ],
            [
              77.22998160511504,
              28.616001393012652
            ],
            [
              77.22998529003954,
              28.616002062750024
            ],
            [
              77.22998888282636,
              28.616003047975695
            ],
            [
              77.22999234887502,
              28.616004339201403
            ],
            [
              77.22999565480559,
              28.616005923991953
            ],
            [
              77.22999876878019,
              28.616007787084953
            ],
            [
              77.23000166080955,
              28.616009910537823
            ],
            [
              77.23000430304184,
              28.61601227390056
            ],
            [
              77.23000667003095,
              28.61601485441269
            ],
            [
              77.23000873898145,
              28.616017627222508
            ],
            [
              77.23001048996821,
              28.616020565626336
            ],
            [
              77.23001190612827,
              28.61602364132576
            ],
            [
              77.2300129738232,
              28.616026824700135
            ],
            [
              77.23001368277046,
              28.61603008509181
            ],
            [
              77.23001402614251,
              28.616033391101475
            ],
            [
              77.23001400063244,
              28.616036710890423
            ],
            [
              77.23001360648588,
              28.61604001248728
            ],
            [
              77.23001284749866,
              28.616043264095865
            ],
            [
              77.2300117309802,
              28.616046434401415
            ],
            [
              77.23001026768314,
              28.61604949287214
            ],
            [
              77.23000847169983,
              28.616052410053282
            ],
            [
              77.23000636032654,
              28.616055157850777
            ],
            [
              77.23000395389694,
              28.616057709801826
            ],
            [
              77.23000127558625,
              28.61606004132974
            ],
            [
              77.22999835118806,
              28.616062129980595
            ],
            [
              77.22999520886592,
              28.616063955639536
            ],
            [
              77.22999187888212,
              28.616065500724467
            ],
            [
              77.22990083601937,
              28.616102832748442
            ],
            [
              77.22990031532021,
              28.61610476147559
            ],
            [
              77.22989908892184,
              28.61610790000806
            ],
            [
              77.22989751980313,
              28.616110917355126
            ],
            [
              77.22989562307548,
              28.616113784458083
            ],
            [
              77.22989341700541,
              28.61611647370514
            ],
            [
              77.22989092283859,
              28.61611895919737
            ],
            [
              77.22988816459517,
              28.616121216998103
            ],
            [
              77.22988516883856,
              28.616123225363474
            ],
            [
              77.22988196441952,
              28.616124964951812
            ],
            [
              77.22987858219841,
              28.61612641900991
            ],
            [
              77.22987505474785,
              28.61612757353438
            ],
            [
              77.22987141603916,
              28.616128417406525
            ],
            [
              77.22986770111514,
              28.61612894249937
            ],
            [
              77.22986394575253,
              28.616129143755987
            ],
            [
              77.22986018611759,
              28.61612901923815
            ],
            [
              77.22985645841769,
              28.61612857014503
            ],
            [
              77.22985279855263,
              28.616127800801664
            ],
            [
              77.22984924176897,
              28.616126718617235
            ],
            [
              77.22984589226041,
              28.616125362333857
            ],
            [
              77.2297901464843,
              28.616148220753022
            ],
            [
              77.22978666090302,
              28.616149470378982
            ],
            [
              77.22978305329816,
              28.616150412516042
            ],
            [
              77.22977935841297,
              28.616151038090905
            ],
            [
              77.22977561183122,
              28.616151341078943
            ],
            [
              77.22977184963459,
              28.616151318562192
            ],
            [
              77.22976810805511,
              28.616150970757516
            ],
            [
              77.22976442312628,
              28.616150301014464
            ],
            [
              77.22976083033603,
              28.61614931578302
            ],
            [
              77.2297573642849,
              28.616148024551514
            ],
            [
              77.22975405835288,
              28.616146439755227
            ],
            [
              77.22975094437794,
              28.61614457665662
            ],
            [
              77.22974805234936,
              28.616142453198353
            ],
            [
              77.22974541011898,
              28.616140089830537
            ],
            [
              77.22974304313293,
              28.616137509313678
            ],
            [
              77.22974097418654,
              28.616134736499593
            ],
            [
              77.2297392232049,
              28.616131798092006
            ],
            [
              77.22973780705092,
              28.616128722389416
            ],
            [
              77.2297367393629,
              28.61612553901251
            ],
            [
              77.22973603042324,
              28.61612227861898
            ],
            [
              77.22973568705937,
              28.616118972608195
            ],
            [
              77.22973571257805,
              28.616115652818845
            ],
            [
              77.22973610673348,
              28.616112351222334
            ],
            [
              77.22973686572969,
              28.616109099614825
            ],
            [
              77.2297379822571,
              28.616105929311075
            ],
            [
              77.22973944556293,
              28.616102870842838
            ],
            [
              77.22974124155469,
              28.616099953664826
            ],
            [
              77.22974335293601,
              28.616097205871046
            ],
            [
              77.22974575937307,
              28.616094653924243
            ],
            [
              77.2297484376906,
              28.616092322401038
            ],
            [
              77.22975136209494,
              28.616090233755262
            ],
            [
              77.22975450442244,
              28.616088408101703
            ],
            [
              77.22975783441083,
              28.616086863022385
            ],
            [
              77.22983280255607,
              28.61605612251687
            ],
            [
              77.2298581024876,
              28.61593668076921
            ],
            [
              77.22966410246352,
              28.615895534887436
            ],
            [
              77.22967092041303,
              28.6162181647658
            ],
            [
              77.22967386154153,
              28.61621798871157
            ],
            [
              77.23014712224901,
              28.616210200506284
            ],
            [
              77.23015088279084,
              28.616210301540765
            ],
            [
              77.2301546140018,
              28.616210727341578
            ],
            [
              77.23015827994836,
              28.616211473808022
            ],
            [
              77.23016184532544,
              28.616212533751227
            ],
            [
              77.23016527579655,
              28.61621389696337
            ],
            [
              77.2301685383244,
              28.616215550315978
            ],
            [
              77.23017160148909,
              28.616217477886387
            ],
            [
              77.23017443579069,
              28.61621966111103
            ],
            [
              77.23017701393331,
              28.61622207896429
            ],
            [
              77.23017931108805,
              28.61622470816094
            ],
            [
              77.23018130513205,
              28.616227523380378
            ],
            [
              77.23018297686151,
              28.61623049751052
            ],
            [
              77.23018431017682,
              28.616233601908892
            ],
            [
              77.23018529223735,
              28.61623680667844
            ],
            [
              77.23018591358532,
              28.616240080955496
            ],
            [
              77.23018616823674,
              28.616243393206993
            ],
            [
              77.23018608008124,
              28.61624594809777
            ],
            [
              77.23035565426925,
              28.616243157050214
            ],
            [
              77.23035410436272,
              28.61624234760736
            ],
            [
              77.23035107006258,
              28.61624038481082
            ],
            [
              77.23034826839974,
              28.6162381690261
            ],
            [
              77.23034572635574,
              28.61623572159244
            ],
            [
              77.23034346841185,
              28.61623306607998
            ],
            [
              77.2303415163133,
              28.61623022806277
            ],
            [
              77.23033988885985,
              28.616227234872483
            ],
            [
              77.23033860172474,
              28.61622411533519
            ],
            [
              77.23033766730377,
              28.616220899493747
            ],
            [
              77.2303370945959,
              28.61621761831848
            ],
            [
              77.23033688911657,
              28.61621430340891
            ],
            [
              77.23033705284463,
              28.616210986689428
            ],
            [
              77.23033758420326,
              28.616207700101853
            ],
            [
              77.23033847807514,
              28.61620447529782
            ],
            [
              77.23033972585179,
              28.616201343333945
            ],
            [
              77.23034131551638,
              28.616198334372758
            ],
            [
              77.23034323175956,
              28.616195477392175
            ],
            [
              77.23034545612686,
              28.61619279990647
            ],
            [
              77.23034796719637,
              28.616190327701293
            ],
            [
              77.2303507407851,
              28.61618808458531
            ],
            [
              77.23050629420078,
              28.616074154859337
            ],
            [
              77.23023811435807,
              28.616017277390956
            ]
          ]
        ]
      }
    },
    {
      "type": "Feature",
      "properties": {
        "parcel_id": "ULPIN-2026-2246-00013",
        "survey_number": "UNSURVEYED-13",
        "area_sqm": 169.44,
        "perimeter_m": 65.62,
        "confidence_score": 0.636,
        "verification_status": "Needs GT Verification",
        "building_count": 1,
        "building_coverage_ratio": 0.242,
        "landuse_class": "Residential",
        "owner_record": "Unregistered / Pending Survey",
        "has_gnss_control": false,
        "tax_assessment_annual_inr": 313464,
        "tax_rate_per_sqm": 1850,
        "lulc_confidence": 0.89
      },
      "geometry": {
        "type": "Polygon",
        "coordinates": [
          [
            [
              77.2298581024876,
              28.61593668076921
            ],
            [
              77.22985936128937,
              28.615930737921733
            ],
            [
              77.22985853839121,
              28.615928470179057
            ],
            [
              77.22985774781598,
              28.615925224436197
            ],
            [
              77.22985732158158,
              28.61592192594465
            ],
            [
              77.22985726379285,
              28.615918606470714
            ],
            [
              77.22985757500629,
              28.61591529798274
            ],
            [
              77.2298582522247,
              28.615912032343257
            ],
            [
              77.2298592889261,
              28.61590884100218
            ],
            [
              77.22986067512642,
              28.615905754693827
            ],
            [
              77.22986239747577,
              28.615902803141065
            ],
            [
              77.22986443938697,
              28.61590001476892
            ],
            [
              77.22986630821711,
              28.615897941220783
            ],
            [
              77.22986643581379,
              28.615897338832056
            ],
            [
              77.22986579137996,
              28.61589619232488
            ],
            [
              77.2298644580788,
              28.615893087922473
            ],
            [
              77.2298634760318,
              28.615889883149723
            ],
            [
              77.22986285469659,
              28.615886608870362
            ],
            [
              77.22986260005692,
              28.615883296617493
            ],
            [
              77.22986271456512,
              28.615879978289918
            ],
            [
              77.22986319711832,
              28.615876685844956
            ],
            [
              77.22986404306928,
              28.615873450990644
            ],
            [
              77.22986524427098,
              28.615870304880392
            ],
            [
              77.22986678915517,
              28.615867277812967
            ],
            [
              77.22986866284371,
              28.615864398940655
            ],
            [
              77.229870847292,
              28.615861695988563
            ],
            [
              77.22987332146255,
              28.615859194987593
            ],
            [
              77.22988586808574,
              28.615847702940957
            ],
            [
              77.22987792227667,
              28.61584824808929
            ],
            [
              77.22987416153316,
              28.61584834271757
            ],
            [
              77.22987040838747,
              28.61584811161856
            ],
            [
              77.22986669898445,
              28.615847557017894
            ],
            [
              77.22986306904772,
              28.615846684256656
            ],
            [
              77.2298595535356,
              28.615845501740026
            ],
            [
              77.22985618630442,
              28.615844020856304
            ],
            [
              77.22985480749196,
              28.6158432571431
            ],
            [
              77.22974594519467,
              28.615850425881227
            ],
            [
              77.22974218413583,
              28.6158505101997
            ],
            [
              77.2297384318215,
              28.615850268813272
            ],
            [
              77.22973472438859,
              28.615849704046617
            ],
            [
              77.2297310975417,
              28.61584882133875
            ],
            [
              77.2297275862094,
              28.615847629190657
            ],
            [
              77.22972422420777,
              28.615846139083363
            ],
            [
              77.22972104391472,
              28.615844365367433
            ],
            [
              77.22971807595826,
              28.61584232512473
            ],
            [
              77.22971534892143,
              28.61584003800393
            ],
            [
              77.22971288906707,
              28.61583752603127
            ],
            [
              77.22971072008495,
              28.615834813398422
            ],
            [
              77.22970886286353,
              28.615831926229557
            ],
            [
              77.22970733528885,
              28.61582889232969
            ],
            [
              77.22970615207227,
              28.615825740916954
            ],
            [
              77.22970532460879,
              28.61582250234118
            ],
            [
              77.22970486086729,
              28.615819207791642
            ],
            [
              77.22970476531384,
              28.61581588899665
            ],
            [
              77.22970503886863,
              28.615812577918014
            ],
            [
              77.22970539079421,
              28.615810779067505
            ],
            [
              77.22970465085278,
              28.61581113105776
            ],
            [
              77.22970118010929,
              28.615812412414424
            ],
            [
              77.2296975837466,
              28.615813387411777
            ],
            [
              77.2296938963997,
              28.61581404666003
            ],
            [
              77.22969015357975,
              28.615814383810267
            ],
            [
              77.22968639133222,
              28.61581439561554
            ],
            [
              77.22968264588964,
              28.615814081962153
            ],
            [
              77.22967895332269,
              28.615813445870764
            ],
            [
              77.22967534919285,
              28.615812493467285
            ],
            [
              77.22967186820988,
              28.615811233923885
            ],
            [
              77.2296685438976,
              28.61580967937067
            ],
            [
              77.22966540827095,
              28.615807844778836
            ],
            [
              77.22966249152775,
              28.615805747816545
            ],
            [
              77.22966219966165,
              28.615805492095983
            ],
            [
              77.22966410246352,
              28.615895534887436
            ],
            [
              77.2298581024876,
              28.61593668076921
            ]
          ]
        ]
      }
    },
    {
      "type": "Feature",
      "properties": {
        "parcel_id": "ULPIN-2026-2246-00014",
        "survey_number": "UNSURVEYED-14",
        "area_sqm": 292.54,
        "perimeter_m": 128.7,
        "confidence_score": 0.64,
        "verification_status": "Needs GT Verification",
        "building_count": 4,
        "building_coverage_ratio": 0.265,
        "landuse_class": "Residential",
        "owner_record": "Unregistered / Pending Survey",
        "has_gnss_control": false,
        "tax_assessment_annual_inr": 541199,
        "tax_rate_per_sqm": 1850,
        "lulc_confidence": 0.954
      },
      "geometry": {
        "type": "Polygon",
        "coordinates": [
          [
            [
              77.23014912774745,
              28.61599840435144
            ],
            [
              77.23014994018445,
              28.615996601367645
            ],
            [
              77.23015166626023,
              28.61599365151029
            ],
            [
              77.23015371169184,
              28.615990865147577
            ],
            [
              77.23015605678071,
              28.615988269113686
            ],
            [
              77.23015867894229,
              28.615985888409824
            ],
            [
              77.23016155292376,
              28.61598374596346
            ],
            [
              77.23031564232015,
              28.615879868789747
            ],
            [
              77.23021493461106,
              28.615815671665853
            ],
            [
              77.23021291052152,
              28.615817562604
            ],
            [
              77.23021007146703,
              28.615819741003968
            ],
            [
              77.23020700410896,
              28.61582166336076
            ],
            [
              77.23020373798767,
              28.615823311161005
            ],
            [
              77.23020030455766,
              28.61582466853548
            ],
            [
              77.23019673688479,
              28.615825722411923
            ],
            [
              77.23019306932773,
              28.615826462640904
            ],
            [
              77.23018933720708,
              28.615826882093607
            ],
            [
              77.23003839583538,
              28.61583723818266
            ],
            [
              77.22997666574656,
              28.61588122959636
            ],
            [
              77.23013821874625,
              28.615872029170532
            ],
            [
              77.23014198057476,
              28.615871978169473
            ],
            [
              77.23014572995416,
              28.615872252779173
            ],
            [
              77.23014943077597,
              28.615872850355007
            ],
            [
              77.23015304739923,
              28.615873765141977
            ],
            [
              77.23015654499396,
              28.61587498833021
            ],
            [
              77.2301598898764,
              28.61587650813972
            ],
            [
              77.23016304983354,
              28.61587830993394
            ],
            [
              77.23016599443329,
              28.61588037636062
            ],
            [
              77.23016869531754,
              28.615882687518948
            ],
            [
              77.23017112647533,
              28.61588522115122
            ],
            [
              77.23017326449323,
              28.61588795285719
            ],
            [
              77.23017508878098,
              28.615890856329056
            ],
            [
              77.23017658176967,
              28.6158939036048
            ],
            [
              77.23017772908099,
              28.615897065337506
            ],
            [
              77.23017851966567,
              28.61590031107799
            ],
            [
              77.23017894590991,
              28.615903609567972
            ],
            [
              77.23017900370871,
              28.61590692904122
            ],
            [
              77.23017869250542,
              28.61591023752938
            ],
            [
              77.23017801529706,
              28.61591350316991
            ],
            [
              77.23017697860544,
              28.615916694512897
            ],
            [
              77.2301755924145,
              28.61591978082397
            ],
            [
              77.23017387007395,
              28.61592273238024
            ],
            [
              77.23017182817087,
              28.61592552075661
            ],
            [
              77.23016948636986,
              28.61592811909947
            ],
            [
              77.23016686722377,
              28.615930502385336
            ],
            [
              77.23016399595637,
              28.615932647661868
            ],
            [
              77.23016090021957,
              28.615934534268856
            ],
            [
              77.23015760982699,
              28.61593614403722
            ],
            [
              77.23015415646694,
              28.615937461464004
            ],
            [
              77.23015057339718,
              28.615938473861657
            ],
            [
              77.23014689512468,
              28.615939171480218
            ],
            [
              77.2301431570732,
              28.615939547601236
            ],
            [
              77.22993296275,
              28.615951518114677
            ],
            [
              77.22993275196256,
              28.61595251325284
            ],
            [
              77.23014912774745,
              28.61599840435144
            ]
          ]
        ]
      }
    },
    {
      "type": "Feature",
      "properties": {
        "parcel_id": "ULPIN-2026-2246-00015",
        "survey_number": "UNSURVEYED-15",
        "area_sqm": 254.14,
        "perimeter_m": 73.07,
        "confidence_score": 0.719,
        "verification_status": "Needs GT Verification",
        "building_count": 1,
        "building_coverage_ratio": 0.792,
        "landuse_class": "Commercial",
        "owner_record": "Unregistered / Pending Survey",
        "has_gnss_control": false,
        "tax_assessment_annual_inr": 1067388,
        "tax_rate_per_sqm": 4200,
        "lulc_confidence": 0.894
      },
      "geometry": {
        "type": "Polygon",
        "coordinates": [
          [
            [
              77.23050629420078,
              28.616074154859337
            ],
            [
              77.23055111891476,
              28.61604132446971
            ],
            [
              77.23055412830347,
              28.61603933204128
            ],
            [
              77.23055734451829,
              28.61603760949227
            ],
            [
              77.23056073658533,
              28.616036173411754
            ],
            [
              77.2305608070175,
              28.616036150783778
            ],
            [
              77.23038055884044,
              28.61592125038264
            ],
            [
              77.23023811435807,
              28.616017277390956
            ],
            [
              77.23050629420078,
              28.616074154859337
            ]
          ]
        ]
      }
    },
    {
      "type": "Feature",
      "properties": {
        "parcel_id": "ULPIN-2026-2246-00016",
        "survey_number": "UNSURVEYED-16",
        "area_sqm": 10062.48,
        "perimeter_m": 1346.56,
        "confidence_score": 0.734,
        "verification_status": "Needs GT Verification",
        "building_count": 4,
        "building_coverage_ratio": 0.897,
        "landuse_class": "Vacant/Green",
        "owner_record": "Unregistered / Pending Survey",
        "has_gnss_control": false,
        "tax_assessment_annual_inr": 4528116,
        "tax_rate_per_sqm": 450,
        "lulc_confidence": 0.904
      },
      "geometry": {
        "type": "Polygon",
        "coordinates": [
          [
            [
              77.23188971913287,
              28.615824707061435
            ],
            [
              77.23187908627078,
              28.615810142154775
            ],
            [
              77.23187720646474,
              28.61580726639394
            ],
            [
              77.23187565514695,
              28.615804241893755
            ],
            [
              77.2318744472574,
              28.615801097781837
            ],
            [
              77.23187359442869,
              28.615797864337708
            ],
            [
              77.23187310487401,
              28.615794572701205
            ],
            [
              77.23187298330802,
              28.6157912545726
            ],
            [
              77.23187323090141,
              28.615787941907286
            ],
            [
              77.23187384526972,
              28.61578466660804
            ],
            [
              77.23187482049616,
              28.61578146021779
            ],
            [
              77.23187614718877,
              28.615778353615802
            ],
            [
              77.23187781257076,
              28.615775376720354
            ],
            [
              77.23187980060354,
              28.61577255820057
            ],
            [
              77.23188209214125,
              28.61576992520032
            ],
            [
              77.23188466511513,
              28.615767503076825
            ],
            [
              77.23188749474605,
              28.61576531515643
            ],
            [
              77.23188954907683,
              28.61576401726596
            ],
            [
              77.23188896609233,
              28.615555953811786
            ],
            [
              77.23170619492416,
              28.615316131851753
            ],
            [
              77.2316696935937,
              28.615284413091157
            ],
            [
              77.23166714570716,
              28.615281970414145
            ],
            [
              77.23166488141801,
              28.615279319128074
            ],
            [
              77.2316629225326,
              28.615276484766305
            ],
            [
              77.23166128791603,
              28.615273494625292
            ],
            [
              77.23165999331053,
              28.61527037750176
            ],
            [
              77.23165905118387,
              28.615267163415297
            ],
            [
              77.23165847060916,
              28.615263883319344
            ],
            [
              77.23165825717766,
              28.615260568803013
            ],
            [
              77.23165841294478,
              28.615257251786915
            ],
            [
              77.23165891567112,
              28.615254094466497
            ],
            [
              77.2316453543816,
              28.615236300027764
            ],
            [
              77.23164407820319,
              28.615236073796773
            ],
            [
              77.2316404800455,
              28.615235104038362
            ],
            [
              77.23163700693308,
              28.615233827738415
            ],
            [
              77.23163369231398,
              28.615232257188396
            ],
            [
              77.23163056810975,
              28.615230407513586
            ],
            [
              77.23162766440825,
              28.615228296527366
            ],
            [
              77.23162500917371,
              28.615225944559707
            ],
            [
              77.23141169734615,
              28.615017467431386
            ],
            [
              77.23120644737661,
              28.615090247584146
            ],
            [
              77.23120660740935,
              28.615090503468796
            ],
            [
              77.23120858902496,
              28.615094569933124
            ],
            [
              77.23121010940342,
              28.615098788209995
            ],
            [
              77.23121115390259,
              28.615103117675126
            ],
            [
              77.23121171246333,
              28.615107516633415
            ],
            [
              77.23121177970634,
              28.615111942720482
            ],
            [
              77.23121135498398,
              28.61511635331071
            ],
            [
              77.23121044238647,
              28.61512070592769
            ],
            [
              77.2312090507026,
              28.615124958653347
            ],
            [
              77.23120719333495,
              28.61512907053159
            ],
            [
              77.23120488817096,
              28.615133001962775
            ],
            [
              77.2312021574106,
              28.615136715085033
            ],
            [
              77.23119902735253,
              28.615140174138958
            ],
            [
              77.2311955281409,
              28.615143345811944
            ],
            [
              77.23098928180254,
              28.615312794755013
            ],
            [
              77.2311278936226,
              28.615366138579205
            ],
            [
              77.23113126422534,
              28.615367613446452
            ],
            [
              77.23113445477189,
              28.615369372740815
            ],
            [
              77.23113743453553,
              28.61537139951936
            ],
            [
              77.23114017481953,
              28.615373674263097
            ],
            [
              77.23114264923346,
              28.615376175065023
            ],
            [
              77.23114483394737,
              28.61537887784105
            ],
            [
              77.23114670792124,
              28.615381756562
            ],
            [
              77.23114825310768,
              28.61538478350422
            ],
            [
              77.23114945462567,
              28.615387929516626
            ],
            [
              77.2311503009039,
              28.615391164301396
            ],
            [
              77.23115078379224,
              28.615394456705793
            ],
            [
              77.23115089864017,
              28.61539777502217
            ],
            [
              77.23115064434158,
              28.615401087293346
            ],
            [
              77.2311500233455,
              28.615404361620318
            ],
            [
              77.23114904163243,
              28.61540756646953
            ],
            [
              77.23114770865678,
              28.61541067097653
            ],
            [
              77.23114603725577,
              28.6154136452432
            ],
            [
              77.2311440435259,
              28.615416460625735
            ],
            [
              77.23114174666787,
              28.615419090010437
            ],
            [
              77.23113916880166,
              28.61542150807487
            ],
            [
              77.23113633475353,
              28.615423691531753
            ],
            [
              77.2311332718169,
              28.615425619353186
            ],
            [
              77.23113000948956,
              28.615427272973164
            ],
            [
              77.2311265791895,
              28.61542863646642
            ],
            [
              77.23112301395243,
              28.615429696701767
            ],
            [
              77.23111934811354,
              28.615430443468526
            ],
            [
              77.23111561697688,
              28.615430869574936
            ],
            [
              77.23111185647538,
              28.61543097091734
            ],
            [
              77.23110810282479,
              28.61543074651976
            ],
            [
              77.2311043921748,
              28.61543019854326
            ],
            [
              77.23110076026107,
              28.615429332265162
            ],
            [
              77.23109724206093,
              28.615428156028212
            ],
            [
              77.23092809821023,
              28.615363062130783
            ],
            [
              77.23089012603143,
              28.615394259376107
            ],
            [
              77.23090862445041,
              28.61555101593185
            ],
            [
              77.23090883003057,
              28.615554330835792
            ],
            [
              77.23090866640585,
              28.615557647558507
            ],
            [
              77.23090862713099,
              28.61555789053221
            ],
            [
              77.23091186489386,
              28.61555859119745
            ],
            [
              77.23103203838063,
              28.615590187376522
            ],
            [
              77.23099479131179,
              28.615562666909906
            ],
            [
              77.23099202871897,
              28.61556041327015
            ],
            [
              77.23098952976014,
              28.61555793154137
            ],
            [
              77.23098731850165,
              28.615555245624016
            ],
            [
              77.2309854162391,
              28.615552381384937
            ],
            [
              77.2309838412923,
              28.615549366408327
            ],
            [
              77.23098260882884,
              28.61554622973009
            ],
            [
              77.23098173071799,
              28.615543001558155
            ],
            [
              77.2309812154164,
              28.615539712981594
            ],
            [
              77.23098106788667,
              28.615536395671192
            ],
            [
              77.23098128954959,
              28.615533081574483
            ],
            [
              77.23098187827034,
              28.615529802608005
            ],
            [
              77.23098282837923,
              28.615526590350022
            ],
            [
              77.23098413072611,
              28.615523475736314
            ],
            [
              77.2309857727687,
              28.61552048876231
            ],
            [
              77.23098773869316,
              28.615517658194182
            ],
            [
              77.23099000956657,
              28.615515011291848
            ],
            [
              77.23099256351917,
              28.61551257354641
            ],
            [
              77.23099537595496,
              28.615510368434666
            ],
            [
              77.23099841978869,
              28.615508417193034
            ],
            [
              77.23100166570657,
              28.615506738613025
            ],
            [
              77.23100508244865,
              28.615505348860275
            ],
            [
              77.23100863710985,
              28.615504261318836
            ],
            [
              77.23101229545688,
              28.615503486462334
            ],
            [
              77.23101602225788,
              28.615503031753022
            ],
            [
              77.23101978162175,
              28.61550290157003
            ],
            [
              77.2310235373438,
              28.61550309716706
            ],
            [
              77.2310272532544,
              28.615503616660416
            ],
            [
              77.23103089356734,
              28.615504455047102
            ],
            [
              77.23103442322444,
              28.61550560425299
            ],
            [
              77.23103780823322,
              28.615507053210617
            ],
            [
              77.23104101599422,
              28.615508787965734
            ],
            [
              77.23104401561493,
              28.615510791811715
            ],
            [
              77.23111926792251,
              28.6155663928866
            ],
            [
              77.2311483987915,
              28.615546651515185
            ],
            [
              77.23114527408414,
              28.615546386974838
            ],
            [
              77.23114158227447,
              28.615545747525278
            ],
            [
              77.23113797927113,
              28.615544791844474
            ],
            [
              77.23113449977299,
              28.61554352913617
            ],
            [
              77.23113117728957,
              28.61554197156092
            ],
            [
              77.23112804381823,
              28.615540134119062
            ],
            [
              77.23112512953601,
              28.615538034506177
            ],
            [
              77.23112246250908,
              28.61553569294269
            ],
            [
              77.23112006842233,
              28.615533131979156
            ],
            [
              77.23111797033212,
              28.615530376279068
            ],
            [
              77.23111618844425,
              28.615527452381336
            ],
            [
              77.23111473991919,
              28.615524388444715
            ],
            [
              77.23111363870704,
              28.615521213976592
            ],
            [
              77.23111289541305,
              28.61551795954885
            ],
            [
              77.2311125171955,
              28.615514656503407
            ],
            [
              77.2311125076968,
              28.615511336650407
            ],
            [
              77.23111286700842,
              28.615508031961852
            ],
            [
              77.23111359166991,
              28.61550477426369
            ],
            [
              77.23111467470241,
              28.615501594929345
            ],
            [
              77.23111610567564,
              28.61549852457752
            ],
            [
              77.23111787080855,
              28.615495592777386
            ],
            [
              77.23111995310191,
              28.61549282776377
            ],
            [
              77.2311223325021,
              28.615490256165238
            ],
            [
              77.23112498609416,
              28.615487902747688
            ],
            [
              77.23112788832256,
              28.615485790175793
            ],
            [
              77.23113101123727,
              28.615483938794778
            ],
            [
              77.2311343247629,
              28.615482366434414
            ],
            [
              77.23113779698842,
              28.615481088237395
            ],
            [
              77.23114139447442,
              28.61548011651344
            ],
            [
              77.23114508257517,
              28.61547946062078
            ],
            [
              77.23114882577228,
              28.615479126875993
            ],
            [
              77.23125519464016,
              28.615474278122853
            ],
            [
              77.23128828529778,
              28.61545185321561
            ],
            [
              77.23129137799211,
              28.615449962748603
            ],
            [
              77.23129466578445,
              28.615448348876747
            ],
            [
              77.23129811701158,
              28.6154470271425
            ],
            [
              77.23130169843628,
              28.61544601027487
            ],
            [
              77.23130537556753,
              28.61544530806685
            ],
            [
              77.23130911299258,
              28.615444927281064
            ],
            [
              77.231312874718,
              28.615444871584693
            ],
            [
              77.23131479007141,
              28.61544500946152
            ],
            [
              77.23140277651616,
              28.61539720460286
            ],
            [
              77.23126744361385,
              28.615269243870852
            ],
            [
              77.23126501473735,
              28.61526670854837
            ],
            [
              77.23126287917603,
              28.6152639753563
            ],
            [
              77.23126105749652,
              28.615261070616803
            ],
            [
              77.23125956724256,
              28.615258022304108
            ],
            [
              77.23125842276609,
              28.61525485977517
            ],
            [
              77.23125763508901,
              28.615251613486862
            ],
            [
              77.23125721179707,
              28.615248314702722
            ],
            [
              77.23125715696675,
              28.61524499519186
            ],
            [
              77.23125747112606,
              28.615241686922968
            ],
            [
              77.23125815124946,
              28.615238421756498
            ],
            [
              77.23125919078693,
              28.61523523113778
            ],
            [
              77.23126057972715,
              28.615232145794202
            ],
            [
              77.23126230469383,
              28.615229195439312
            ],
            [
              77.23126434907456,
              28.615226408486624
            ],
            [
              77.23126669318084,
              28.615223811776005
            ],
            [
              77.23126931443764,
              28.615221430315177
            ],
            [
              77.23127218760081,
              28.6152192870389
            ],
            [
              77.23127528500021,
              28.615217402588087
            ],
            [
              77.23127857680622,
              28.615215795111002
            ],
            [
              77.23128203131697,
              28.615214480088525
            ],
            [
              77.23128561526362,
              28.615213470185022
            ],
            [
              77.23128929413086,
              28.615212775126405
            ],
            [
              77.23129303248923,
              28.615212401606467
            ],
            [
              77.2312967943363,
              28.6152123532224
            ],
            [
              77.23130054344347,
              28.615212630440162
            ],
            [
              77.23130424370483,
              28.615213230590005
            ],
            [
              77.23130785948487,
              28.615214147892157
            ],
            [
              77.23131135596168,
              28.615215373512495
            ],
            [
              77.23131469946232,
              28.61521689564764
            ],
            [
              77.23131785778705,
              28.61521869963862
            ],
            [
              77.23132080051948,
              28.615220768112025
            ],
            [
              77.23132349931954,
              28.615223081147324
            ],
            [
              77.23146938167325,
              28.615361016575825
            ],
            [
              77.23148781140023,
              28.615351003295377
            ],
            [
              77.23149110799964,
              28.615349403479524
            ],
            [
              77.23149456642996,
              28.615348096495612
            ],
            [
              77.23149815338459,
              28.615347094930595
            ],
            [
              77.23150183431923,
              28.615346408430074
            ],
            [
              77.23150557378452,
              28.615346043605424
            ],
            [
              77.23150933576738,
              28.61534600397011
            ],
            [
              77.23151308403791,
              28.61534628990582
            ],
            [
              77.23151678249822,
              28.615346898658842
            ],
            [
              77.2315203955302,
              28.615347824366562
            ],
            [
              77.23152388833834,
              28.615349058113917
            ],
            [
              77.23152722728507,
              28.615350588019243
            ],
            [
              77.23153038021451,
              28.615352399348737
            ],
            [
              77.23153331676225,
              28.615354474658318
            ],
            [
              77.23153600864772,
              28.615356793961634
            ],
            [
              77.23153842994661,
              28.615359334922534
            ],
            [
              77.2315405573405,
              28.615362073070195
            ],
            [
              77.23154237034136,
              28.615364982034773
            ],
            [
              77.23154385148904,
              28.615368033801374
            ],
            [
              77.23154498651922,
              28.615371198979805
            ],
            [
              77.23154576450094,
              28.6153744470877
            ],
            [
              77.23154617794177,
              28.615377746844
            ],
            [
              77.23154622286,
              28.615381066470263
            ],
            [
              77.23154589882301,
              28.615384373996672
            ],
            [
              77.23154520895145,
              28.615387637569935
            ],
            [
              77.2315441598891,
              28.615390825760052
            ],
            [
              77.23154276173896,
              28.615393907863012
            ],
            [
              77.23154102796599,
              28.615396854196447
            ],
            [
              77.23153897526733,
              28.615399636385586
            ],
            [
              77.23153662341156,
              28.61540222763637
            ],
            [
              77.23153399504837,
              28.615404602993657
            ],
            [
              77.23153111549028,
              28.615406739581424
            ],
            [
              77.23152801246906,
              28.615408616823146
            ],
            [
              77.23150953170105,
              28.615418657838084
            ],
            [
              77.23150912146725,
              28.615420627327715
            ],
            [
              77.23150808193606,
              28.61542381794795
            ],
            [
              77.23150669300112,
              28.61542690329372
            ],
            [
              77.23150496803868,
              28.615429853651445
            ],
            [
              77.231502923661,
              28.615432640607555
            ],
            [
              77.23150057955655,
              28.615435237322124
            ],
            [
              77.23149795830034,
              28.61543761878736
            ],
            [
              77.23149508513646,
              28.61543976206844
            ],
            [
              77.2314919877351,
              28.61544164652437
            ],
            [
              77.23148869592589,
              28.615443254006806
            ],
            [
              77.23148524141082,
              28.61544456903478
            ],
            [
              77.23148165745876,
              28.615445578943874
            ],
            [
              77.23147797858513,
              28.615446274008075
            ],
            [
              77.23147424021957,
              28.61544664753353
            ],
            [
              77.23147047836457,
              28.61544669592298
            ],
            [
              77.23146672924891,
              28.615446418710423
            ],
            [
              77.23146302897867,
              28.615445818565544
            ],
            [
              77.23146065163412,
              28.615445215451818
            ],
            [
              77.23142239130529,
              28.61546600310759
            ],
            [
              77.23142624263448,
              28.615506146841195
            ],
            [
              77.23142933229981,
              28.615506146733626
            ],
            [
              77.23143307645495,
              28.615506472006636
            ],
            [
              77.23143676645013,
              28.615507119551108
            ],
            [
              77.2314403667487,
              28.61550808313082
            ],
            [
              77.23144384267786,
              28.615509353465992
            ],
            [
              77.23144716076254,
              28.615510918322606
            ],
            [
              77.23145028904779,
              28.61551276263025
            ],
            [
              77.23145319740651,
              28.615514868627237
            ],
            [
              77.23145585782964,
              28.615517216031694
            ],
            [
              77.23145824469589,
              28.615519782236838
            ],
            [
              77.23146033501835,
              28.615522542528733
            ],
            [
              77.23146210866612,
              28.615525470324272
            ],
            [
              77.23146354855798,
              28.615528537427185
            ],
            [
              77.23146464082693,
              28.61553171429962
            ],
            [
              77.23146537495381,
              28.615534970346577
            ],
            [
              77.23146574386857,
              28.615538274210525
            ],
            [
              77.2314657440183,
              28.615541594073473
            ],
            [
              77.23146537540151,
              28.615544897963318
            ],
            [
              77.2314646415682,
              28.615548154061813
            ],
            [
              77.23146354958548,
              28.615551331010913
            ],
            [
              77.23146210996977,
              28.615554398214886
            ],
            [
              77.2314603365853,
              28.615557326134848
            ],
            [
              77.23145984071495,
              28.615557981049115
            ],
            [
              77.23146006825203,
              28.615560013189153
            ],
            [
              77.23146006866101,
              28.615561182720437
            ],
            [
              77.23152149883073,
              28.61551274126377
            ],
            [
              77.23152442377521,
              28.61551065322931
            ],
            [
              77.23152756657107,
              28.61550882823225
            ],
            [
              77.2315308969515,
              28.615507283848302
            ],
            [
              77.23153438284311,
              28.6155060349507
            ],
            [
              77.23153799067488,
              28.61550509356701
            ],
            [
              77.23154168570149,
              28.615504468763252
            ],
            [
              77.2315454323378,
              28.615504166556633
            ],
            [
              77.23154919450168,
              28.615504189857553
            ],
            [
              77.23155293596152,
              28.61550453844161
            ],
            [
              77.231556620685,
              28.61550520895176
            ],
            [
              77.23156021318628,
              28.615506194930617
            ],
            [
              77.23156367886764,
              28.615507486882677
            ],
            [
              77.2315669843527,
              28.615509072365754
            ],
            [
              77.23157009780782,
              28.615510936110766
            ],
            [
              77.23157298924878,
              28.615513060168876
            ],
            [
              77.23157563082941,
              28.61551542408423
            ],
            [
              77.23157799710985,
              28.615518005091054
            ],
            [
              77.23158006530153,
              28.61552077833287
            ],
            [
              77.2315818154866,
              28.615523717101837
            ],
            [
              77.23158323080985,
              28.61552679309603
            ],
            [
              77.23158429764086,
              28.615529976691956
            ],
            [
              77.23158500570547,
              28.61553323722985
            ],
            [
              77.2315853481846,
              28.615536543308956
            ],
            [
              77.23158532177993,
              28.61553986308994
            ],
            [
              77.23158492674575,
              28.615543164601476
            ],
            [
              77.2315841668864,
              28.61554641604823
            ],
            [
              77.23158304951973,
              28.615549586116977
            ],
            [
              77.23158158540653,
              28.615552644278203
            ],
            [
              77.231579788647,
              28.615555561080146
            ],
            [
              77.2315776765449,
              28.61555830843239
            ],
            [
              77.23157526944091,
              28.615560859876428
            ],
            [
              77.23157259051675,
              28.615563190840447
            ],
            [
              77.23154231641638,
              28.61558706384459
            ],
            [
              77.23162894736497,
              28.6155677274498
            ],
            [
              77.23163263562411,
              28.615567072241852
            ],
            [
              77.23163637890282,
              28.615566739191923
            ],
            [
              77.23164014115136,
              28.615566731507446
            ],
            [
              77.23164388613723,
              28.615567049262445
            ],
            [
              77.2316475777942,
              28.615567689396755
            ],
            [
              77.23165118056966,
              28.61556864574554
            ],
            [
              77.23165465976692,
              28.61556990909865
            ],
            [
              77.23165798187941,
              28.615571467289303
            ],
            [
              77.23166111491344,
              28.6155733053113
            ],
            [
              77.23166402869616,
              28.615575405463474
            ],
            [
              77.23166669516625,
              28.615577747520245
            ],
            [
              77.2316690886442,
              28.61558030892633
            ],
            [
              77.23167118607945,
              28.615583065014004
            ],
            [
              77.23167296727259,
              28.615585989240667
            ],
            [
              77.23167441506969,
              28.61558905344441
            ],
            [
              77.23167551552767,
              28.6155922281153
            ],
            [
              77.2316762580485,
              28.615595482679524
            ],
            [
              77.23167663548125,
              28.615598785793864
            ],
            [
              77.23167664419103,
              28.615602105647522
            ],
            [
              77.2316762840939,
              28.6156054102685
            ],
            [
              77.23167555865776,
              28.61560866783148
            ],
            [
              77.23167447486892,
              28.615611846964356
            ],
            [
              77.23167304316485,
              28.615614917050337
            ],
            [
              77.23167127733362,
              28.6156178485228
            ],
            [
              77.23166919438108,
              28.615620613150046
            ],
            [
              77.23166681436724,
              28.615623184307204
            ],
            [
              77.2316641602129,
              28.615625537232603
            ],
            [
              77.23166125747903,
              28.615627649266273
            ],
            [
              77.23165813412052,
              28.615629500068152
            ],
            [
              77.23165482021706,
              28.615631071814
            ],
            [
              77.23165134768335,
              28.615632349367033
            ],
            [
              77.23164774996184,
              28.615633320423694
            ],
            [
              77.23144283161024,
              28.615679058977445
            ],
            [
              77.23144447906762,
              28.61569623090344
            ],
            [
              77.23144461210696,
              28.615699548690067
            ],
            [
              77.23144437596996,
              28.6157028620074
            ],
            [
              77.23144377293075,
              28.615706138946393
            ],
            [
              77.23144280879688,
              28.615709347948314
            ],
            [
              77.23144149285346,
              28.61571245810872
            ],
            [
              77.2314398377737,
              28.61571543947506
            ],
            [
              77.23143785949692,
              28.615718263335136
            ],
            [
              77.23143557707499,
              28.615720902493614
            ],
            [
              77.23143301248884,
              28.61572333153395
            ],
            [
              77.23143019043687,
              28.615725527063123
            ],
            [
              77.23142713809695,
              28.615727467937003
            ],
            [
              77.23142388486481,
              28.615729135463873
            ],
            [
              77.23142046207087,
              28.615730513584538
            ],
            [
              77.23141690267853,
              28.615731589026918
            ],
            [
              77.2314132409667,
              28.61573235143391
            ],
            [
              77.2314095121997,
              28.615732793463113
            ],
            [
              77.23140575228764,
              28.615732910857528
            ],
            [
              77.23140199744054,
              28.615732702486593
            ],
            [
              77.2313982838197,
              28.61573217035703
            ],
            [
              77.23139464718932,
              28.615731319593532
            ],
            [
              77.23139112257216,
              28.61573015838944
            ],
            [
              77.23138774391226,
              28.61572869792776
            ],
            [
              77.231384543748,
              28.615726952273587
            ],
            [
              77.2313815528987,
              28.615724938238507
            ],
            [
              77.2313788001679,
              28.615722675218812
            ],
            [
              77.2313763120659,
              28.61572018500862
            ],
            [
              77.23137521091067,
              28.61571883658556
            ],
            [
              77.23135640638178,
              28.615733665055124
            ],
            [
              77.23147369944694,
              28.61581833950145
            ],
            [
              77.23148800781311,
              28.615808607604055
            ],
            [
              77.23149109673727,
              28.615806712330908
            ],
            [
              77.23149438131216,
              28.615805093349056
            ],
            [
              77.23149782990554,
              28.615803766250156
            ],
            [
              77.23150140930561,
              28.615802743814893
            ],
            [
              77.2315050850408,
              28.61580203588987
            ],
            [
              77.23150882171181,
              28.615801649292766
            ],
            [
              77.23151258333249,
              28.615801587746738
            ],
            [
              77.2315163336764,
              28.6158018518445
            ],
            [
              77.23152003662572,
              28.615802439042636
            ],
            [
              77.23152365651907,
              28.615803343686125
            ],
            [
              77.23152715849491,
              28.615804557062752
            ],
            [
              77.23153050882735,
              28.61580606748704
            ],
            [
              77.23153367525084,
              28.615807860412804
            ],
            [
              77.23153662727104,
              28.6158099185732
            ],
            [
              77.23153933645838,
              28.615812222147014
            ],
            [
              77.2315417767219,
              28.615814748949617
            ],
            [
              77.23154392456055,
              28.6158174746465
            ],
            [
              77.23154575928943,
              28.615820372987745
            ],
            [
              77.23154726323911,
              28.615823416060756
            ],
            [
              77.23154842192568,
              28.615826574559087
            ],
            [
              77.23154922419035,
              28.615829818064682
            ],
            [
              77.23154966230683,
              28.615833115340816
            ],
            [
              77.23154973205581,
              28.615836434632925
            ],
            [
              77.2315494327655,
              28.61583974397441
            ],
            [
              77.23154876731822,
              28.61584301149451
            ],
            [
              77.23154774212254,
              28.615846205725212
            ],
            [
              77.23154636705165,
              28.61584929590431
            ],
            [
              77.23154465534817,
              28.615852252271697
            ],
            [
              77.23154262349674,
              28.61585504635594
            ],
            [
              77.23154029106519,
              28.61585765124844
            ],
            [
              77.23153768051608,
              28.615860041862657
            ],
            [
              77.23153481699045,
              28.615862195175648
            ],
            [
              77.23153462777852,
              28.615862323869028
            ],
            [
              77.23154826687201,
              28.615872169967382
            ],
            [
              77.23155105841926,
              28.615874395658466
            ],
            [
              77.2315535892971,
              28.61587685207662
            ],
            [
              77.23155583513179,
              28.6158795155652
            ],
            [
              77.2315577742947,
              28.61588236047338
            ],
            [
              77.23155938811063,
              28.615885359403144
            ],
            [
              77.23156066103759,
              28.61588848347319
            ],
            [
              77.23156158081663,
              28.615891702597015
            ],
            [
              77.23156213858971,
              28.615894985772695
            ],
            [
              77.23156232898513,
              28.615898301381463
            ],
            [
              77.23156215016928,
              28.615901617492224
            ],
            [
              77.2315616038642,
              28.615904902168978
            ],
            [
              77.23156069533105,
              28.615908123778528
            ],
            [
              77.23155943331952,
              28.615911251294982
            ],
            [
              77.23155782998339,
              28.615914254598653
            ],
            [
              77.23155590076368,
              28.615917104766066
            ],
            [
              77.23155366423977,
              28.615919774348544
            ],
            [
              77.23155114195065,
              28.615922237636536
            ],
            [
              77.2315483581873,
              28.615924470907206
            ],
            [
              77.23154533975888,
              28.61592645265292
            ],
            [
              77.23154211573453,
              28.615928163788393
            ],
            [
              77.23153871716339,
              28.61592958783442
            ],
            [
              77.23153517677554,
              28.615930711076647
            ],
            [
              77.23153152866692,
              28.61593152269764
            ],
            [
              77.2315278079708,
              28.61593201488102
            ],
            [
              77.2315240505196,
              28.615932182886787
            ],
            [
              77.23152029249962,
              28.615932025096964
            ],
            [
              77.23151657010268,
              28.615931543031145
            ],
            [
              77.23151291917759,
              28.61593074133188
            ],
            [
              77.23150937488471,
              28.615929627719993
            ],
            [
              77.23150597135758,
              28.61592821292018
            ],
            [
              77.23150274137406,
              28.615926510557735
            ],
            [
              77.23149971604066,
              28.615924537027364
            ],
            [
              77.23147227936231,
              28.615904730406744
            ],
            [
              77.23132817418264,
              28.61600274391842
            ],
            [
              77.2313250852498,
              28.616004639188283
            ],
            [
              77.23132180066601,
              28.616006258166482
            ],
            [
              77.23131835206367,
              28.616007585261347
            ],
            [
              77.23131477265467,
              28.61600860769223
            ],
            [
              77.23131109691073,
              28.616009315612544
            ],
            [
              77.23130736023128,
              28.616009702204614
            ],
            [
              77.23130359860268,
              28.61600976374537
            ],
            [
              77.23129984825142,
              28.616009499642104
            ],
            [
              77.23129614529554,
              28.6160089124383
            ],
            [
              77.23129252539654,
              28.616008007789038
            ],
            [
              77.23128902341604,
              28.616006794406605
            ],
            [
              77.23128567308007,
              28.616005283976538
            ],
            [
              77.2312825066542,
              28.616003491045124
            ],
            [
              77.23127955463288,
              28.61600143287927
            ],
            [
              77.23127684544568,
              28.615999129300267
            ],
            [
              77.23127440518358,
              28.61599660249285
            ],
            [
              77.23127225734763,
              28.615993876791563
            ],
            [
              77.23127042262264,
              28.615990978446433
            ],
            [
              77.231268918678,
              28.6159879353701
            ],
            [
              77.23126775999751,
              28.61598477686908
            ],
            [
              77.23126695773986,
              28.615981533361474
            ],
            [
              77.23126651963119,
              28.615978236084032
            ],
            [
              77.23126644989071,
              28.61597491679135
            ],
            [
              77.23126674919004,
              28.61597160745004
            ],
            [
              77.2312674146467,
              28.615968339930856
            ],
            [
              77.23126843985193,
              28.6159651457018
            ],
            [
              77.23126981493245,
              28.61596205552502
            ],
            [
              77.23127152664543,
              28.615959099160627
            ],
            [
              77.23127355850615,
              28.615956305079983
            ],
            [
              77.23127589094663,
              28.61595370019163
            ],
            [
              77.23127850150418,
              28.61595130958203
            ],
            [
              77.23128136503774,
              28.615949156274052
            ],
            [
              77.23141135102898,
              28.61586074601128
            ],
            [
              77.23130257351659,
              28.615782218945625
            ],
            [
              77.23130196198876,
              28.615782187098862
            ],
            [
              77.23129824606741,
              28.615781667613685
            ],
            [
              77.2312961458834,
              28.615781183934317
            ],
            [
              77.23128394362442,
              28.61579080611125
            ],
            [
              77.23128101866743,
              28.615792894141133
            ],
            [
              77.23127787585878,
              28.61579471913311
            ],
            [
              77.23127454546542,
              28.61579626351149
            ],
            [
              77.23127105956091,
              28.615797512403052
            ],
            [
              77.2312674517164,
              28.615798453780286
            ],
            [
              77.23126375667748,
              28.615799078577194
            ],
            [
              77.2312600100294,
              28.615799380776636
            ],
            [
              77.23125624785445,
              28.615799357468266
            ],
            [
              77.2312525063845,
              28.615799008876543
            ],
            [
              77.23124882165195,
              28.615798338358612
            ],
            [
              77.23124522914284,
              28.61579735237192
            ],
            [
              77.23124176345502,
              28.61579606041207
            ],
            [
              77.23123845796499,
              28.615794474921355
            ],
            [
              77.23123534450646,
              28.61579261116892
            ],
            [
              77.23123245306371,
              28.615790487103734
            ],
            [
              77.23122981148296,
              28.61578812318173
            ],
            [
              77.23122744520408,
              28.61578554216878
            ],
            [
              77.2312253770156,
              28.61578276892146
            ],
            [
              77.23122362683532,
              28.615779830147666
            ],
            [
              77.23122221151837,
              28.615776754149426
            ],
            [
              77.23122114469507,
              28.615773570550296
            ],
            [
              77.23122043663943,
              28.615770310010074
            ],
            [
              77.2312200941704,
              28.615767003929545
            ],
            [
              77.2312201205861,
              28.615763684148096
            ],
            [
              77.23122051563212,
              28.615760382637042
            ],
            [
              77.2312212755039,
              28.615757131191714
            ],
            [
              77.23122239288342,
              28.61575396112532
            ],
            [
              77.2312238570097,
              28.615750902967328
            ],
            [
              77.23122565378236,
              28.615747986169453
            ],
            [
              77.23122776589746,
              28.615745238822043
            ],
            [
              77.2312301730142,
              28.615742687383545
            ],
            [
              77.23123285195068,
              28.615740356425693
            ],
            [
              77.23123402769637,
              28.615739429283703
            ],
            [
              77.23121193766285,
              28.61572310786935
            ],
            [
              77.23105998175704,
              28.615822561640563
            ],
            [
              77.23105685362117,
              28.61582440615883
            ],
            [
              77.23105353566092,
              28.615825971238625
            ],
            [
              77.23105005983011,
              28.615827241807363
            ],
            [
              77.23104645960291,
              28.615828205628763
            ],
            [
              77.23104276965147,
              28.615828853420673
            ],
            [
              77.23103902551209,
              28.615829178944512
            ],
            [
              77.23103526324292,
              28.615829179065297
            ],
            [
              77.2310315190767,
              28.61582885378186
            ],
            [
              77.23102782907182,
              28.615828206226876
            ],
            [
              77.23102422876511,
              28.61582724263662
            ],
            [
              77.23102075282948,
              28.615825972291045
            ],
            [
              77.23101743474014,
              28.61582440742424
            ],
            [
              77.23101430645211,
              28.61582256310677
            ],
            [
              77.23101139809256,
              28.61582045710043
            ],
            [
              77.23100873767055,
              28.615818109687215
            ],
            [
              77.23100635080743,
              28.615815543474014
            ],
            [
              77.23100426048998,
              28.61581278317489
            ],
            [
              77.23100248684909,
              28.61580985537303
            ],
            [
              77.23100104696589,
              28.615806788264802
            ],
            [
              77.23099995470719,
              28.61580361138812
            ],
            [
              77.23099922059204,
              28.615800355338074
            ],
            [
              77.2309988516903,
              28.615797051472207
            ],
            [
              77.2309988515547,
              28.615793731608562
            ],
            [
              77.2309992201865,
              28.61579042771923
            ],
            [
              77.23099995403554,
              28.61578717162249
            ],
            [
              77.23100104603441,
              28.61578399467631
            ],
            [
              77.23100248566655,
              28.61578092747642
            ],
            [
              77.23100425906748,
              28.615777999561626
            ],
            [
              77.23100634915835,
              28.615775239129334
            ],
            [
              77.23100873581043,
              28.615772672764
            ],
            [
              77.23101139603897,
              28.615770325181106
            ],
            [
              77.23101430422447,
              28.61576821898916
            ],
            [
              77.23114571981542,
              28.615682208718834
            ],
            [
              77.23114505822483,
              28.61568248837339
            ],
            [
              77.23114152219715,
              28.615683622241374
            ],
            [
              77.23113787724766,
              28.615684444813336
            ],
            [
              77.23113415847929,
              28.61568494816746
            ],
            [
              77.23113040170583,
              28.615685127456143
            ],
            [
              77.23112664310706,
              28.615684980952746
            ],
            [
              77.23112291888044,
              28.615684510068185
            ],
            [
              77.2311192648923,
              28.615683719337312
            ],
            [
              77.23095461407124,
              28.61564042924693
            ],
            [
              77.23091795382805,
              28.615843224483495
            ],
            [
              77.2310729732117,
              28.616023912400067
            ],
            [
              77.23107509417822,
              28.61602665443628
            ],
            [
              77.23107690034882,
              28.61602956671359
            ],
            [
              77.23107837432906,
              28.61603262118519
            ],
            [
              77.23107950192369,
              28.61603578843488
            ],
            [
              77.23108027227332,
              28.61603903796032
            ],
            [
              77.23108067795904,
              28.616042338466798
            ],
            [
              77.23108071507386,
              28.61604565816865
            ],
            [
              77.23108038326028,
              28.616048965095327
            ],
            [
              77.23107968571382,
              28.61605222739932
            ],
            [
              77.23107862915221,
              28.616055413662853
            ],
            [
              77.23107722375066,
              28.616058493200473
            ],
            [
              77.23107548304397,
              28.616061436354514
            ],
            [
              77.23107342379603,
              28.616064214780806
            ],
            [
              77.23107106583853,
              28.616066801721562
            ],
            [
              77.2310684318799,
              28.616069172263117
            ],
            [
              77.23106554728658,
              28.616071303575836
            ],
            [
              77.23106243983877,
              28.61607317513401
            ],
            [
              77.2310591394629,
              28.616074768913485
            ],
            [
              77.23105567794346,
              28.616076069565285
            ],
            [
              77.23105208861674,
              28.61607706456341
            ],
            [
              77.23104840604995,
              28.616077744325473
            ],
            [
              77.2310446657083,
              28.616078102304993
            ],
            [
              77.23104090361332,
              28.616078135054405
            ],
            [
              77.23103715599609,
              28.616077842258345
            ],
            [
              77.23103345894823,
              28.616077226736568
            ],
            [
              77.23102984807437,
              28.61607629441691
            ],
            [
              77.23102635814925,
              28.616075054278113
            ],
            [
              77.23102302278276,
              28.616073518263413
            ],
            [
              77.23101987409635,
              28.61607170116546
            ],
            [
              77.23101694241358,
              28.616069620483945
            ],
            [
              77.23101425596818,
              28.616067296256965
            ],
            [
              77.23101184063209,
              28.616064750868105
            ],
            [
              77.2308576273028,
              28.615885002365395
            ],
            [
              77.23085679531951,
              28.61588459958276
            ],
            [
              77.23085369012303,
              28.615882725123807
            ],
            [
              77.23085346638447,
              28.615882559456175
            ],
            [
              77.23057221461946,
              28.615962653480846
            ],
            [
              77.23056858179667,
              28.61596351684957
            ],
            [
              77.23056487056469,
              28.61596406185369
            ],
            [
              77.23056111666473,
              28.61596428324452
            ],
            [
              77.23055735624892,
              28.615964178889946
            ],
            [
              77.23055362553217,
              28.615963749794947
            ],
            [
              77.23054996044335,
              28.61596300009195
            ],
            [
              77.23054639627932,
              28.61596193700101
            ],
            [
              77.23054296736491,
              28.615960570760283
            ],
            [
              77.23053970672252,
              28.615958914527422
            ],
            [
              77.2305366457539,
              28.615956984252865
            ],
            [
              77.23053381393788,
              28.61595479852622
            ],
            [
              77.2305312385464,
              28.61595237839727
            ],
            [
              77.23052894438189,
              28.615949747173165
            ],
            [
              77.23052695353842,
              28.615946930194056
            ],
            [
              77.23052528518883,
              28.615943954589014
            ],
            [
              77.23052395540029,
              28.61594084901474
            ],
            [
              77.23052297697932,
              28.615937643379645
            ],
            [
              77.23052235934861,
              28.61593436855573
            ],
            [
              77.2305221084563,
              28.61593105608137
            ],
            [
              77.23052222671855,
              28.61592773785749
            ],
            [
              77.2305227129964,
              28.61592444584042
            ],
            [
              77.2305235626067,
              28.61592121173406
            ],
            [
              77.2305247673672,
              28.615918066684635
            ],
            [
              77.23052631567536,
              28.615915040980678
            ],
            [
              77.23052819262014,
              28.615912163761358
            ],
            [
              77.23053038012549,
              28.615909462735853
            ],
            [
              77.23053285712452,
              28.615906963916515
            ],
            [
              77.23053559976235,
              28.615904691368314
            ],
            [
              77.23053858162592,
              28.615902666977128
            ],
            [
              77.23054177399823,
              28.61590091023892
            ],
            [
              77.23054514613503,
              28.615899438072034
            ],
            [
              77.23054866556079,
              28.615898264654234
            ],
            [
              77.23084564826506,
              28.61581369081566
            ],
            [
              77.23088071292433,
              28.615619722682265
            ],
            [
              77.23087977617054,
              28.61561923277162
            ],
            [
              77.2308767432554,
              28.615617268331977
            ],
            [
              77.23087394315209,
              28.61561505103028
            ],
            [
              77.23087140282713,
              28.615612602220384
            ],
            [
              77.23086914674525,
              28.61560994548568
            ],
            [
              77.23086719663375,
              28.61560710641199
            ],
            [
              77.23086557127323,
              28.61560411234116
            ],
            [
              77.2308642863168,
              28.615600992107733
            ],
            [
              77.23086335413926,
              28.615597775761287
            ],
            [
              77.23086278371797,
              28.61559449427701
            ],
            [
              77.23086258054634,
              28.61559117925737
            ],
            [
              77.23086274658102,
              28.61558786262785
            ],
            [
              77.23086278269805,
              28.615587640210364
            ],
            [
              77.23085956935907,
              28.615586946755496
            ],
            [
              77.23085602000468,
              28.6155858457931
            ],
            [
              77.2308526100349,
              28.615584443143067
            ],
            [
              77.23084937228967,
              28.615582752313706
            ],
            [
              77.23084633795021,
              28.615580789588627
            ],
            [
              77.23084353623892,
              28.615578573869957
            ],
            [
              77.23084099413781,
              28.615576126496308
            ],
            [
              77.23083873612867,
              28.615573471037234
            ],
            [
              77.2308367839574,
              28.61557063306627
            ],
            [
              77.23083515642443,
              28.615567639914648
            ],
            [
              77.2308338692038,
              28.61556452040806
            ],
            [
              77.2308329346921,
              28.615561304589075
            ],
            [
              77.23083236188917,
              28.615558023427795
            ],
            [
              77.23081985003701,
              28.615451996769476
            ],
            [
              77.23068898347128,
              28.61555951394423
            ],
            [
              77.23068514877635,
              28.615562367678407
            ],
            [
              77.23068101555742,
              28.61556487600236
            ],
            [
              77.2306766236197,
              28.61556701475956
            ],
            [
              77.23067201525993,
              28.615568763352563
            ],
            [
              77.23066723485918,
              28.615570104941447
            ],
            [
              77.2306623284554,
              28.615571026605963
            ],
            [
              77.23065734329998,
              28.615571519469967
            ],
            [
              77.23065232740275,
              28.615571578786874
            ],
            [
              77.23064732906961,
              28.615571203985454
            ],
            [
              77.23064239643729,
              28.615570398675246
            ],
            [
              77.2306375770098,
              28.615569170611828
            ],
            [
              77.23063291720092,
              28.615567531622133
            ],
            [
              77.2306284618872,
              28.615565497490543
            ],
            [
              77.2306242539758,
              28.615563087806876
            ],
            [
              77.23062033399123,
              28.615560325777743
            ],
            [
              77.23061673968506,
              28.615557238003
            ],
            [
              77.2306135056725,
              28.615553854219637
            ],
            [
              77.2306106630988,
              28.615550207015364
            ],
            [
              77.23060823933949,
              28.615546331514786
            ],
            [
              77.23060625773668,
              28.615542265041107
            ],
            [
              77.23060473737424,
              28.615538046756726
            ],
            [
              77.23060369289405,
              28.615533717286027
            ],
            [
              77.23060313435496,
              28.615529318324203
            ],
            [
              77.23060306713596,
              28.61552489223568
            ],
            [
              77.23060349188432,
              28.615520481646108
            ],
            [
              77.23060440450948,
              28.61551612903186
            ],
            [
              77.23060579622222,
              28.615511876311007
            ],
            [
              77.23060765361959,
              28.615507764439556
            ],
            [
              77.23060995881374,
              28.61550383301705
            ],
            [
              77.23061268960441,
              28.615500119905228
            ],
            [
              77.23061581969253,
              28.615496660863368
            ],
            [
              77.23061931893363,
              28.615493489203892
            ],
            [
              77.23083895827043,
              28.61531303813757
            ],
            [
              77.23083875943287,
              28.615312278098035
            ],
            [
              77.23083827655476,
              28.615308985691925
            ],
            [
              77.23083816171696,
              28.61530566737469
            ],
            [
              77.23083841602538,
              28.615302355103534
            ],
            [
              77.23083903703086,
              28.61529908077744
            ],
            [
              77.23084001875273,
              28.615295875929956
            ],
            [
              77.23084135173647,
              28.615292771425523
            ],
            [
              77.23084302314466,
              28.61528979716218
            ],
            [
              77.23084501688074,
              28.61528698178372
            ],
            [
              77.23084731374388,
              28.61528435240376
            ],
            [
              77.23084989161404,
              28.615281934344644
            ],
            [
              77.23085272566495,
              28.615279750893595
            ],
            [
              77.2308557886031,
              28.615277823078426
            ],
            [
              77.23085905093075,
              28.615276169465034
            ],
            [
              77.23086248122992,
              28.615274805978615
            ],
            [
              77.23086604646498,
              28.615273745750248
            ],
            [
              77.2308697123008,
              28.615272998990534
            ],
            [
              77.23087149138266,
              28.615272795817464
            ],
            [
              77.23087054061806,
              28.615272434787222
            ],
            [
              77.23086724717118,
              28.61527082992514
            ],
            [
              77.23086414784865,
              28.615268947934815
            ],
            [
              77.23086127249866,
              28.615266806940856
            ],
            [
              77.23085864881239,
              28.61526442756222
            ],
            [
              77.23085630205739,
              28.61526183271363
            ],
            [
              77.23085425483417,
              28.615259047384928
            ],
            [
              77.23085252685861,
              28.61525609840036
            ],
            [
              77.23085113477205,
              28.615253014160263
            ],
            [
              77.23085009198101,
              28.615249824367584
            ],
            [
              77.23084940852812,
              28.61524655974177
            ],
            [
              77.23084909099535,
              28.61524325172296
            ],
            [
              77.23084914244069,
              28.61523993216918
            ],
            [
              77.23084956236868,
              28.615236633049562
            ],
            [
              77.23085034673511,
              28.615233386136435
            ],
            [
              77.2308514879861,
              28.615230222699324
            ],
            [
              77.23085297513076,
              28.61522717320386
            ],
            [
              77.230854793847,
              28.61522426701834
            ],
            [
              77.23085692661962,
              28.61522153213092
            ],
            [
              77.23085935290882,
              28.61521899488002
            ],
            [
              77.23086892188965,
              28.615209930800827
            ],
            [
              77.23073325214013,
              28.615258037651927
            ],
            [
              77.23073525111543,
              28.615279396814174
            ],
            [
              77.23073537641152,
              28.61528271483694
            ],
            [
              77.23073513254381,
              28.615286027719595
            ],
            [
              77.23073452186087,
              28.615289303557265
            ],
            [
              77.23073355024387,
              28.61529251080185
            ],
            [
              77.23073222704997,
              28.61529561856581
            ],
            [
              77.23073056502224,
              28.61529859691969
            ],
            [
              77.23072858016687,
              28.615301417180294
            ],
            [
              77.23072629159911,
              28.615304052186943
            ],
            [
              77.23072372135908,
              28.6153064765631
            ],
            [
              77.23072089419964,
              28.615308666960654
            ],
            [
              77.23071783734784,
              28.61531060228487
            ],
            [
              77.23071458024285,
              28.61531226389751
            ],
            [
              77.23071115425239,
              28.615313635796326
            ],
            [
              77.23070759237065,
              28.61531470476916
            ],
            [
              77.23070392890051,
              28.61531546052121
            ],
            [
              77.23070019912325,
              28.61531589577416
            ],
            [
              77.23069643895866,
              28.615316006336297
            ],
            [
              77.23069268461923,
              28.615315791142816
            ],
            [
              77.23068897226133,
              28.615315252266175
            ],
            [
              77.23068533763706,
              28.615314394896036
            ],
            [
              77.23068181574982,
              28.615313227289356
            ],
            [
              77.23067844051737,
              28.615311760690822
            ],
            [
              77.23067524444507,
              28.615310009224615
            ],
            [
              77.23067225831285,
              28.615307989758303
            ],
            [
              77.2306695108788,
              28.615305721740473
            ],
            [
              77.23066702860221,
              28.615303227013396
            ],
            [
              77.2306648353888,
              28.61530052960266
            ],
            [
              77.23066295236036,
              28.615297655485833
            ],
            [
              77.23066139765147,
              28.615294632342238
            ],
            [
              77.23066018623486,
              28.615291489286406
            ],
            [
              77.23065932977704,
              28.615288256587704
            ],
            [
              77.23065918005685,
              28.6152872575821
            ],
            [
              77.23065686034327,
              28.61528821672054
            ],
            [
              77.23065331348151,
              28.615289323896373
            ],
            [
              77.23064966071554,
              28.61529011896649
            ],
            [
              77.23063979404066,
              28.615291818256242
            ],
            [
              77.2306318740401,
              28.615299306426124
            ],
            [
              77.23062827554293,
              28.615302390389704
            ],
            [
              77.23062435181167,
              28.61530514826278
            ],
            [
              77.23062014063404,
              28.61530755348553
            ],
            [
              77.230615682566,
              28.615309582894298
            ],
            [
              77.23061102054119,
              28.61531121694474
            ],
            [
              77.23060619945753,
              28.61531243990006
            ],
            [
              77.23060126574472,
              28.615313239982484
            ],
            [
              77.23059626691719,
              28.615313609486783
            ],
            [
              77.23059125111641,
              28.615313544854423
            ],
            [
              77.23058626664736,
              28.615313046707847
            ],
            [
              77.23058136151329,
              28.615312119844464
            ],
            [
              77.23058100980907,
              28.615312020730133
            ],
            [
              77.23019041694619,
              28.61545051867914
            ],
            [
              77.23018945541821,
              28.615452580017685
            ],
            [
              77.23019154430577,
              28.615452460287315
            ],
            [
              77.23019530447614,
              28.615452570852106
            ],
            [
              77.23019903425889,
              28.61545300610757
            ],
            [
              77.23020269773423,
              28.615453761861975
            ],
            [
              77.23020625962091,
              28.615454830836985
            ],
            [
              77.23020968561606,
              28.615456202737807
            ],
            [
              77.23021294272547,
              28.61545786435228
            ],
            [
              77.23021599958145,
              28.61545979967817
            ],
            [
              77.23021882674479,
              28.61546199007724
            ],
            [
              77.23022139698837,
              28.615464414454767
            ],
            [
              77.23022368555937,
              28.615467049462687
            ],
            [
              77.23022567041757,
              28.615469869724446
            ],
            [
              77.23022733244767,
              28.615472848079403
            ],
            [
              77.23022865564343,
              28.615475955844364
            ],
            [
              77.23022962726169,
              28.615479163089883
            ],
            [
              77.23023023794524,
              28.61548243892844
            ],
            [
              77.2302304818128,
              28.615485751811924
            ],
            [
              77.23023035651579,
              28.615489069835462
            ],
            [
              77.23022986326083,
              28.615492361044666
            ],
            [
              77.2302290067982,
              28.6154955937434
            ],
            [
              77.2302277953761,
              28.61549873679899
            ],
            [
              77.23022624066111,
              28.61550175994211
            ],
            [
              77.230224357626,
              28.615504634058194
            ],
            [
              77.23022216440539,
              28.615507331467953
            ],
            [
              77.2302196821212,
              28.615509826193826
            ],
            [
              77.23021693467915,
              28.615512094210217
            ],
            [
              77.23021394853863,
              28.615514113674895
            ],
            [
              77.23021298514367,
              28.615514641619008
            ],
            [
              77.23021180119741,
              28.615516350606335
            ],
            [
              77.23020953370754,
              28.615518999768057
            ],
            [
              77.23020698287098,
              28.615521440054582
            ],
            [
              77.2302041732537,
              28.615523647964594
            ],
            [
              77.23020113191382,
              28.615525602234705
            ],
            [
              77.23011747789914,
              28.615573997925544
            ],
            [
              77.23013917311717,
              28.61557023498868
            ],
            [
              77.23014289589906,
              28.615569755303774
            ],
            [
              77.2301466540375,
              28.61556959991761
            ],
            [
              77.23015041133952,
              28.615569770326637
            ],
            [
              77.23015413162035,
              28.615570264889726
            ],
            [
              77.23015777905164,
              28.615571078843963
            ],
            [
              77.23016131850669,
              28.615572204350528
            ],
            [
              77.23016471589864,
              28.615573630570193
            ],
            [
              77.23016793850876,
              28.61557534376769
            ],
            [
              77.23017095530157,
              28.615577327444004
            ],
            [
              77.23017373722374,
              28.615579562495263
            ],
            [
              77.23017625748382,
              28.615582027396705
            ],
            [
              77.23017849181032,
              28.61558469841001
            ],
            [
              77.23018041868548,
              28.61558754981187
            ],
            [
              77.2301820195524,
              28.615590554141736
            ],
            [
              77.23018327899383,
              28.61559368246629
            ],
            [
              77.23018418488067,
              28.615596904658073
            ],
            [
              77.23018472848867,
              28.61560018968561
            ],
            [
              77.23018490458256,
              28.615603505912294
            ],
            [
              77.23018471146644,
              28.61560682140107
            ],
            [
              77.23018415100007,
              28.615610104221957
            ],
            [
              77.23018322858104,
              28.615613322759604
            ],
            [
              77.23018195309268,
              28.61561644601771
            ],
            [
              77.23018033681866,
              28.6156194439176
            ],
            [
              77.23017839532451,
              28.615622287587836
            ],
            [
              77.23017621362777,
              28.61562487110772
            ],
            [
              77.23019728444649,
              28.615605673928602
            ],
            [
              77.23020003136327,
              28.61560340541453
            ],
            [
              77.23020301703633,
              28.615601385408816
            ],
            [
              77.23020621271202,
              28.61559963336521
            ],
            [
              77.23020958761423,
              28.61559816615684
            ],
            [
              77.23021310924084,
              28.6155969979137
            ],
            [
              77.23021674367669,
              28.615596139886602
            ],
            [
              77.23022045592019,
              28.615595600338807
            ],
            [
              77.23022421022047,
              28.615595384466456
            ],
            [
              77.23022797042155,
              28.61559549434849
            ],
            [
              77.23023170031072,
              28.615595928926712
            ],
            [
              77.23023536396713,
              28.61559668401589
            ],
            [
              77.23023892610776,
              28.615597752344105
            ],
            [
              77.23024235242734,
              28.615599123622776
            ],
            [
              77.2302456099285,
              28.615600784645757
            ],
            [
              77.23024866723979,
              28.615602719416497
            ],
            [
              77.23025149491764,
              28.615604909302107
            ],
            [
              77.23025406572995,
              28.615607333212807
            ],
            [
              77.2302563549184,
              28.615609967805042
            ],
            [
              77.23025834043686,
              28.61561278770624
            ],
            [
              77.23026000316368,
              28.61561576575924
            ],
            [
              77.23026132708586,
              28.61561887328377
            ],
            [
              77.23026229945329,
              28.615622080352694
            ],
            [
              77.23026291090153,
              28.615625356080173
            ],
            [
              77.23026315554193,
              28.615628668919193
            ],
            [
              77.23026303101848,
              28.615631986965283
            ],
            [
              77.23026253853034,
              28.61563527826386
            ],
            [
              77.2302616828204,
              28.61563851111791
            ],
            [
              77.23026047212961,
              28.615641654393286
            ],
            [
              77.23025891811756,
              28.615644677818512
            ],
            [
              77.23025703575017,
              28.61564755227635
            ],
            [
              77.23025484315569,
              28.615650250084173
            ],
            [
              77.23025236144996,
              28.615652745260608
            ],
            [
              77.23015684903447,
              28.615739764577174
            ],
            [
              77.23015682718867,
              28.61574010272074
            ],
            [
              77.23015624591808,
              28.615743382723533
            ],
            [
              77.23015530310755,
              28.61574659665733
            ],
            [
              77.23015400783686,
              28.615749713570175
            ],
            [
              77.23015237258008,
              28.61575270344449
            ],
            [
              77.23015041308567,
              28.615755537486145
            ],
            [
              77.23014814822459,
              28.615758188401752
            ],
            [
              77.23014559980867,
              28.615760630661526
            ],
            [
              77.2301436667101,
              28.615762152449214
            ],
            [
              77.23018339338226,
              28.615759426786806
            ],
            [
              77.23018715412171,
              28.615759332150123
            ],
            [
              77.2301909072643,
              28.615759563240495
            ],
            [
              77.23019461666524,
              28.61576011783237
            ],
            [
              77.23019824660105,
              28.61576099058474
            ],
            [
              77.23020176211347,
              28.61576217309253
            ],
            [
              77.2302051293462,
              28.615763653967548
            ],
            [
              77.230208315871,
              28.61576541894818
            ],
            [
              77.23021129099989,
              28.615767451036692
            ],
            [
              77.23021402608077,
              28.615769730662993
            ],
            [
              77.23021649477334,
              28.615772235873035
            ],
            [
              77.23021867330272,
              28.61577494254029
            ],
            [
              77.23022054068846,
              28.615777824598112
            ],
            [
              77.23022207894662,
              28.61578085429069
            ],
            [
              77.23022327326291,
              28.615784002440467
            ],
            [
              77.23022411213536,
              28.615787238729034
            ],
            [
              77.23022458748518,
              28.615790531989184
            ],
            [
              77.23022469473442,
              28.61579385050502
            ],
            [
              77.2302244328502,
              28.61579716231742
            ],
            [
              77.23022380435458,
              28.61580043553182
            ],
            [
              77.23022281530025,
              28.61580363862539
            ],
            [
              77.23022147521233,
              28.615806740750557
            ],
            [
              77.23021979699661,
              28.615809712032167
            ],
            [
              77.23021779681513,
              28.615812523855137
            ],
            [
              77.23021549393076,
              28.615815149140065
            ],
            [
              77.23021493461106,
              28.615815671665853
            ],
            [
              77.23031564232015,
              28.615879868789747
            ],
            [
              77.23042770385375,
              28.615804323870424
            ],
            [
              77.23043080196683,
              28.615802440308887
            ],
            [
              77.23043409438552,
              28.61580083377702
            ],
            [
              77.23043754940196,
              28.615799519746588
            ],
            [
              77.23044113374253,
              28.615798510872423
            ],
            [
              77.23044481288808,
              28.615797816870508
            ],
            [
              77.23044855140647,
              28.615797444424462
            ],
            [
              77.23045231329372,
              28.615797397121142
            ],
            [
              77.2304560623209,
              28.61579767541609
            ],
            [
              77.2304597623828,
              28.615798276629178
            ],
            [
              77.23046337784587,
              28.61579919497041
            ],
            [
              77.23046687389125,
              28.61580042159565
            ],
            [
              77.23047021685012,
              28.61580194469185
            ],
            [
              77.230473374528,
              28.615803749590757
            ],
            [
              77.23047631651474,
              28.61580581891024
            ],
            [
              77.2304790144774,
              28.61580813272161
            ],
            [
              77.23048144243313,
              28.61581066874163
            ],
            [
              77.23048357699939,
              28.615813402547055
            ],
            [
              77.23048539761913,
              28.615816307809855
            ],
            [
              77.23048688675878,
              28.615819356550784
            ],
            [
              77.23048803007705,
              28.6158225194088
            ],
            [
              77.23048881656318,
              28.61582576592387
            ],
            [
              77.23048923864282,
              28.615829064830272
            ],
            [
              77.2304892922511,
              28.61583238435777
            ],
            [
              77.23048897687168,
              28.615835692537477
            ],
            [
              77.23048829554183,
              28.615838957509823
            ],
            [
              77.23048725482307,
              28.615842147831323
            ],
            [
              77.23048586473809,
              28.615845232777446
            ],
            [
              77.2304841386741,
              28.61584818263846
            ],
            [
              77.23048209325407,
              28.61585096900558
            ],
            [
              77.23047974817645,
              28.615853565044556
            ],
            [
              77.23047712602563,
              28.61585594575409
            ],
            [
              77.23047425205435,
              28.615858088206647
            ],
            [
              77.23038055884044,
              28.61592125038264
            ],
            [
              77.2305608070175,
              28.616036150783778
            ],
            [
              77.23056427183715,
              28.616035037629953
            ],
            [
              77.23056791622737,
              28.61603421308506
            ],
            [
              77.23057163465855,
              28.61603370771789
            ],
            [
              77.23057539132017,
              28.616033526395388
            ],
            [
              77.2305791500336,
              28.61603367086378
            ],
            [
              77.23058287460039,
              28.616034139731777
            ],
            [
              77.23058652915097,
              28.616034928483916
            ],
            [
              77.23059007849002,
              28.616036029524082
            ],
            [
              77.23059348843555,
              28.616037432248675
            ],
            [
              77.23059672614788,
              28.61603912314868
            ],
            [
              77.23059976044613,
              28.616041085939845
            ],
            [
              77.23060256210836,
              28.616043301719422
            ],
            [
              77.23060510415301,
              28.61604574914825
            ],
            [
              77.23060736209884,
              28.61604840465627
            ],
            [
              77.23060931420055,
              28.61605124266951
            ],
            [
              77.23061094165836,
              28.616054235856357
            ],
            [
              77.2306122287989,
              28.6160573553908
            ],
            [
              77.23061316322631,
              28.616060571230037
            ],
            [
              77.2306137359415,
              28.61606385240377
            ],
            [
              77.23061394142887,
              28.61606716731253
            ],
            [
              77.23061392249602,
              28.61606755086482
            ],
            [
              77.23061580276165,
              28.616066767727872
            ],
            [
              77.23061934610314,
              28.616065651745128
            ],
            [
              77.23062299634483,
              28.616064847603546
            ],
            [
              77.23062671833296,
              28.61606436304745
            ],
            [
              77.23063047622276,
              28.616064202743356
            ],
            [
              77.23063423382374,
              28.61606436823509
            ],
            [
              77.23063795494818,
              28.61606485792886
            ],
            [
              77.23064160375965,
              28.616065667108682
            ],
            [
              77.23064514511813,
              28.616066787981687
            ],
            [
              77.23064854491845,
              28.61606820975328
            ],
            [
              77.23065177041869,
              28.616069918731018
            ],
            [
              77.23065479055552,
              28.616071898456536
            ],
            [
              77.23065757624337,
              28.616074129864003
            ],
            [
              77.2306601006546,
              28.616076591463766
            ],
            [
              77.23066233947773,
              28.616079259549284
            ],
            [
              77.23066427115164,
              28.616082108425456
            ],
            [
              77.23066587707325,
              28.61608511065605
            ],
            [
              77.23066714177664,
              28.616088237327975
            ],
            [
              77.230668053082,
              28.616091458329667
            ],
            [
              77.23066860221293,
              28.61609474264113
            ],
            [
              77.23066878388096,
              28.616098058632655
            ],
            [
              77.23066859633651,
              28.616101374369446
            ],
            [
              77.23066806428895,
              28.616104522404484
            ],
            [
              77.23067733036862,
              28.616110429099393
            ],
            [
              77.23103782577527,
              28.61623192694041
            ],
            [
              77.23127599530042,
              28.616228005314007
            ],
            [
              77.23127293657899,
              28.61622784471438
            ],
            [
              77.23126798237648,
              28.61622714995278
            ],
            [
              77.23126312920354,
              28.61622603004271
            ],
            [
              77.23125842379896,
              28.616224495769536
            ],
            [
              77.23125391147839,
              28.616222561909158
            ],
            [
              77.23124963569802,
              28.61622024708572
            ],
            [
              77.23124563763594,
              28.61621757359228
            ],
            [
              77.2312419557957,
              28.616214567176044
            ],
            [
              77.23123862563547,
              28.616211256790486
            ],
            [
              77.23123567922649,
              28.616207674316446
            ],
            [
              77.23123314494428,
              28.616203854255133
            ],
            [
              77.23123104719532,
              28.61619983339587
            ],
            [
              77.23122940618208,
              28.616195650461727
            ],
            [
              77.23122823770832,
              28.616191345736677
            ],
            [
              77.23122755302707,
              28.616186960677595
            ],
            [
              77.2312273587321,
              28.616182537515
            ],
            [
              77.23122765669453,
              28.61617811884637
            ],
            [
              77.23122844404475,
              28.61617374722591
            ],
            [
              77.23122971320008,
              28.6161694647547
            ],
            [
              77.23123145193783,
              28.61616531267527
            ],
            [
              77.23123364351292,
              28.616161330974414
            ],
            [
              77.23123626681927,
              28.616157557998044
            ],
            [
              77.23123929659296,
              28.616154030081972
            ],
            [
              77.23124270365561,
              28.61615078120194
            ],
            [
              77.2312464551953,
              28.616147842646424
            ],
            [
              77.23176627719295,
              28.615779274335736
            ],
            [
              77.23177033705288,
              28.615776674390357
            ],
            [
              77.23177466616225,
              28.615774438107028
            ],
            [
              77.23177922282942,
              28.615772587022338
            ],
            [
              77.2317803432978,
              28.615772244746523
            ],
            [
              77.23178127941384,
              28.61577120234396
            ],
            [
              77.23178389382933,
              28.61576881502441
            ],
            [
              77.2317867608363,
              28.615766665324713
            ],
            [
              77.23178985282394,
              28.615764773947646
            ],
            [
              77.23179314001467,
              28.615763159108173
            ],
            [
              77.23179659075113,
              28.615761836358082
            ],
            [
              77.23180017180081,
              28.615760818436158
            ],
            [
              77.23180384867631,
              28.615760115145537
            ],
            [
              77.23180758596732,
              28.615759733259285
            ],
            [
              77.2318113476817,
              28.615759676455177
            ],
            [
              77.23181509759216,
              28.615759945280253
            ],
            [
              77.23181879958501,
              28.615760537145587
            ],
            [
              77.2318224180081,
              28.615761446351197
            ],
            [
              77.23182591801404,
              28.615762664140945
            ],
            [
              77.2318292658959,
              28.615764178786844
            ],
            [
              77.23183242941177,
              28.615765975702057
            ],
            [
              77.23183537809527,
              28.615768037581308
            ],
            [
              77.23183808354898,
              28.615770344567593
            ],
            [
              77.23184051971792,
              28.615772874443383
            ],
            [
              77.23184266314044,
              28.615775602844614
            ],
            [
              77.23188976852862,
              28.615842335292164
            ],
            [
              77.23188971913287,
              28.615824707061435
            ]
          ]
        ]
      }
    },
    {
      "type": "Feature",
      "properties": {
        "parcel_id": "ULPIN-2026-2246-00017",
        "survey_number": "UNSURVEYED-17",
        "area_sqm": 6827.46,
        "perimeter_m": 609.72,
        "confidence_score": 0.735,
        "verification_status": "Needs GT Verification",
        "building_count": 2,
        "building_coverage_ratio": 0.902,
        "landuse_class": "Vacant/Green",
        "owner_record": "Unregistered / Pending Survey",
        "has_gnss_control": false,
        "tax_assessment_annual_inr": 3072357,
        "tax_rate_per_sqm": 450,
        "lulc_confidence": 0.939
      },
      "geometry": {
        "type": "Polygon",
        "coordinates": [
          [
            [
              77.23355055830864,
              28.61564276007793
            ],
            [
              77.23320754439176,
              28.615340737199624
            ],
            [
              77.23320417160004,
              28.615337460621276
            ],
            [
              77.23320117900653,
              28.61533390810196
            ],
            [
              77.23319859543152,
              28.61533011385441
            ],
            [
              77.23319644575619,
              28.61532611441934
            ],
            [
              77.23319475068311,
              28.615321948313515
            ],
            [
              77.23319352653668,
              28.61531765565882
            ],
            [
              77.23319278510604,
              28.615313277795877
            ],
            [
              77.23319253353152,
              28.615308856885942
            ],
            [
              77.23319277423587,
              28.61530443550477
            ],
            [
              77.23319350490092,
              28.615300056232698
            ],
            [
              77.2331947184899,
              28.615295761244493
            ],
            [
              77.2331964033152,
              28.615291591903226
            ],
            [
              77.23319854315102,
              28.615287588361944
            ],
            [
              77.23320111738951,
              28.615283789176893
            ],
            [
              77.23320410123932,
              28.615280230936296
            ],
            [
              77.23320746596431,
              28.615276947907915
            ],
            [
              77.23321117916035,
              28.615273971709094
            ],
            [
              77.23321520506731,
              28.61527133100223
            ],
            [
              77.23321950491355,
              28.61526905121873
            ],
            [
              77.23322403728919,
              28.615267154314154
            ],
            [
              77.23322875854505,
              28.615265658556684
            ],
            [
              77.23323362321285,
              28.615264578351276
            ],
            [
              77.2332385844433,
              28.615263924100876
            ],
            [
              77.23324359445704,
              28.61526370210627
            ],
            [
              77.23324860500497,
              28.615263914505377
            ],
            [
              77.23325356783286,
              28.61526455925267
            ],
            [
              77.233258435146,
              28.6152656301389
            ],
            [
              77.23326316006957,
              28.615267116850838
            ],
            [
              77.23326769710002,
              28.61526900507066
            ],
            [
              77.23327200254332,
              28.6152712766138
            ],
            [
              77.23327603493571,
              28.61527390960407
            ],
            [
              77.23327975544309,
              28.615276878684366
            ],
            [
              77.23351405791898,
              28.615483181603945
            ],
            [
              77.23339564975804,
              28.61496550115662
            ],
            [
              77.23338979740156,
              28.614967794674595
            ],
            [
              77.2333071371131,
              28.615087684171534
            ],
            [
              77.23330502628633,
              28.615090432277785
            ],
            [
              77.23330262036913,
              28.61509298458168
            ],
            [
              77.2332999425318,
              28.615095316503115
            ],
            [
              77.2332970185634,
              28.615097405584404
            ],
            [
              77.23329387662334,
              28.615099231706537
            ],
            [
              77.23329054697021,
              28.61510077728293
            ],
            [
              77.23328706167042,
              28.61510202742885
            ],
            [
              77.23328345428935,
              28.61510297010467
            ],
            [
              77.23327975956805,
              28.615103596231922
            ],
            [
              77.23327601308878,
              28.61510389978062
            ],
            [
              77.23327225093217,
              28.61510387782745
            ],
            [
              77.23326850932992,
              28.615103530583816
            ],
            [
              77.2332648243157,
              28.615102861393865
            ],
            [
              77.23326123137828,
              28.61510187670227
            ],
            [
              77.23325776511962,
              28.615100585992163
            ],
            [
              77.23325445892172,
              28.615099001693782
            ],
            [
              77.23325134462509,
              28.615097139064805
            ],
            [
              77.23324845222214,
              28.61509501604338
            ],
            [
              77.23324580956827,
              28.615092653075383
            ],
            [
              77.2332434421137,
              28.615090072917496
            ],
            [
              77.23324137265831,
              28.61508730041807
            ],
            [
              77.23323962113207,
              28.61508436227781
            ],
            [
              77.23323820440312,
              28.615081286792613
            ],
            [
              77.23323713611532,
              28.6150781035811
            ],
            [
              77.2332364265568,
              28.615074843299354
            ],
            [
              77.233236082561,
              28.615071537345667
            ],
            [
              77.23323610744076,
              28.615068217558193
            ],
            [
              77.23323650095641,
              28.615064915908302
            ],
            [
              77.23323725931816,
              28.615061664192673
            ],
            [
              77.23323837522256,
              28.615058493727123
            ],
            [
              77.23323983792275,
              28.615055435044944
            ],
            [
              77.23324163333217,
              28.61505251760292
            ],
            [
              77.23326681831837,
              28.61501598966604
            ],
            [
              77.23261631988522,
              28.61527091476398
            ],
            [
              77.232615103975,
              28.61527464194081
            ],
            [
              77.2327005720623,
              28.6154578239395
            ],
            [
              77.2327247297203,
              28.61545366300421
            ],
            [
              77.23272845320459,
              28.615453187639822
            ],
            [
              77.23273221156204,
              28.615453036614475
            ],
            [
              77.23273596859762,
              28.615453211382633
            ],
            [
              77.2327396881291,
              28.61545371026117
            ],
            [
              77.23274002912302,
              28.61545378677796
            ],
            [
              77.23274028472926,
              28.615453731239885
            ],
            [
              77.23274397760186,
              28.61545309661684
            ],
            [
              77.23274772318524,
              28.615452784452046
            ],
            [
              77.23275148540739,
              28.61545279775185
            ],
            [
              77.23275522803613,
              28.615453136388137
            ],
            [
              77.23275891502787,
              28.61545379709968
            ],
            [
              77.23276251087495,
              28.615454773523453
            ],
            [
              77.23276598094739,
              28.61545605625599
            ],
            [
              77.23276929182657,
              28.615457632943862
            ],
            [
              77.2327724116269,
              28.615459488402728
            ],
            [
              77.232775310303,
              28.61546160476351
            ],
            [
              77.23277795993906,
              28.615463961644515
            ],
            [
              77.23278033501764,
              28.615466536347704
            ],
            [
              77.23278241266543,
              28.6154693040773
            ],
            [
              77.23278417287355,
              28.61547223817856
            ],
            [
              77.23278559869019,
              28.61547531039449
            ],
            [
              77.23278667638392,
              28.61547849113801
            ],
            [
              77.23278739557597,
              28.615481749776805
            ],
            [
              77.23278774934009,
              28.615485054928424
            ],
            [
              77.23278773426928,
              28.615488374762457
            ],
            [
              77.23278735050867,
              28.61549167730707
            ],
            [
              77.23278660175404,
              28.615494930756977
            ],
            [
              77.23278549521626,
              28.615498103779654
            ],
            [
              77.2327840415519,
              28.615501165817154
            ],
            [
              77.23278225476048,
              28.61550408738038
            ],
            [
              77.23278015204978,
              28.61550684033308
            ],
            [
              77.23277775367002,
              28.615509398162768
            ],
            [
              77.23277508271892,
              28.61551173623616
            ],
            [
              77.23277216491918,
              28.615513832036303
            ],
            [
              77.23276902837081,
              28.615515665379483
            ],
            [
              77.2327657032805,
              28.615517218609593
            ],
            [
              77.23276222167074,
              28.615518476768163
            ],
            [
              77.2327586170713,
              28.615519427738423
            ],
            [
              77.23257438991662,
              28.61555945644166
            ],
            [
              77.23257394087861,
              28.61555953360856
            ],
            [
              77.2325808153324,
              28.615568151943076
            ],
            [
              77.23266016323817,
              28.615619933796044
            ],
            [
              77.23274184398392,
              28.615612733047037
            ],
            [
              77.2327419860937,
              28.615612629190437
            ],
            [
              77.23274510489765,
              28.61561077242177
            ],
            [
              77.23274841493102,
              28.615609194343843
            ],
            [
              77.2327518843164,
              28.615607910154385
            ],
            [
              77.23275547964177,
              28.61560693222084
            ],
            [
              77.23275916628216,
              28.61560626996122
            ],
            [
              77.23276290873326,
              28.61560592975345
            ],
            [
              77.23276667095325,
              28.6156059148739
            ],
            [
              77.23277041670993,
              28.61560622546587
            ],
            [
              77.23277410992966,
              28.615606858538204
            ],
            [
              77.23277771504473,
              28.615607807994056
            ],
            [
              77.23278119733597,
              28.61560906468966
            ],
            [
              77.232784523267,
              28.61561061652236
            ],
            [
              77.23278766080735,
              28.61561244854717
            ],
            [
              77.23279057974077,
              28.61561454312071
            ],
            [
              77.23279325195635,
              28.615616880071094
            ],
            [
              77.2327956517192,
              28.615619436892235
            ],
            [
              77.2327977559183,
              28.615622188960558
            ],
            [
              77.23279954428905,
              28.61562510977215
            ],
            [
              77.23280099960843,
              28.615628171198036
            ],
            [
              77.23280210786092,
              28.615631343754995
            ],
            [
              77.23280285837338,
              28.615634596889603
            ],
            [
              77.23280324391797,
              28.615637899272375
            ],
            [
              77.23280326078162,
              28.6156412190996
            ],
            [
              77.2328029088019,
              28.615644524399503
            ],
            [
              77.23280219136855,
              28.615647783340247
            ],
            [
              77.23280111539079,
              28.615650964536435
            ],
            [
              77.23279969123085,
              28.615654037351426
            ],
            [
              77.23279793260416,
              28.6156569721923
            ],
            [
              77.2327958564472,
              28.615659740794936
            ],
            [
              77.2327934827545,
              28.61566231649617
            ],
            [
              77.23279083438602,
              28.615664674490564
            ],
            [
              77.23278907902139,
              28.615666091077962
            ],
            [
              77.23278861234421,
              28.615666647955887
            ],
            [
              77.23278608967132,
              28.61566911093021
            ],
            [
              77.23278330556157,
              28.61567134385501
            ],
            [
              77.23278028682743,
              28.61567332522597
            ],
            [
              77.23277978467706,
              28.61567359165592
            ],
            [
              77.23271329683678,
              28.615727247596134
            ],
            [
              77.23272244325435,
              28.615737075621762
            ],
            [
              77.23273051913546,
              28.615726056314305
            ],
            [
              77.23273344662803,
              28.61572246179807
            ],
            [
              77.23273675929829,
              28.615719137793217
            ],
            [
              77.23274042524343,
              28.61571611631172
            ],
            [
              77.23274440915837,
              28.61571342645206
            ],
            [
              77.23274867267585,
              28.615711094119032
            ],
            [
              77.2327531747359,
              28.61570914177425
            ],
            [
              77.23275787198126,
              28.61570758821984
            ],
            [
              77.23276271917493,
              28.61570644841737
            ],
            [
              77.2327676696358,
              28.615705733343727
            ],
            [
              77.23277267568834,
              28.615705449885457
            ],
            [
              77.23277768912153,
              28.615705600772415
            ],
            [
              77.23278266165339,
              28.615706184551474
            ],
            [
              77.23278754539574,
              28.615707195600525
            ],
            [
              77.23279229331554,
              28.615708624182613
            ],
            [
              77.23279660342102,
              28.615710353707083
            ],
            [
              77.23279717466892,
              28.615710053725696
            ],
            [
              77.23280058075264,
              28.615708643743325
            ],
            [
              77.2328041270542,
              28.615707535147255
            ],
            [
              77.23280777942077,
              28.61570673861386
            ],
            [
              77.23281150267815,
              28.61570626181417
            ],
            [
              77.23281526096932,
              28.615706109340035
            ],
            [
              77.23281901809992,
              28.61570628265985
            ],
            [
              77.23282273788678,
              28.61570678010446
            ],
            [
              77.23282638450637,
              28.6157075968832
            ],
            [
              77.23282992283974,
              28.615708725130055
            ],
            [
              77.23283331881086,
              28.61571015397938
            ],
            [
              77.2328335754269,
              28.615710290672034
            ],
            [
              77.23284819465007,
              28.6157053374142
            ],
            [
              77.23284823967604,
              28.6157053085944
            ],
            [
              77.23285148697349,
              28.615703632090636
            ],
            [
              77.2328549048582,
              28.615702244522915
            ],
            [
              77.23285846041412,
              28.615701159254257
            ],
            [
              77.23286211939934,
              28.615700386736385
            ],
            [
              77.23286318957052,
              28.615700256861235
            ],
            [
              77.23291980867394,
              28.615681073255715
            ],
            [
              77.23291969201487,
              28.615679532513308
            ],
            [
              77.23291981036041,
              28.61567621429583
            ],
            [
              77.23292029671954,
              28.615672922292347
            ],
            [
              77.23292114640836,
              28.61566968820666
            ],
            [
              77.2329223512438,
              28.615666543184762
            ],
            [
              77.23292389962266,
              28.61566351751494
            ],
            [
              77.23292577663318,
              28.615660640336028
            ],
            [
              77.2329279641987,
              28.61565793935682
            ],
            [
              77.23293044125172,
              28.615655440589208
            ],
            [
              77.2329331839369,
              28.61565316809769
            ],
            [
              77.23293616584066,
              28.615651143767558
            ],
            [
              77.23293935824566,
              28.615649387094237
            ],
            [
              77.23294273040727,
              28.615647914995407
            ],
            [
              77.23294624984982,
              28.615646741648188
            ],
            [
              77.23294988267911,
              28.615645878352538
            ],
            [
              77.23295359390909,
              28.615645333422464
            ],
            [
              77.23295734779857,
              28.61564511210592
            ],
            [
              77.23296110819561,
              28.61564521653432
            ],
            [
              77.23296483888554,
              28.615645645701928
            ],
            [
              77.23296850393984,
              28.615646395475668
            ],
            [
              77.23297206806205,
              28.615647458634793
            ],
            [
              77.23297549692775,
              28.615648824940507
            ],
            [
              77.23297875751513,
              28.615650481234546
            ],
            [
              77.23298181842296,
              28.615652411565918
            ],
            [
              77.23298465017302,
              28.615654597344488
            ],
            [
              77.23298722549404,
              28.615657017520014
            ],
            [
              77.23298951958427,
              28.615659648784902
            ],
            [
              77.23316184900311,
              28.61587876841446
            ],
            [
              77.23316383977817,
              28.615881585425107
            ],
            [
              77.23316550805654,
              28.615884561055683
            ],
            [
              77.23316683777179,
              28.615887666649247
            ],
            [
              77.23316781611797,
              28.61589087229725
            ],
            [
              77.23316843367309,
              28.61589414712755
            ],
            [
              77.23316868448968,
              28.615897459601744
            ],
            [
              77.23316856615224,
              28.61590077781892
            ],
            [
              77.23316807980038,
              28.615904069822815
            ],
            [
              77.23316754195793,
              28.615906116974813
            ],
            [
              77.23323904130993,
              28.616098021258807
            ],
            [
              77.23350812625803,
              28.616107076658853
            ],
            [
              77.23351187423577,
              28.616107365800314
            ],
            [
              77.23351557204842,
              28.616107977715966
            ],
            [
              77.23351918408402,
              28.616108906512725
            ],
            [
              77.23352267555674,
              28.616110143245773
            ],
            [
              77.23352601284179,
              28.616111676004707
            ],
            [
              77.23352916379936,
              28.616113490028223
            ],
            [
              77.23353209808397,
              28.616115567846315
            ],
            [
              77.23353478743691,
              28.616117889448457
            ],
            [
              77.2335372059582,
              28.616120432476364
            ],
            [
              77.2335393303562,
              28.616123172439327
            ],
            [
              77.23354114017174,
              28.616126082949997
            ],
            [
              77.23354261797533,
              28.616129135978575
            ],
            [
              77.23354374953486,
              28.616132302122754
            ],
            [
              77.23354452395279,
              28.616135550890842
            ],
            [
              77.233544933771,
              28.616138850995423
            ],
            [
              77.2335449750427,
              28.61614217065471
            ],
            [
              77.23354464737038,
              28.616145477898563
            ],
            [
              77.23354395390967,
              28.61614874087641
            ],
            [
              77.23354290133895,
              28.61615192816398
            ],
            [
              77.233541499795,
              28.616155009065967
            ],
            [
              77.23353976277544,
              28.616157953911575
            ],
            [
              77.23353770700871,
              28.616160734340323
            ],
            [
              77.23353535229292,
              28.61616332357515
            ],
            [
              77.2335327213053,
              28.61616569668031
            ],
            [
              77.23352983938365,
              28.616167830801455
            ],
            [
              77.2335267342825,
              28.616169705385847
            ],
            [
              77.23352343590565,
              28.616171302380174
            ],
            [
              77.2335199760183,
              28.61617260640452
            ],
            [
              77.23351638794108,
              28.616173604900386
            ],
            [
              77.23351270622918,
              28.61617428825171
            ],
            [
              77.23350896633949,
              28.616174649877436
            ],
            [
              77.23350520428924,
              28.616174686294897
            ],
            [
              77.23326398454496,
              28.616166568664195
            ],
            [
              77.23326418139783,
              28.61616757833406
            ],
            [
              77.23326445279136,
              28.616170889544836
            ],
            [
              77.23326435507111,
              28.61617420828432
            ],
            [
              77.23326388917819,
              28.616177502591245
            ],
            [
              77.23326305959935,
              28.616180740739633
            ],
            [
              77.23326187432384,
              28.616183891544335
            ],
            [
              77.23326034476652,
              28.616186924661378
            ],
            [
              77.23325848565781,
              28.61618981088017
            ],
            [
              77.23325631490192,
              28.61619252240484
            ],
            [
              77.23325385340443,
              28.616195033121905
            ],
            [
              77.23325337946983,
              28.616195430143414
            ],
            [
              77.23367538056068,
              28.616188474415132
            ],
            [
              77.23355055830864,
              28.61564276007793
            ]
          ]
        ]
      }
    },
    {
      "type": "Feature",
      "properties": {
        "parcel_id": "ULPIN-2026-2246-00018",
        "survey_number": "UNSURVEYED-18",
        "area_sqm": 3207.47,
        "perimeter_m": 491.09,
        "confidence_score": 0.75,
        "verification_status": "Needs GT Verification",
        "building_count": 1,
        "building_coverage_ratio": 0.999,
        "landuse_class": "Vacant/Green",
        "owner_record": "Unregistered / Pending Survey",
        "has_gnss_control": false,
        "tax_assessment_annual_inr": 1443361,
        "tax_rate_per_sqm": 450,
        "lulc_confidence": 0.906
      },
      "geometry": {
        "type": "Polygon",
        "coordinates": [
          [
            [
              77.23250773026766,
              28.61531346974561
            ],
            [
              77.23240014817156,
              28.61542943810803
            ],
            [
              77.23239762506118,
              28.615431900729845
            ],
            [
              77.23239484055583,
              28.615434133265502
            ],
            [
              77.2323918214718,
              28.615436114214443
            ],
            [
              77.23238859688453,
              28.615437824499022
            ],
            [
              77.23238519784859,
              28.615439247648247
            ],
            [
              77.23238165709856,
              28.615440369956417
            ],
            [
              77.23237800873382,
              28.61544118061507
            ],
            [
              77.23237428789017,
              28.615441671817106
            ],
            [
              77.23237053040137,
              28.615441838831977
            ],
            [
              77.23236677245416,
              28.615441680051244
            ],
            [
              77.23236305023961,
              28.61544119700404
            ],
            [
              77.23235939960477,
              28.61544039434239
            ],
            [
              77.23235585570725,
              28.615439279796355
            ],
            [
              77.23235245267676,
              28.61543786409963
            ],
            [
              77.23234922328636,
              28.61543616088618
            ],
            [
              77.23234619863686,
              28.615434186558872
            ],
            [
              77.23234340785731,
              28.615431960131577
            ],
            [
              77.23234087782446,
              28.615429503046037
            ],
            [
              77.23233863290388,
              28.615426838965316
            ],
            [
              77.23233669471539,
              28.615423993546006
            ],
            [
              77.23233508192479,
              28.61542099419105
            ],
            [
              77.23233381006412,
              28.615417869785897
            ],
            [
              77.23233289138204,
              28.615414650420288
            ],
            [
              77.23233233472597,
              28.615411367098478
            ],
            [
              77.23233214545675,
              28.615408051440664
            ],
            [
              77.23233232539714,
              28.615404735378437
            ],
            [
              77.23233287281415,
              28.615401450847294
            ],
            [
              77.23233378243584,
              28.615398229479062
            ],
            [
              77.23233504550203,
              28.61539510229728
            ],
            [
              77.23233664984865,
              28.615392099418404
            ],
            [
              77.23233858002496,
              28.61538924976178
            ],
            [
              77.23234081744228,
              28.615386580771165
            ],
            [
              77.23235204103118,
              28.615374482301398
            ],
            [
              77.23219499898686,
              28.615436024757408
            ],
            [
              77.23219608851541,
              28.615436619961102
            ],
            [
              77.2321990778502,
              28.615438635734492
            ],
            [
              77.23220182888154,
              28.615440900353722
            ],
            [
              77.23220431511554,
              28.615443392009297
            ],
            [
              77.23220651260836,
              28.615446086705212
            ],
            [
              77.23220840019694,
              28.61544895849011
            ],
            [
              77.23220995970277,
              28.615451979707128
            ],
            [
              77.23221117610694,
              28.615455121260315
            ],
            [
              77.23221203769477,
              28.615458352894798
            ],
            [
              77.23221253616867,
              28.61546164348819
            ],
            [
              77.23221266672803,
              28.615464961350284
            ],
            [
              77.23221242811549,
              28.615468274528247
            ],
            [
              77.23221182262894,
              28.615471551114375
            ],
            [
              77.23221085609953,
              28.61547475955334
            ],
            [
              77.23220953783543,
              28.615477868946115
            ],
            [
              77.23220788053223,
              28.615480849347556
            ],
            [
              77.23220590015065,
              28.615483672054737
            ],
            [
              77.23220361576278,
              28.615486309883437
            ],
            [
              77.23220104936857,
              28.61548873742992
            ],
            [
              77.23219822568377,
              28.615490931315563
            ],
            [
              77.23219517190202,
              28.61549287041203
            ],
            [
              77.2321919174329,
              28.615494536044753
            ],
            [
              77.23218849361875,
              28.61549591217276
            ],
            [
              77.23218493343279,
              28.615496985543178
            ],
            [
              77.23218127116161,
              28.615497745818853
            ],
            [
              77.23209162280664,
              28.61551230199005
            ],
            [
              77.23226768434992,
              28.6156784973599
            ],
            [
              77.23227011560675,
              28.615681030909904
            ],
            [
              77.23227225373293,
              28.61568376254299
            ],
            [
              77.23227407813712,
              28.615686665952047
            ],
            [
              77.23227557124929,
              28.615689713175666
            ],
            [
              77.23227671868996,
              28.61569287486743
            ],
            [
              77.23227750940859,
              28.615696120578544
            ],
            [
              77.23227793579011,
              28.615699419051033
            ],
            [
              77.23227799372822,
              28.61570273851881
            ],
            [
              77.23227768266487,
              28.61570604701358
            ],
            [
              77.23227700559575,
              28.61570931267275
            ],
            [
              77.2322759690414,
              28.61571250404621
            ],
            [
              77.23227458298433,
              28.615715590399304
            ],
            [
              77.23227286077302,
              28.615718542008732
            ],
            [
              77.2322708189933,
              28.6157213304489
            ],
            [
              77.2322684773086,
              28.61572392886556
            ],
            [
              77.2322658582706,
              28.615726312234546
            ],
            [
              77.23226298710208,
              28.615728457602692
            ],
            [
              77.23225989145394,
              28.615730344308922
            ],
            [
              77.23225660113901,
              28.615731954183193
            ],
            [
              77.23225314784483,
              28.61573327172153
            ],
            [
              77.2322495648285,
              28.6157342842353
            ],
            [
              77.23224588659649,
              28.615734981973446
            ],
            [
              77.2322421485722,
              28.615735358216348
            ],
            [
              77.23223838675489,
              28.61573540934058
            ],
            [
              77.23223463737294,
              28.615735134853793
            ],
            [
              77.23223093653499,
              28.615734537399423
            ],
            [
              77.23222731988216,
              28.615733622731312
            ],
            [
              77.23222382224483,
              28.615732399658203
            ],
            [
              77.23222047730718,
              28.615730879958978
            ],
            [
              77.23221731728283,
              28.61572907826917
            ],
            [
              77.23221437260453,
              28.615727011940056
            ],
            [
              77.23221167163116,
              28.615724700871542
            ],
            [
              77.232004406531,
              28.61552905036782
            ],
            [
              77.23200238787581,
              28.61553068991164
            ],
            [
              77.2319993832948,
              28.61553268796075
            ],
            [
              77.23199617124108,
              28.6155344165178
            ],
            [
              77.23199278264845,
              28.61553585893581
            ],
            [
              77.23198925015095,
              28.61553700132351
            ],
            [
              77.2319856077685,
              28.61553783267907
            ],
            [
              77.23198189057923,
              28.61553834499605
            ],
            [
              77.23197813438178,
              28.615538533340583
            ],
            [
              77.23197437535036,
              28.61553839589878
            ],
            [
              77.2319706496866,
              28.61553793399429
            ],
            [
              77.23196699327067,
              28.615537152075508
            ],
            [
              77.23196344131588,
              28.615536057672742
            ],
            [
              77.23196002802956,
              28.615534661325704
            ],
            [
              77.23195678628353,
              28.61553297648198
            ],
            [
              77.23195374729758,
              28.615531019367552
            ],
            [
              77.23195336394848,
              28.61553071747234
            ],
            [
              77.23188896609233,
              28.615555953811786
            ],
            [
              77.23188954907683,
              28.61576401726596
            ],
            [
              77.23189055378307,
              28.615763382510004
            ],
            [
              77.23189381276605,
              28.615761723749966
            ],
            [
              77.2318972403092,
              28.615760354851073
            ],
            [
              77.2319008034034,
              28.61575928899655
            ],
            [
              77.23190446773418,
              28.61575853645116
            ],
            [
              77.23190819801202,
              28.615758104462298
            ],
            [
              77.23191195831237,
              28.61575799719027
            ],
            [
              77.23191571242148,
              28.615758215668144
            ],
            [
              77.2319194241853,
              28.61575875779187
            ],
            [
              77.23192305785753,
              28.615759618340494
            ],
            [
              77.23192657844396,
              28.61576078902647
            ],
            [
              77.23192995203944,
              28.615762258575476
            ],
            [
              77.23193314615442,
              28.615764012834944
            ],
            [
              77.23193613002783,
              28.61576603491041
            ],
            [
              77.23193887492339,
              28.61576830532821
            ],
            [
              77.23194135440623,
              28.615770802222976
            ],
            [
              77.23194354459757,
              28.61577350154828
            ],
            [
              77.23195143877979,
              28.615784315000134
            ],
            [
              77.23203736630207,
              28.615697536058786
            ],
            [
              77.23203997780055,
              28.615695146256698
            ],
            [
              77.23204284218016,
              28.615692993834283
            ],
            [
              77.23204593185535,
              28.615691099520543
            ],
            [
              77.23204921707082,
              28.615689481558718
            ],
            [
              77.23205266618822,
              28.615688155530673
            ],
            [
              77.23205624599066,
              28.615687134206755
            ],
            [
              77.23205992200272,
              28.61568642742287
            ],
            [
              77.23206365882243,
              28.61568604198571
            ],
            [
              77.23206742046217,
              28.61568598160726
            ],
            [
              77.23207117069538,
              28.61568624686899
            ],
            [
              77.23207487340527,
              28.61568683521627
            ],
            [
              77.23207849293274,
              28.615687740983017
            ],
            [
              77.23208199441983,
              28.615688955446206
            ],
            [
              77.2320853441453,
              28.61569046690988
            ],
            [
              77.2320885098495,
              28.615692260817855
            ],
            [
              77.23209146104499,
              28.615694319893823
            ],
            [
              77.23209416931016,
              28.61569662430776
            ],
            [
              77.23209660856288,
              28.615699151866927
            ],
            [
              77.2320987553119,
              28.61570187822955
            ],
            [
              77.23210058888277,
              28.615704777139296
            ],
            [
              77.23210209161722,
              28.615707820678082
            ],
            [
              77.23210324904308,
              28.615710979534985
            ],
            [
              77.23210405001366,
              28.615714223288496
            ],
            [
              77.23210448681513,
              28.615717520699498
            ],
            [
              77.23210455524085,
              28.615720840012134
            ],
            [
              77.2321042546318,
              28.615724149259602
            ],
            [
              77.23210358788297,
              28.61572741657205
            ],
            [
              77.23210256141549,
              28.61573061048346
            ],
            [
              77.23210118511476,
              28.615733700234717
            ],
            [
              77.23209947223529,
              28.61573665606982
            ],
            [
              77.23209743927303,
              28.615739449522447
            ],
            [
              77.2320951058065,
              28.615742053690106
            ],
            [
              77.23207659120152,
              28.615760751775614
            ],
            [
              77.2320789307076,
              28.61576064319005
            ],
            [
              77.23208268905722,
              28.615760794603535
            ],
            [
              77.23208641249057,
              28.615761270352575
            ],
            [
              77.23209006514895,
              28.61576206585542
            ],
            [
              77.2320936118553,
              28.615763173450976
            ],
            [
              77.23209701845295,
              28.615764582472483
            ],
            [
              77.23210025213447,
              28.6157662793503
            ],
            [
              77.23210328175782,
              28.615768247742587
            ],
            [
              77.23210607814606,
              28.61577046869267
            ],
            [
              77.23210861436844,
              28.615772920811583
            ],
            [
              77.23211086599976,
              28.615775580484115
            ],
            [
              77.23211281135556,
              28.615778422096174
            ],
            [
              77.23211443170102,
              28.615781418281486
            ],
            [
              77.23211571143126,
              28.615784540185167
            ],
            [
              77.23211663822178,
              28.6157877577416
            ],
            [
              77.23211720314706,
              28.615791039963963
            ],
            [
              77.23211740076651,
              28.615794355242656
            ],
            [
              77.23211722917691,
              28.61579767164974
            ],
            [
              77.23211669003074,
              28.61580095724641
            ],
            [
              77.23211578852022,
              28.61580418039056
            ],
            [
              77.2321145333274,
              28.615807310041557
            ],
            [
              77.23211293654039,
              28.61581031605913
            ],
            [
              77.23211101353714,
              28.61581316949369
            ],
            [
              77.23210878283717,
              28.61581584286508
            ],
            [
              77.23210626592335,
              28.61581831042726
            ],
            [
              77.23210348703493,
              28.615820548416252
            ],
            [
              77.23210047293412,
              28.615822535278973
            ],
            [
              77.23202376384104,
              28.615868103380258
            ],
            [
              77.23208437148982,
              28.61587695161336
            ],
            [
              77.23218652395666,
              28.61576065170573
            ],
            [
              77.23218897187272,
              28.615758130675722
            ],
            [
              77.23219168803438,
              28.61575583350869
            ],
            [
              77.23219464628353,
              28.61575378232759
            ],
            [
              77.2321978181306,
              28.61575199688641
            ],
            [
              77.232201173029,
              28.61575049437991
            ],
            [
              77.23220467866925,
              28.615749289278025
            ],
            [
              77.2322083012901,
              28.61574839318653
            ],
            [
              77.2322120060038,
              28.615747814735283
            ],
            [
              77.23221575713195,
              28.61574755949507
            ],
            [
              77.23221951854917,
              28.61574762992399
            ],
            [
              77.232223254031,
              28.61574802534378
            ],
            [
              77.23222692760272,
              28.61574874194632
            ],
            [
              77.23223050388587,
              28.61574977283034
            ],
            [
              77.23223394843893,
              28.615751108067887
            ],
            [
              77.23223722808898,
              28.615752734799894
            ],
            [
              77.23224031125122,
              28.615754637360045
            ],
            [
              77.23224316823313,
              28.61575679742568
            ],
            [
              77.23224577152041,
              28.615759194194183
            ],
            [
              77.232248096042,
              28.615761804583382
            ],
            [
              77.23225011941146,
              28.615764603453815
            ],
            [
              77.23225182214264,
              28.615767563850856
            ],
            [
              77.23225318783729,
              28.61577065726427
            ],
            [
              77.23225420334299,
              28.6157738539028
            ],
            [
              77.23225485887983,
              28.61577712298109
            ],
            [
              77.2322551481346,
              28.615780433016127
            ],
            [
              77.2322550683216,
              28.615783752130476
            ],
            [
              77.23225462020945,
              28.615787048359245
            ],
            [
              77.23225380811364,
              28.615790289957946
            ],
            [
              77.23225263985509,
              28.615793445708217
            ],
            [
              77.23225112668474,
              28.61579648521845
            ],
            [
              77.23224928317522,
              28.61579937921648
            ],
            [
              77.23224712708051,
              28.61580209983152
            ],
            [
              77.23206446998327,
              28.616010053649166
            ],
            [
              77.2320911729862,
              28.616037508160275
            ],
            [
              77.232185524451,
              28.61603408575044
            ],
            [
              77.23218928660471,
              28.61603411231997
            ],
            [
              77.23219302769131,
              28.61603446415435
            ],
            [
              77.23219671168214,
              28.616035137865243
            ],
            [
              77.23220030309837,
              28.61603612696444
            ],
            [
              77.23220376735273,
              28.616037421926382
            ],
            [
              77.2322070710826,
              28.616039010279888
            ],
            [
              77.23221018247125,
              28.616040876728263
            ],
            [
              77.23221307155434,
              28.61604300329659
            ],
            [
              77.23221571050843,
              28.616045369504874
            ],
            [
              77.23221807391894,
              28.61604795256525
            ],
            [
              77.23222013902493,
              28.61605072760147
            ],
            [
              77.23222188593829,
              28.616053667888394
            ],
            [
              77.23222329783528,
              28.616056745109493
            ],
            [
              77.23222436111853,
              28.61605992962945
            ],
            [
              77.232225065548,
              28.616063190779595
            ],
            [
              77.23222540433964,
              28.6160664971533
            ],
            [
              77.23222537423067,
              28.616069816908368
            ],
            [
              77.232224975511,
              28.616073118073754
            ],
            [
              77.23222421202048,
              28.616076368857417
            ],
            [
              77.23222309111195,
              28.616079537952544
            ],
            [
              77.2322216235803,
              28.616082594838996
            ],
            [
              77.23221982355865,
              28.61608551007728
            ],
            [
              77.23221770838217,
              28.61608825559205
            ],
            [
              77.23221529842117,
              28.616090804942477
            ],
            [
              77.23221261688484,
              28.61609313357692
            ],
            [
              77.23220968959788,
              28.61609521906933
            ],
            [
              77.23220654475165,
              28.616097041335262
            ],
            [
              77.23220321263277,
              28.616098582825288
            ],
            [
              77.23219972533136,
              28.616099828694008
            ],
            [
              77.23219611643206,
              28.616100766943003
            ],
            [
              77.23219242069061,
              28.61610138853641
            ],
            [
              77.23218867369899,
              28.61610168748795
            ],
            [
              77.23216722221852,
              28.61610246560385
            ],
            [
              77.23229039879598,
              28.61618179066802
            ],
            [
              77.23229332531926,
              28.616183876997226
            ],
            [
              77.23229600600266,
              28.61618620639807
            ],
            [
              77.23229841502975,
              28.616188756437143
            ],
            [
              77.23230052920026,
              28.616191502556184
            ],
            [
              77.23230232815357,
              28.6161944183086
            ],
            [
              77.23230379456473,
              28.616197475614094
            ],
            [
              77.23230491431143,
              28.61620064502917
            ],
            [
              77.23230567660983,
              28.616203896030637
            ],
            [
              77.23230607411855,
              28.616207197309567
            ],
            [
              77.23230610300935,
              28.616210517072865
            ],
            [
              77.23230604923958,
              28.616211039940257
            ],
            [
              77.23237377699957,
              28.616209924164306
            ],
            [
              77.23237371001397,
              28.616209471525043
            ],
            [
              77.23237359085677,
              28.616206153329447
            ],
            [
              77.23237384085628,
              28.61620284080585
            ],
            [
              77.23237445760482,
              28.61619956585567
            ],
            [
              77.23237543516275,
              28.616196360018446
            ],
            [
              77.2323767641156,
              28.61619325416815
            ],
            [
              77.2323784316648,
              28.6161902782158
            ],
            [
              77.23238042175095,
              28.616187460821454
            ],
            [
              77.23238271520836,
              28.61618482911812
            ],
            [
              77.23243106793078,
              28.616134647101006
            ],
            [
              77.2324530675553,
              28.616104629499727
            ],
            [
              77.23251002050651,
              28.615848804929676
            ],
            [
              77.23251092599796,
              28.615845582655194
            ],
            [
              77.23251218505598,
              28.615842454213958
            ],
            [
              77.23251378555516,
              28.615839449734548
            ],
            [
              77.23251571208175,
              28.615836598151738
            ],
            [
              77.23251794608227,
              28.61583392692782
            ],
            [
              77.23252046604203,
              28.615831461788122
            ],
            [
              77.23252324769246,
              28.61582922647327
            ],
            [
              77.23252626424471,
              28.615827242510555
            ],
            [
              77.23252948664778,
              28.615825529006617
            ],
            [
              77.23253288386816,
              28.615824102463403
            ],
            [
              77.23253642318879,
              28.615822976619306
            ],
            [
              77.23254007052408,
              28.6158221623168
            ],
            [
              77.23254379074825,
              28.61582166739806
            ],
            [
              77.23254549069823,
              28.615821590135333
            ],
            [
              77.23254531187003,
              28.615821461811223
            ],
            [
              77.23254263965408,
              28.615819124855985
            ],
            [
              77.23254023989215,
              28.615816568030347
            ],
            [
              77.23253813569524,
              28.61581381595794
            ],
            [
              77.23253634732791,
              28.61581089514274
            ],
            [
              77.2325348920131,
              28.615807833713806
            ],
            [
              77.23253378376627,
              28.615804661154396
            ],
            [
              77.23253303326042,
              28.615801408017976
            ],
            [
              77.23253264772329,
              28.61579810563407
            ],
            [
              77.23253263086777,
              28.61579478580641
            ],
            [
              77.23253298285617,
              28.615791480506783
            ],
            [
              77.2325337002986,
              28.61578822156701
            ],
            [
              77.2325347762857,
              28.615785040372476
            ],
            [
              77.23253620045506,
              28.6157819675598
            ],
            [
              77.2325379590911,
              28.61577903272185
            ],
            [
              77.23254003525724,
              28.61577626412271
            ],
            [
              77.23254240895882,
              28.61577368842548
            ],
            [
              77.23254505733576,
              28.615771330435514
            ],
            [
              77.23260790541447,
              28.615720611961155
            ],
            [
              77.23258375806546,
              28.615694665045826
            ],
            [
              77.23253617948649,
              28.615698859390708
            ],
            [
              77.23253242201856,
              28.615699026925178
            ],
            [
              77.23252866403433,
              28.615698868664143
            ],
            [
              77.2325249417253,
              28.61569838613175
            ],
            [
              77.23252129093936,
              28.615697583975038
            ],
            [
              77.2325177468356,
              28.615696469919232
            ],
            [
              77.23251434354572,
              28.615695054693298
            ],
            [
              77.23251111384525,
              28.615693351926655
            ],
            [
              77.23250808883805,
              28.615691378017875
            ],
            [
              77.23250529765654,
              28.615689151976813
            ],
            [
              77.23250276718139,
              28.615686695241465
            ],
            [
              77.23250052178241,
              28.61568403147155
            ],
            [
              77.23249858308404,
              28.615681186320643
            ],
            [
              77.23249696975698,
              28.61567818718912
            ],
            [
              77.23249569733844,
              28.615675062960257
            ],
            [
              77.23249477808245,
              28.61567184372212
            ],
            [
              77.23249422084196,
              28.615668560477726
            ],
            [
              77.23249403098345,
              28.61566524484652
            ],
            [
              77.23249421033532,
              28.615661928759852
            ],
            [
              77.23249475717029,
              28.615658644153445
            ],
            [
              77.232495666222,
              28.61565542265986
            ],
            [
              77.23249692873574,
              28.615652295303814
            ],
            [
              77.23249853255282,
              28.61564929220347
            ],
            [
              77.23250046222755,
              28.61564644228031
            ],
            [
              77.23250269917611,
              28.61564377298064
            ],
            [
              77.23250522185543,
              28.61564131001126
            ],
            [
              77.23250800597073,
              28.61563907709189
            ],
            [
              77.23251102470947,
              28.615637095726758
            ],
            [
              77.23251424899954,
              28.615635384997475
            ],
            [
              77.2325176477893,
              28.615633961379277
            ],
            [
              77.23252118834652,
              28.615632838582393
            ],
            [
              77.23252483657377,
              28.615632027419935
            ],
            [
              77.23252662044798,
              28.61563179167269
            ],
            [
              77.23252558484745,
              28.61562986113445
            ],
            [
              77.23252431625727,
              28.615626735693816
            ],
            [
              77.23252340094567,
              28.61562351558079
            ],
            [
              77.23252284772755,
              28.61562023180684
            ],
            [
              77.2325226619307,
              28.615616915996515
            ],
            [
              77.23252279876534,
              28.61561444218027
            ],
            [
              77.23241647404018,
              28.615545055261666
            ],
            [
              77.2324135625544,
              28.615542952633497
            ],
            [
              77.23241089864536,
              28.61554060831112
            ],
            [
              77.23240850796796,
              28.615538044871677
            ],
            [
              77.23240641354575,
              28.615535287002476
            ],
            [
              77.23240463554913,
              28.615532361263355
            ],
            [
              77.23240319110117,
              28.61552929583077
            ],
            [
              77.23240209411266,
              28.615526120226534
            ],
            [
              77.23240135514818,
              28.615522865033455
            ],
            [
              77.23240098132433,
              28.61551956160084
            ],
            [
              77.23240097624121,
              28.615516241742544
            ],
            [
              77.23240133994773,
              28.615512937430623
            ],
            [
              77.23240206894116,
              28.615509680487406
            ],
            [
              77.23240315620087,
              28.615506502279036
            ],
            [
              77.23240459125593,
              28.615503433413398
            ],
            [
              77.23240636028592,
              28.61550050344532
            ],
            [
              77.23240844625414,
              28.615497740591994
            ],
            [
              77.23241082907151,
              28.615495171461184
            ],
            [
              77.23241348579022,
              28.61549282079503
            ],
            [
              77.23241639082461,
              28.6154907112317
            ],
            [
              77.23241951619761,
              28.615488863087435
            ],
            [
              77.23242283181017,
              28.615487294160857
            ],
            [
              77.23242630573117,
              28.61548601956157
            ],
            [
              77.23242990450484,
              28.615485051564647
            ],
            [
              77.23242996276848,
              28.615485041265817
            ],
            [
              77.23243001174127,
              28.615483300895132
            ],
            [
              77.23243047333305,
              28.615480006115348
            ],
            [
              77.23243129868148,
              28.61547676712463
            ],
            [
              77.23243247983794,
              28.61547361511622
            ],
            [
              77.23243400542724,
              28.615470580445677
            ],
            [
              77.23243586075709,
              28.615467692338537
            ],
            [
              77.23243802795962,
              28.61546497860883
            ],
            [
              77.2324404861635,
              28.615462465391246
            ],
            [
              77.23244321169483,
              28.615460176889428
            ],
            [
              77.23244617830528,
              28.615458135142887
            ],
            [
              77.2324493574248,
              28.615456359814743
            ],
            [
              77.2324527184367,
              28.61545486800236
            ],
            [
              77.23245622897264,
              28.61545367407269
            ],
            [
              77.23245985522426,
              28.61545278952392
            ],
            [
              77.2324635622688,
              28.61545222287474
            ],
            [
              77.23246731440544,
              28.615451979582264
            ],
            [
              77.23247107549906,
              28.615452061989544
            ],
            [
              77.23247480932834,
              28.615452469302937
            ],
            [
              77.23247847993447,
              28.61545319759981
            ],
            [
              77.23248205196755,
              28.615454239866256
            ],
            [
              77.23248549102699,
              28.615455586064698
            ],
            [
              77.23248876399276,
              28.615457223230514
            ],
            [
              77.23249183934448,
              28.615459135596918
            ],
            [
              77.2324946874648,
              28.615461304746788
            ],
            [
              77.23249728092478,
              28.615463709790042
            ],
            [
              77.23249959474799,
              28.6154663275648
            ],
            [
              77.23251805199003,
              28.615489467007365
            ],
            [
              77.23251833665405,
              28.615489378143376
            ],
            [
              77.23252198940914,
              28.615488583023264
            ],
            [
              77.23262382104437,
              28.615471043568792
            ],
            [
              77.23257456793117,
              28.615365480296358
            ],
            [
              77.23257361548123,
              28.615366000447313
            ],
            [
              77.23257023768765,
              28.615367462442947
            ],
            [
              77.23256671376281,
              28.615368625247548
            ],
            [
              77.23256307764404,
              28.61536947766265
            ],
            [
              77.23255936434921,
              28.615370011479033
            ],
            [
              77.23255560963939,
              28.615370221555747
            ],
            [
              77.23255184967454,
              28.615370105869626
            ],
            [
              77.23254812066519,
              28.6153696655348
            ],
            [
              77.23254445852376,
              28.615368904791918
            ],
            [
              77.23254089851875,
              28.615367830967376
            ],
            [
              77.23253747493497,
              28.615366454402682
            ],
            [
              77.2325342207434,
              28.615364788354935
            ],
            [
              77.23253116728372,
              28.61536284886908
            ],
            [
              77.23252834396244,
              28.615360654623455
            ],
            [
              77.2325257779697,
              28.615358226749848
            ],
            [
              77.23252349401737,
              28.61535558863003
            ],
            [
              77.2325215141012,
              28.615352765670547
            ],
            [
              77.23251985728882,
              28.615349785058058
            ],
            [
              77.23251853953623,
              28.61534667549751
            ],
            [
              77.2325175735341,
              28.615343466935677
            ],
            [
              77.23251696858549,
              28.615340190272768
            ],
            [
              77.23251673051638,
              28.615336877064852
            ],
            [
              77.23251686161949,
              28.615333559219938
            ],
            [
              77.23251736063214,
              28.61533026869068
            ],
            [
              77.23251822274858,
              28.615327037166672
            ],
            [
              77.23252483568463,
              28.615306766343704
            ],
            [
              77.23250773026766,
              28.61531346974561
            ]
          ]
        ]
      }
    },
    {
      "type": "Feature",
      "properties": {
        "parcel_id": "ULPIN-2026-2246-00019",
        "survey_number": "UNSURVEYED-19",
        "area_sqm": 30096.57,
        "perimeter_m": 2567.38,
        "confidence_score": 0.741,
        "verification_status": "Needs GT Verification",
        "building_count": 2,
        "building_coverage_ratio": 0.941,
        "landuse_class": "Vacant/Green",
        "owner_record": "Unregistered / Pending Survey",
        "has_gnss_control": false,
        "tax_assessment_annual_inr": 13543456,
        "tax_rate_per_sqm": 450,
        "lulc_confidence": 0.954
      },
      "geometry": {
        "type": "Polygon",
        "coordinates": [
          [
            [
              77.23006242775354,
              28.61334589839925
            ],
            [
              77.23006281275953,
              28.613344727807416
            ],
            [
              77.23006421048184,
              28.613341645559313
            ],
            [
              77.23006594383824,
              28.61333869904677
            ],
            [
              77.23006799613557,
              28.613335916646292
            ],
            [
              77.23007034760904,
              28.61333332515391
            ],
            [
              77.23007297561269,
              28.613330949527096
            ],
            [
              77.23007585483738,
              28.613328812644422
            ],
            [
              77.23007895755462,
              28.613326935085222
            ],
            [
              77.23008225388357,
              28.613325334931396
            ],
            [
              77.23008571207876,
              28.613324027593293
            ],
            [
              77.23008929883594,
              28.61332302566128
            ],
            [
              77.23009297961268,
              28.613322338784492
            ],
            [
              77.23009671896114,
              28.613321973577936
            ],
            [
              77.23010048086935,
              28.613321933558733
            ],
            [
              77.23010422910815,
              28.613322219112288
            ],
            [
              77.2302309066581,
              28.61333742587756
            ],
            [
              77.23023018147299,
              28.61333672320998
            ],
            [
              77.2302279331294,
              28.613334061401893
            ],
            [
              77.23022599127599,
              28.613331217944292
            ],
            [
              77.23022437461384,
              28.613328220221238
            ],
            [
              77.23022309871229,
              28.613325097102464
            ],
            [
              77.23022217585893,
              28.613321878665303
            ],
            [
              77.23022161494133,
              28.613318595905085
            ],
            [
              77.23022142136139,
              28.613315280436595
            ],
            [
              77.23022159698334,
              28.6133119641896
            ],
            [
              77.23022214011584,
              28.613308679101383
            ],
            [
              77.23022304552819,
              28.613305456809137
            ],
            [
              77.23022430450072,
              28.613302328345274
            ],
            [
              77.23022590490882,
              28.61329932383862
            ],
            [
              77.23022783133966,
              28.613296472224214
            ],
            [
              77.23023006524066,
              28.61329380096462
            ],
            [
              77.23023258509808,
              28.613291335785547
            ],
            [
              77.23023536664434,
              28.613289100427988
            ],
            [
              77.23023838309162,
              28.613287116419635
            ],
            [
              77.23024160538989,
              28.613285402867568
            ],
            [
              77.23024500250668,
              28.61328397627421
            ],
            [
              77.23024854172591,
              28.61328285037843
            ],
            [
              77.23025218896298,
              28.613282036023204
            ],
            [
              77.23025590909306,
              28.61328154105121
            ],
            [
              77.23025966628927,
              28.613281370229284
            ],
            [
              77.23034627757507,
              28.61328118755053
            ],
            [
              77.23030194340173,
              28.613214729635214
            ],
            [
              77.23030019623486,
              28.613211789482406
            ],
            [
              77.23029878406196,
              28.613208712368685
            ],
            [
              77.23029772048298,
              28.613205527928358
            ],
            [
              77.23029701574076,
              28.61320226682933
            ],
            [
              77.23029667662232,
              28.613198960477767
            ],
            [
              77.23029670639352,
              28.613195640715663
            ],
            [
              77.2302971047676,
              28.613192339514132
            ],
            [
              77.23029786790799,
              28.613189088665546
            ],
            [
              77.23029898846518,
              28.613185919477356
            ],
            [
              77.23030045564755,
              28.613182862470573
            ],
            [
              77.23030225532536,
              28.613179947085825
            ],
            [
              77.23030437016664,
              28.61317720139986
            ],
            [
              77.23030677980434,
              28.613174651855108
            ],
            [
              77.23030946103229,
              28.61317232300507
            ],
            [
              77.23031238802884,
              28.613170237277828
            ],
            [
              77.23031553260539,
              28.61316841476007
            ],
            [
              77.23031886447797,
              28.613166873003617
            ],
            [
              77.23032235155884,
              28.613165626856414
            ],
            [
              77.23032596026553,
              28.61316468831951
            ],
            [
              77.23032965584424,
              28.613164066431544
            ],
            [
              77.23033340270459,
              28.613163767181632
            ],
            [
              77.23033716476226,
              28.61316379345169
            ],
            [
              77.23034090578663,
              28.613164144988733
            ],
            [
              77.23034458974963,
              28.613164818407256
            ],
            [
              77.23034818117272,
              28.613165807221897
            ],
            [
              77.23035164546855,
              28.613167101909813
            ],
            [
              77.23035494927409,
              28.613168690002475
            ],
            [
              77.23035806077189,
              28.613170556205695
            ],
            [
              77.23036094999655,
              28.613172682546928
            ],
            [
              77.23036358912329,
              28.613175048548353
            ],
            [
              77.23036595273582,
              28.613177631424104
            ],
            [
              77.23036801807132,
              28.613180406299687
            ],
            [
              77.23043512443003,
              28.613281000099015
            ],
            [
              77.23063694760219,
              28.613280574070416
            ],
            [
              77.2306407056805,
              28.613280729033175
            ],
            [
              77.23064442844998,
              28.613281208298677
            ],
            [
              77.23064808005836,
              28.613282007251325
            ],
            [
              77.2306516253387,
              28.613283118196776
            ],
            [
              77.23065503014801,
              28.613284530436026
            ],
            [
              77.23065826169618,
              28.613286230368463
            ],
            [
              77.23066128886163,
              28.613288201622805
            ],
            [
              77.23066408249109,
              28.613290425214807
            ],
            [
              77.23066661568043,
              28.613292879730093
            ],
            [
              77.23066886403363,
              28.613295541530345
            ],
            [
              77.2306708058978,
              28.61329838498098
            ],
            [
              77.23067242257176,
              28.613301382698037
            ],
            [
              77.23067369848597,
              28.613304505811875
            ],
            [
              77.2306746213527,
              28.613307724245203
            ],
            [
              77.23067518228419,
              28.613311007002764
            ],
            [
              77.23067537587833,
              28.61331432246982
            ],
            [
              77.2306752002707,
              28.613317638716605
            ],
            [
              77.2306746571524,
              28.61332092380586
            ],
            [
              77.23067375175398,
              28.613324146100357
            ],
            [
              77.23067249279487,
              28.613327274567663
            ],
            [
              77.23067089239949,
              28.613330279078898
            ],
            [
              77.23066896598053,
              28.613333130698962
            ],
            [
              77.23066673209041,
              28.613335801965203
            ],
            [
              77.23066421224273,
              28.61333826715184
            ],
            [
              77.23066143070496,
              28.61334050251777
            ],
            [
              77.23065841426485,
              28.61334248653517
            ],
            [
              77.23065519197237,
              28.613344200096865
            ],
            [
              77.23065179486,
              28.613345626700294
            ],
            [
              77.23064825564377,
              28.61334675260649
            ],
            [
              77.23064460840831,
              28.61334756697233
            ],
            [
              77.23064088827851,
              28.61334806195503
            ],
            [
              77.2306371310813,
              28.613348232787622
            ],
            [
              77.23061706940086,
              28.613348275150006
            ],
            [
              77.23061608689787,
              28.613348899132735
            ],
            [
              77.23061283263301,
              28.613350564981523
            ],
            [
              77.23060940900196,
              28.613351941336422
            ],
            [
              77.23060584897617,
              28.613353014942362
            ],
            [
              77.23060218684066,
              28.61335377545992
            ],
            [
              77.23059845786383,
              28.613354215564904
            ],
            [
              77.23059469795781,
              28.61335433101883
            ],
            [
              77.23048251369245,
              28.6133529148832
            ],
            [
              77.23048310766472,
              28.613354209136315
            ],
            [
              77.23048417125099,
              28.613357393574727
            ],
            [
              77.23048487600032,
              28.613360654672338
            ],
            [
              77.23048521512551,
              28.613363961022994
            ],
            [
              77.23048518536058,
              28.61336728078474
            ],
            [
              77.23048478699215,
              28.613370581986455
            ],
            [
              77.23048402385669,
              28.61337383283577
            ],
            [
              77.23048290330358,
              28.613377002025207
            ],
            [
              77.23048143612432,
              28.61338005903374
            ],
            [
              77.23047963644864,
              28.613382974420702
            ],
            [
              77.23047752160836,
              28.61338572010931
            ],
            [
              77.23047511197055,
              28.61338826965707
            ],
            [
              77.23047243074133,
              28.613390598510414
            ],
            [
              77.2304695037424,
              28.613392684241216
            ],
            [
              77.23046635916235,
              28.61339450676272
            ],
            [
              77.23046302728523,
              28.61339604852303
            ],
            [
              77.23045954019885,
              28.613397294674158
            ],
            [
              77.23045593148579,
              28.61339823321496
            ],
            [
              77.23045223589996,
              28.613398855106762
            ],
            [
              77.23044848903189,
              28.6133991543604
            ],
            [
              77.230444726966,
              28.613399128093903
            ],
            [
              77.23044098593309,
              28.613398776560228
            ],
            [
              77.23043730196139,
              28.61339810314483
            ],
            [
              77.23043371052957,
              28.613397114333075
            ],
            [
              77.23043024622513,
              28.61339581964777
            ],
            [
              77.23042694241123,
              28.61339423155745
            ],
            [
              77.23042383090544,
              28.6133923653563
            ],
            [
              77.23042094167326,
              28.613390239016883
            ],
            [
              77.23041830253959,
              28.613387873017018
            ],
            [
              77.23041593892076,
              28.613385290142578
            ],
            [
              77.23041387357965,
              28.613382515268103
            ],
            [
              77.23039134970819,
              28.61334875157646
            ],
            [
              77.23030875204383,
              28.61334892582131
            ],
            [
              77.23031006441555,
              28.61334952698919
            ],
            [
              77.23031321752782,
              28.61335133799413
            ],
            [
              77.23031615429743,
              28.61335341300178
            ],
            [
              77.23031884644168,
              28.613355732028687
            ],
            [
              77.23032126803376,
              28.613358272741387
            ],
            [
              77.23032339575242,
              28.61336101067144
            ],
            [
              77.23032520910655,
              28.613363919451082
            ],
            [
              77.23032669063254,
              28.61336697106721
            ],
            [
              77.23032782606245,
              28.61337013613109
            ],
            [
              77.23032860446148,
              28.613373384161438
            ],
            [
              77.23032901833314,
              28.61337668387796
            ],
            [
              77.23032906369161,
              28.61338000350258
            ],
            [
              77.23032874010003,
              28.613383311065515
            ],
            [
              77.23032805067474,
              28.61338657471311
            ],
            [
              77.23032700205522,
              28.613389763014652
            ],
            [
              77.23032560434025,
              28.613392845265054
            ],
            [
              77.23032387099056,
              28.613395791780544
            ],
            [
              77.23032181869921,
              28.61339857418457
            ],
            [
              77.23031946723088,
              28.613401165681033
            ],
            [
              77.23031683923149,
              28.613403541312394
            ],
            [
              77.23031396001011,
              28.613405678200014
            ],
            [
              77.23031085729522,
              28.613407555764475
            ],
            [
              77.23030756096767,
              28.613409155923794
            ],
            [
              77.2303041027729,
              28.613410463267552
            ],
            [
              77.23030051601528,
              28.6134114652053
            ],
            [
              77.23029683523721,
              28.613412152087815
            ],
            [
              77.23029309588667,
              28.61341251730003
            ],
            [
              77.23028933397568,
              28.61341255732476
            ],
            [
              77.23028558573353,
              28.61341227177654
            ],
            [
              77.23013822176335,
              28.613394581816816
            ],
            [
              77.23113967143895,
              28.614037816652875
            ],
            [
              77.2317536274404,
              28.61373592604605
            ],
            [
              77.23175375034995,
              28.613735510511628
            ],
            [
              77.23175505272008,
              28.613732395913367
            ],
            [
              77.23175669477808,
              28.61372940895868
            ],
            [
              77.23175866071007,
              28.613726578413562
            ],
            [
              77.23176093158297,
              28.613723931537706
            ],
            [
              77.23176348552705,
              28.613721493821952
            ],
            [
              77.23176629794642,
              28.61371928874283
            ],
            [
              77.23176934175596,
              28.613717337536432
            ],
            [
              77.23177258764211,
              28.61371565899393
            ],
            [
              77.23177600434524,
              28.61371426928059
            ],
            [
              77.23177955896064,
              28.6137131817801
            ],
            [
              77.231781017008,
              28.613712872970634
            ],
            [
              77.23178105730297,
              28.613711210883316
            ],
            [
              77.23178150605744,
              28.613707914721758
            ],
            [
              77.2317823187776,
              28.61370467324626
            ],
            [
              77.23178348763649,
              28.613701517674
            ],
            [
              77.23178500137732,
              28.613698478394863
            ],
            [
              77.23178684542191,
              28.613695584678748
            ],
            [
              77.23178900201108,
              28.61369286439372
            ],
            [
              77.23179145037571,
              28.613690343737595
            ],
            [
              77.23179416693667,
              28.61368804698565
            ],
            [
              77.231797125532,
              28.61368599625685
            ],
            [
              77.23179890768998,
              28.61368499343959
            ],
            [
              77.2317987035683,
              28.61368252015246
            ],
            [
              77.23179879940302,
              28.613679201366523
            ],
            [
              77.23179926341578,
              28.613675906850478
            ],
            [
              77.23180009113788,
              28.61367266833233
            ],
            [
              77.23180127459786,
              28.613669517000762
            ],
            [
              77.23180280239832,
              28.61366648320482
            ],
            [
              77.23180465982568,
              28.6136635961616
            ],
            [
              77.23180682899189,
              28.6136608836749
            ],
            [
              77.23180928900668,
              28.613658371867423
            ],
            [
              77.23181201617874,
              28.61365608492926
            ],
            [
              77.23181498424393,
              28.613654044884843
            ],
            [
              77.23181816461815,
              28.61365227138089
            ],
            [
              77.23182152667268,
              28.613650781497217
            ],
            [
              77.23182503802911,
              28.613649589582202
            ],
            [
              77.2318286648712,
              28.613648707114617
            ],
            [
              77.23183237227047,
              28.613648142593114
            ],
            [
              77.23183612452273,
              28.613647901454325
            ],
            [
              77.2318398854917,
              28.61364798602055
            ],
            [
              77.2319215253231,
              28.613653367583243
            ],
            [
              77.23360067954887,
              28.612827678620686
            ],
            [
              77.2336200755351,
              28.61281159882557
            ],
            [
              77.23362294055735,
              28.61280944715389
            ],
            [
              77.23362603078203,
              28.612807553649713
            ],
            [
              77.23362931644863,
              28.612805936548504
            ],
            [
              77.2336327659144,
              28.612804611423822
            ],
            [
              77.23363466619014,
              28.61280406980609
            ],
            [
              77.23374051964153,
              28.61272697462223
            ],
            [
              77.23380369655072,
              28.61259772219617
            ],
            [
              77.23380535427094,
              28.612594741996897
            ],
            [
              77.23380733503572,
              28.612591919530896
            ],
            [
              77.23380961976918,
              28.61258928198007
            ],
            [
              77.23381218646807,
              28.61258685474543
            ],
            [
              77.2338150104137,
              28.612584661202586
            ],
            [
              77.2338180644099,
              28.612582722476517
            ],
            [
              77.23382131904506,
              28.612581057238202
            ],
            [
              77.23382474297527,
              28.6125796815248
            ],
            [
              77.2338283032262,
              28.612578608585157
            ],
            [
              77.23383196551076,
              28.61257784875225
            ],
            [
              77.23383569455913,
              28.612577409343697
            ],
            [
              77.23383945445862,
              28.612577294591222
            ],
            [
              77.23384320899932,
              28.61257750559996
            ],
            [
              77.23384692202305,
              28.612578040337763
            ],
            [
              77.23385055777133,
              28.612578893654835
            ],
            [
              77.23385408122999,
              28.61258005733328
            ],
            [
              77.23385745846622,
              28.61258152016622
            ],
            [
              77.2338606569554,
              28.61258326806581
            ],
            [
              77.23386364589435,
              28.61258528419881
            ],
            [
              77.23386639649797,
              28.61258754914879
            ],
            [
              77.23386888227647,
              28.612590041103058
            ],
            [
              77.23387107929038,
              28.612592736062737
            ],
            [
              77.23387296638131,
              28.612595608073917
            ],
            [
              77.2338745253755,
              28.61259862947756
            ],
            [
              77.23387574125897,
              28.61260177117592
            ],
            [
              77.23387660232204,
              28.612605002912744
            ],
            [
              77.23387710027222,
              28.61260829356463
            ],
            [
              77.23387723031392,
              28.612611611440823
            ],
            [
              77.23387699119473,
              28.612614924588353
            ],
            [
              77.23387638521748,
              28.612618201099806
            ],
            [
              77.23387541821802,
              28.612621409420576
            ],
            [
              77.23387409950904,
              28.612624518652773
            ],
            [
              77.2338298897261,
              28.612714966760173
            ],
            [
              77.23412054794258,
              28.61257203754675
            ],
            [
              77.2335538837327,
              28.612581378522787
            ],
            [
              77.23355408830386,
              28.61258511369941
            ],
            [
              77.23355383818813,
              28.61258953467431
            ],
            [
              77.23355309821493,
              28.612593912727505
            ],
            [
              77.23355187551053,
              28.61259820569594
            ],
            [
              77.23355018185019,
              28.61260237223596
            ],
            [
              77.23354803354475,
              28.612606372221503
            ],
            [
              77.23354545128352,
              28.612610167130494
            ],
            [
              77.23354245993505,
              28.61261372041589
            ],
            [
              77.23353908830765,
              28.612616997857547
            ],
            [
              77.23327790629789,
              28.61284710766829
            ],
            [
              77.23327796721667,
              28.612848003268887
            ],
            [
              77.23327782344911,
              28.61285132070497
            ],
            [
              77.23327731188718,
              28.6128546097317
            ],
            [
              77.23327643745742,
              28.612857838673936
            ],
            [
              77.23327520858105,
              28.612860976435197
            ],
            [
              77.2332736370928,
              28.612863992797124
            ],
            [
              77.23327173812692,
              28.612866858710497
            ],
            [
              77.23326952997148,
              28.612869546574988
            ],
            [
              77.23326703389223,
              28.61287203050496
            ],
            [
              77.23326427392774,
              28.61287428657882
            ],
            [
              77.23315642519849,
              28.612954135957114
            ],
            [
              77.23309241241007,
              28.613010532910145
            ],
            [
              77.23308869294779,
              28.613013502933544
            ],
            [
              77.23308466149747,
              28.61301613694554
            ],
            [
              77.2330803568842,
              28.613018409579126
            ],
            [
              77.23307582056377,
              28.613020298947575
            ],
            [
              77.23307109622348,
              28.613021786855207
            ],
            [
              77.23306622936136,
              28.613022858972645
            ],
            [
              77.23306126684798,
              28.61302350497479
            ],
            [
              77.23305625647515,
              28.61302371864028
            ],
            [
              77.23305124649552,
              28.6130234979114
            ],
            [
              77.23304628515803,
              28.613022844913875
            ],
            [
              77.23304142024311,
              28.61302176593645
            ],
            [
              77.2330366986026,
              28.613020271370264
            ],
            [
              77.23303216570856,
              28.613018375608817
            ],
            [
              77.23302786521526,
              28.613016096909366
            ],
            [
              77.23302383853884,
              28.613013457217036
            ],
            [
              77.2330201244584,
              28.61301048195354
            ],
            [
              77.2330167587426,
              28.61300719977232
            ],
            [
              77.2330137738051,
              28.613003642282592
            ],
            [
              77.23301119839248,
              28.612999843744962
            ],
            [
              77.23300905730733,
              28.612995840741455
            ],
            [
              77.23300737116945,
              28.61299167182319
            ],
            [
              77.23300615621721,
              28.612987377139163
            ],
            [
              77.23300542415123,
              28.61298299804954
            ],
            [
              77.23300518202163,
              28.612978576727354
            ],
            [
              77.2330054321602,
              28.612974155752365
            ],
            [
              77.2330061721579,
              28.612969777700982
            ],
            [
              77.2330073948881,
              28.612965484736225
            ],
            [
              77.23300908857516,
              28.61296131820168
            ],
            [
              77.23301123690791,
              28.61295731822334
            ],
            [
              77.23301381919671,
              28.61295352332317
            ],
            [
              77.23301681057265,
              28.6129499700481
            ],
            [
              77.23302018222714,
              28.61294669261809
            ],
            [
              77.23308915436778,
              28.61288592638224
            ],
            [
              77.23317010163541,
              28.612808401333773
            ],
            [
              77.23317030870761,
              28.61280667943815
            ],
            [
              77.23317107050433,
              28.612803428349636
            ],
            [
              77.23317218974962,
              28.6128002588067
            ],
            [
              77.23317365566453,
              28.612797201333766
            ],
            [
              77.23317545413147,
              28.61279428537596
            ],
            [
              77.23317756783018,
              28.612791539015536
            ],
            [
              77.2331799764046,
              28.61278898870144
            ],
            [
              77.23339371655315,
              28.612584018312475
            ],
            [
              77.23216429856612,
              28.612604274616817
            ],
            [
              77.23216450692554,
              28.612607492732625
            ],
            [
              77.2321643523344,
              28.612610809791732
            ],
            [
              77.23216383004367,
              28.612614097507084
            ],
            [
              77.23216294508332,
              28.612617324216192
            ],
            [
              77.23216170597593,
              28.61262045884407
            ],
            [
              77.23216012465478,
              28.612623471202532
            ],
            [
              77.23215821634881,
              28.61262633228091
            ],
            [
              77.23215599943605,
              28.612629014525446
            ],
            [
              77.23197411251842,
              28.61282780415439
            ],
            [
              77.23197160834002,
              28.612830281730645
            ],
            [
              77.23196884102127,
              28.612832530780768
            ],
            [
              77.23196583721293,
              28.612834529645163
            ],
            [
              77.23196262584332,
              28.612836259073642
            ],
            [
              77.23195923783972,
              28.612837702410854
            ],
            [
              77.23195570583047,
              28.61283884575667
            ],
            [
              77.23195206383078,
              28.612839678100023
            ],
            [
              77.23194834691513,
              28.612840191424983
            ],
            [
              77.23194459087946,
              28.612840380787958
            ],
            [
              77.23194083189651,
              28.612840244365255
            ],
            [
              77.23193710616735,
              28.612839783470708
            ],
            [
              77.23193344957284,
              28.612839002542984
            ],
            [
              77.231929897328,
              28.612837909102854
            ],
            [
              77.23192648364294,
              28.612836513680744
            ],
            [
              77.23192324139332,
              28.61283482971535
            ],
            [
              77.23192020180379,
              28.61283287342419
            ],
            [
              77.23191739414729,
              28.612830663647426
            ],
            [
              77.23191484546308,
              28.612828221666433
            ],
            [
              77.2319125802964,
              28.61282557099884
            ],
            [
              77.231910620462,
              28.612822737172042
            ],
            [
              77.23190898483416,
              28.61281974747735
            ],
            [
              77.2319076891649,
              28.612816630707165
            ],
            [
              77.23190674593212,
              28.612813416877717
            ],
            [
              77.23190616421967,
              28.612810136939935
            ],
            [
              77.23190594962973,
              28.612806822481424
            ],
            [
              77.23190610422888,
              28.612803505422242
            ],
            [
              77.23190662652821,
              28.612800217707466
            ],
            [
              77.23190751149767,
              28.612796990999588
            ],
            [
              77.23190875061448,
              28.61279385637358
            ],
            [
              77.23191033194523,
              28.612790844017578
            ],
            [
              77.23191224026083,
              28.612787982942216
            ],
            [
              77.23191445718314,
              28.612785300701205
            ],
            [
              77.23207880259942,
              28.61260568286225
            ],
            [
              77.23139665060519,
              28.612616916985324
            ],
            [
              77.23139734254961,
              28.612619427668555
            ],
            [
              77.23139786899806,
              28.61262271486884
            ],
            [
              77.23139802778415,
              28.612626031774976
            ],
            [
              77.23139781737865,
              28.612629346443338
            ],
            [
              77.23139723980782,
              28.612632626951857
            ],
            [
              77.23139630063397,
              28.612635841707444
            ],
            [
              77.23139500890184,
              28.612638959750235
            ],
            [
              77.23139337705146,
              28.61264195105177
            ],
            [
              77.23139142079843,
              28.612644786804168
            ],
            [
              77.23138915898252,
              28.61264743969756
            ],
            [
              77.23138661338626,
              28.612649884183142
            ],
            [
              77.23138380852508,
              28.612652096719145
            ],
            [
              77.23138077141137,
              28.61265405599763
            ],
            [
              77.2313775312942,
              28.612655743149666
            ],
            [
              77.23137411937766,
              28.61265714192703
            ],
            [
              77.23137056852042,
              28.612658238858725
            ],
            [
              77.23136691291917,
              28.61265902338069
            ],
            [
              77.23136318777941,
              28.612659487937538
            ],
            [
              77.2313594289763,
              28.612659628055326
            ],
            [
              77.2311191149366,
              28.612658171168984
            ],
            [
              77.2311153586695,
              28.61265798549161
            ],
            [
              77.23111164111407,
              28.612657475813897
            ],
            [
              77.23110799807246,
              28.612656647044325
            ],
            [
              77.23110446462918,
              28.61265550716442
            ],
            [
              77.23110107481325,
              28.612654067151823
            ],
            [
              77.23109786127047,
              28.612652340874682
            ],
            [
              77.23109485494903,
              28.612650344957988
            ],
            [
              77.23109208480146,
              28.61264809862353
            ],
            [
              77.2310895775058,
              28.612645623504758
            ],
            [
              77.23108735720868,
              28.612642943438416
            ],
            [
              77.23108544529278,
              28.61264008423504
            ],
            [
              77.23108386017086,
              28.61263707343032
            ],
            [
              77.23108261710848,
              28.612633940019972
            ],
            [
              77.23108172807702,
              28.61263071418047
            ],
            [
              77.23108120163826,
              28.61262742697841
            ],
            [
              77.23108104286212,
              28.612624110071348
            ],
            [
              77.23108116974001,
              28.61262211136808
            ],
            [
              77.22959545011292,
              28.612646563820313
            ],
            [
              77.22960400484669,
              28.613051445838575
            ],
            [
              77.23006242775354,
              28.61334589839925
            ]
          ],
          [
            [
              77.23099972330273,
              28.6126310546369
            ],
            [
              77.2310026362698,
              28.61263315558484
            ],
            [
              77.23100530184642,
              28.612635498370125
            ],
            [
              77.2310076943616,
              28.612638060430452
            ],
            [
              77.23110268507116,
              28.612750610343074
            ],
            [
              77.23121573241512,
              28.61281445956438
            ],
            [
              77.2313125036124,
              28.612738085749015
            ],
            [
              77.23131542752847,
              28.61273599667579
            ],
            [
              77.23131856941006,
              28.612734170562785
            ],
            [
              77.23132189899916,
              28.612732624996426
            ],
            [
              77.23132538423003,
              28.612731374861358
            ],
            [
              77.23132899153799,
              28.612730432197058
            ],
            [
              77.23133268618272,
              28.61272980608188
            ],
            [
              77.23133643258284,
              28.61272950254566
            ],
            [
              77.23134019465847,
              28.612729524511597
            ],
            [
              77.23134393617882,
              28.612729871768156
            ],
            [
              77.23134762111101,
              28.61273054097107
            ],
            [
              77.23135121396719,
              28.612731525675542
            ],
            [
              77.2313546801462,
              28.612732816398346
            ],
            [
              77.23135798626689,
              28.61273440070913
            ],
            [
              77.2313611004895,
              28.612736263350104
            ],
            [
              77.2313639928224,
              28.61273838638306
            ],
            [
              77.23136663541085,
              28.612740749362022
            ],
            [
              77.23136900280528,
              28.612743329530236
            ],
            [
              77.23137107220639,
              28.61274610203929
            ],
            [
              77.23137282368468,
              28.612749040188408
            ],
            [
              77.23137424037246,
              28.612752115681637
            ],
            [
              77.23137530862623,
              28.612755298900296
            ],
            [
              77.23137601815807,
              28.612758559188258
            ],
            [
              77.2313763621348,
              28.612761865147192
            ],
            [
              77.23137633724367,
              28.61276518493889
            ],
            [
              77.2313759437244,
              28.61276848659196
            ],
            [
              77.23137518536673,
              28.61277173830966
            ],
            [
              77.23137406947404,
              28.61277490877619
            ],
            [
              77.23137260679295,
              28.6127779674582
            ],
            [
              77.23137081140986,
              28.61278088489891
            ],
            [
              77.23136870061526,
              28.61278363300175
            ],
            [
              77.23136629473724,
              28.612786185300983
            ],
            [
              77.23136361694573,
              28.61278851721655
            ],
            [
              77.23128277071547,
              28.612852322760816
            ],
            [
              77.23135595069922,
              28.612893654705474
            ],
            [
              77.23135901606608,
              28.612895579425626
            ],
            [
              77.23136185288266,
              28.61289776001269
            ],
            [
              77.23136443382889,
              28.612900175466432
            ],
            [
              77.23136673404883,
              28.612902802524733
            ],
            [
              77.23136873139013,
              28.6129056158876
            ],
            [
              77.23137040661726,
              28.61290858846081
            ],
            [
              77.23137174359685,
              28.612911691616898
            ],
            [
              77.23137272945304,
              28.612914895470766
            ],
            [
              77.23137335469147,
              28.612918169167564
            ],
            [
              77.2313736132907,
              28.612921481179818
            ],
            [
              77.23137350276026,
              28.612924799611022
            ],
            [
              77.2313730241646,
              28.612928092502898
            ],
            [
              77.23137218211278,
              28.612931328143073
            ],
            [
              77.23137098471422,
              28.612934475370558
            ],
            [
              77.2313694435005,
              28.61293750387585
            ],
            [
              77.2313675733143,
              28.612940384492752
            ],
            [
              77.23136539216654,
              28.612943089479344
            ],
            [
              77.23136292106282,
              28.61294559278511
            ],
            [
              77.23136203415567,
              28.61294633072917
            ],
            [
              77.23136229396367,
              28.612947238680192
            ],
            [
              77.23136285305546,
              28.612950521680823
            ],
            [
              77.23136304479304,
              28.612953837230812
            ],
            [
              77.23136286732982,
              28.61295715339962
            ],
            [
              77.23136232237485,
              28.612960438250717
            ],
            [
              77.2313614151763,
              28.612963660149195
            ],
            [
              77.23136015447095,
              28.61296678806638
            ],
            [
              77.23135855240005,
              28.612969791878758
            ],
            [
              77.23135662439242,
              28.612972642657926
            ],
            [
              77.23135438901579,
              28.612975312949327
            ],
            [
              77.23135186779807,
              28.61297777703657
            ],
            [
              77.2312944854122,
              28.61302860588897
            ],
            [
              77.23150380291378,
              28.61324720142085
            ],
            [
              77.23150608716843,
              28.613249839309052
            ],
            [
              77.23150806741737,
              28.613252662068113
            ],
            [
              77.23150972458973,
              28.613255642513327
            ],
            [
              77.23151104272598,
              28.613258751941398
            ],
            [
              77.23151200913175,
              28.613261960406838
            ],
            [
              77.23151261449999,
              28.613265237010395
            ],
            [
              77.23151285300062,
              28.613268550196572
            ],
            [
              77.23151272233676,
              28.613271868057595
            ],
            [
              77.2315122237667,
              28.613275158640636
            ],
            [
              77.23151136209191,
              28.61327839025559
            ],
            [
              77.23151014561078,
              28.61328153178023
            ],
            [
              77.23150858603866,
              28.613284552959954
            ],
            [
              77.23150669839502,
              28.613287424699124
            ],
            [
              77.23150450085892,
              28.613290119341332
            ],
            [
              77.23150201459379,
              28.613292610935673
            ],
            [
              77.23149926354374,
              28.61329487548671
            ],
            [
              77.23149627420288,
              28.61329689118558
            ],
            [
              77.2314930753602,
              28.61329863861998
            ],
            [
              77.23148969782234,
              28.613300100961144
            ],
            [
              77.23148617411681,
              28.613301264125905
            ],
            [
              77.23148253817887,
              28.613302116912354
            ],
            [
              77.23147882502464,
              28.61330265110768
            ],
            [
              77.23147507041381,
              28.61330286156728
            ],
            [
              77.23147131050541,
              28.613302746264313
            ],
            [
              77.23146758150943,
              28.613302306309198
            ],
            [
              77.23146391933817,
              28.613301545938956
            ],
            [
              77.2314603592604,
              28.61330047247637
            ],
            [
              77.23145693556161,
              28.61329909625949
            ],
            [
              77.23145368121392,
              28.613297430542023
            ],
            [
              77.23145062755852,
              28.613295491365772
            ],
            [
              77.23144780400378,
              28.613293297406067
            ],
            [
              77.23144523774208,
              28.613290869791957
            ],
            [
              77.23124017294481,
              28.613076715367423
            ],
            [
              77.23116919681435,
              28.613139585268346
            ],
            [
              77.23116641402804,
              28.613141819417574
            ],
            [
              77.23116339648102,
              28.613143802115683
            ],
            [
              77.23116017323393,
              28.613145514268194
            ],
            [
              77.23115677532842,
              28.61314693938613
            ],
            [
              77.2311532354882,
              28.613148063744813
            ],
            [
              77.23114958780386,
              28.61314887651604
            ],
            [
              77.23114586740465,
              28.613149369872392
            ],
            [
              77.23114211012008,
              28.613149539062537
            ],
            [
              77.23113835213488,
              28.613149382457095
            ],
            [
              77.23113462964055,
              28.613148901564262
            ],
            [
              77.23113097848677,
              28.6131481010153
            ],
            [
              77.23112743383618,
              28.61314698851994
            ],
            [
              77.23112402982574,
              28.61314557479213
            ],
            [
              77.23112079923793,
              28.613143873446848
            ],
            [
              77.23111777318512,
              28.61314190086899
            ],
            [
              77.23111498080985,
              28.613139676055578
            ],
            [
              77.23111244900423,
              28.613137220432794
            ],
            [
              77.23111020215094,
              28.613134557649648
            ],
            [
              77.2311082618884,
              28.613131713350196
            ],
            [
              77.23110664690236,
              28.61312871492663
            ],
            [
              77.231105372746,
              28.613125591255415
            ],
            [
              77.23110445169016,
              28.613122372419213
            ],
            [
              77.23110389260503,
              28.6131190894172
            ],
            [
              77.23110370087493,
              28.61311577386648
            ],
            [
              77.23110387834622,
              28.613112457697625
            ],
            [
              77.23110442330976,
              28.613109172847143
            ],
            [
              77.23110533051724,
              28.61310595094995
            ],
            [
              77.23110659123166,
              28.61310282303467
            ],
            [
              77.23110819331171,
              28.61309981922483
            ],
            [
              77.23111012132838,
              28.613096968448744
            ],
            [
              77.23111235671384,
              28.61309429816093
            ],
            [
              77.23111487794009,
              28.613091834077714
            ],
            [
              77.23114425575685,
              28.613065811546598
            ],
            [
              77.23106970929904,
              28.61302047472879
            ],
            [
              77.23098647861653,
              28.61308616167765
            ],
            [
              77.23098355468423,
              28.613088250744568
            ],
            [
              77.23098041278617,
              28.613090076850625
            ],
            [
              77.23097708318055,
              28.613091622409417
            ],
            [
              77.23097359793331,
              28.613092872536345
            ],
            [
              77.23096999060934,
              28.613093815192
            ],
            [
              77.23096629594913,
              28.613094441298074
            ],
            [
              77.23096254953434,
              28.613094744824824
            ],
            [
              77.230958787445,
              28.61309472284912
            ],
            [
              77.23095504591214,
              28.613094375582577
            ],
            [
              77.23095478407633,
              28.613094328031266
            ],
            [
              77.23095612200166,
              28.613097191027542
            ],
            [
              77.23095720844937,
              28.61310036944919
            ],
            [
              77.23095793661922,
              28.613103626536596
            ],
            [
              77.2309582994985,
              28.613106930922246
            ],
            [
              77.23095829359245,
              28.613110250783098
            ],
            [
              77.23095791895791,
              28.61311355414707
            ],
            [
              77.2309571792028,
              28.61311680920097
            ],
            [
              77.23095608145132,
              28.613119984596846
            ],
            [
              77.2309546362754,
              28.61312304975388
            ],
            [
              77.23095285759283,
              28.61312597515294
            ],
            [
              77.23095076253325,
              28.61312873262081
            ],
            [
              77.23094837127329,
              28.61313129560157
            ],
            [
              77.23094570684201,
              28.61313363941228
            ],
            [
              77.23094279489936,
              28.613135741480765
            ],
            [
              77.23093966348897,
              28.613137581562935
            ],
            [
              77.23093634276802,
              28.613139141937765
            ],
            [
              77.23093286471686,
              28.613140407577994
            ],
            [
              77.23092926283111,
              28.6131413662948
            ],
            [
              77.23092557179888,
              28.6131420088552
            ],
            [
              77.23092182716687,
              28.613142329070993
            ],
            [
              77.23091806499797,
              28.6131423238583
            ],
            [
              77.23091432152394,
              28.613141993267334
            ],
            [
              77.23091063279657,
              28.613141340481864
            ],
            [
              77.23090703434028,
              28.613140371788578
            ],
            [
              77.23090356081025,
              28.613139096516537
            ],
            [
              77.23090024565849,
              28.613137526947302
            ],
            [
              77.23089712081175,
              28.613135678196688
            ],
            [
              77.23073459967034,
              28.61302896543394
            ],
            [
              77.23072101303366,
              28.613049165127517
            ],
            [
              77.23088977348685,
              28.61319980208967
            ],
            [
              77.23088970934418,
              28.613198684899157
            ],
            [
              77.23088988818273,
              28.613195368787157
            ],
            [
              77.23089043450092,
              28.6131920841115
            ],
            [
              77.23089134303737,
              28.61318886250542
            ],
            [
              77.23089260504234,
              28.613185734994747
            ],
            [
              77.23089420836203,
              28.613182731699084
            ],
            [
              77.23089613755555,
              28.61317988154181
            ],
            [
              77.23089837404369,
              28.613177211971504
            ],
            [
              77.23090089628785,
              28.61317474869756
            ],
            [
              77.23090367999744,
              28.613172515442635
            ],
            [
              77.23090669836378,
              28.61317053371417
            ],
            [
              77.2309099223184,
              28.613168822597295
            ],
            [
              77.23091332081285,
              28.61316739857098
            ],
            [
              77.23091686111779,
              28.61316627534937
            ],
            [
              77.23092050913817,
              28.61316546374969
            ],
            [
              77.2309242297416,
              28.613164971588073
            ],
            [
              77.23092798709666,
              28.6131648036043
            ],
            [
              77.23093174501801,
              28.613164961416146
            ],
            [
              77.23093546731484,
              28.613165443503803
            ],
            [
              77.23093911813945,
              28.61316624522449
            ],
            [
              77.23094266233238,
              28.613167358857215
            ],
            [
              77.2309460657612,
              28.61316877367708
            ],
            [
              77.23094929564905,
              28.613170476058645
            ],
            [
              77.23095232089032,
              28.61317244960701
            ],
            [
              77.23098123707385,
              28.613193325089945
            ],
            [
              77.23098406010301,
              28.613191374466606
            ],
            [
              77.2309872353136,
              28.613189593789222
            ],
            [
              77.23099059302531,
              28.61318809632125
            ],
            [
              77.23099410090153,
              28.613186896484123
            ],
            [
              77.2309977251595,
              28.613186005832915
            ],
            [
              77.2310014308957,
              28.61318543294507
            ],
            [
              77.23100518242188,
              28.613185183337816
            ],
            [
              77.23100894360883,
              28.613185259414998
            ],
            [
              77.23101267823431,
              28.613185660443932
            ],
            [
              77.23101635033183,
              28.613186382562525
            ],
            [
              77.23101992453715,
              28.61318741881636
            ],
            [
              77.23102336642874,
              28.613188759225764
            ],
            [
              77.23102664285932,
              28.613190390881865
            ],
            [
              77.23102972227511,
              28.61319229807094
            ],
            [
              77.23103257501965,
              28.61319446242572
            ],
            [
              77.23103517361949,
              28.613196863102313
            ],
            [
              77.23103749304865,
              28.613199476980903
            ],
            [
              77.23103951096975,
              28.61320227888842
            ],
            [
              77.23104120794913,
              28.613205241840976
            ],
            [
              77.23104256764393,
              28.61320833730375
            ],
            [
              77.23104357695948,
              28.613211535465734
            ],
            [
              77.23104422617554,
              28.61321480552689
            ],
            [
              77.23104450903975,
              28.613218115994762
            ],
            [
              77.23104442282794,
              28.613221434987725
            ],
            [
              77.23104345659817,
              28.613233255837986
            ],
            [
              77.23105685676452,
              28.61324289619624
            ],
            [
              77.23105975570533,
              28.613243486484922
            ],
            [
              77.2310633209873,
              28.6132445464099
            ],
            [
              77.23106675136914,
              28.61324590960446
            ],
            [
              77.23107001381443,
              28.613247562940337
            ],
            [
              77.23107307690407,
              28.613249490494997
            ],
            [
              77.23107591113883,
              28.613251673705047
            ],
            [
              77.23107848922348,
              28.61325409154501
            ],
            [
              77.23108078632967,
              28.61325672072977
            ],
            [
              77.23108144305195,
              28.61325764791415
            ],
            [
              77.23108341706671,
              28.613258715265488
            ],
            [
              77.23108641682964,
              28.613260718871558
            ],
            [
              77.23108917959512,
              28.613262972289444
            ],
            [
              77.23109167875619,
              28.61326545381751
            ],
            [
              77.23109389024457,
              28.613268139557324
            ],
            [
              77.23109567049838,
              28.613270819585125
            ],
            [
              77.23110134146155,
              28.613274899389015
            ],
            [
              77.23128426684409,
              28.613275334045078
            ],
            [
              77.23128802397939,
              28.61327550586857
            ],
            [
              77.23129174393759,
              28.61327600183207
            ],
            [
              77.23129539089348,
              28.613276817159164
            ],
            [
              77.23129892972491,
              28.613277943997833
            ],
            [
              77.23130232635103,
              28.613279371495995
            ],
            [
              77.2313055480605,
              28.613281085906078
            ],
            [
              77.23130856382652,
              28.613283070717387
            ],
            [
              77.23131134460561,
              28.613285306815115
            ],
            [
              77.23131386361737,
              28.613287772664457
            ],
            [
              77.23131609660234,
              28.613290444517915
            ],
            [
              77.23131802205562,
              28.61329329664412
            ],
            [
              77.23131962143405,
              28.613296301575545
            ],
            [
              77.23132087933473,
              28.613299430373072
            ],
            [
              77.23132178364334,
              28.613302652904675
            ],
            [
              77.23132232565086,
              28.61330593813563
            ],
            [
              77.23132250013745,
              28.613309254427364
            ],
            [
              77.23132230542268,
              28.61331256984218
            ],
            [
              77.2313217433817,
              28.61331585245083
            ],
            [
              77.23132081942724,
              28.613319070639985
            ],
            [
              77.23131954245747,
              28.613322193416728
            ],
            [
              77.2313179247703,
              28.613325190707002
            ],
            [
              77.23131598194485,
              28.613328033645253
            ],
            [
              77.23131373269163,
              28.613330694852404
            ],
            [
              77.23131119867215,
              28.61333314869958
            ],
            [
              77.2313084042904,
              28.61333537155487
            ],
            [
              77.23130537645781,
              28.61333734201095
            ],
            [
              77.23130214433404,
              28.61333904109123
            ],
            [
              77.23129873904628,
              28.613340452432624
            ],
            [
              77.23129519338927,
              28.613341562443143
            ],
            [
              77.23129154150969,
              28.61334236043275
            ],
            [
              77.23128781857717,
              28.613342838716374
            ],
            [
              77.2312840604456,
              28.613342992687862
            ],
            [
              77.23119570006718,
              28.613342782765358
            ],
            [
              77.23127507362676,
              28.61339988549102
            ],
            [
              77.23127786939665,
              28.613402106988513
            ],
            [
              77.23128040494848,
              28.61340455960425
            ],
            [
              77.2312826558635,
              28.613407219718187
            ],
            [
              77.23128460046416,
              28.613410061712017
            ],
            [
              77.23128622002287,
              28.613413058215787
            ],
            [
              77.23128749894238,
              28.61341618037153
            ],
            [
              77.23128842490598,
              28.613419398111212
            ],
            [
              77.23128898899611,
              28.61342268044624
            ],
            [
              77.23128918578021,
              28.613425995765944
            ],
            [
              77.23128901336312,
              28.613429312141967
            ],
            [
              77.2312884734053,
              28.613432597635825
            ],
            [
              77.23128757110678,
              28.613435820606394
            ],
            [
              77.23128631515716,
              28.6134389500147
            ],
            [
              77.23128471765189,
              28.613441955722838
            ],
            [
              77.23128279397581,
              28.61344480878417
            ],
            [
              77.23128056265493,
              28.61344748172215
            ],
            [
              77.23127804517812,
              28.613449948794905
            ],
            [
              77.23127526579,
              28.613452186243173
            ],
            [
              77.23127225125764,
              28.613454172519067
            ],
            [
              77.23126903061261,
              28.613455888493675
            ],
            [
              77.23126563487152,
              28.613457317641185
            ],
            [
              77.23126209673721,
              28.613458446198134
            ],
            [
              77.2312584502839,
              28.61345926329587
            ],
            [
              77.23125473062896,
              28.613459761065304
            ],
            [
              77.2312509735947,
              28.613459934712637
            ],
            [
              77.23124721536347,
              28.613459782565528
            ],
            [
              77.23124349212911,
              28.613459306089254
            ],
            [
              77.23123983974847,
              28.61345850987254
            ],
            [
              77.23123629339597,
              28.613457401583396
            ],
            [
              77.23123288722496,
              28.61345599189525
            ],
            [
              77.23122965403876,
              28.613454294384194
            ],
            [
              77.23122662497474,
              28.613452325398182
            ],
            [
              77.23112126528,
              28.613376527748667
            ],
            [
              77.23112102351742,
              28.613376496437585
            ],
            [
              77.2311173726844,
              28.613375694722304
            ],
            [
              77.23111382848278,
              28.61337458109468
            ],
            [
              77.23111042504515,
              28.61337316627955
            ],
            [
              77.23110719514855,
              28.613371463902375
            ],
            [
              77.23110416989863,
              28.613369490357996
            ],
            [
              77.23106675058577,
              28.613342476309665
            ],
            [
              77.23103453523106,
              28.613342399728886
            ],
            [
              77.23103061269902,
              28.61339038789496
            ],
            [
              77.23103015824063,
              28.613393683449246
            ],
            [
              77.23102933991251,
              28.613396923826922
            ],
            [
              77.23102816559557,
              28.613400077821368
            ],
            [
              77.2310266465991,
              28.6134031150579
            ],
            [
              77.23102479755185,
              28.613406006286237
            ],
            [
              77.23102263626112,
              28.61340872366228
            ],
            [
              77.23102018354132,
              28.613411241016184
            ],
            [
              77.23101746301346,
              28.613413534104442
            ],
            [
              77.23101450087772,
              28.613415580843352
            ],
            [
              77.23101132566109,
              28.61341736152168
            ],
            [
              77.23100796794265,
              28.61341885899051
            ],
            [
              77.2310044600591,
              28.613420058828368
            ],
            [
              77.23100083579327,
              28.61342094948018
            ],
            [
              77.23099713004889,
              28.61342152236844
            ],
            [
              77.2309933785143,
              28.61342177197594
            ],
            [
              77.2309896173189,
              28.613421695898793
            ],
            [
              77.23098588268505,
              28.613421294869692
            ],
            [
              77.23098221057937,
              28.61342057275074
            ],
            [
              77.23097863636627,
              28.613419536496362
            ],
            [
              77.23097519446743,
              28.61341819608625
            ],
            [
              77.23097191803024,
              28.613416564429308
            ],
            [
              77.23096883860855,
              28.613414657239282
            ],
            [
              77.23096598585893,
              28.61341249288348
            ],
            [
              77.23096338725493,
              28.613410092205836
            ],
            [
              77.23096106782252,
              28.613407478326206
            ],
            [
              77.2309590498991,
              28.613404676417705
            ],
            [
              77.23095735291834,
              28.613401713464242
            ],
            [
              77.23095599322309,
              28.613398618000705
            ],
            [
              77.23095498390794,
              28.6133954198381
            ],
            [
              77.23095433469311,
              28.613392149776498
            ],
            [
              77.23095405183086,
              28.61338883930838
            ],
            [
              77.23095413804529,
              28.613385520315394
            ],
            [
              77.23095952579327,
              28.61331960731288
            ],
            [
              77.2308845217699,
              28.613318960375544
            ],
            [
              77.23089251787901,
              28.613386722089874
            ],
            [
              77.23089272344961,
              28.613390036995074
            ],
            [
              77.23089255982289,
              28.613393353718592
            ],
            [
              77.2308920285746,
              28.613396640318555
            ],
            [
              77.23089113482095,
              28.613399865143208
            ],
            [
              77.23088988716925,
              28.613402997135726
            ],
            [
              77.23088829763502,
              28.613406006133296
            ],
            [
              77.23088638152632,
              28.613408863157623
            ],
            [
              77.23088415729632,
              28.61341154069398
            ],
            [
              77.23088164636555,
              28.613414012956216
            ],
            [
              77.23087887291561,
              28.613416256135093
            ],
            [
              77.2308758636564,
              28.613418248627532
            ],
            [
              77.2308726475687,
              28.613419971244756
            ],
            [
              77.23086925562522,
              28.613421407396977
            ],
            [
              77.23086572049223,
              28.613422543253268
            ],
            [
              77.23086207621505,
              28.6134233678747
            ],
            [
              77.23085835789006,
              28.613423873319697
            ],
            [
              77.23085460132683,
              28.613424054720564
            ],
            [
              77.23085084270309,
              28.613423910330276
            ],
            [
              77.23084711821656,
              28.613423441539418
            ],
            [
              77.23084346373605,
              28.613422652862695
            ],
            [
              77.23083991445625,
              28.613421551895488
            ],
            [
              77.23083650455872,
              28.613420149240742
            ],
            [
              77.23083326688264,
              28.613418458406787
            ],
            [
              77.23083023260861,
              28.61341649567729
            ],
            [
              77.23082743095839,
              28.61341427995443
            ],
            [
              77.23082488891338,
              28.61341183257684
            ],
            [
              77.23082263095486,
              28.61340917711411
            ],
            [
              77.23082067882824,
              28.613406339139825
            ],
            [
              77.2308190513335,
              28.61340334598525
            ],
            [
              77.2308177641443,
              28.613400226476095
            ],
            [
              77.23081682965699,
              28.61339701065496
            ],
            [
              77.23081625687111,
              28.61339372949197
            ],
            [
              77.23080427143941,
              28.61329216025689
            ],
            [
              77.23080330443248,
              28.61328990870503
            ],
            [
              77.2308023223873,
              28.613286703938197
            ],
            [
              77.23080170104434,
              28.61328342966275
            ],
            [
              77.23080144638745,
              28.613280117411755
            ],
            [
              77.23080156086904,
              28.613276799084
            ],
            [
              77.23080204338657,
              28.613273506636823
            ],
            [
              77.23080206190903,
              28.613273435804476
            ],
            [
              77.2307978162442,
              28.613237456301782
            ],
            [
              77.23079642530999,
              28.613239096928933
            ],
            [
              77.23079388718902,
              28.613241547472587
            ],
            [
              77.23079108909273,
              28.613243766685322
            ],
            [
              77.2307880579683,
              28.61324573319489
            ],
            [
              77.23078482300711,
              28.613247428062703
            ],
            [
              77.23078141536364,
              28.61324883496626
            ],
            [
              77.23077786785537,
              28.613249940356283
            ],
            [
              77.23077421464676,
              28.613250733587265
            ],
            [
              77.23077049092024,
              28.613251207019932
            ],
            [
              77.23076673253739,
              28.61325135609488
            ],
            [
              77.2307629756935,
              28.613251179376416
            ],
            [
              77.23075925656907,
              28.61325067856644
            ],
            [
              77.2305426905859,
              28.61321183646635
            ],
            [
              77.23053904500081,
              28.613211016381943
            ],
            [
              77.23053550806206,
              28.61320988492706
            ],
            [
              77.23053211383235,
              28.613208452998222
            ],
            [
              77.23052889499999,
              28.61320673438571
            ],
            [
              77.2305258825641,
              28.6132047456407
            ],
            [
              77.2305231055361,
              28.613202505915933
            ],
            [
              77.2305205906603,
              28.61320003678117
            ],
            [
              77.23051836215632,
              28.61319736201556
            ],
            [
              77.23051644148588,
              28.613194507378555
            ],
            [
              77.23051484714604,
              28.613191500361914
            ],
            [
              77.23051359449116,
              28.613188369924842
            ],
            [
              77.23051269558499,
              28.613185146215173
            ],
            [
              77.23051215908441,
              28.613181860279006
            ],
            [
              77.23051199015623,
              28.61317854376171
            ],
            [
              77.23051219042726,
              28.613175228603158
            ],
            [
              77.23051275796874,
              28.61317194673014
            ],
            [
              77.23051368731491,
              28.61316872974888
            ],
            [
              77.23051496951564,
              28.61316560864068
            ],
            [
              77.23051659222259,
              28.61316261346349
            ],
            [
              77.23051853980819,
              28.6131597730625
            ],
            [
              77.2305207935161,
              28.613157114792305
            ],
            [
              77.23052333164186,
              28.613154664253504
            ],
            [
              77.23052612974197,
              28.613152445046094
            ],
            [
              77.23052916086915,
              28.613150478542245
            ],
            [
              77.23053239583203,
              28.61314878368045
            ],
            [
              77.23053580347612,
              28.61314737678314
            ],
            [
              77.23053935098402,
              28.61314627139949
            ],
            [
              77.23054300419128,
              28.613145478174946
            ],
            [
              77.23054672791555,
              28.613145004748667
            ],
            [
              77.23055048629537,
              28.613144855680012
            ],
            [
              77.23055424313553,
              28.61314503240461
            ],
            [
              77.23055796225562,
              28.61314553322048
            ],
            [
              77.23076219687479,
              28.613182163651015
            ],
            [
              77.23067384651694,
              28.61310330129852
            ],
            [
              77.23067102725045,
              28.61310406768129
            ],
            [
              77.23066734056123,
              28.613104729368267
            ],
            [
              77.23066359812682,
              28.613105068994063
            ],
            [
              77.23065983598897,
              28.61310508328788
            ],
            [
              77.23065609037916,
              28.613104772112052
            ],
            [
              77.23065239736967,
              28.613104138463395
            ],
            [
              77.23064879252625,
              28.61310318844429
            ],
            [
              77.23064531056555,
              28.613101931203918
            ],
            [
              77.23064198502077,
              28.613100378850234
            ],
            [
              77.23063884791875,
              28.613098546333255
            ],
            [
              77.2306359294715,
              28.61309645130113
            ],
            [
              77.23063325778531,
              28.61309411393018
            ],
            [
              77.23063085858993,
              28.613091556730577
            ],
            [
              77.23062875499096,
              28.613088804329564
            ],
            [
              77.23062696724716,
              28.613085883234298
            ],
            [
              77.23062551257549,
              28.613082821576526
            ],
            [
              77.2306244049852,
              28.613079648841694
            ],
            [
              77.23062365514298,
              28.61307639558499
            ],
            [
              77.23062327027017,
              28.613073093137064
            ],
            [
              77.23062325407327,
              28.613069773302286
            ],
            [
              77.23062360670824,
              28.61306646805249
            ],
            [
              77.23062432477897,
              28.613063209219046
            ],
            [
              77.23062540137003,
              28.613060028186283
            ],
            [
              77.23062682611321,
              28.613056955589297
            ],
            [
              77.23062858528745,
              28.613054021018847
            ],
            [
              77.23071781690757,
              28.612921357555912
            ],
            [
              77.23071765348786,
              28.61292096150423
            ],
            [
              77.23071671900884,
              28.612917745681788
            ],
            [
              77.2307161462297,
              28.612914464517836
            ],
            [
              77.23071594066664,
              28.612911149611794
            ],
            [
              77.23071610429926,
              28.612907832888
            ],
            [
              77.2307166355517,
              28.61290454628834
            ],
            [
              77.23071752930764,
              28.612901321464562
            ],
            [
              77.2307187769597,
              28.612898189473466
            ],
            [
              77.2307203664923,
              28.61289518047782
            ],
            [
              77.23072228259731,
              28.61289232345592
            ],
            [
              77.23072450682162,
              28.61288964592241
            ],
            [
              77.2307790341722,
              28.61283034370393
            ],
            [
              77.23080900700639,
              28.612785781977596
            ],
            [
              77.23081108366011,
              28.612783013692884
            ],
            [
              77.23081345780317,
              28.612780438355927
            ],
            [
              77.2308161065712,
              28.612778080768596
            ],
            [
              77.23081900445516,
              28.612775963635745
            ],
            [
              77.23082212354682,
              28.612774107346493
            ],
            [
              77.23082543380764,
              28.612772529777914
            ],
            [
              77.23082890335803,
              28.612771246122843
            ],
            [
              77.23083133422053,
              28.612770585318145
            ],
            [
              77.23083242492025,
              28.612769471894712
            ],
            [
              77.23083515235767,
              28.612767185221582
            ],
            [
              77.23083812065535,
              28.61276514546589
            ],
            [
              77.23083988941895,
              28.612764159365923
            ],
            [
              77.23091741088106,
              28.612679849199786
            ],
            [
              77.23091992179468,
              28.61267737693765
            ],
            [
              77.23092269522536,
              28.612675133758838
            ],
            [
              77.2309257044634,
              28.61267314126638
            ],
            [
              77.23092892052824,
              28.61267141864904
            ],
            [
              77.23093231244742,
              28.61266998249656
            ],
            [
              77.23093584755492,
              28.61266884663985
            ],
            [
              77.23093949180573,
              28.612668022017836
            ],
            [
              77.23094025232218,
              28.612667918637246
            ],
            [
              77.23093977939679,
              28.612666552762377
            ],
            [
              77.23093903803797,
              28.612663297992935
            ],
            [
              77.2309386617743,
              28.612659994773047
            ],
            [
              77.2309386542294,
              28.612656674914547
            ],
            [
              77.23093901547587,
              28.61265337038948
            ],
            [
              77.23093974203468,
              28.612650113022237
            ],
            [
              77.23094082690862,
              28.612646934183026
            ],
            [
              77.23094225964978,
              28.61264386448582
            ],
            [
              77.23094402646,
              28.61264093349346
            ],
            [
              77.23094611032394,
              28.612638169432987
            ],
            [
              77.23094849117282,
              28.612635598923806
            ],
            [
              77.23095114607779,
              28.61263324672132
            ],
            [
              77.23095404947061,
              28.612631135478505
            ],
            [
              77.23095717339005,
              28.61262928552776
            ],
            [
              77.23096048775108,
              28.612627714685114
            ],
            [
              77.2309639606346,
              28.612626438078635
            ],
            [
              77.23096755859484,
              28.612625468002715
            ],
            [
              77.23097124698155,
              28.612624813799716
            ],
            [
              77.23097499027354,
              28.61262448176995
            ],
            [
              77.23097875242092,
              28.612624475111044
            ],
            [
              77.23098249719219,
              28.61262479388714
            ],
            [
              77.23098618852318,
              28.61262543502824
            ],
            [
              77.23098979086438,
              28.612626392359804
            ],
            [
              77.23099326952334,
              28.61262765666221
            ],
            [
              77.23099659099864,
              28.612629215759565
            ],
            [
              77.23099972330273,
              28.6126310546369
            ]
          ],
          [
            [
              77.2306837941803,
              28.613717176775502
            ],
            [
              77.2306801883689,
              28.613716229559326
            ],
            [
              77.23067670513416,
              28.613714975026546
            ],
            [
              77.23067337802154,
              28.613713425258968
            ],
            [
              77.230670239073,
              28.61371159518174
            ],
            [
              77.23066731851834,
              28.613709502419503
            ],
            [
              77.2306646444841,
              28.613707167126716
            ],
            [
              77.23043815076623,
              28.613488935435846
            ],
            [
              77.23043574901538,
              28.61348638009801
            ],
            [
              77.23043364266749,
              28.613483629329558
            ],
            [
              77.23043185200785,
              28.613480709621914
            ],
            [
              77.2304303942815,
              28.613477649093472
            ],
            [
              77.23042928352707,
              28.613474477218787
            ],
            [
              77.23042853044173,
              28.61347122454479
            ],
            [
              77.23042814227807,
              28.61346792239649
            ],
            [
              77.23042812277428,
              28.613464602575398
            ],
            [
              77.23042847211818,
              28.613461297053213
            ],
            [
              77.23042918694533,
              28.613458037663893
            ],
            [
              77.23043026037153,
              28.613454855797176
            ],
            [
              77.23043168205908,
              28.61345178209614
            ],
            [
              77.23043343831633,
              28.613448846162203
            ],
            [
              77.23043551222952,
              28.613446076270005
            ],
            [
              77.23043788382573,
              28.613443499095116
            ],
            [
              77.23044053026517,
              28.61344113945711
            ],
            [
              77.2304434260612,
              28.613439020080587
            ],
            [
              77.23044654332573,
              28.61343716137629
            ],
            [
              77.23044985203776,
              28.61343558124452
            ],
            [
              77.23045332033266,
              28.613434294902824
            ],
            [
              77.23045691480884,
              28.613433314739346
            ],
            [
              77.23046060084957,
              28.613432650193598
            ],
            [
              77.23046434295631,
              28.6134323076655
            ],
            [
              77.23046810509052,
              28.613432290453783
            ],
            [
              77.23047185102087,
              28.613432598724202
            ],
            [
              77.230475544672,
              28.613433229507958
            ],
            [
              77.23047915047208,
              28.613434176730248
            ],
            [
              77.23048263369533,
              28.613435431268815
            ],
            [
              77.2304859607964,
              28.613436981041776
            ],
            [
              77.23048909973353,
              28.613438811123967
            ],
            [
              77.23049202027705,
              28.613440903890744
            ],
            [
              77.23049469430056,
              28.613443239187607
            ],
            [
              77.2307211880238,
              28.613661470784223
            ],
            [
              77.2307235897855,
              28.613664026116332
            ],
            [
              77.23072569614456,
              28.613666776879583
            ],
            [
              77.23072748681558,
              28.613669696582644
            ],
            [
              77.2307289445534,
              28.613672757107185
            ],
            [
              77.23073005531917,
              28.613675928978697
            ],
            [
              77.2307308084156,
              28.613679181650337
            ],
            [
              77.23073119658993,
              28.613682483797103
            ],
            [
              77.23073121610379,
              28.613685803617514
            ],
            [
              77.2307308667692,
              28.613689109139905
            ],
            [
              77.23073015195043,
              28.61369236853027
            ],
            [
              77.23072907853154,
              28.613695550398905
            ],
            [
              77.23072765685009,
              28.613698624102668
            ],
            [
              77.23072590059765,
              28.613701560040088
            ],
            [
              77.23072382668786,
              28.6137043299365
            ],
            [
              77.23072145509357,
              28.613706907116242
            ],
            [
              77.23071880865457,
              28.61370926675967
            ],
            [
              77.23071591285746,
              28.613711386142107
            ],
            [
              77.23071279559036,
              28.61371324485273
            ],
            [
              77.2307094868743,
              28.613714824991124
            ],
            [
              77.23070601857403,
              28.613716111339667
            ],
            [
              77.23070242409118,
              28.61371709151012
            ],
            [
              77.23069873804262,
              28.613717756062893
            ],
            [
              77.23069499592705,
              28.61371809859798
            ],
            [
              77.23069123378312,
              28.613718115816567
            ],
            [
              77.23068748784237,
              28.613717807552817
            ],
            [
              77.2306837941803,
              28.613717176775502
            ]
          ],
          [
            [
              77.23091115959696,
              28.613691849624043
            ],
            [
              77.23111612852628,
              28.61376246167195
            ],
            [
              77.23111956176164,
              28.613763819294043
            ],
            [
              77.23112282766495,
              28.613765467329593
            ],
            [
              77.23112589478377,
              28.613767389907153
            ],
            [
              77.23112873358008,
              28.61376956851124
            ],
            [
              77.23113069001721,
              28.613771396582237
            ],
            [
              77.23119976947105,
              28.613794504164744
            ],
            [
              77.23125666060598,
              28.61367241594649
            ],
            [
              77.2312582603781,
              28.613669411175927
            ],
            [
              77.23126018620651,
              28.613666559243367
            ],
            [
              77.23126241954445,
              28.613663887614482
            ],
            [
              77.23126493888363,
              28.61366142201848
            ],
            [
              77.23126623609029,
              28.613660379142903
            ],
            [
              77.23127353318677,
              28.61364492507563
            ],
            [
              77.23127514883635,
              28.613641926927667
            ],
            [
              77.23127708973009,
              28.61363908295914
            ],
            [
              77.23127933717608,
              28.613636420559022
            ],
            [
              77.23128186953018,
              28.61363396536767
            ],
            [
              77.23128466240446,
              28.613631741029884
            ],
            [
              77.23128768890197,
              28.61362976896725
            ],
            [
              77.23129091987593,
              28.613628068171803
            ],
            [
              77.2312943242103,
              28.6136266550231
            ],
            [
              77.23129786911947,
              28.61362554313054
            ],
            [
              77.2313015204641,
              28.61362474320223
            ],
            [
              77.23130524307973,
              28.613624262941926
            ],
            [
              77.2313090011156,
              28.61362410697477
            ],
            [
              77.23131275837979,
              28.613624276802824
            ],
            [
              77.23131647868784,
              28.613624770790548
            ],
            [
              77.23132012621117,
              28.61362558418056
            ],
            [
              77.23132366582217,
              28.613626709139496
            ],
            [
              77.23132706343249,
              28.613628134833373
            ],
            [
              77.2313302863213,
              28.613629847532003
            ],
            [
              77.23133330345043,
              28.613631830741177
            ],
            [
              77.2313360857633,
              28.613634065361513
            ],
            [
              77.23133860646472,
              28.613636529872412
            ],
            [
              77.23134084127895,
              28.6136392005393
            ],
            [
              77.2313427686835,
              28.61364205164222
            ],
            [
              77.23134437011642,
              28.61364505572349
            ],
            [
              77.23134563015499,
              28.61364818385219
            ],
            [
              77.23134653666432,
              28.613651405902743
            ],
            [
              77.2313470809142,
              28.61365469084504
            ],
            [
              77.2313472576632,
              28.613658007043302
            ],
            [
              77.23134706520906,
              28.613661322560738
            ],
            [
              77.23134650540523,
              28.61366460546709
            ],
            [
              77.23134558364285,
              28.613667824146184
            ],
            [
              77.23134430879898,
              28.613670947600358
            ],
            [
              77.23123567700016,
              28.61390101200404
            ],
            [
              77.23123406134597,
              28.613904010151717
            ],
            [
              77.23123212044666,
              28.613906854119847
            ],
            [
              77.23122987299415,
              28.61390951651947
            ],
            [
              77.2312273406326,
              28.6139119717102
            ],
            [
              77.23122454775003,
              28.613914196047197
            ],
            [
              77.23122152124346,
              28.613916168108858
            ],
            [
              77.23121829025976,
              28.613917868903137
            ],
            [
              77.23121488591514,
              28.613919282050446
            ],
            [
              77.23121134099526,
              28.613920393941388
            ],
            [
              77.2312076896397,
              28.61392119386784
            ],
            [
              77.23120396701303,
              28.613921674126054
            ],
            [
              77.23120020896624,
              28.613921830090884
            ],
            [
              77.23119645169136,
              28.61392166026029
            ],
            [
              77.23119273137307,
              28.61392116626984
            ],
            [
              77.23118908384009,
              28.613920352876942
            ],
            [
              77.2311855442202,
              28.613919227915005
            ],
            [
              77.23118214660188,
              28.613917802218044
            ],
            [
              77.2311789237061,
              28.613916089516312
            ],
            [
              77.23117590657111,
              28.61391410630407
            ],
            [
              77.23117312425359,
              28.61391187168075
            ],
            [
              77.23117060354878,
              28.613909407167014
            ],
            [
              77.23116836873244,
              28.61390673649749
            ],
            [
              77.23116644132706,
              28.6139038853922
            ],
            [
              77.23116483989462,
              28.61390088130887
            ],
            [
              77.23116357985775,
              28.613897753178463
            ],
            [
              77.23116267335125,
              28.613894531126604
            ],
            [
              77.23116212910529,
              28.613891246183417
            ],
            [
              77.23116195236119,
              28.613887929984717
            ],
            [
              77.23116205661802,
              28.61388613394629
            ],
            [
              77.23116203225997,
              28.613885991573174
            ],
            [
              77.23116183797453,
              28.613882676138665
            ],
            [
              77.23116201289261,
              28.613879359864576
            ],
            [
              77.23116255532963,
              28.613876074688417
            ],
            [
              77.23116297741353,
              28.613874571326026
            ],
            [
              77.23116114295196,
              28.61387455104926
            ],
            [
              77.23115740378121,
              28.613874184290065
            ],
            [
              77.23115372335408,
              28.613873495885013
            ],
            [
              77.23115013711512,
              28.613872492463816
            ],
            [
              77.23114667960179,
              28.613871183689987
            ],
            [
              77.23091775243019,
              28.613772524202673
            ],
            [
              77.23083535930913,
              28.61374496289262
            ],
            [
              77.23083191106936,
              28.613743635211403
            ],
            [
              77.23082862690836,
              28.61374201567453
            ],
            [
              77.2308255384544,
              28.61374011987905
            ],
            [
              77.23082267545098,
              28.613737966082528
            ],
            [
              77.23082006547041,
              28.613735575027214
            ],
            [
              77.23081773364822,
              28.61373296974029
            ],
            [
              77.23081570244115,
              28.613730175312114
            ],
            [
              77.23081399141078,
              28.61372721865456
            ],
            [
              77.2308126170353,
              28.61372412824188
            ],
            [
              77.23081159255065,
              28.613720933836447
            ],
            [
              77.23081092782313,
              28.61371766620214
            ],
            [
              77.23081062925442,
              28.613714356808075
            ],
            [
              77.23081069971987,
              28.613711037525512
            ],
            [
              77.2308111385408,
              28.61370774032098
            ],
            [
              77.23081194149111,
              28.613704496948355
            ],
            [
              77.23081310083792,
              28.613701338643082
            ],
            [
              77.23081460541604,
              28.61369829582135
            ],
            [
              77.23081644073555,
              28.6136953977872
            ],
            [
              77.2308185891213,
              28.61369267245027
            ],
            [
              77.23082102988313,
              28.613690146057024
            ],
            [
              77.23082373951517,
              28.613687842938006
            ],
            [
              77.23082444168907,
              28.613687353561616
            ],
            [
              77.23082446290931,
              28.613687326283273
            ],
            [
              77.23082688586592,
              28.613684786579444
            ],
            [
              77.23082957925698,
              28.613682468673915
            ],
            [
              77.23083251714364,
              28.613680394889364
            ],
            [
              77.23083567123246,
              28.61367858519746
            ],
            [
              77.23083901114782,
              28.613677057026504
            ],
            [
              77.23084250472456,
              28.61367582509362
            ],
            [
              77.23084611831766,
              28.613674901262964
            ],
            [
              77.23084981712623,
              28.613674294431537
            ],
            [
              77.23085356552879,
              28.613674010443447
            ],
            [
              77.2308573274262,
              28.613674052033634
            ],
            [
              77.23086106658934,
              28.61367441880158
            ],
            [
              77.23086474700808,
              28.6136751072151
            ],
            [
              77.23086833323802,
              28.613676110644402
            ],
            [
              77.23087179074183,
              28.613677419425926
            ],
            [
              77.2309001324075,
              28.613689633734822
            ],
            [
              77.23090019268254,
              28.6136896352561
            ],
            [
              77.23090392468634,
              28.613690054984612
            ],
            [
              77.23090759209752,
              28.61369079548439
            ],
            [
              77.23091115959696,
              28.613691849624043
            ]
          ],
          [
            [
              77.232044085219,
              28.612882282842513
            ],
            [
              77.23204295739812,
              28.612886595994784
            ],
            [
              77.23204135592117,
              28.61289079082858
            ],
            [
              77.2320392962112,
              28.61289482694535
            ],
            [
              77.23203679810428,
              28.61289866547507
            ],
            [
              77.23203388565851,
              28.61290226945056
            ],
            [
              77.23203058692233,
              28.61290560416357
            ],
            [
              77.23163638712091,
              28.613266690674156
            ],
            [
              77.23163273383908,
              28.61326972400007
            ],
            [
              77.23162876121832,
              28.613272426734724
            ],
            [
              77.23162450751715,
              28.613274772849284
            ],
            [
              77.23162001370106,
              28.61327673974936
            ],
            [
              77.231615323048,
              28.6132783084926
            ],
            [
              77.23161048073156,
              28.61327946397113
            ],
            [
              77.23160553338596,
              28.613280195057044
            ],
            [
              77.23160052865686,
              28.613280494709574
            ],
            [
              77.23159551474264,
              28.6132803600429
            ],
            [
              77.23159053993008,
              28.613279792353932
            ],
            [
              77.23158565212941,
              28.613278797109814
            ],
            [
              77.23158089841286,
              28.61327738389532
            ],
            [
              77.23157632456139,
              28.61327556632048
            ],
            [
              77.23157197462373,
              28.613273361889554
            ],
            [
              77.2315678904922,
              28.61327079183244
            ],
            [
              77.23156411149922,
              28.613267880900214
            ],
            [
              77.23156067403859,
              28.613264657126763
            ],
            [
              77.23155761121494,
              28.613261151558834
            ],
            [
              77.23155495252492,
              28.613257397956982
            ],
            [
              77.23155272357312,
              28.61325343247047
            ],
            [
              77.23155094582556,
              28.61324929328911
            ],
            [
              77.23154963640286,
              28.61324502027552
            ],
            [
              77.23154880791542,
              28.61324065458116
            ],
            [
              77.231548468342,
              28.613236238250078
            ],
            [
              77.2315486209528,
              28.613231813813957
            ],
            [
              77.23154926427802,
              28.61322742388253
            ],
            [
              77.23155039212205,
              28.613223110733248
            ],
            [
              77.23155199362303,
              28.61321891590409
            ],
            [
              77.23155405335764,
              28.61321487979352
            ],
            [
              77.23155655148945,
              28.61321104127148
            ],
            [
              77.23155946396001,
              28.61320743730502
            ],
            [
              77.23156276272067,
              28.613204102602275
            ],
            [
              77.2319569625708,
              28.61284301630192
            ],
            [
              77.23196061582878,
              28.612839982968424
            ],
            [
              77.23196458842484,
              28.612837280225254
            ],
            [
              77.23196884210073,
              28.61283493410127
            ],
            [
              77.23197333589124,
              28.61283296719091
            ],
            [
              77.23197802651876,
              28.61283139843657
            ],
            [
              77.23198286881001,
              28.612830242946195
            ],
            [
              77.23198781613114,
              28.61282951184776
            ],
            [
              77.23199282083678,
              28.612829212182145
            ],
            [
              77.23199783472899,
              28.612829346835287
            ],
            [
              77.23200280952125,
              28.612829914510396
            ],
            [
              77.23200769730367,
              28.61283090974045
            ],
            [
              77.23201245100432,
              28.612832322940847
            ],
            [
              77.23201702484248,
              28.612834140501715
            ],
            [
              77.23202137476964,
              28.61283634491897
            ],
            [
              77.23202545889369,
              28.61283891496288
            ],
            [
              77.23202923788224,
              28.61284182588255
            ],
            [
              77.23203267534164,
              28.612845049644253
            ],
            [
              77.23203573816726,
              28.61284855520143
            ],
            [
              77.23203839686238,
              28.612852308793684
            ],
            [
              77.23204062582232,
              28.612856274271874
            ],
            [
              77.23204240358092,
              28.612860413446327
            ],
            [
              77.23204371301735,
              28.612864686454536
            ],
            [
              77.23204454152099,
              28.612869052145104
            ],
            [
              77.23204488111283,
              28.612873468474085
            ],
            [
              77.23204472852234,
              28.612877892909793
            ],
            [
              77.232044085219,
              28.612882282842513
            ]
          ],
          [
            [
              77.23214331313434,
              28.61333924737753
            ],
            [
              77.23214239671574,
              28.613342467242678
            ],
            [
              77.2321411270593,
              28.613345592339158
            ],
            [
              77.23213951639245,
              28.61334859257057
            ],
            [
              77.23213758022682,
              28.61335143904305
            ],
            [
              77.23213533720867,
              28.61335410434348
            ],
            [
              77.23213280893951,
              28.613356562803556
            ],
            [
              77.23181461147443,
              28.6136369977071
            ],
            [
              77.23181182228869,
              28.613639225644643
            ],
            [
              77.23180879906184,
              28.613641201608626
            ],
            [
              77.23180557090922,
              28.613642906569417
            ],
            [
              77.2318021689197,
              28.613644324107295
            ],
            [
              77.23179862585634,
              28.6136454405706
            ],
            [
              77.2317949758408,
              28.61364624520715
            ],
            [
              77.23179125402476,
              28.613646730267856
            ],
            [
              77.23178749625136,
              28.613646891081313
            ],
            [
              77.23178373871005,
              28.6136467260988
            ],
            [
              77.23178001758805,
              28.613646236909165
            ],
            [
              77.23177636872184,
              28.6136454282236
            ],
            [
              77.231772827252,
              28.613644307830185
            ],
            [
              77.23176942728487,
              28.613642886518928
            ],
            [
              77.23176620156403,
              28.613641177977843
            ],
            [
              77.23176318115492,
              28.613639198661133
            ],
            [
              77.23176039514576,
              28.613636967630708
            ],
            [
              77.23175787036733,
              28.613634506372623
            ],
            [
              77.23175563113465,
              28.613631838590162
            ],
            [
              77.23175369901274,
              28.613628989975542
            ],
            [
              77.23175209260897,
              28.613625987962497
            ],
            [
              77.23175082739388,
              28.61362286146205
            ],
            [
              77.23174991555211,
              28.613619640584133
            ],
            [
              77.23174936586524,
              28.613616356347567
            ],
            [
              77.23174918362696,
              28.61361304038136
            ],
            [
              77.23174937059231,
              28.61360972462007
            ],
            [
              77.2317499249607,
              28.6136064409963
            ],
            [
              77.2317508413932,
              28.613603221133136
            ],
            [
              77.23175211106403,
              28.613600096039605
            ],
            [
              77.23175372174555,
              28.61359709581207
            ],
            [
              77.23175565792597,
              28.61359424934436
            ],
            [
              77.23175790095884,
              28.61359158404949
            ],
            [
              77.23176042924247,
              28.613589125595695
            ],
            [
              77.23207862672535,
              28.613308690817647
            ],
            [
              77.23208141589683,
              28.613306462875308
            ],
            [
              77.232084439109,
              28.61330448690597
            ],
            [
              77.23208766724667,
              28.613302781939275
            ],
            [
              77.23209106922114,
              28.613301364394978
            ],
            [
              77.23209461226955,
              28.61330024792479
            ],
            [
              77.23209826227044,
              28.613299443280912
            ],
            [
              77.23210198407233,
              28.613298958212507
            ],
            [
              77.23210574183227,
              28.613298797391028
            ],
            [
              77.232109499361,
              28.61329896236528
            ],
            [
              77.2321132204715,
              28.613299451546478
            ],
            [
              77.2321168693275,
              28.613300260223525
            ],
            [
              77.23212041078853,
              28.613301380608437
            ],
            [
              77.23212381074842,
              28.613302801911296
            ],
            [
              77.23212703646372,
              28.613304510444195
            ],
            [
              77.23213005686905,
              28.613306489753032
            ],
            [
              77.23213284287625,
              28.613308720776015
            ],
            [
              77.23213536765459,
              28.613311182027157
            ],
            [
              77.23213760688904,
              28.6133138498033
            ],
            [
              77.23213953901454,
              28.61331669841231
            ],
            [
              77.23214114542368,
              28.613319700420536
            ],
            [
              77.23214241064582,
              28.613322826917017
            ],
            [
              77.23214332249616,
              28.613326047791897
            ],
            [
              77.23214387219303,
              28.6133293320264
            ],
            [
              77.23214405444256,
              28.613332647991548
            ],
            [
              77.23214386748951,
              28.61333596375279
            ],
            [
              77.23214331313434,
              28.61333924737753
            ]
          ],
          [
            [
              77.23326185534377,
              28.61270121875872
            ],
            [
              77.23326100951707,
              28.612704453628453
            ],
            [
              77.23325980844817,
              28.612707599762548
            ],
            [
              77.23325826370396,
              28.612710626862008
            ],
            [
              77.23325639016119,
              28.612713505774206
            ],
            [
              77.23325420586305,
              28.61271620877363
            ],
            [
              77.23325173184553,
              28.612718709828894
            ],
            [
              77.2329989660796,
              28.612950248445472
            ],
            [
              77.23299622615735,
              28.61295252346549
            ],
            [
              77.23299324672867,
              28.612954550544625
            ],
            [
              77.23299005648711,
              28.612956310160985
            ],
            [
              77.23298668615647,
              28.612957785368472
            ],
            [
              77.23298316819485,
              28.612958961960043
            ],
            [
              77.2329795364822,
              28.612959828604428
            ],
            [
              77.23297582599392,
              28.6129603769554
            ],
            [
              77.23297207246408,
              28.612960601732016
            ],
            [
              77.23296831204124,
              28.612960500769546
            ],
            [
              77.23296458094038,
              28.612960075040323
            ],
            [
              77.23296091509407,
              28.612959328644337
            ],
            [
              77.23295734980644,
              28.612958268769805
            ],
            [
              77.2329539194132,
              28.612956905623914
            ],
            [
              77.23295065695092,
              28.6129552523345
            ],
            [
              77.23294759383893,
              28.612953324823664
            ],
            [
              77.23294475957668,
              28.612951141654403
            ],
            [
              77.23294218145968,
              28.612948723851837
            ],
            [
              77.23293988431658,
              28.61294609470075
            ],
            [
              77.23293789027015,
              28.61294327952131
            ],
            [
              77.2329362185241,
              28.612940305425262
            ],
            [
              77.23293488517828,
              28.612937201054777
            ],
            [
              77.23293390307349,
              28.61293399630667
            ],
            [
              77.2329332816679,
              28.612930722044407
            ],
            [
              77.23293302694596,
              28.61292740980093
            ],
            [
              77.23293314136077,
              28.612924091474966
            ],
            [
              77.23293362381038,
              28.61292079902381
            ],
            [
              77.23293446964853,
              28.612917564155566
            ],
            [
              77.23293567072929,
              28.612914418023774
            ],
            [
              77.23293721548559,
              28.61291139092739
            ],
            [
              77.23293908904051,
              28.612908512019008
            ],
            [
              77.23294127335073,
              28.612905809024074
            ],
            [
              77.2329437473801,
              28.612903307973895
            ],
            [
              77.23319651316946,
              28.612671769458412
            ],
            [
              77.23319925308024,
              28.612669494434893
            ],
            [
              77.23320223249696,
              28.61266746735182
            ],
            [
              77.23320542272623,
              28.612665707731075
            ],
            [
              77.2332087930444,
              28.612664232518767
            ],
            [
              77.23321231099348,
              28.61266305592199
            ],
            [
              77.23321594269372,
              28.612662189271987
            ],
            [
              77.2332196531699,
              28.612661640915068
            ],
            [
              77.23322340668813,
              28.612661416132205
            ],
            [
              77.23322716710003,
              28.612661517088174
            ],
            [
              77.23323089819077,
              28.612661942810714
            ],
            [
              77.23323456402798,
              28.612662689199883
            ],
            [
              77.23323812930768,
              28.61266374906756
            ],
            [
              77.23324155969428,
              28.61266511220664
            ],
            [
              77.2332448221513,
              28.61266676548935
            ],
            [
              77.23324788525956,
              28.612668692993697
            ],
            [
              77.23325071951962,
              28.61267087615677
            ],
            [
              77.23325329763603,
              28.612673293953545
            ],
            [
              77.23325559478012,
              28.61267592309931
            ],
            [
              77.23325758882915,
              28.61267873827398
            ],
            [
              77.23325926057929,
              28.612681712365895
            ],
            [
              77.23326059393067,
              28.612684816732937
            ],
            [
              77.23326157604237,
              28.61268802147837
            ],
            [
              77.23326219745606,
              28.612691295738745
            ],
            [
              77.23326245218719,
              28.61269460798117
            ],
            [
              77.23326233778252,
              28.61269792630692
            ],
            [
              77.23326185534377,
              28.61270121875872
            ]
          ]
        ]
      }
    },
    {
      "type": "Feature",
      "properties": {
        "parcel_id": "ULPIN-2026-2246-00020",
        "survey_number": "UNSURVEYED-20",
        "area_sqm": 41960.02,
        "perimeter_m": 1787.14,
        "confidence_score": 0.73,
        "verification_status": "Needs GT Verification",
        "building_count": 2,
        "building_coverage_ratio": 0.867,
        "landuse_class": "Vacant/Green",
        "owner_record": "Unregistered / Pending Survey",
        "has_gnss_control": false,
        "tax_assessment_annual_inr": 18882009,
        "tax_rate_per_sqm": 450,
        "lulc_confidence": 0.888
      },
      "geometry": {
        "type": "Polygon",
        "coordinates": [
          [
            [
              77.23555969478812,
              28.613826104257406
            ],
            [
              77.23556045731436,
              28.613826852604614
            ],
            [
              77.23556268644097,
              28.613829526963652
            ],
            [
              77.23556460777463,
              28.613832381248645
            ],
            [
              77.23556620281185,
              28.613835387971278
            ],
            [
              77.2355674561915,
              28.613838518175186
            ],
            [
              77.23556835584284,
              28.613841741714797
            ],
            [
              77.23556889310173,
              28.61384502754568
            ],
            [
              77.235569062794,
              28.613848344023484
            ],
            [
              77.2355688632854,
              28.61385165920873
            ],
            [
              77.23556829649728,
              28.613854941174367
            ],
            [
              77.23556736788808,
              28.613858158313267
            ],
            [
              77.23556608640078,
              28.61386127964262
            ],
            [
              77.23556446437678,
              28.61386427510231
            ],
            [
              77.23556251743703,
              28.613867115844407
            ],
            [
              77.23556026433162,
              28.613869774511002
            ],
            [
              77.23555772675915,
              28.613872225497676
            ],
            [
              77.23555492915786,
              28.613874445200064
            ],
            [
              77.23555189847013,
              28.613876412241204
            ],
            [
              77.23554866388321,
              28.613878107677408
            ],
            [
              77.23554525654791,
              28.613879515180674
            ],
            [
              77.23554170927875,
              28.613880621195968
            ],
            [
              77.23553805623791,
              28.613881415071738
            ],
            [
              77.23553433260622,
              28.61388188916254
            ],
            [
              77.23543858334932,
              28.613889872473813
            ],
            [
              77.23339564975804,
              28.61496550115662
            ],
            [
              77.23351405791898,
              28.615483181603945
            ],
            [
              77.23365797523546,
              28.615609899919722
            ],
            [
              77.23366134804978,
              28.615613176485375
            ],
            [
              77.23366434066666,
              28.615616728993086
            ],
            [
              77.23366692426558,
              28.615620523230273
            ],
            [
              77.23366907396499,
              28.615624522656393
            ],
            [
              77.23367076906212,
              28.6156286887548
            ],
            [
              77.23367199323219,
              28.615632981403717
            ],
            [
              77.23367273468574,
              28.615637359262607
            ],
            [
              77.23367298628207,
              28.615641780170296
            ],
            [
              77.23367274559817,
              28.61564620155104
            ],
            [
              77.23367201495184,
              28.615650580824525
            ],
            [
              77.23367080137956,
              28.61565487581594
            ],
            [
              77.23366911656865,
              28.61565904516218
            ],
            [
              77.2336669767447,
              28.615663048710125
            ],
            [
              77.23366440251534,
              28.615666847903423
            ],
            [
              77.23366141867179,
              28.61567040615372
            ],
            [
              77.23365805395005,
              28.61567368919311
            ],
            [
              77.23365434075424,
              28.615676665404106
            ],
            [
              77.23365031484444,
              28.61567930612413
            ],
            [
              77.2336460149924,
              28.61568158592159
            ],
            [
              77.23364148260808,
              28.615683482840755
            ],
            [
              77.23363676134082,
              28.61568497861325
            ],
            [
              77.23363189665908,
              28.61568605883392
            ],
            [
              77.23362693541245,
              28.61568671309966
            ],
            [
              77.23362192538049,
              28.61568693510951
            ],
            [
              77.23361691481263,
              28.61568672272539
            ],
            [
              77.23361195196341,
              28.61568607799267
            ],
            [
              77.23360708462788,
              28.615685007120494
            ],
            [
              77.23360235968117,
              28.615683520421943
            ],
            [
              77.23359782262715,
              28.615681632214763
            ],
            [
              77.23359351716019,
              28.615679360683437
            ],
            [
              77.2335894847443,
              28.615676727704066
            ],
            [
              77.2335857642139,
              28.61567375863372
            ],
            [
              77.23355055830864,
              28.61564276007793
            ],
            [
              77.23367538056068,
              28.616188474415132
            ],
            [
              77.23580464213522,
              28.61615335833142
            ],
            [
              77.2357695676453,
              28.61449810749121
            ],
            [
              77.2355857889658,
              28.614605774415306
            ],
            [
              77.23558255630317,
              28.614607472739817
            ],
            [
              77.23557915056077,
              28.61460888328589
            ],
            [
              77.23557560453776,
              28.61460999246918
            ],
            [
              77.23557195238432,
              28.61461078960763
            ],
            [
              77.23556822927272,
              28.61461126702436
            ],
            [
              77.23556447105857,
              28.614611420121577
            ],
            [
              77.23556071393557,
              28.614611247424868
            ],
            [
              77.2355569940869,
              28.614610750597393
            ],
            [
              77.23555334733679,
              28.614609934423882
            ],
            [
              77.23554980880544,
              28.614608806764526
            ],
            [
              77.23554641257091,
              28.614607378479313
            ],
            [
              77.23554319134077,
              28.614605663323434
            ],
            [
              77.23554017613729,
              28.61460367781477
            ],
            [
              77.2355373959985,
              28.61460144107489
            ],
            [
              77.23553487769867,
              28.614598974644817
            ],
            [
              77.23553264549044,
              28.614596302277644
            ],
            [
              77.23553072087114,
              28.61459344970975
            ],
            [
              77.23552912237591,
              28.614590444412922
            ],
            [
              77.23552786539912,
              28.61458731532984
            ],
            [
              77.23552696204611,
              28.61458409259529
            ],
            [
              77.23552642101664,
              28.61458080724597
            ],
            [
              77.23552624752107,
              28.614577490921604
            ],
            [
              77.23552644323024,
              28.614574175560204
            ],
            [
              77.23552700625932,
              28.614570893090516
            ],
            [
              77.23552793118601,
              28.614567675124515
            ],
            [
              77.23552920910271,
              28.61456455265298
            ],
            [
              77.23553082770238,
              28.61456155574699
            ],
            [
              77.23553277139696,
              28.614558713268387
            ],
            [
              77.23553502146763,
              28.614556052591787
            ],
            [
              77.23553755624495,
              28.614553599340933
            ],
            [
              77.23554035131762,
              28.614551377141968
            ],
            [
              77.23554337976756,
              28.61454940739587
            ],
            [
              77.23573830233514,
              28.614435211833474
            ],
            [
              77.2357415349899,
              28.614433513505638
            ],
            [
              77.23574494072435,
              28.614432102955885
            ],
            [
              77.2357484867394,
              28.614430993768565
            ],
            [
              77.23575213888505,
              28.614430196625754
            ],
            [
              77.23575586198912,
              28.614429719204352
            ],
            [
              77.23575962019616,
              28.614429566102203
            ],
            [
              77.2357633773126,
              28.61442973879374
            ],
            [
              77.23576709715537,
              28.614430235615863
            ],
            [
              77.23576813443388,
              28.614430467766333
            ],
            [
              77.23575317041464,
              28.61372423410302
            ],
            [
              77.23555969478812,
              28.613826104257406
            ]
          ],
          [
            [
              77.23552241559358,
              28.614233665709637
            ],
            [
              77.23551952659622,
              28.61423579230776
            ],
            [
              77.23551641529345,
              28.614237658788696
            ],
            [
              77.23551311164883,
              28.61423924717723
            ],
            [
              77.2355096474783,
              28.614240542176276
            ],
            [
              77.2355060561437,
              28.61424153131429
            ],
            [
              77.23550237223161,
              28.614242205065302
            ],
            [
              77.2352872551284,
              28.614271919643308
            ],
            [
              77.23528351411473,
              28.61427227151289
            ],
            [
              77.23527975203032,
              28.614272298118053
            ],
            [
              77.23527600510617,
              28.614271999202565
            ],
            [
              77.23527230942723,
              28.614271377645174
            ],
            [
              77.23526870058495,
              28.614270439431795
            ],
            [
              77.23526521333446,
              28.614269193597952
            ],
            [
              77.23526188125992,
              28.614267652141717
            ],
            [
              77.23525873645106,
              28.61426582990816
            ],
            [
              77.23525580919413,
              28.614263744446408
            ],
            [
              77.23525312768021,
              28.614261415840602
            ],
            [
              77.23525071773376,
              28.614258866516515
            ],
            [
              77.23524860256387,
              28.614256121025544
            ],
            [
              77.23524680254077,
              28.61425320580827
            ],
            [
              77.23524533499966,
              28.614250148939867
            ],
            [
              77.23524421407373,
              28.614246979859633
            ],
            [
              77.23524345055809,
              28.614243729087573
            ],
            [
              77.23524305180577,
              28.614240427930405
            ],
            [
              77.23524302165694,
              28.61423710818007
            ],
            [
              77.23524336040194,
              28.614233801807597
            ],
            [
              77.2352440647784,
              28.61423054065514
            ],
            [
              77.23524512800277,
              28.6142273561294
            ],
            [
              77.23524653983561,
              28.614224278899073
            ],
            [
              77.23524828668016,
              28.61422133859957
            ],
            [
              77.2352503517133,
              28.61421856354757
            ],
            [
              77.23525271504765,
              28.614215980468323
            ],
            [
              77.235255353923,
              28.614213614238295
            ],
            [
              77.23525824292552,
              28.614211487645548
            ],
            [
              77.23526135423253,
              28.614209621170314
            ],
            [
              77.23526465788049,
              28.614208032787754
            ],
            [
              77.23526812205344,
              28.614206737794863
            ],
            [
              77.23527171338955,
              28.614205748663107
            ],
            [
              77.23527539730232,
              28.61420507491835
            ],
            [
              77.2354905142752,
              28.61417536036631
            ],
            [
              77.23549425528435,
              28.61417500849124
            ],
            [
              77.2354980173648,
              28.614174981880314
            ],
            [
              77.23550176428566,
              28.614175280789816
            ],
            [
              77.2355054599621,
              28.614175902341064
            ],
            [
              77.23550906880276,
              28.614176840548208
            ],
            [
              77.23551255605256,
              28.614178086375794
            ],
            [
              77.23551588812738,
              28.61417962782583
            ],
            [
              77.23551903293757,
              28.61418145005334
            ],
            [
              77.2355219601969,
              28.614183535509266
            ],
            [
              77.23552464171428,
              28.61418586410955
            ],
            [
              77.23552705166522,
              28.614188413428508
            ],
            [
              77.23552916684056,
              28.61419115891483
            ],
            [
              77.23553096687002,
              28.614194074128005
            ],
            [
              77.23553243441829,
              28.61419713099292
            ],
            [
              77.23553355535208,
              28.614200300070326
            ],
            [
              77.23553431887615,
              28.614203550840294
            ],
            [
              77.2355347176373,
              28.614206851996126
            ],
            [
              77.23553474779521,
              28.614210171745896
            ],
            [
              77.23553440905944,
              28.614213478118593
            ],
            [
              77.23553370469213,
              28.61421673927206
            ],
            [
              77.23553264147671,
              28.614219923799585
            ],
            [
              77.2355312296525,
              28.61422300103243
            ],
            [
              77.23552948281608,
              28.614225941335143
            ],
            [
              77.23552741779044,
              28.614228716390993
            ],
            [
              77.2355250544629,
              28.614231299474667
            ],
            [
              77.23552241559358,
              28.614233665709637
            ]
          ],
          [
            [
              77.23545345312435,
              28.614694812184645
            ],
            [
              77.23545225210383,
              28.614697958334958
            ],
            [
              77.23545070739927,
              28.61470098545673
            ],
            [
              77.23544883388703,
              28.61470386439711
            ],
            [
              77.23544664961004,
              28.614706567430332
            ],
            [
              77.23544417560406,
              28.61470906852468
            ],
            [
              77.23544376581401,
              28.61470940879162
            ],
            [
              77.23544335102079,
              28.614710013397595
            ],
            [
              77.23544109656082,
              28.61471267118177
            ],
            [
              77.23543855773596,
              28.614715121174694
            ],
            [
              77.23543575899645,
              28.614717339781578
            ],
            [
              77.2354327272957,
              28.614719305636005
            ],
            [
              77.23542949183067,
              28.614720999805712
            ],
            [
              77.23542608376064,
              28.614722405974895
            ],
            [
              77.23542253590722,
              28.614723510601383
            ],
            [
              77.23541888243821,
              28.61472430304699
            ],
            [
              77.2352151225489,
              28.614759243835937
            ],
            [
              77.23521139864668,
              28.614759716463496
            ],
            [
              77.23520764017763,
              28.614759864726672
            ],
            [
              77.23520388333792,
              28.61475968719762
            ],
            [
              77.23520016430793,
              28.614759185586035
            ],
            [
              77.23519651890406,
              28.614758364722714
            ],
            [
              77.23519298223354,
              28.61475723251303
            ],
            [
              77.23518958835646,
              28.614755799860788
            ],
            [
              77.23518636995776,
              28.614754080563216
            ],
            [
              77.23518335803239,
              28.614752091178108
            ],
            [
              77.23518058158683,
              28.614749850864353
            ],
            [
              77.23517806735981,
              28.614747381197393
            ],
            [
              77.23517583956466,
              28.614744705961492
            ],
            [
              77.2351739196563,
              28.61474185092066
            ],
            [
              77.23517232612447,
              28.614738843570503
            ],
            [
              77.23517107431573,
              28.61473571287347
            ],
            [
              77.23517017628565,
              28.614732488979875
            ],
            [
              77.23516964068271,
              28.61472920293761
            ],
            [
              77.23516947266506,
              28.614725886393053
            ],
            [
              77.23516967385076,
              28.614722571286343
            ],
            [
              77.23517024230223,
              28.61471928954378
            ],
            [
              77.23517117254494,
              28.61471607277032
            ],
            [
              77.23517245562012,
              28.61471295194526
            ],
            [
              77.23517407917102,
              28.61470995712383
            ],
            [
              77.23517602756195,
              28.614707117147795
            ],
            [
              77.2351782820288,
              28.614704459367662
            ],
            [
              77.23518082085982,
              28.61470200937929
            ],
            [
              77.23518361960467,
              28.614699790777397
            ],
            [
              77.23518665130993,
              28.614697824928317
            ],
            [
              77.23518988677861,
              28.614696130764234
            ],
            [
              77.23519329485138,
              28.61469472460086
            ],
            [
              77.23519684270669,
              28.614693619980294
            ],
            [
              77.23520049617674,
              28.61469282754064
            ],
            [
              77.23534138749955,
              28.614668667507043
            ],
            [
              77.2351827595987,
              28.614533828258327
            ],
            [
              77.23518018139214,
              28.614531410503897
            ],
            [
              77.23517788415866,
              28.61452878139636
            ],
            [
              77.23517589002188,
              28.614525966255478
            ],
            [
              77.23517421818642,
              28.6145229921926
            ],
            [
              77.23517288475293,
              28.614519887849603
            ],
            [
              77.23517190256311,
              28.614516683123018
            ],
            [
              77.23517128107594,
              28.614513408876107
            ],
            [
              77.23517102627663,
              28.614510096641677
            ],
            [
              77.23517114061902,
              28.614506778318354
            ],
            [
              77.2351716230019,
              28.61450348586343
            ],
            [
              77.23517246877962,
              28.61450025098501
            ],
            [
              77.23517366980685,
              28.614497104836758
            ],
            [
              77.23517521451701,
              28.614494077717783
            ],
            [
              77.23517708803368,
              28.61449119878089
            ],
            [
              77.23517927231383,
              28.614488495751807
            ],
            [
              77.23518174632164,
              28.61448599466216
            ],
            [
              77.23518448623108,
              28.614483719598805
            ],
            [
              77.23518746565529,
              28.614481692471816
            ],
            [
              77.23519065590081,
              28.614479932803548
            ],
            [
              77.23519402624385,
              28.614478457540518
            ],
            [
              77.23519754422617,
              28.614477280890313
            ],
            [
              77.23520117596772,
              28.614476414184722
            ],
            [
              77.23520488649287,
              28.614475865770565
            ],
            [
              77.23520864006723,
              28.614475640929378
            ],
            [
              77.2352124005419,
              28.614475741826492
            ],
            [
              77.23521613170148,
              28.61447616749021
            ],
            [
              77.2352197976129,
              28.61447691382117
            ],
            [
              77.23522336297145,
              28.614477973631793
            ],
            [
              77.23522679344082,
              28.614479336715522
            ],
            [
              77.23523005598372,
              28.614480989945157
            ],
            [
              77.23523311918011,
              28.614482917399176
            ],
            [
              77.23523595352975,
              28.614485100515164
            ],
            [
              77.23544316220118,
              28.614661234938296
            ],
            [
              77.23544574041681,
              28.61466365268717
            ],
            [
              77.23544803765982,
              28.614666281789585
            ],
            [
              77.2354500318065,
              28.61466909692585
            ],
            [
              77.2354517036521,
              28.6146720709847
            ],
            [
              77.23545303709584,
              28.61467517532433
            ],
            [
              77.23545401929589,
              28.614678380048247
            ],
            [
              77.2354546407931,
              28.614681654293246
            ],
            [
              77.23545489560207,
              28.614684966526546
            ],
            [
              77.23545478126883,
              28.61468828484953
            ],
            [
              77.23545429889442,
              28.614691577304946
            ],
            [
              77.23545345312435,
              28.614694812184645
            ]
          ],
          [
            [
              77.23504416465133,
              28.614804814156457
            ],
            [
              77.23504043348038,
              28.614804388488615
            ],
            [
              77.23503676755833,
              28.6148036421534
            ],
            [
              77.23503320219005,
              28.614802582338424
            ],
            [
              77.23502977171204,
              28.614801219250285
            ],
            [
              77.23502650916166,
              28.614799566016284
            ],
            [
              77.23502344595909,
              28.614797638557974
            ],
            [
              77.23502061160467,
              28.614795455437854
            ],
            [
              77.23475821730169,
              28.61457240993521
            ],
            [
              77.23475563910328,
              28.614569992172225
            ],
            [
              77.23475334187896,
              28.61456736305696
            ],
            [
              77.23475134775227,
              28.614564547909247
            ],
            [
              77.23474967592772,
              28.61456157384051
            ],
            [
              77.23474834250587,
              28.61455846949268
            ],
            [
              77.23474736032829,
              28.61455526476233
            ],
            [
              77.23474673885384,
              28.61455199051277
            ],
            [
              77.23474648406763,
              28.61454867827682
            ],
            [
              77.23474659842337,
              28.61454535995314
            ],
            [
              77.2347470808197,
              28.61454206749898
            ],
            [
              77.23474792661086,
              28.6145388326225
            ],
            [
              77.23474912765138,
              28.614535686477296
            ],
            [
              77.23475067237456,
              28.614532659362474
            ],
            [
              77.23475254590385,
              28.61452978043079
            ],
            [
              77.23475473019609,
              28.614527077407914
            ],
            [
              77.23475720421538,
              28.614524576325433
            ],
            [
              77.23475994413553,
              28.614522301270114
            ],
            [
              77.2347629235696,
              28.61452027415196
            ],
            [
              77.23476611382405,
              28.614518514493234
            ],
            [
              77.23476948417498,
              28.614517039240383
            ],
            [
              77.23477300216409,
              28.614515862600882
            ],
            [
              77.23477663391124,
              28.614514995906408
            ],
            [
              77.23478034444075,
              28.614514447503694
            ],
            [
              77.23478409801825,
              28.61451422267415
            ],
            [
              77.23478785849474,
              28.614514323582995
            ],
            [
              77.2347915896548,
              28.614514749258436
            ],
            [
              77.2347952555654,
              28.61451549560097
            ],
            [
              77.23479882092182,
              28.61451655542293
            ],
            [
              77.23480225138775,
              28.61451791851766
            ],
            [
              77.23480551392596,
              28.614519571757803
            ],
            [
              77.23480857711647,
              28.614521499221787
            ],
            [
              77.23481141145905,
              28.614523682347084
            ],
            [
              77.23507380573855,
              28.614746727748617
            ],
            [
              77.23507638394844,
              28.614749145504845
            ],
            [
              77.2350786811847,
              28.6147517746139
            ],
            [
              77.23508067532369,
              28.614754589756036
            ],
            [
              77.23508234716074,
              28.614757563819907
            ],
            [
              77.23508368059512,
              28.614760668163687
            ],
            [
              77.23508466278513,
              28.614763872890833
            ],
            [
              77.23508528427166,
              28.61476714713809
            ],
            [
              77.23508553906949,
              28.614770459372675
            ],
            [
              77.23508542472469,
              28.614773777695966
            ],
            [
              77.23508494233847,
              28.614777070150698
            ],
            [
              77.2350840965564,
              28.614780305028713
            ],
            [
              77.23508289552383,
              28.614783451176383
            ],
            [
              77.2350813508073,
              28.614786478294562
            ],
            [
              77.23507947728326,
              28.61478935723045
            ],
            [
              77.23507729299475,
              28.614792060258306
            ],
            [
              77.23507481897765,
              28.61479456134648
            ],
            [
              77.2350720790581,
              28.61479683640809
            ],
            [
              77.23506909962302,
              28.61479886353307
            ],
            [
              77.235065909366,
              28.614800623199066
            ],
            [
              77.23506253901097,
              28.614802098459503
            ],
            [
              77.2350590210163,
              28.614803275106837
            ],
            [
              77.23505538926226,
              28.614804141809273
            ],
            [
              77.2350516787246,
              28.614804690219987
            ],
            [
              77.23504792513793,
              28.61480491505749
            ],
            [
              77.23504416465133,
              28.614804814156457
            ]
          ],
          [
            [
              77.23407592609188,
              28.615185264574386
            ],
            [
              77.23407231679806,
              28.615184327613264
            ],
            [
              77.23406882896008,
              28.61518308298933
            ],
            [
              77.23406549616767,
              28.61518154268902
            ],
            [
              77.23406235051752,
              28.615179721546262
            ],
            [
              77.23405942230396,
              28.61517763709968
            ],
            [
              77.2340567397273,
              28.61517530942365
            ],
            [
              77.23386679407085,
              28.61499347460575
            ],
            [
              77.23386438297459,
              28.614990926113148
            ],
            [
              77.23386226657006,
              28.614988181351666
            ],
            [
              77.23386046523937,
              28.614985266754886
            ],
            [
              77.23385899633034,
              28.61498221039197
            ],
            [
              77.23385787398931,
              28.61497904169739
            ],
            [
              77.23385710902501,
              28.614975791187398
            ],
            [
              77.23385670880445,
              28.61497249016621
            ],
            [
              77.23385667718195,
              28.614969170424455
            ],
            [
              77.23385701446199,
              28.614965863933072
            ],
            [
              77.23385771739636,
              28.614962602535375
            ],
            [
              77.23385877921538,
              28.614959417640407
            ],
            [
              77.23386018969312,
              28.614956339920433
            ],
            [
              77.23386193524588,
              28.614953399015576
            ],
            [
              77.23386399906303,
              28.61495062324835
            ],
            [
              77.23386636126885,
              28.61494803935089
            ],
            [
              77.233868999114,
              28.61494567220753
            ],
            [
              77.23387188719458,
              28.614943544615137
            ],
            [
              77.23387499769682,
              28.614941677063566
            ],
            [
              77.23387830066487,
              28.614940087538375
            ],
            [
              77.23388176428936,
              28.61493879134751
            ],
            [
              77.23388535521373,
              28.61493780097401
            ],
            [
              77.23388903885544,
              28.61493712595569
            ],
            [
              77.23389277973904,
              28.614936772793346
            ],
            [
              77.23389654183778,
              28.614936744888112
            ],
            [
              77.23390028892068,
              28.614937042508735
            ],
            [
              77.23390398490126,
              28.614937662788964
            ],
            [
              77.2339075941853,
              28.614938599755163
            ],
            [
              77.2339110820134,
              28.61493984438384
            ],
            [
              77.23391441479592,
              28.614941384688553
            ],
            [
              77.23391756043635,
              28.614943205835342
            ],
            [
              77.23392048864049,
              28.61494529028558
            ],
            [
              77.23392317120813,
              28.614947617964873
            ],
            [
              77.23411311686789,
              28.615129452704014
            ],
            [
              77.23411552797324,
              28.615132001191636
            ],
            [
              77.23411764438725,
              28.615134745948573
            ],
            [
              77.23411944572764,
              28.61513766054134
            ],
            [
              77.23412091464652,
              28.61514071690082
            ],
            [
              77.23412203699738,
              28.615143885592627
            ],
            [
              77.23412280197131,
              28.615147136100518
            ],
            [
              77.23412320220119,
              28.61515043712034
            ],
            [
              77.23412323383256,
              28.615153756861478
            ],
            [
              77.23412289656072,
              28.61515706335301
            ],
            [
              77.2341221936338,
              28.615160324751614
            ],
            [
              77.23412113182128,
              28.615163509648237
            ],
            [
              77.234119721349,
              28.61516658737057
            ],
            [
              77.23411797580056,
              28.615169528278454
            ],
            [
              77.23411591198652,
              28.615172304049338
            ],
            [
              77.23411354978249,
              28.61517488795101
            ],
            [
              77.2341109119378,
              28.615177255099084
            ],
            [
              77.23410802385634,
              28.615179382696592
            ],
            [
              77.23410491335191,
              28.6151812502536
            ],
            [
              77.23410161038038,
              28.615182839784506
            ],
            [
              77.23409814675118,
              28.61518413598125
            ],
            [
              77.23409455582099,
              28.61518512636071
            ],
            [
              77.23409087217243,
              28.615185801385003
            ],
            [
              77.23408713128113,
              28.615186154553268
            ],
            [
              77.2340833691739,
              28.61518618246428
            ],
            [
              77.23407962208196,
              28.615185884849264
            ],
            [
              77.23407592609188,
              28.615185264574386
            ]
          ],
          [
            [
              77.23443677206784,
              28.615182200648974
            ],
            [
              77.23443409429817,
              28.615179868667944
            ],
            [
              77.23443168845513,
              28.61517731631077
            ],
            [
              77.2344295777083,
              28.615174568158068
            ],
            [
              77.23442778238531,
              28.615171650676068
            ],
            [
              77.2344263197761,
              28.61516859196172
            ],
            [
              77.23442520396637,
              28.615165421472142
            ],
            [
              77.23436677081264,
              28.614965177819204
            ],
            [
              77.23436601255187,
              28.61496192608735
            ],
            [
              77.23436561913823,
              28.614958624429963
            ],
            [
              77.2343655943605,
              28.614955304643825
            ],
            [
              77.23436593845722,
              28.61495199870029
            ],
            [
              77.23436664811454,
              28.61494873843738
            ],
            [
              77.23436771649806,
              28.614945555253232
            ],
            [
              77.2343691333186,
              28.61494247980363
            ],
            [
              77.23437088493137,
              28.614939541706832
            ],
            [
              77.23437295446739,
              28.6149367692583
            ],
            [
              77.23437532199587,
              28.614934189158213
            ],
            [
              77.23437796471622,
              28.61493182625434
            ],
            [
              77.23438085717756,
              28.61492970330272
            ],
            [
              77.23438397152394,
              28.61492784074852
            ],
            [
              77.23438727776252,
              28.614926256529138
            ],
            [
              77.2343907440524,
              28.614924965901455
            ],
            [
              77.23439433701137,
              28.614923981294925
            ],
            [
              77.23439802203727,
              28.614923312191817
            ],
            [
              77.23440176364133,
              28.61492296503597
            ],
            [
              77.2344055257899,
              28.614922943170665
            ],
            [
              77.23440927225144,
              28.614923246806487
            ],
            [
              77.23441296694556,
              28.614923873019254
            ],
            [
              77.23441657429031,
              28.614924815778185
            ],
            [
              77.23442005954504,
              28.61492606600402
            ],
            [
              77.2344233891449,
              28.61492761165641
            ],
            [
              77.23442653102401,
              28.614929437849874
            ],
            [
              77.23442945492438,
              28.6149315269972
            ],
            [
              77.23443213268727,
              28.614933858978763
            ],
            [
              77.23443453852435,
              28.61493641133632
            ],
            [
              77.23443664926609,
              28.614939159489293
            ],
            [
              77.23443844458488,
              28.614942076971477
            ],
            [
              77.23443990719083,
              28.61494513568594
            ],
            [
              77.2344410229982,
              28.6149483061756
            ],
            [
              77.23449945627901,
              28.61514854978963
            ],
            [
              77.2345002145456,
              28.615151801520355
            ],
            [
              77.23450060796456,
              28.615155103176985
            ],
            [
              77.23450063274706,
              28.61515842296277
            ],
            [
              77.23450028865437,
              28.61516172890637
            ],
            [
              77.23449957900026,
              28.615164989169724
            ],
            [
              77.23449851061906,
              28.615168172354718
            ],
            [
              77.23449709379983,
              28.615171247805534
            ],
            [
              77.2344953421873,
              28.615174185903896
            ],
            [
              77.2344932726504,
              28.61517695835429
            ],
            [
              77.23449090511994,
              28.61517953845649
            ],
            [
              77.23448826239647,
              28.61518190136269
            ],
            [
              77.2344853699309,
              28.615184024316804
            ],
            [
              77.23448225557921,
              28.615185886873594
            ],
            [
              77.23447894933437,
              28.615187471095613
            ],
            [
              77.23447548303733,
              28.615188761725925
            ],
            [
              77.23447189007044,
              28.615189746335037
            ],
            [
              77.23446820503595,
              28.61519041544061
            ],
            [
              77.23446446342282,
              28.615190762598804
            ],
            [
              77.23446070126484,
              28.61519078446628
            ],
            [
              77.23445695479367,
              28.615190480832428
            ],
            [
              77.23445326008994,
              28.61518985462142
            ],
            [
              77.23444965273569,
              28.615188911864017
            ],
            [
              77.23444616747175,
              28.61518766163949
            ],
            [
              77.23444283786311,
              28.615186115988198
            ],
            [
              77.23443969597578,
              28.61518428979561
            ],
            [
              77.23443677206784,
              28.615182200648974
            ]
          ],
          [
            [
              77.23532900379949,
              28.615398610800337
            ],
            [
              77.23532470219482,
              28.615396333603247
            ],
            [
              77.23532067425131,
              28.615393695318446
            ],
            [
              77.23531695876025,
              28.61539072135408
            ],
            [
              77.23531359150387,
              28.61538744035108
            ],
            [
              77.2353106049107,
              28.615383883907324
            ],
            [
              77.23530802774323,
              28.61538008627334
            ],
            [
              77.23501663864127,
              28.614898566998058
            ],
            [
              77.23501449574084,
              28.614894564741128
            ],
            [
              77.2350128077216,
              28.61489039641223
            ],
            [
              77.23501159084009,
              28.614886102154664
            ],
            [
              77.23501085681544,
              28.61488172332449
            ],
            [
              77.23501061271666,
              28.614877302092268
            ],
            [
              77.23501086089453,
              28.61487288103687
            ],
            [
              77.23501159895888,
              28.614868502735483
            ],
            [
              77.23501281980165,
              28.614864209353534
            ],
            [
              77.23501451166547,
              28.61486004223863
            ],
            [
              77.23501665825665,
              28.614856041522355
            ],
            [
              77.23501923890235,
              28.61485224573377
            ],
            [
              77.23502222874949,
              28.61484869142837
            ],
            [
              77.23502559900419,
              28.614845412836054
            ],
            [
              77.23502931720903,
              28.614842441531405
            ],
            [
              77.23503334755567,
              28.614839806129698
            ],
            [
              77.2350376512297,
              28.614837532011265
            ],
            [
              77.23504218678441,
              28.614835641077075
            ],
            [
              77.23504691053995,
              28.614834151537845
            ],
            [
              77.23505177700403,
              28.61483307773864
            ],
            [
              77.23505673930998,
              28.61483243002069
            ],
            [
              77.23506174966815,
              28.614832214621895
            ],
            [
              77.23506675982611,
              28.614832433616638
            ],
            [
              77.23507172153337,
              28.61483308489588
            ],
            [
              77.23507658700602,
              28.614834162187453
            ],
            [
              77.23508130938697,
              28.614835655116465
            ],
            [
              77.23508584319715,
              28.61483754930519
            ],
            [
              77.23509014477355,
              28.6148398265116
            ],
            [
              77.23509417268964,
              28.614842464804948
            ],
            [
              77.23509788815443,
              28.614845438777074
            ],
            [
              77.23510125538596,
              28.61484871978702
            ],
            [
              77.23510424195597,
              28.61485227623689
            ],
            [
              77.2351068191021,
              28.61485607387615
            ],
            [
              77.23539820847073,
              28.61533759294379
            ],
            [
              77.2354003513955,
              28.615341595193097
            ],
            [
              77.2354020394382,
              28.615345763515652
            ],
            [
              77.23540325634202,
              28.61535005776826
            ],
            [
              77.23540399038745,
              28.615354436594938
            ],
            [
              77.23540423450521,
              28.61535885782519
            ],
            [
              77.2354039863442,
              28.61536327888016
            ],
            [
              77.2354032482943,
              28.615367657182677
            ],
            [
              77.23540202746331,
              28.615371950567294
            ],
            [
              77.2354003356084,
              28.615376117686353
            ],
            [
              77.23539818902302,
              28.615380118408208
            ],
            [
              77.23539560837992,
              28.615383914203704
            ],
            [
              77.23539261853206,
              28.615387468517223
            ],
            [
              77.23538924827331,
              28.615390747118763
            ],
            [
              77.2353855300611,
              28.61539371843359
            ],
            [
              77.23538149970382,
              28.61539635384626
            ],
            [
              77.23537719601603,
              28.615398627976308
            ],
            [
              77.23537266044464,
              28.615400518922588
            ],
            [
              77.2353679366697,
              28.61540200847422
            ],
            [
              77.23536307018381,
              28.615403082285994
            ],
            [
              77.23535810785394,
              28.615403730016492
            ],
            [
              77.23535309747008,
              28.61540394542772
            ],
            [
              77.23534808728503,
              28.615403726445134
            ],
            [
              77.2353431255497,
              28.615403075177657
            ],
            [
              77.23533826004834,
              28.61540199789735
            ],
            [
              77.23533353763845,
              28.615400504979032
            ],
            [
              77.23532900379949,
              28.615398610800337
            ]
          ],
          [
            [
              77.23485623698832,
              28.61535669564787
            ],
            [
              77.23485320424089,
              28.61535866026841
            ],
            [
              77.2348499678699,
              28.61536035312125
            ],
            [
              77.23484655904342,
              28.615361757903283
            ],
            [
              77.2348434052554,
              28.615362738387827
            ],
            [
              77.23484231774752,
              28.615363503909297
            ],
            [
              77.23483916086222,
              28.615365309855616
            ],
            [
              77.2348358185764,
              28.61536683406142
            ],
            [
              77.23483253398217,
              28.615367987768156
            ],
            [
              77.23483310696618,
              28.615369462302926
            ],
            [
              77.23483397256753,
              28.61537269309735
            ],
            [
              77.23483447512922,
              28.615375983201922
            ],
            [
              77.2348346098113,
              28.615379300931142
            ],
            [
              77.23483437531665,
              28.615382614333452
            ],
            [
              77.23483377390357,
              28.615385891499002
            ],
            [
              77.23483281136397,
              28.615389100866885
            ],
            [
              77.23483149696757,
              28.61539221152912
            ],
            [
              77.23482984337271,
              28.61539519352833
            ],
            [
              77.2348288050279,
              28.615396677151377
            ],
            [
              77.23482933638212,
              28.615398566840547
            ],
            [
              77.23482988013204,
              28.61540185184154
            ],
            [
              77.23483005637082,
              28.61540516805418
            ],
            [
              77.23482986340115,
              28.61540848354153
            ],
            [
              77.2348293030814,
              28.615411766373644
            ],
            [
              77.23482838080771,
              28.61541498493503
            ],
            [
              77.23482710546206,
              28.615418108229203
            ],
            [
              77.2348254893267,
              28.615421106177102
            ],
            [
              77.23482354796586,
              28.615423949906855
            ],
            [
              77.2348213000759,
              28.615426612031772
            ],
            [
              77.2348187673052,
              28.615429066914132
            ],
            [
              77.23481597404574,
              28.615431290912035
            ],
            [
              77.23481294719814,
              28.615433262607166
            ],
            [
              77.23480971591258,
              28.615434963011015
            ],
            [
              77.23480631130815,
              28.61543637574773
            ],
            [
              77.23480276617305,
              28.6154374872119
            ],
            [
              77.23479911464891,
              28.615438286699487
            ],
            [
              77.23479539190191,
              28.61543876651097
            ],
            [
              77.2347916337842,
              28.615438922025508
            ],
            [
              77.23478787648854,
              28.61543875174542
            ],
            [
              77.23478415619975,
              28.615438257310572
            ],
            [
              77.2347805087463,
              28.615437443482662
            ],
            [
              77.23477696925518,
              28.615436318099302
            ],
            [
              77.23477357181366,
              28.61543489199855
            ],
            [
              77.234770349141,
              28.61543317891454
            ],
            [
              77.23474959393107,
              28.615420882362187
            ],
            [
              77.23461417393229,
              28.615443005895994
            ],
            [
              77.23461417912796,
              28.61544301208968
            ],
            [
              77.23461611034362,
              28.61544586119378
            ],
            [
              77.23461771578582,
              28.615448863612617
            ],
            [
              77.23461897999323,
              28.615451990431232
            ],
            [
              77.23461989079082,
              28.6154552115367
            ],
            [
              77.23462043940711,
              28.615458495907998
            ],
            [
              77.23462062055856,
              28.61546181191485
            ],
            [
              77.23462043250056,
              28.615465127622304
            ],
            [
              77.23461987704417,
              28.615468411098277
            ],
            [
              77.23461895953872,
              28.615471630721103
            ],
            [
              77.23461768882025,
              28.615474755484048
            ],
            [
              77.23461607712645,
              28.615477755293934
            ],
            [
              77.23461413997876,
              28.615480601260938
            ],
            [
              77.23461189603299,
              28.61548326597682
            ],
            [
              77.23460936689953,
              28.615485723778907
            ],
            [
              77.23460657693533,
              28.615487950997206
            ],
            [
              77.23460355300926,
              28.61548992618237
            ],
            [
              77.23460032424339,
              28.61549163031226
            ],
            [
              77.23459692173252,
              28.61549304697518
            ],
            [
              77.2345933782447,
              28.61549416252786
            ],
            [
              77.23458972790569,
              28.61549496622692
            ],
            [
              77.23458600587026,
              28.615495450332286
            ],
            [
              77.23458224798371,
              28.61549561018175
            ],
            [
              77.23457849043656,
              28.61549544423587
            ],
            [
              77.23457476941607,
              28.615494954092796
            ],
            [
              77.23457112075775,
              28.615494144472883
            ],
            [
              77.2345675796002,
              28.615493023173215
            ],
            [
              77.23456418004673,
              28.61549160099252
            ],
            [
              77.23456095483692,
              28.6154898916272
            ],
            [
              77.23455793503133,
              28.615487911539372
            ],
            [
              77.23455514971234,
              28.615485679798397
            ],
            [
              77.23448062124183,
              28.615419793801347
            ],
            [
              77.23447965029108,
              28.615419413617012
            ],
            [
              77.23447637753188,
              28.615417776138543
            ],
            [
              77.23447330242064,
              28.615415863478614
            ],
            [
              77.23447045457236,
              28.615413694057175
            ],
            [
              77.2344678614134,
              28.615411288766975
            ],
            [
              77.23446554791732,
              28.615408670772275
            ],
            [
              77.23446353636432,
              28.61540586528582
            ],
            [
              77.23446218669612,
              28.615403496943234
            ],
            [
              77.2344342011187,
              28.615378756585116
            ],
            [
              77.2344321133018,
              28.615377963348383
            ],
            [
              77.23442882022329,
              28.615376357905472
            ],
            [
              77.23442572133204,
              28.615374475369254
            ],
            [
              77.23442284647211,
              28.615372333869598
            ],
            [
              77.23442022332995,
              28.615369954030353
            ],
            [
              77.23441950826208,
              28.615369163042033
            ],
            [
              77.23441700980959,
              28.615367356207084
            ],
            [
              77.23441434770416,
              28.61536501029879
            ],
            [
              77.2344119589974,
              28.615362445436666
            ],
            [
              77.23440986669388,
              28.615359686321742
            ],
            [
              77.23440809094362,
              28.615356759525824
            ],
            [
              77.23440721720654,
              28.615354901721485
            ],
            [
              77.23437279700082,
              28.615324472850684
            ],
            [
              77.23437027300074,
              28.61532201094555
            ],
            [
              77.23436803461894,
              28.615319342590013
            ],
            [
              77.2343661034123,
              28.61531649348182
            ],
            [
              77.23436449797933,
              28.615313491059453
            ],
            [
              77.23436323378124,
              28.61531036423787
            ],
            [
              77.23436232299294,
              28.615307143130124
            ],
            [
              77.23436177438575,
              28.615303858757215
            ],
            [
              77.23436159324304,
              28.61530054274948
            ],
            [
              77.23436178130927,
              28.61529722704187
            ],
            [
              77.23436233677324,
              28.615293943566485
            ],
            [
              77.2343632542855,
              28.615290723944966
            ],
            [
              77.23436452500987,
              28.61528759918404
            ],
            [
              77.23436613670853,
              28.61528459937683
            ],
            [
              77.23436807385993,
              28.61528175341313
            ],
            [
              77.23437031780821,
              28.615279088701104
            ],
            [
              77.23437284694295,
              28.615276630903377
            ],
            [
              77.23437563690717,
              28.615274403689874
            ],
            [
              77.23437866083198,
              28.61527242850985
            ],
            [
              77.23438188959535,
              28.615270724385365
            ],
            [
              77.23438529210254,
              28.61526930772805
            ],
            [
              77.23438883558556,
              28.61526819218107
            ],
            [
              77.23439248591876,
              28.61526738848776
            ],
            [
              77.23439620794747,
              28.615266904388093
            ],
            [
              77.23439996582655,
              28.615266744544225
            ],
            [
              77.23440372336562,
              28.615266910495535
            ],
            [
              77.23440744437751,
              28.615267400643813
            ],
            [
              77.23441109302692,
              28.615268210268667
            ],
            [
              77.23441463417537,
              28.61526933157298
            ],
            [
              77.2344180337197,
              28.615270753757972
            ],
            [
              77.23442125892049,
              28.615272463127255
            ],
            [
              77.23442427871728,
              28.61527444321867
            ],
            [
              77.23442706402778,
              28.61527667496286
            ],
            [
              77.23446199705978,
              28.615307557180778
            ],
            [
              77.23457170350382,
              28.615302735771646
            ],
            [
              77.23457131016124,
              28.615300359399868
            ],
            [
              77.23457113393098,
              28.615297043186374
            ],
            [
              77.23457132690886,
              28.615293727698905
            ],
            [
              77.23457188723637,
              28.615290444867394
            ],
            [
              77.23457280951719,
              28.615287226307316
            ],
            [
              77.23457408486924,
              28.615284103015156
            ],
            [
              77.23457570101013,
              28.615281105069922
            ],
            [
              77.23457764237556,
              28.61527826134344
            ],
            [
              77.23457989026907,
              28.615275599222347
            ],
            [
              77.23458242304221,
              28.615273144344307
            ],
            [
              77.23458521630299,
              28.61527092035113
            ],
            [
              77.23458824315078,
              28.615268948661065
            ],
            [
              77.23459147443538,
              28.615267248262548
            ],
            [
              77.23459487903777,
              28.61526583553134
            ],
            [
              77.23459842416982,
              28.615264724072794
            ],
            [
              77.23460207568996,
              28.615263924590856
            ],
            [
              77.23460579843209,
              28.61526344478496
            ],
            [
              77.2346095565442,
              28.61526328927591
            ],
            [
              77.23461331383366,
              28.61526345956132
            ],
            [
              77.23461703411576,
              28.615263954001254
            ],
            [
              77.23462068156216,
              28.615264767833985
            ],
            [
              77.23462422104602,
              28.615265893221874
            ],
            [
              77.23462761848016,
              28.615267319326826
            ],
            [
              77.2346308411455,
              28.615269032414677
            ],
            [
              77.23464887081084,
              28.615279714242302
            ],
            [
              77.23467607086356,
              28.61528219638547
            ],
            [
              77.23473693513041,
              28.615258414422872
            ],
            [
              77.23474044579964,
              28.61525722082449
            ],
            [
              77.23474407214687,
              28.615256336617513
            ],
            [
              77.2347477792484,
              28.61525577031734
            ],
            [
              77.23475153140286,
              28.615255527377727
            ],
            [
              77.23475529247499,
              28.61525561013832
            ],
            [
              77.23475902624362,
              28.6152560178021
            ],
            [
              77.2347626967506,
              28.61525674644302
            ],
            [
              77.23476626864692,
              28.6152577890439
            ],
            [
              77.23476970753333,
              28.615259135563896
            ],
            [
              77.23477298029148,
              28.615260773035327
            ],
            [
              77.23477605540296,
              28.615262685688446
            ],
            [
              77.23477890325275,
              28.61526485510338
            ],
            [
              77.23478149641453,
              28.615267260387483
            ],
            [
              77.23478380991473,
              28.615269878376566
            ],
            [
              77.23478582147305,
              28.61527268385799
            ],
            [
              77.23478751171712,
              28.615275649813437
            ],
            [
              77.23478886436891,
              28.615278747679167
            ],
            [
              77.23478986640161,
              28.615281947621032
            ],
            [
              77.2347905081651,
              28.61528521882186
            ],
            [
              77.2347907834788,
              28.61528852977821
            ],
            [
              77.23479068969125,
              28.615291848603746
            ],
            [
              77.23479057792625,
              28.615292645675805
            ],
            [
              77.23479405914527,
              28.615292963351312
            ],
            [
              77.23483514976017,
              28.615291157399092
            ],
            [
              77.23483891200173,
              28.61529115514575
            ],
            [
              77.23484265637741,
              28.61529147830598
            ],
            [
              77.2348463468268,
              28.61529212376758
            ],
            [
              77.23484994780893,
              28.615293085314402
            ],
            [
              77.23485342464437,
              28.61529435368623
            ],
            [
              77.23485674384935,
              28.615295916667975
            ],
            [
              77.2348598734581,
              28.615297759207248
            ],
            [
              77.23486278333084,
              28.615299863559436
            ],
            [
              77.23486544544387,
              28.615302209458463
            ],
            [
              77.23486783415962,
              28.615304774312083
            ],
            [
              77.23486992647342,
              28.615307533419344
            ],
            [
              77.23487170223515,
              28.615310460208555
            ],
            [
              77.23487314434323,
              28.61531352649316
            ],
            [
              77.23487423890936,
              28.615316702743165
            ],
            [
              77.2348749753922,
              28.61531995836956
            ],
            [
              77.23487534669906,
              28.615323262018887
            ],
            [
              77.23487534925394,
              28.6153265818752
            ],
            [
              77.23487498303226,
              28.61532988596648
            ],
            [
              77.23487425156087,
              28.615333142472508
            ],
            [
              77.23487316188421,
              28.615336320031357
            ],
            [
              77.23487172449644,
              28.615339388041395
            ],
            [
              77.23486995324036,
              28.615342316955978
            ],
            [
              77.23486786517411,
              28.615345078568073
            ],
            [
              77.2348654804069,
              28.61534764628181
            ],
            [
              77.23486430506296,
              28.615348684831158
            ],
            [
              77.2348638328903,
              28.615349372353528
            ],
            [
              77.23486157702678,
              28.615352029220286
            ],
            [
              77.2348590369052,
              28.61535447818001
            ],
            [
              77.23485623698832,
              28.61535669564787
            ]
          ],
          [
            [
              77.23431581680944,
              28.616044820783806
            ],
            [
              77.23431208559577,
              28.616044395098253
            ],
            [
              77.23430841963372,
              28.616043648745553
            ],
            [
              77.2343048542286,
              28.616042588913498
            ],
            [
              77.23430142371717,
              28.61604122580886
            ],
            [
              77.2342981611372,
              28.61603957255908
            ],
            [
              77.23429509790913,
              28.616037645085893
            ],
            [
              77.23429226353353,
              28.616035461951903
            ],
            [
              77.23397468104938,
              28.615765504453627
            ],
            [
              77.23397210283672,
              28.61576308667674
            ],
            [
              77.23396980560288,
              28.61576045754897
            ],
            [
              77.23396781147144,
              28.615757642390264
            ],
            [
              77.23396613964698,
              28.615754668312164
            ],
            [
              77.23396480623006,
              28.615751563956678
            ],
            [
              77.23396382406217,
              28.615748359220458
            ],
            [
              77.23396320260213,
              28.615745084966882
            ],
            [
              77.23396294783487,
              28.61574177272879
            ],
            [
              77.23396306221393,
              28.61573845440486
            ],
            [
              77.23396354463773,
              28.61573516195237
            ],
            [
              77.23396439046023,
              28.615731927079434
            ],
            [
              77.23396559153568,
              28.615728780939637
            ],
            [
              77.23396713629703,
              28.615725753832024
            ],
            [
              77.23396900986734,
              28.61572287490928
            ],
            [
              77.23397119420311,
              28.61572017189699
            ],
            [
              77.23397366826798,
              28.61571767082664
            ],
            [
              77.23397640823532,
              28.615715395784886
            ],
            [
              77.23397938771777,
              28.615713368681593
            ],
            [
              77.23398257802128,
              28.61571160903887
            ],
            [
              77.23398594842152,
              28.615710133803027
            ],
            [
              77.23398946645968,
              28.615708957181383
            ],
            [
              77.23399309825517,
              28.615708090505418
            ],
            [
              77.23399680883185,
              28.615707542121708
            ],
            [
              77.23400056245484,
              28.615707317311458
            ],
            [
              77.23400432297476,
              28.61570741823973
            ],
            [
              77.23400805417577,
              28.615707843934512
            ],
            [
              77.23401172012443,
              28.61570859029614
            ],
            [
              77.23401528551564,
              28.615709650136754
            ],
            [
              77.23401871601277,
              28.615711013249513
            ],
            [
              77.23402197857831,
              28.615712666506898
            ],
            [
              77.23402504179195,
              28.615714593987157
            ],
            [
              77.23402787615332,
              28.61571677712762
            ],
            [
              77.2343454586091,
              28.615986734503522
            ],
            [
              77.23434803683564,
              28.615989152272444
            ],
            [
              77.23435033408384,
              28.615991781392918
            ],
            [
              77.23435232822996,
              28.615994596545086
            ],
            [
              77.23435400006927,
              28.615997570617502
            ],
            [
              77.23435533350101,
              28.616000674968237
            ],
            [
              77.23435631568348,
              28.616003879700724
            ],
            [
              77.23435693715771,
              28.61600715395162
            ],
            [
              77.23435719193853,
              28.616010466188126
            ],
            [
              77.23435707757223,
              28.616013784511583
            ],
            [
              77.23435659516015,
              28.616017076964738
            ],
            [
              77.23435574934818,
              28.616020311839463
            ],
            [
              77.23435454828194,
              28.616023457982124
            ],
            [
              77.23435300352828,
              28.616026485093663
            ],
            [
              77.23435112996401,
              28.616029364021315
            ],
            [
              77.23434894563258,
              28.616032067039434
            ],
            [
              77.23434647157028,
              28.61603456811645
            ],
            [
              77.23434373160363,
              28.616036843165617
            ],
            [
              77.23434075212006,
              28.61603887027695
            ],
            [
              77.23433756181362,
              28.61604062992825
            ],
            [
              77.23433419140869,
              28.61604210517309
            ],
            [
              77.23433067336418,
              28.61604328180405
            ],
            [
              77.23432704156076,
              28.616044148489514
            ],
            [
              77.23432333097475,
              28.61604469688281
            ],
            [
              77.2343195773411,
              28.61604492170263
            ],
            [
              77.23431581680944,
              28.616044820783806
            ]
          ]
        ]
      }
    },
    {
      "type": "Feature",
      "properties": {
        "parcel_id": "ULPIN-2026-2246-00021",
        "survey_number": "UNSURVEYED-21",
        "area_sqm": 1434.66,
        "perimeter_m": 231.06,
        "confidence_score": 0.747,
        "verification_status": "Needs GT Verification",
        "building_count": 1,
        "building_coverage_ratio": 0.978,
        "landuse_class": "Commercial",
        "owner_record": "Unregistered / Pending Survey",
        "has_gnss_control": false,
        "tax_assessment_annual_inr": 6025572,
        "tax_rate_per_sqm": 4200,
        "lulc_confidence": 0.89
      },
      "geometry": {
        "type": "Polygon",
        "coordinates": [
          [
            [
              77.23319987720517,
              28.61619631191268
            ],
            [
              77.23319965026856,
              28.616196138674226
            ],
            [
              77.23319705993397,
              28.616193730996596
            ],
            [
              77.23319474951585,
              28.61619111087194
            ],
            [
              77.23319274126476,
              28.616188303533505
            ],
            [
              77.23319105452127,
              28.6161853360175
            ],
            [
              77.23318970552961,
              28.616182236902752
            ],
            [
              77.23318133575457,
              28.616159772456687
            ],
            [
              77.23317821678839,
              28.61615797684027
            ],
            [
              77.23317528250897,
              28.61615589901421
            ],
            [
              77.23317259316241,
              28.616153577404546
            ],
            [
              77.23317017464862,
              28.616151034369686
            ],
            [
              77.2331680502592,
              28.616148294400446
            ],
            [
              77.23316624045317,
              28.616145383884252
            ],
            [
              77.23316476265992,
              28.61614233085098
            ],
            [
              77.23316363111141,
              28.616139164703007
            ],
            [
              77.23316285670504,
              28.616135915932094
            ],
            [
              77.2331624468987,
              28.616132615825684
            ],
            [
              77.23316240563908,
              28.61612929616561
            ],
            [
              77.23316273332344,
              28.61612598892202
            ],
            [
              77.23316342679598,
              28.61612272594547
            ],
            [
              77.23316447937817,
              28.616119538660215
            ],
            [
              77.2331655052867,
              28.616117283507467
            ],
            [
              77.23308780018856,
              28.615908722574474
            ],
            [
              77.23308680194647,
              28.61590552170598
            ],
            [
              77.23308616406051,
              28.615902249911336
            ],
            [
              77.23308606840406,
              28.615901082799088
            ],
            [
              77.23295946960859,
              28.61574011033108
            ],
            [
              77.23288878153413,
              28.61576406077372
            ],
            [
              77.23281049756945,
              28.61583169177639
            ],
            [
              77.23286685067723,
              28.61589224421268
            ],
            [
              77.23286909282491,
              28.61589491011623
            ],
            [
              77.23287102805027,
              28.61589775710883
            ],
            [
              77.23287263771603,
              28.615900757772383
            ],
            [
              77.23287390632018,
              28.61590388320888
            ],
            [
              77.23287482164537,
              28.615907103318683
            ],
            [
              77.23287537487649,
              28.615910387090373
            ],
            [
              77.23287556068556,
              28.615913702899444
            ],
            [
              77.23287537728312,
              28.61591701881284
            ],
            [
              77.2328748264354,
              28.615920302896498
            ],
            [
              77.23287391344736,
              28.615923523522902
            ],
            [
              77.23287264711149,
              28.615926649675654
            ],
            [
              77.2328710396233,
              28.61592965124819
            ],
            [
              77.23286910646375,
              28.615932499333702
            ],
            [
              77.23286686625022,
              28.615935166503565
            ],
            [
              77.23286434055714,
              28.61593762707147
            ],
            [
              77.23286155370835,
              28.615939857340774
            ],
            [
              77.23285853254269,
              28.615941835832754
            ],
            [
              77.23285530615568,
              28.615943543493444
            ],
            [
              77.2328519056192,
              28.61594496387711
            ],
            [
              77.23284836368228,
              28.615946083304674
            ],
            [
              77.23284471445574,
              28.615946890995428
            ],
            [
              77.23284099308364,
              28.61594737917085
            ],
            [
              77.2328372354049,
              28.615947543129554
            ],
            [
              77.23283347760801,
              28.615947381292514
            ],
            [
              77.23282975588269,
              28.61594689521832
            ],
            [
              77.23282610607119,
              28.615946089588107
            ],
            [
              77.23282256332323,
              28.615944972160573
            ],
            [
              77.23281916175743,
              28.615943553697136
            ],
            [
              77.23281593413277,
              28.615941847858405
            ],
            [
              77.23281291153305,
              28.61593987107255
            ],
            [
              77.23281012306755,
              28.615937642377098
            ],
            [
              77.23280759559076,
              28.61593518323564
            ],
            [
              77.23275549978993,
              28.61587920532574
            ],
            [
              77.23271332370233,
              28.615915641947325
            ],
            [
              77.23264417707111,
              28.61600999027245
            ],
            [
              77.23280901097762,
              28.616150108551697
            ],
            [
              77.23281158917526,
              28.61615252635157
            ],
            [
              77.23281388639087,
              28.616155155499975
            ],
            [
              77.23281588050098,
              28.616157970676813
            ],
            [
              77.23281755230121,
              28.6161609447704
            ],
            [
              77.23281888569122,
              28.616164049138593
            ],
            [
              77.23281986782966,
              28.61616725388466
            ],
            [
              77.232820489258,
              28.616170528145137
            ],
            [
              77.23282074399152,
              28.61617384038711
            ],
            [
              77.23282062957695,
              28.616177158711906
            ],
            [
              77.23282014711613,
              28.616180451162222
            ],
            [
              77.23281930125539,
              28.616183686029963
            ],
            [
              77.2328181001408,
              28.61618683216158
            ],
            [
              77.23281655533972,
              28.616189859258114
            ],
            [
              77.23281468172942,
              28.61619273816693
            ],
            [
              77.23281249735373,
              28.61619544116258
            ],
            [
              77.2328100232494,
              28.61619794221371
            ],
            [
              77.23280728324342,
              28.616200217233807
            ],
            [
              77.23280430372351,
              28.616202244313193
            ],
            [
              77.23280320782642,
              28.616202848750113
            ],
            [
              77.23294824098235,
              28.61620045883855
            ],
            [
              77.2329480449797,
              28.616197894902754
            ],
            [
              77.23294816091602,
              28.616194576619325
            ],
            [
              77.2329630856065,
              28.616030116687845
            ],
            [
              77.23296356957634,
              28.61602682441025
            ],
            [
              77.23296441691903,
              28.616023589844957
            ],
            [
              77.23296561947419,
              28.616020444142606
            ],
            [
              77.23296716566051,
              28.616017417598012
            ],
            [
              77.23296904058734,
              28.61601453935847
            ],
            [
              77.2329712261981,
              28.616011837142956
            ],
            [
              77.23297370144415,
              28.616009336975278
            ],
            [
              77.23297644248751,
              28.616007062933413
            ],
            [
              77.23297942293043,
              28.616005036917606
            ],
            [
              77.23298261406963,
              28.616003278439482
            ],
            [
              77.2329859851727,
              28.616001804434134
            ],
            [
              77.2329895037741,
              28.61600062909702
            ],
            [
              77.2329931359878,
              28.61599976374727
            ],
            [
              77.23299684683361,
              28.615999216718667
            ],
            [
              77.23300060057412,
              28.615998993279394
            ],
            [
              77.23300436105876,
              28.61599909558128
            ],
            [
              77.23300809207205,
              28.6159995226391
            ],
            [
              77.23301175768233,
              28.616000270340077
            ],
            [
              77.23301532258782,
              28.616001331483414
            ],
            [
              77.23301875245652,
              28.616002695849758
            ],
            [
              77.23302201425697,
              28.616004350299505
            ],
            [
              77.23302507657628,
              28.61600627889942
            ],
            [
              77.23302790992263,
              28.616008463076035
            ],
            [
              77.23303048700936,
              28.616010881794576
            ],
            [
              77.23303278301772,
              28.616013511761448
            ],
            [
              77.23303477583588,
              28.61601632764866
            ],
            [
              77.2330364462719,
              28.616019302337698
            ],
            [
              77.23303777823855,
              28.616022407180687
            ],
            [
              77.23303875890825,
              28.616025612276296
            ],
            [
              77.23303937883658,
              28.616028886757725
            ],
            [
              77.23303963205325,
              28.61603219908993
            ],
            [
              77.23303951611962,
              28.616035517373337
            ],
            [
              77.23302466213589,
              28.616199199479226
            ],
            [
              77.23319987720517,
              28.61619631191268
            ]
          ]
        ]
      }
    },
    {
      "type": "Feature",
      "properties": {
        "parcel_id": "ULPIN-2026-2246-00022",
        "survey_number": "UNSURVEYED-22",
        "area_sqm": 52.55,
        "perimeter_m": 45.6,
        "confidence_score": 0.725,
        "verification_status": "Needs GT Verification",
        "building_count": 1,
        "building_coverage_ratio": 0.835,
        "landuse_class": "Commercial",
        "owner_record": "Unregistered / Pending Survey",
        "has_gnss_control": false,
        "tax_assessment_annual_inr": 220710,
        "tax_rate_per_sqm": 4200,
        "lulc_confidence": 0.964
      },
      "geometry": {
        "type": "Polygon",
        "coordinates": [
          [
            [
              77.23271523071674,
              28.616204298394766
            ],
            [
              77.23253244076811,
              28.61616245040747
            ],
            [
              77.23249916166867,
              28.616207858434525
            ],
            [
              77.23271523071674,
              28.616204298394766
            ]
          ]
        ]
      }
    },
    {
      "type": "Feature",
      "properties": {
        "parcel_id": "ULPIN-2026-2246-00023",
        "survey_number": "UNSURVEYED-23",
        "area_sqm": 1237.75,
        "perimeter_m": 224.99,
        "confidence_score": 0.734,
        "verification_status": "Needs GT Verification",
        "building_count": 1,
        "building_coverage_ratio": 0.896,
        "landuse_class": "Commercial",
        "owner_record": "Unregistered / Pending Survey",
        "has_gnss_control": false,
        "tax_assessment_annual_inr": 5198550,
        "tax_rate_per_sqm": 4200,
        "lulc_confidence": 0.935
      },
      "geometry": {
        "type": "Polygon",
        "coordinates": [
          [
            [
              77.23216123256812,
              28.616213425598154
            ],
            [
              77.23208038811444,
              28.616130306115938
            ],
            [
              77.2320440925013,
              28.616106931858713
            ],
            [
              77.23197710519884,
              28.616109361626105
            ],
            [
              77.23197609204102,
              28.616110405037933
            ],
            [
              77.23197337586578,
              28.616112702201303
            ],
            [
              77.2319704176024,
              28.616114753378266
            ],
            [
              77.23196724574062,
              28.616116538814843
            ],
            [
              77.23196389082719,
              28.616118041316312
            ],
            [
              77.2319603851718,
              28.616119246412737
            ],
            [
              77.23195676253584,
              28.616120142498378
            ],
            [
              77.23195305780732,
              28.61612072094341
            ],
            [
              77.23194930666479,
              28.61612097617711
            ],
            [
              77.23194554523387,
              28.61612090574141
            ],
            [
              77.23194180973924,
              28.616120510314666
            ],
            [
              77.23193813615578,
              28.61611979370504
            ],
            [
              77.23193455986213,
              28.616118762813876
            ],
            [
              77.23193111529996,
              28.616117427569247
            ],
            [
              77.23192783564237,
              28.616115800830283
            ],
            [
              77.23192475247423,
              28.61611389826337
            ],
            [
              77.23192189548817,
              28.616111738191314
            ],
            [
              77.23191929219853,
              28.616109341416763
            ],
            [
              77.2319169676764,
              28.61610673102202
            ],
            [
              77.2319149443082,
              28.616103932146608
            ],
            [
              77.23191324158007,
              28.616100971745244
            ],
            [
              77.23191187589019,
              28.61609787832822
            ],
            [
              77.23191086039087,
              28.61609468168686
            ],
            [
              77.23191020486189,
              28.616091412606572
            ],
            [
              77.23190991561634,
              28.616088102570384
            ],
            [
              77.23190994911417,
              28.616086709707023
            ],
            [
              77.23186200060852,
              28.616116580568118
            ],
            [
              77.23185882434662,
              28.61611835990393
            ],
            [
              77.23185714880361,
              28.61611910625192
            ],
            [
              77.23182724564072,
              28.616138459557078
            ],
            [
              77.23182410635879,
              28.616140289281237
            ],
            [
              77.23182077894886,
              28.61614183867495
            ],
            [
              77.23181729545574,
              28.61614309281668
            ],
            [
              77.23181368942738,
              28.616144039628377
            ],
            [
              77.23180999559185,
              28.616144669991698
            ],
            [
              77.23180624952279,
              28.616144977835887
            ],
            [
              77.23180248729699,
              28.616144960196245
            ],
            [
              77.23179874514673,
              28.61614461724265
            ],
            [
              77.23179505911102,
              28.61614395227791
            ],
            [
              77.23179146468841,
              28.616142971706036
            ],
            [
              77.23178799649521,
              28.616141684970458
            ],
            [
              77.23178468793203,
              28.616140104463156
            ],
            [
              77.23178157086217,
              28.616138245405285
            ],
            [
              77.23177867530472,
              28.616136125700613
            ],
            [
              77.2317760291455,
              28.616133765763077
            ],
            [
              77.23177365786846,
              28.616131188320153
            ],
            [
              77.2317715843103,
              28.616128418194066
            ],
            [
              77.23176982844049,
              28.616125482062635
            ],
            [
              77.23176840716903,
              28.616122408202457
            ],
            [
              77.23176733418349,
              28.61611922621647
            ],
            [
              77.23176661981728,
              28.61611596674897
            ],
            [
              77.23176627095012,
              28.61611266119039
            ],
            [
              77.23176629094176,
              28.616109341375086
            ],
            [
              77.23176667959962,
              28.616106039274708
            ],
            [
              77.23176743318069,
              28.616102786690277
            ],
            [
              77.23176854442752,
              28.61609961494594
            ],
            [
              77.2317700026382,
              28.616096554587347
            ],
            [
              77.23177179376931,
              28.616093635087395
            ],
            [
              77.23177390057127,
              28.616090884562468
            ],
            [
              77.2317763027544,
              28.616088329501597
            ],
            [
              77.23177897718436,
              28.616085994511412
            ],
            [
              77.23178189810493,
              28.616083902079122
            ],
            [
              77.23189483427657,
              28.616010809826545
            ],
            [
              77.2318927406032,
              28.616009461502102
            ],
            [
              77.23188981409231,
              28.61600737516347
            ],
            [
              77.23188713342213,
              28.616005045753777
            ],
            [
              77.23188472440899,
              28.61600249570654
            ],
            [
              77.231882610253,
              28.615999749580126
            ],
            [
              77.2318808113146,
              28.615996833821228
            ],
            [
              77.23187934491857,
              28.61599377651023
            ],
            [
              77.23187822518705,
              28.615990607090705
            ],
            [
              77.23187746290368,
              28.61598735608593
            ],
            [
              77.23187706540959,
              28.61598405480485
            ],
            [
              77.23187703653286,
              28.615980735040605
            ],
            [
              77.23187737655157,
              28.61597742876435
            ],
            [
              77.23187790843372,
              28.61597497079607
            ],
            [
              77.23181032985643,
              28.61589213790967
            ],
            [
              77.23180828420145,
              28.61588935167917
            ],
            [
              77.23180655788862,
              28.61588640193386
            ],
            [
              77.23180516754326,
              28.615883317081412
            ],
            [
              77.23180412655512,
              28.615880126830646
            ],
            [
              77.23180344494949,
              28.615876861905434
            ],
            [
              77.23180312929055,
              28.615873553748802
            ],
            [
              77.23180318261824,
              28.61587023422011
            ],
            [
              77.23180337961341,
              28.6158686935075
            ],
            [
              77.23134953988043,
              28.616190478758362
            ],
            [
              77.23135122747884,
              28.616190377718702
            ],
            [
              77.2316507203565,
              28.616185445604167
            ],
            [
              77.2316544808959,
              28.61618554659686
            ],
            [
              77.23165821210911,
              28.616185972355954
            ],
            [
              77.23166187806254,
              28.616186718781154
            ],
            [
              77.23166544345105,
              28.616187778683983
            ],
            [
              77.23166887393805,
              28.616189141857003
            ],
            [
              77.23167213648611,
              28.616190795172127
            ],
            [
              77.23167519967512,
              28.616192722707037
            ],
            [
              77.2316780340049,
              28.616194905898517
            ],
            [
              77.23168061217932,
              28.616197323721288
            ],
            [
              77.23168290936914,
              28.616199952890383
            ],
            [
              77.23168490345118,
              28.61620276808549
            ],
            [
              77.23168657522132,
              28.61620574219475
            ],
            [
              77.23168790857947,
              28.616208846575883
            ],
            [
              77.23168889068465,
              28.616212051332017
            ],
            [
              77.23168951207859,
              28.616215325599594
            ],
            [
              77.23168976677694,
              28.616218637845655
            ],
            [
              77.23168967865793,
              28.616221192735395
            ],
            [
              77.23216123256812,
              28.616213425598154
            ]
          ]
        ]
      }
    },
    {
      "type": "Feature",
      "properties": {
        "parcel_id": "ULPIN-2026-2246-00024",
        "survey_number": "UNSURVEYED-24",
        "area_sqm": 264.72,
        "perimeter_m": 109.78,
        "confidence_score": 0.698,
        "verification_status": "Needs GT Verification",
        "building_count": 1,
        "building_coverage_ratio": 0.652,
        "landuse_class": "Commercial",
        "owner_record": "Unregistered / Pending Survey",
        "has_gnss_control": false,
        "tax_assessment_annual_inr": 1111824,
        "tax_rate_per_sqm": 4200,
        "lulc_confidence": 0.962
      },
      "geometry": {
        "type": "Polygon",
        "coordinates": [
          [
            [
              77.23051457127515,
              28.614228912728365
            ],
            [
              77.23051482592751,
              28.61423222497984
            ],
            [
              77.23051706742828,
              28.61433826170666
            ],
            [
              77.23059055002535,
              28.61435113610933
            ],
            [
              77.23059338688883,
              28.61434362930512
            ],
            [
              77.23055082619732,
              28.614266651212784
            ],
            [
              77.2305493444303,
              28.614263599683806
            ],
            [
              77.23054820875392,
              28.614260434686884
            ],
            [
              77.23054743010535,
              28.61425718670268
            ],
            [
              77.23054701598335,
              28.614253887011056
            ],
            [
              77.2305469703761,
              28.61425056738986
            ],
            [
              77.23054729372284,
              28.614247259808856
            ],
            [
              77.23054798290947,
              28.61424399612186
            ],
            [
              77.23054903129874,
              28.614240807759952
            ],
            [
              77.23055042879405,
              28.6142377254288
            ],
            [
              77.23055216193671,
              28.614234778812932
            ],
            [
              77.23055421403564,
              28.61423199628985
            ],
            [
              77.23055656532796,
              28.614229404656758
            ],
            [
              77.23055919316941,
              28.614227028872502
            ],
            [
              77.23056207225248,
              28.61422489181715
            ],
            [
              77.23056517484999,
              28.614223014071698
            ],
            [
              77.23056847108226,
              28.614221413719854
            ],
            [
              77.23057192920479,
              28.61422010617387
            ],
            [
              77.23057551591398,
              28.61421910402611
            ],
            [
              77.23057919666792,
              28.6142184169278
            ],
            [
              77.2305829360189,
              28.61421805149605
            ],
            [
              77.23058669795502,
              28.614218011250184
            ],
            [
              77.23059044624681,
              28.614218296577786
            ],
            [
              77.23059414479617,
              28.614218904730972
            ],
            [
              77.2305955114994,
              28.61421925466218
            ],
            [
              77.23043265133937,
              28.614059977478647
            ],
            [
              77.23043027114419,
              28.614057406474302
            ],
            [
              77.23042818798992,
              28.61405464198033
            ],
            [
              77.2304264219385,
              28.61405171062035
            ],
            [
              77.23042498999794,
              28.614048640624947
            ],
            [
              77.23042390595857,
              28.61404546155989
            ],
            [
              77.23042318026027,
              28.614042204041308
            ],
            [
              77.23042281989188,
              28.614038899440903
            ],
            [
              77.2304228274587,
              28.614035920241403
            ],
            [
              77.2303925802009,
              28.613981316242654
            ],
            [
              77.23032807352793,
              28.61401475721263
            ],
            [
              77.23047430362789,
              28.614199120750808
            ],
            [
              77.23047578063293,
              28.614199032329214
            ],
            [
              77.23047954110257,
              28.614199133358564
            ],
            [
              77.23048327224247,
              28.614199559154304
            ],
            [
              77.23048693811977,
              28.61420030561581
            ],
            [
              77.2304905034301,
              28.614201365554248
            ],
            [
              77.23049393383758,
              28.614202728761832
            ],
            [
              77.23049719630555,
              28.61420438211015
            ],
            [
              77.23050025941468,
              28.614206309676547
            ],
            [
              77.23050309366555,
              28.61420849289754
            ],
            [
              77.23050567176281,
              28.614210910747516
            ],
            [
              77.23050796887796,
              28.614213539941282
            ],
            [
              77.2305099628885,
              28.61421635515828
            ],
            [
              77.23051163459104,
              28.614219329286442
            ],
            [
              77.23051296788614,
              28.614222433683295
            ],
            [
              77.2305139499334,
              28.614225638451835
            ],
            [
              77.23051457127515,
              28.614228912728365
            ]
          ]
        ]
      }
    },
    {
      "type": "Feature",
      "properties": {
        "parcel_id": "ULPIN-2026-2246-00025",
        "survey_number": "UNSURVEYED-25",
        "area_sqm": 99.92,
        "perimeter_m": 43.11,
        "confidence_score": 0.75,
        "verification_status": "Needs GT Verification",
        "building_count": 1,
        "building_coverage_ratio": 1.0,
        "landuse_class": "Commercial",
        "owner_record": "Unregistered / Pending Survey",
        "has_gnss_control": false,
        "tax_assessment_annual_inr": 419664,
        "tax_rate_per_sqm": 4200,
        "lulc_confidence": 0.915
      },
      "geometry": {
        "type": "Polygon",
        "coordinates": [
          [
            [
              77.23072795944435,
              28.61437521059326
            ],
            [
              77.23073160923467,
              28.614376016121636
            ],
            [
              77.23073515197434,
              28.614377133450585
            ],
            [
              77.23073714209151,
              28.614377963279217
            ],
            [
              77.23083105373638,
              28.614361525439254
            ],
            [
              77.23070513698107,
              28.61426179594617
            ],
            [
              77.23067603390373,
              28.61433880768277
            ],
            [
              77.23069275023676,
              28.61436904186397
            ],
            [
              77.23072795944435,
              28.61437521059326
            ]
          ]
        ]
      }
    },
    {
      "type": "Feature",
      "properties": {
        "parcel_id": "ULPIN-2026-2246-00026",
        "survey_number": "UNSURVEYED-26",
        "area_sqm": 57.38,
        "perimeter_m": 36.24,
        "confidence_score": 0.75,
        "verification_status": "Needs GT Verification",
        "building_count": 1,
        "building_coverage_ratio": 1.0,
        "landuse_class": "Commercial",
        "owner_record": "Unregistered / Pending Survey",
        "has_gnss_control": false,
        "tax_assessment_annual_inr": 240996,
        "tax_rate_per_sqm": 4200,
        "lulc_confidence": 0.959
      },
      "geometry": {
        "type": "Polygon",
        "coordinates": [
          [
            [
              77.23069770647645,
              28.614666009625356
            ],
            [
              77.23069778292957,
              28.614667447784036
            ],
            [
              77.23081877417339,
              28.61463174088897
            ],
            [
              77.23081783343902,
              28.6145872450244
            ],
            [
              77.23081794791858,
              28.614583926697186
            ],
            [
              77.23081843043869,
              28.614580634250213
            ],
            [
              77.23081927635234,
              28.61457739939157
            ],
            [
              77.23082047751292,
              28.614574253274693
            ],
            [
              77.23082142795685,
              28.614572390902605
            ],
            [
              77.23074324455665,
              28.614609165489888
            ],
            [
              77.23069391713031,
              28.61465434791682
            ],
            [
              77.23069499698597,
              28.61465637420962
            ],
            [
              77.23069625660388,
              28.614659502474804
            ],
            [
              77.23069716267604,
              28.614662724623727
            ],
            [
              77.23069770647645,
              28.614666009625356
            ]
          ]
        ]
      }
    },
    {
      "type": "Feature",
      "properties": {
        "parcel_id": "ULPIN-2026-2246-00027",
        "survey_number": "UNSURVEYED-27",
        "area_sqm": 103.09,
        "perimeter_m": 70.2,
        "confidence_score": 0.75,
        "verification_status": "Needs GT Verification",
        "building_count": 1,
        "building_coverage_ratio": 1.0,
        "landuse_class": "Commercial",
        "owner_record": "Unregistered / Pending Survey",
        "has_gnss_control": false,
        "tax_assessment_annual_inr": 432978,
        "tax_rate_per_sqm": 4200,
        "lulc_confidence": 0.917
      },
      "geometry": {
        "type": "Polygon",
        "coordinates": [
          [
            [
              77.23251754699152,
              28.61507990945145
            ],
            [
              77.23251795699872,
              28.615076609363257
            ],
            [
              77.2325187315992,
              28.615073360628205
            ],
            [
              77.23251986333308,
              28.615070194533363
            ],
            [
              77.23255380014325,
              28.61498932125195
            ],
            [
              77.23241931421738,
              28.615087228558778
            ],
            [
              77.2325578325264,
              28.615153527695735
            ],
            [
              77.23256104760664,
              28.615155251847476
            ],
            [
              77.23256405568982,
              28.615157245775134
            ],
            [
              77.2325668278065,
              28.615159490276113
            ],
            [
              77.23256933725963,
              28.615161963734664
            ],
            [
              77.23257130201495,
              28.615164331561484
            ],
            [
              77.23260336245792,
              28.615066055414392
            ],
            [
              77.23259176668572,
              28.61509368880842
            ],
            [
              77.23259028871946,
              28.615096741772476
            ],
            [
              77.23258847875236,
              28.615099652203536
            ],
            [
              77.2325863542154,
              28.615102392072554
            ],
            [
              77.23258393556897,
              28.615104934993074
            ],
            [
              77.23258124610597,
              28.615107256475373
            ],
            [
              77.23257831172738,
              28.615109334162295
            ],
            [
              77.2325751606929,
              28.61511114804454
            ],
            [
              77.23257182334872,
              28.615112680653446
            ],
            [
              77.23256833183531,
              28.615113917229124
            ],
            [
              77.23256471977786,
              28.615114845862664
            ],
            [
              77.2325610219625,
              28.615115457610802
            ],
            [
              77.23255727400124,
              28.61511574658207
            ],
            [
              77.23255351198902,
              28.61511570999351
            ],
            [
              77.23254977215613,
              28.615115348197495
            ],
            [
              77.23254609051924,
              28.615114664678302
            ],
            [
              77.23254250253453,
              28.615113666018615
            ],
            [
              77.2325390427563,
              28.61511236183607
            ],
            [
              77.23253574450415,
              28.615110764690666
            ],
            [
              77.23253263954204,
              28.615108889963814
            ],
            [
              77.23252975777248,
              28.615106755710162
            ],
            [
              77.23252712694851,
              28.615104382483743
            ],
            [
              77.23252477240639,
              28.615101793140056
            ],
            [
              77.23252271682163,
              28.615099012615904
            ],
            [
              77.23252097999065,
              28.61509606768927
            ],
            [
              77.23251957864004,
              28.615092986721432
            ],
            [
              77.23251852626555,
              28.615089799383778
            ],
            [
              77.23251783300212,
              28.615086536372154
            ],
            [
              77.23251750552619,
              28.615083229111125
            ],
            [
              77.23251754699152,
              28.61507990945145
            ]
          ]
        ]
      }
    },
    {
      "type": "Feature",
      "properties": {
        "parcel_id": "ULPIN-2026-2246-00028",
        "survey_number": "UNSURVEYED-28",
        "area_sqm": 53.7,
        "perimeter_m": 36.63,
        "confidence_score": 0.75,
        "verification_status": "Needs GT Verification",
        "building_count": 1,
        "building_coverage_ratio": 1.0,
        "landuse_class": "Commercial",
        "owner_record": "Unregistered / Pending Survey",
        "has_gnss_control": false,
        "tax_assessment_annual_inr": 225540,
        "tax_rate_per_sqm": 4200,
        "lulc_confidence": 0.918
      },
      "geometry": {
        "type": "Polygon",
        "coordinates": [
          [
            [
              77.23259078680219,
              28.615825232572497
            ],
            [
              77.23258747675963,
              28.61582681064703
            ],
            [
              77.23258400736492,
              28.61582809483275
            ],
            [
              77.23258041203026,
              28.615829072762228
            ],
            [
              77.23257672538071,
              28.61582973501745
            ],
            [
              77.23257307365282,
              28.61583006697267
            ],
            [
              77.23257468333529,
              28.615831348218926
            ],
            [
              77.23257721652986,
              28.615833802773693
            ],
            [
              77.23257946487722,
              28.61583646460832
            ],
            [
              77.23258140672455,
              28.615839308087924
            ],
            [
              77.23258302337076,
              28.615842305828235
            ],
            [
              77.2325842992467,
              28.615845428959407
            ],
            [
              77.2325852220649,
              28.615848647403972
            ],
            [
              77.23258578293812,
              28.615851930166574
            ],
            [
              77.23258597646479,
              28.615855245632414
            ],
            [
              77.23258580078114,
              28.61585856187174
            ],
            [
              77.23258525757903,
              28.615861846947375
            ],
            [
              77.2325764114836,
              28.615901582550936
            ],
            [
              77.2326476778588,
              28.615839090727675
            ],
            [
              77.2326742486097,
              28.615802835772996
            ],
            [
              77.23265285940656,
              28.61577602075934
            ],
            [
              77.23259680316238,
              28.615821258231843
            ],
            [
              77.23259390561506,
              28.615823375806873
            ],
            [
              77.23259078680219,
              28.615825232572497
            ]
          ]
        ]
      }
    },
    {
      "type": "Feature",
      "properties": {
        "parcel_id": "ULPIN-2026-2246-00029",
        "survey_number": "UNSURVEYED-29",
        "area_sqm": 239.75,
        "perimeter_m": 94.23,
        "confidence_score": 0.622,
        "verification_status": "Needs GT Verification",
        "building_count": 2,
        "building_coverage_ratio": 0.146,
        "landuse_class": "Residential",
        "owner_record": "Unregistered / Pending Survey",
        "has_gnss_control": false,
        "tax_assessment_annual_inr": 443537,
        "tax_rate_per_sqm": 1850,
        "lulc_confidence": 0.887
      },
      "geometry": {
        "type": "Polygon",
        "coordinates": [
          [
            [
              77.22982223249622,
              28.615737457448198
            ],
            [
              77.2298185347824,
              28.615738069802653
            ],
            [
              77.22981645079449,
              28.615738230822934
            ],
            [
              77.22974954708587,
              28.615782341635583
            ],
            [
              77.22997331497182,
              28.61576760609681
            ],
            [
              77.23006090005376,
              28.615687382500578
            ],
            [
              77.23006364011044,
              28.61568510753333
            ],
            [
              77.23006661967345,
              28.61568308051201
            ],
            [
              77.23006981004795,
              28.61568132095789
            ],
            [
              77.23007318050892,
              28.615679845816437
            ],
            [
              77.23007669859702,
              28.61567866929407
            ],
            [
              77.23008033043112,
              28.61567780272132
            ],
            [
              77.23008404103473,
              28.615677254443746
            ],
            [
              77.23008779467274,
              28.61567702974155
            ],
            [
              77.23009155519559,
              28.61567713077875
            ],
            [
              77.23009528638741,
              28.615677556582288
            ],
            [
              77.23009895231485,
              28.615678303051446
            ],
            [
              77.23010251767302,
              28.615679362997327
            ],
            [
              77.23010594812564,
              28.615680726212073
            ],
            [
              77.23010921063558,
              28.615682379567204
            ],
            [
              77.23011150652717,
              28.615683824322375
            ],
            [
              77.23017217669972,
              28.6156285490667
            ],
            [
              77.2301708210492,
              28.615629628351762
            ],
            [
              77.23016779410189,
              28.61563159994815
            ],
            [
              77.23016456272767,
              28.6156333002456
            ],
            [
              77.23016115804644,
              28.615634712869305
            ],
            [
              77.23015761284721,
              28.615635824214923
            ],
            [
              77.23015396127214,
              28.615636623579555
            ],
            [
              77.22990603945676,
              28.61567962427952
            ],
            [
              77.22990344031028,
              28.615680876976697
            ],
            [
              77.22986119480838,
              28.615708730255836
            ],
            [
              77.22984144634407,
              28.6157275434189
            ],
            [
              77.22983875734954,
              28.615729865344687
            ],
            [
              77.22983582338635,
              28.61573194351487
            ],
            [
              77.2298326727102,
              28.61573375791551
            ],
            [
              77.22982933566385,
              28.615735291072937
            ],
            [
              77.22982584438488,
              28.615736528221976
            ],
            [
              77.22982223249622,
              28.615737457448198
            ]
          ]
        ]
      }
    },
    {
      "type": "Feature",
      "properties": {
        "parcel_id": "ULPIN-2026-2246-00030",
        "survey_number": "UNSURVEYED-30",
        "area_sqm": 98.36,
        "perimeter_m": 41.16,
        "confidence_score": 0.75,
        "verification_status": "Needs GT Verification",
        "building_count": 1,
        "building_coverage_ratio": 1.0,
        "landuse_class": "Commercial",
        "owner_record": "Unregistered / Pending Survey",
        "has_gnss_control": false,
        "tax_assessment_annual_inr": 413112,
        "tax_rate_per_sqm": 4200,
        "lulc_confidence": 0.918
      },
      "geometry": {
        "type": "Polygon",
        "coordinates": [
          [
            [
              77.23112851278256,
              28.6129740660278
            ],
            [
              77.2311992580774,
              28.613017091075953
            ],
            [
              77.23128998352125,
              28.61293672730086
            ],
            [
              77.23122344305474,
              28.612899145320625
            ],
            [
              77.23112851278256,
              28.6129740660278
            ]
          ]
        ]
      }
    },
    {
      "type": "Feature",
      "properties": {
        "parcel_id": "ULPIN-2026-2246-00031",
        "survey_number": "UNSURVEYED-31",
        "area_sqm": 227.68,
        "perimeter_m": 64.16,
        "confidence_score": 0.75,
        "verification_status": "Needs GT Verification",
        "building_count": 1,
        "building_coverage_ratio": 1.0,
        "landuse_class": "Commercial",
        "owner_record": "Unregistered / Pending Survey",
        "has_gnss_control": false,
        "tax_assessment_annual_inr": 956256,
        "tax_rate_per_sqm": 4200,
        "lulc_confidence": 0.947
      },
      "geometry": {
        "type": "Polygon",
        "coordinates": [
          [
            [
              77.2309791962925,
              28.613001137997262
            ],
            [
              77.23085923708109,
              28.612850500632046
            ],
            [
              77.23084210624496,
              28.612869131618066
            ],
            [
              77.23077394674897,
              28.612970466806996
            ],
            [
              77.23092363036169,
              28.61306875034971
            ],
            [
              77.2309229639316,
              28.61306568806337
            ],
            [
              77.23092261996734,
              28.613062382102697
            ],
            [
              77.23092264487215,
              28.613059062310416
            ],
            [
              77.23092303840616,
              28.613055760657947
            ],
            [
              77.23092379677936,
              28.613052508942012
            ],
            [
              77.2309249126882,
              28.613049338478405
            ],
            [
              77.23092637538582,
              28.613046279800407
            ],
            [
              77.23092817078563,
              28.613043362364767
            ],
            [
              77.23093028159691,
              28.61304061426796
            ],
            [
              77.2309326874914,
              28.613038061975658
            ],
            [
              77.23093536529899,
              28.613035730067807
            ],
            [
              77.2309791962925,
              28.613001137997262
            ]
          ]
        ]
      }
    },
    {
      "type": "Feature",
      "properties": {
        "parcel_id": "ULPIN-2026-2246-00032",
        "survey_number": "UNSURVEYED-32",
        "area_sqm": 229.01,
        "perimeter_m": 64.22,
        "confidence_score": 0.75,
        "verification_status": "Needs GT Verification",
        "building_count": 1,
        "building_coverage_ratio": 1.0,
        "landuse_class": "Commercial",
        "owner_record": "Unregistered / Pending Survey",
        "has_gnss_control": false,
        "tax_assessment_annual_inr": 961842,
        "tax_rate_per_sqm": 4200,
        "lulc_confidence": 0.925
      },
      "geometry": {
        "type": "Polygon",
        "coordinates": [
          [
            [
              77.2310635550412,
              28.61293456072064
            ],
            [
              77.23112343844052,
              28.612887299702006
            ],
            [
              77.2311232558796,
              28.612887168032437
            ],
            [
              77.23112059029378,
              28.61288482525005
            ],
            [
              77.23111819776997,
              28.612882263192258
            ],
            [
              77.23098001911748,
              28.61271854213929
            ],
            [
              77.23097917454832,
              28.61271980144811
            ],
            [
              77.23097695033407,
              28.612722478985305
            ],
            [
              77.23090945521824,
              28.61279588483681
            ],
            [
              77.23098400672258,
              28.6128895020482
            ],
            [
              77.23098442201369,
              28.612889561809826
            ],
            [
              77.23098805789922,
              28.612890414726557
            ],
            [
              77.23099158153866,
              28.61289157801751
            ],
            [
              77.23099495899741,
              28.612893040479552
            ],
            [
              77.23099815774877,
              28.61289478802839
            ],
            [
              77.2310635550412,
              28.61293456072064
            ]
          ]
        ]
      }
    },
    {
      "type": "Feature",
      "properties": {
        "parcel_id": "ULPIN-2026-2246-00033",
        "survey_number": "UNSURVEYED-33",
        "area_sqm": 91.49,
        "perimeter_m": 62.87,
        "confidence_score": 0.75,
        "verification_status": "Needs GT Verification",
        "building_count": 1,
        "building_coverage_ratio": 1.0,
        "landuse_class": "Commercial",
        "owner_record": "Unregistered / Pending Survey",
        "has_gnss_control": false,
        "tax_assessment_annual_inr": 384258,
        "tax_rate_per_sqm": 4200,
        "lulc_confidence": 0.931
      },
      "geometry": {
        "type": "Polygon",
        "coordinates": [
          [
            [
              77.23374243016,
              28.61394987907327
            ],
            [
              77.23376956432432,
              28.613972346541793
            ],
            [
              77.23389876319389,
              28.613932708022816
            ],
            [
              77.23401353981414,
              28.61383091261036
            ],
            [
              77.2338896339045,
              28.613885284242723
            ],
            [
              77.23387748777,
              28.613897879060946
            ],
            [
              77.23387491189348,
              28.613900298738983
            ],
            [
              77.23387207965015,
              28.61390248397053
            ],
            [
              77.23386901831608,
              28.613904413710596
            ],
            [
              77.2338657573736,
              28.613906069374703
            ],
            [
              77.23386232822735,
              28.613907435017897
            ],
            [
              77.23385876390194,
              28.613908497488275
            ],
            [
              77.23385730580706,
              28.61390879548428
            ],
            [
              77.23385446274465,
              28.61391034420764
            ],
            [
              77.23384995657221,
              28.613912289007004
            ],
            [
              77.23384525607585,
              28.6139138346896
            ],
            [
              77.23384040652395,
              28.613914966369638
            ],
            [
              77.23380824432886,
              28.613920999027787
            ],
            [
              77.23374243016,
              28.61394987907327
            ]
          ]
        ]
      }
    },
    {
      "type": "Feature",
      "properties": {
        "parcel_id": "ULPIN-2026-2246-00034",
        "survey_number": "UNSURVEYED-34",
        "area_sqm": 48.88,
        "perimeter_m": 35.63,
        "confidence_score": 0.75,
        "verification_status": "Needs GT Verification",
        "building_count": 1,
        "building_coverage_ratio": 1.0,
        "landuse_class": "Commercial",
        "owner_record": "Unregistered / Pending Survey",
        "has_gnss_control": false,
        "tax_assessment_annual_inr": 205296,
        "tax_rate_per_sqm": 4200,
        "lulc_confidence": 0.949
      },
      "geometry": {
        "type": "Polygon",
        "coordinates": [
          [
            [
              77.2335925553127,
              28.614193201217404
            ],
            [
              77.23365878438199,
              28.614157092749625
            ],
            [
              77.23366567408526,
              28.614150781653763
            ],
            [
              77.2336656995982,
              28.614150298483082
            ],
            [
              77.23366624222498,
              28.614147013335703
            ],
            [
              77.23366714714355,
              28.614143790940442
            ],
            [
              77.23366840563902,
              28.614140662330733
            ],
            [
              77.23367000559135,
              28.614137657636796
            ],
            [
              77.23367193159211,
              28.614134805795462
            ],
            [
              77.23367416509285,
              28.6141321342715
            ],
            [
              77.23367668458373,
              28.61412966879315
            ],
            [
              77.23370080216118,
              28.614108279046285
            ],
            [
              77.23364468549339,
              28.614124438435518
            ],
            [
              77.2335521902769,
              28.61415899881432
            ],
            [
              77.2335925553127,
              28.614193201217404
            ]
          ]
        ]
      }
    }
  ]
}