{
  "type": "FeatureCollection",
  "features": [
    {
      "type": "Feature",
      "properties": {
        "parcel_id": "ULPIN-2026-7849-00001",
        "survey_number": "SY-100/1",
        "area_sqm": 1779.38,
        "perimeter_m": 170.5,
        "confidence_score": 0.93,
        "verification_status": "Needs GT Verification",
        "building_count": 1,
        "building_coverage_ratio": 0.77,
        "landuse_class": "Vacant/Green",
        "owner_record": "Property Owner 1",
        "has_gnss_control": true,
        "tax_assessment_annual_inr": 800721,
        "tax_rate_per_sqm": 450,
        "lulc_confidence": 0.944
      },
      "geometry": {
        "type": "Polygon",
        "coordinates": [
          [
            [
              80.23798153753333,
              12.915042780075048
            ],
            [
              80.23797467188862,
              12.914714105457545
            ],
            [
              80.2375271610412,
              12.914723100086542
            ],
            [
              80.23753402610589,
              12.915051774940594
            ],
            [
              80.23798153753333,
              12.915042780075048
            ]
          ]
        ]
      }
    },
    {
      "type": "Feature",
      "properties": {
        "parcel_id": "ULPIN-2026-7849-00002",
        "survey_number": "SY-100/2",
        "area_sqm": 1779.38,
        "perimeter_m": 170.5,
        "confidence_score": 0.93,
        "verification_status": "Needs GT Verification",
        "building_count": 1,
        "building_coverage_ratio": 0.77,
        "landuse_class": "Vacant/Green",
        "owner_record": "Property Owner 2",
        "has_gnss_control": true,
        "tax_assessment_annual_inr": 800721,
        "tax_rate_per_sqm": 450,
        "lulc_confidence": 0.966
      },
      "geometry": {
        "type": "Polygon",
        "coordinates": [
          [
            [
              80.23798840336775,
              12.915371454680704
            ],
            [
              80.23798153753333,
              12.915042780075048
            ],
            [
              80.23753402610589,
              12.915051774940594
            ],
            [
              80.23754089136027,
              12.9153804497828
            ],
            [
              80.23798840336775,
              12.915371454680704
            ]
          ]
        ]
      }
    },
    {
      "type": "Feature",
      "properties": {
        "parcel_id": "ULPIN-2026-7849-00003",
        "survey_number": "SY-100/3",
        "area_sqm": 1779.38,
        "perimeter_m": 170.5,
        "confidence_score": 0.93,
        "verification_status": "Needs GT Verification",
        "building_count": 1,
        "building_coverage_ratio": 0.77,
        "landuse_class": "Vacant/Green",
        "owner_record": "Property Owner 3",
        "has_gnss_control": true,
        "tax_assessment_annual_inr": 800721,
        "tax_rate_per_sqm": 450,
        "lulc_confidence": 0.943
      },
      "geometry": {
        "type": "Polygon",
        "coordinates": [
          [
            [
              80.23799526939189,
              12.915700129274521
            ],
            [
              80.23798840336775,
              12.915371454680704
            ],
            [
              80.23754089136027,
              12.9153804497828
            ],
            [
              80.23754775680433,
              12.915709124613176
            ],
            [
              80.23799526939189,
              12.915700129274521
            ]
          ]
        ]
      }
    },
    {
      "type": "Feature",
      "properties": {
        "parcel_id": "ULPIN-2026-7849-00004",
        "survey_number": "SY-100/4",
        "area_sqm": 1779.38,
        "perimeter_m": 170.5,
        "confidence_score": 0.93,
        "verification_status": "Needs GT Verification",
        "building_count": 1,
        "building_coverage_ratio": 0.77,
        "landuse_class": "Vacant/Green",
        "owner_record": "Property Owner 4",
        "has_gnss_control": true,
        "tax_assessment_annual_inr": 800721,
        "tax_rate_per_sqm": 450,
        "lulc_confidence": 0.954
      },
      "geometry": {
        "type": "Polygon",
        "coordinates": [
          [
            [
              80.23799526939189,
              12.915700129274521
            ],
            [
              80.23754775680433,
              12.915709124613176
            ],
            [
              80.2375546224381,
              12.916037799431708
            ],
            [
              80.23800213560573,
              12.9160288038565
            ],
            [
              80.23799526939189,
              12.915700129274521
            ]
          ]
        ]
      }
    },
    {
      "type": "Feature",
      "properties": {
        "parcel_id": "ULPIN-2026-7849-00005",
        "survey_number": "SY-100/5",
        "area_sqm": 2042.18,
        "perimeter_m": 179.92,
        "confidence_score": 0.98,
        "verification_status": "Needs GT Verification",
        "building_count": 1,
        "building_coverage_ratio": 0.679,
        "landuse_class": "Vacant/Green",
        "owner_record": "Property Owner 5",
        "has_gnss_control": true,
        "tax_assessment_annual_inr": 918981,
        "tax_rate_per_sqm": 450,
        "lulc_confidence": 0.921
      },
      "geometry": {
        "type": "Polygon",
        "coordinates": [
          [
            [
              80.237967767956,
              12.915043056851477
            ],
            [
              80.2379678619161,
              12.9150443794535
            ],
            [
              80.23796808757989,
              12.915045686652634
            ],
            [
              80.23796844277408,
              12.915046965859842
            ],
            [
              80.23796892407798,
              12.915048204755651
            ],
            [
              80.23796952685636,
              12.915049391408823
            ],
            [
              80.23797024530413,
              12.91505051439124
            ],
            [
              80.23797107250225,
              12.91505156288795
            ],
            [
              80.23797200048435,
              12.91505252680137
            ],
            [
              80.23797302031346,
              12.915053396848483
            ],
            [
              80.23797412216807,
              12.915054164650252
            ],
            [
              80.2379752954367,
              12.91505482281233
            ],
            [
              80.23797652882016,
              12.915055364996256
            ],
            [
              80.23797781044024,
              12.91505578598051
            ],
            [
              80.23797912795428,
              12.91505608171077
            ],
            [
              80.23798046867388,
              12.915056249339
            ],
            [
              80.23798181968718,
              12.915056287250854
            ],
            [
              80.23842933080005,
              12.915047291615316
            ],
            [
              80.2384306790949,
              12.915047199443427
            ],
            [
              80.23843201168742,
              12.9150469780778
            ],
            [
              80.238433315744,
              12.915046629650316
            ],
            [
              80.23843457870585,
              12.915046157516516
            ],
            [
              80.23843578840996,
              12.91504556622332
            ],
            [
              80.23843693320622,
              12.91504486146519
            ],
            [
              80.23843800206961,
              12.915044050029348
            ],
            [
              80.2384389847064,
              12.915043139730354
            ],
            [
              80.23843987165327,
              12.91504213933489
            ],
            [
              80.23844065436843,
              12.91504105847732
            ],
            [
              80.23844132531387,
              12.915039907566877
            ],
            [
              80.23844187802807,
              12.915038697687475
            ],
            [
              80.2384423071881,
              12.91503744049091
            ],
            [
              80.23844260866086,
              12.915036148084663
            ],
            [
              80.23844277954305,
              12.91503483291533
            ],
            [
              80.23844281818897,
              12.915033507648692
            ],
            [
              80.2384359519464,
              12.914704833275039
            ],
            [
              80.23843585798471,
              12.914703510674064
            ],
            [
              80.23843563231966,
              12.914702203476129
            ],
            [
              80.23843527712452,
              12.914700924270273
            ],
            [
              80.23843479582001,
              12.914699685375934
            ],
            [
              80.23843419304134,
              12.914698498724348
            ],
            [
              80.23843347459363,
              12.914697375743613
            ],
            [
              80.23843264739592,
              12.914696327248654
            ],
            [
              80.23843171941456,
              12.91469536333704
            ],
            [
              80.23843069958652,
              12.914694493291778
            ],
            [
              80.23842959773332,
              12.914693725491864
            ],
            [
              80.23842842446638,
              12.914693067331637
            ],
            [
              80.2384271910849,
              12.914692525149544
            ],
            [
              80.23842590946704,
              12.914692104167083
            ],
            [
              80.23842459195548,
              12.914691808438553
            ],
            [
              80.23842325123853,
              12.914691640811984
            ],
            [
              80.23842190022808,
              12.914691602901714
            ],
            [
              80.2379743897429,
              12.914700598281229
            ],
            [
              80.23797304144875,
              12.914700690450095
            ],
            [
              80.23797170885662,
              12.914700911812814
            ],
            [
              80.2379704048001,
              12.914701260237543
            ],
            [
              80.23796914183797,
              12.914701732368751
            ],
            [
              80.23796793213323,
              12.914702323659574
            ],
            [
              80.237966787336,
              12.914703028415541
            ],
            [
              80.23796571847134,
              12.914703839849487
            ],
            [
              80.23796473583295,
              12.914704750146848
            ],
            [
              80.2379638488842,
              12.914705750540964
            ],
            [
              80.23796306616691,
              12.914706831397508
            ],
            [
              80.23796239521904,
              12.914707982307224
            ],
            [
              80.23796184250217,
              12.914709192186228
            ],
            [
              80.23796141333933,
              12.914710449382724
            ],
            [
              80.23796111186358,
              12.91471174178923
            ],
            [
              80.23796094097827,
              12.914713056959151
            ],
            [
              80.23796090232914,
              12.914714382226695
            ],
            [
              80.237967767956,
              12.915043056851477
            ]
          ]
        ]
      }
    },
    {
      "type": "Feature",
      "properties": {
        "parcel_id": "ULPIN-2026-7849-00006",
        "survey_number": "SY-100/6",
        "area_sqm": 1779.37,
        "perimeter_m": 170.5,
        "confidence_score": 0.93,
        "verification_status": "Needs GT Verification",
        "building_count": 1,
        "building_coverage_ratio": 0.779,
        "landuse_class": "Vacant/Green",
        "owner_record": "Property Owner 6",
        "has_gnss_control": true,
        "tax_assessment_annual_inr": 800716,
        "tax_rate_per_sqm": 450,
        "lulc_confidence": 0.884
      },
      "geometry": {
        "type": "Polygon",
        "coordinates": [
          [
            [
              80.23798153753333,
              12.915042780075048
            ],
            [
              80.23798840336775,
              12.915371454680704
            ],
            [
              80.23843591503682,
              12.915362458818322
            ],
            [
              80.23842904862236,
              12.915033784449234
            ],
            [
              80.23798153753333,
              12.915042780075048
            ]
          ]
        ]
      }
    },
    {
      "type": "Feature",
      "properties": {
        "parcel_id": "ULPIN-2026-7849-00007",
        "survey_number": "SY-100/7",
        "area_sqm": 1779.37,
        "perimeter_m": 170.5,
        "confidence_score": 0.93,
        "verification_status": "AI Confirmed",
        "building_count": 1,
        "building_coverage_ratio": 0.779,
        "landuse_class": "Vacant/Green",
        "owner_record": "Property Owner 7",
        "has_gnss_control": true,
        "tax_assessment_annual_inr": 800716,
        "tax_rate_per_sqm": 450,
        "lulc_confidence": 0.893
      },
      "geometry": {
        "type": "Polygon",
        "coordinates": [
          [
            [
              80.23798840336775,
              12.915371454680704
            ],
            [
              80.23799526939189,
              12.915700129274521
            ],
            [
              80.238442781641,
              12.91569113317557
            ],
            [
              80.23843591503682,
              12.915362458818322
            ],
            [
              80.23798840336775,
              12.915371454680704
            ]
          ]
        ]
      }
    },
    {
      "type": "Feature",
      "properties": {
        "parcel_id": "ULPIN-2026-7849-00008",
        "survey_number": "SY-100/8",
        "area_sqm": 1992.37,
        "perimeter_m": 180.5,
        "confidence_score": 0.98,
        "verification_status": "AI Confirmed",
        "building_count": 2,
        "building_coverage_ratio": 0.704,
        "landuse_class": "Vacant/Green",
        "owner_record": "Property Owner 8",
        "has_gnss_control": true,
        "tax_assessment_annual_inr": 896566,
        "tax_rate_per_sqm": 450,
        "lulc_confidence": 0.886
      },
      "geometry": {
        "type": "Polygon",
        "coordinates": [
          [
            [
              80.23796735394204,
              12.915682673288499
            ],
            [
              80.23797459634362,
              12.916029357452313
            ],
            [
              80.2384496484349,
              12.916019807520977
            ],
            [
              80.2384424053838,
              12.915673123622055
            ],
            [
              80.23796735394204,
              12.915682673288499
            ]
          ]
        ]
      }
    },
    {
      "type": "Feature",
      "properties": {
        "parcel_id": "ULPIN-2026-7849-00009",
        "survey_number": "SY-100/9",
        "area_sqm": 1779.38,
        "perimeter_m": 170.5,
        "confidence_score": 0.93,
        "verification_status": "AI Confirmed",
        "building_count": 1,
        "building_coverage_ratio": 0.77,
        "landuse_class": "Vacant/Green",
        "owner_record": "Property Owner 9",
        "has_gnss_control": true,
        "tax_assessment_annual_inr": 800721,
        "tax_rate_per_sqm": 450,
        "lulc_confidence": 0.94
      },
      "geometry": {
        "type": "Polygon",
        "coordinates": [
          [
            [
              80.23842904862236,
              12.915033784449234
            ],
            [
              80.23887655937295,
              12.915024788063167
            ],
            [
              80.23886969256822,
              12.914696113918826
            ],
            [
              80.23842218239764,
              12.914705110068306
            ],
            [
              80.23842904862236,
              12.915033784449234
            ]
          ]
        ]
      }
    },
    {
      "type": "Feature",
      "properties": {
        "parcel_id": "ULPIN-2026-7849-00010",
        "survey_number": "SY-100/10",
        "area_sqm": 1485.44,
        "perimeter_m": 156.1,
        "confidence_score": 0.78,
        "verification_status": "Needs GT Verification",
        "building_count": 1,
        "building_coverage_ratio": 0.922,
        "landuse_class": "Commercial",
        "owner_record": "Property Owner 10",
        "has_gnss_control": true,
        "tax_assessment_annual_inr": 6238848,
        "tax_rate_per_sqm": 4200,
        "lulc_confidence": 0.905
      },
      "geometry": {
        "type": "Polygon",
        "coordinates": [
          [
            [
              80.23844591071656,
              12.915049660887368
            ],
            [
              80.23845209991492,
              12.915345918050535
            ],
            [
              80.2388665642285,
              12.915337585804659
            ],
            [
              80.23886037454592,
              12.915041328839001
            ],
            [
              80.23844591071656,
              12.915049660887368
            ]
          ]
        ]
      }
    },
    {
      "type": "Feature",
      "properties": {
        "parcel_id": "ULPIN-2026-7849-00011",
        "survey_number": "SY-100/11",
        "area_sqm": 1779.38,
        "perimeter_m": 170.5,
        "confidence_score": 0.93,
        "verification_status": "AI Confirmed",
        "building_count": 1,
        "building_coverage_ratio": 0.77,
        "landuse_class": "Vacant/Green",
        "owner_record": "Property Owner 11",
        "has_gnss_control": true,
        "tax_assessment_annual_inr": 800721,
        "tax_rate_per_sqm": 450,
        "lulc_confidence": 0.931
      },
      "geometry": {
        "type": "Polygon",
        "coordinates": [
          [
            [
              80.23843591503682,
              12.915362458818322
            ],
            [
              80.238442781641,
              12.91569113317557
            ],
            [
              80.23889029355166,
              12.915682136316319
            ],
            [
              80.23888342636745,
              12.91535346219566
            ],
            [
              80.23843591503682,
              12.915362458818322
            ]
          ]
        ]
      }
    },
    {
      "type": "Feature",
      "properties": {
        "parcel_id": "ULPIN-2026-7849-00012",
        "survey_number": "SY-100/12",
        "area_sqm": 1779.37,
        "perimeter_m": 170.5,
        "confidence_score": 0.93,
        "verification_status": "AI Confirmed",
        "building_count": 1,
        "building_coverage_ratio": 0.77,
        "landuse_class": "Vacant/Green",
        "owner_record": "Property Owner 12",
        "has_gnss_control": true,
        "tax_assessment_annual_inr": 800716,
        "tax_rate_per_sqm": 450,
        "lulc_confidence": 0.914
      },
      "geometry": {
        "type": "Polygon",
        "coordinates": [
          [
            [
              80.23889029355166,
              12.915682136316319
            ],
            [
              80.238442781641,
              12.91569113317557
            ],
            [
              80.2384496484349,
              12.916019807520977
            ],
            [
              80.23889716092563,
              12.916010810425137
            ],
            [
              80.23889029355166,
              12.915682136316319
            ]
          ]
        ]
      }
    },
    {
      "type": "Feature",
      "properties": {
        "parcel_id": "ULPIN-2026-7849-00013",
        "survey_number": "SY-100/13",
        "area_sqm": 1779.38,
        "perimeter_m": 170.5,
        "confidence_score": 0.85,
        "verification_status": "AI Confirmed",
        "building_count": 0,
        "building_coverage_ratio": 0.0,
        "landuse_class": "Vacant/Green",
        "owner_record": "Property Owner 13",
        "has_gnss_control": false,
        "tax_assessment_annual_inr": 800721,
        "tax_rate_per_sqm": 450,
        "lulc_confidence": 0.899
      },
      "geometry": {
        "type": "Polygon",
        "coordinates": [
          [
            [
              80.23931720240033,
              12.914687117009114
            ],
            [
              80.23886969256822,
              12.914696113918826
            ],
            [
              80.23887655937295,
              12.915024788063167
            ],
            [
              80.2393240697851,
              12.915015790916842
            ],
            [
              80.23931720240033,
              12.914687117009114
            ]
          ]
        ]
      }
    },
    {
      "type": "Feature",
      "properties": {
        "parcel_id": "ULPIN-2026-7849-00014",
        "survey_number": "SY-100/14",
        "area_sqm": 1779.37,
        "perimeter_m": 170.5,
        "confidence_score": 0.93,
        "verification_status": "AI Confirmed",
        "building_count": 1,
        "building_coverage_ratio": 0.779,
        "landuse_class": "Vacant/Green",
        "owner_record": "Property Owner 14",
        "has_gnss_control": true,
        "tax_assessment_annual_inr": 800716,
        "tax_rate_per_sqm": 450,
        "lulc_confidence": 0.931
      },
      "geometry": {
        "type": "Polygon",
        "coordinates": [
          [
            [
              80.2393240697851,
              12.915015790916842
            ],
            [
              80.23887655937295,
              12.915024788063167
            ],
            [
              80.23888342636745,
              12.91535346219566
            ],
            [
              80.23933093735961,
              12.915344464812726
            ],
            [
              80.2393240697851,
              12.915015790916842
            ]
          ]
        ]
      }
    },
    {
      "type": "Feature",
      "properties": {
        "parcel_id": "ULPIN-2026-7849-00015",
        "survey_number": "SY-100/15",
        "area_sqm": 2042.18,
        "perimeter_m": 179.92,
        "confidence_score": 0.98,
        "verification_status": "AI Confirmed",
        "building_count": 1,
        "building_coverage_ratio": 0.679,
        "landuse_class": "Vacant/Green",
        "owner_record": "Property Owner 15",
        "has_gnss_control": true,
        "tax_assessment_annual_inr": 918981,
        "tax_rate_per_sqm": 450,
        "lulc_confidence": 0.914
      },
      "geometry": {
        "type": "Polygon",
        "coordinates": [
          [
            [
              80.23934470692323,
              12.915344187958118
            ],
            [
              80.2393446129553,
              12.915342865359438
            ],
            [
              80.23934438728388,
              12.91534155816437
            ],
            [
              80.23934403208236,
              12.915340278961917
            ],
            [
              80.2393435507715,
              12.915339040071494
            ],
            [
              80.23934294798661,
              12.915337853424296
            ],
            [
              80.23934222953282,
              12.915336730448379
            ],
            [
              80.23934140232925,
              12.91533568195861
            ],
            [
              80.23934047434231,
              12.915334718052527
            ],
            [
              80.23933945450902,
              12.915333848013066
            ],
            [
              80.23933835265095,
              12.915333080219183
            ],
            [
              80.23933717937955,
              12.915332422065152
            ],
            [
              80.23933594599413,
              12.915331879889358
            ],
            [
              80.23933466437279,
              12.915331458913242
            ],
            [
              80.2393333468583,
              12.915331163191038
            ],
            [
              80.23933200613901,
              12.915330995570715
            ],
            [
              80.23933065512678,
              12.915330957666553
            ],
            [
              80.23888314415845,
              12.915339955039766
            ],
            [
              80.23888179586315,
              12.915340047214546
            ],
            [
              80.23888046327049,
              12.91534026858293
            ],
            [
              80.23887915921406,
              12.915340617013008
            ],
            [
              80.23887789625265,
              12.915341089149209
            ],
            [
              80.23887668654925,
              12.915341680444616
            ],
            [
              80.23887554175397,
              12.915342385204717
            ],
            [
              80.23887447289182,
              12.915343196642306
            ],
            [
              80.23887349025654,
              12.915344106942781
            ],
            [
              80.23887260331139,
              12.915345107339464
            ],
            [
              80.2388718205982,
              12.915346188197972
            ],
            [
              80.2388711496549,
              12.915347339109061
            ],
            [
              80.23887059694306,
              12.915348548988831
            ],
            [
              80.23887016778558,
              12.915349806185471
            ],
            [
              80.23886986631548,
              12.915351098591493
            ],
            [
              80.2388696954361,
              12.91535241376032
            ],
            [
              80.2388696567931,
              12.91535373902616
            ],
            [
              80.23887652395946,
              12.915682413154096
            ],
            [
              80.23887661792585,
              12.915683735753818
            ],
            [
              80.23887684359599,
              12.915685042950091
            ],
            [
              80.23887719879656,
              12.915686322153894
            ],
            [
              80.2388776801068,
              12.915687561045791
            ],
            [
              80.2388782828914,
              12.91568874769458
            ],
            [
              80.23887900134525,
              12.91568987067217
            ],
            [
              80.23887982854923,
              12.915690919163694
            ],
            [
              80.23888075653691,
              12.915691883071585
            ],
            [
              80.23888177637127,
              12.915692753112886
            ],
            [
              80.23888287823075,
              12.915693520908633
            ],
            [
              80.23888405150383,
              12.915694179064516
            ],
            [
              80.23888528489124,
              12.915694721242147
            ],
            [
              80.2388865665148,
              12.915695142220054
            ],
            [
              80.23888788403175,
              12.915695437943993
            ],
            [
              80.23888922475372,
              12.915695605565974
            ],
            [
              80.23889057576879,
              12.91569564347171
            ],
            [
              80.23933808736484,
              12.915686645842436
            ],
            [
              80.23933943566084,
              12.915686553664635
            ],
            [
              80.2393407682539,
              12.915686332293346
            ],
            [
              80.23934207231036,
              12.915685983860506
            ],
            [
              80.2393433352715,
              12.915685511721717
            ],
            [
              80.23934454497427,
              12.915684920423928
            ],
            [
              80.2393456897686,
              12.915684215661669
            ],
            [
              80.23934675862947,
              12.915683404222179
            ],
            [
              80.23934774126316,
              12.915682493920073
            ],
            [
              80.2393486282064,
              12.915681493522051
            ],
            [
              80.23934941091744,
              12.915680412662502
            ],
            [
              80.23935008185832,
              12.915679261750691
            ],
            [
              80.23935063456753,
              12.915678051870527
            ],
            [
              80.2393510637222,
              12.915676794673821
            ],
            [
              80.23935136518931,
              12.915675502268055
            ],
            [
              80.23935153606556,
              12.915674187099814
            ],
            [
              80.23935157470535,
              12.915672861834883
            ],
            [
              80.23934470692323,
              12.915344187958118
            ]
          ]
        ]
      }
    },
    {
      "type": "Feature",
      "properties": {
        "parcel_id": "ULPIN-2026-7849-00016",
        "survey_number": "SY-100/16",
        "area_sqm": 1992.37,
        "perimeter_m": 180.5,
        "confidence_score": 0.98,
        "verification_status": "AI Confirmed",
        "building_count": 2,
        "building_coverage_ratio": 0.704,
        "landuse_class": "Vacant/Green",
        "owner_record": "Property Owner 16",
        "has_gnss_control": true,
        "tax_assessment_annual_inr": 896566,
        "tax_rate_per_sqm": 450,
        "lulc_confidence": 0.883
      },
      "geometry": {
        "type": "Polygon",
        "coordinates": [
          [
            [
              80.23933742880311,
              12.915655129169181
            ],
            [
              80.23886237807992,
              12.915664680449803
            ],
            [
              80.23886962170522,
              12.916011364114526
            ],
            [
              80.23934467307791,
              12.91600181256897
            ],
            [
              80.23933742880311,
              12.915655129169181
            ]
          ]
        ]
      }
    },
    {
      "type": "Feature",
      "properties": {
        "parcel_id": "ULPIN-2026-7849-00017",
        "survey_number": "SY-101/17",
        "area_sqm": 1852.5,
        "perimeter_m": 173.5,
        "confidence_score": 0.85,
        "verification_status": "AI Confirmed",
        "building_count": 1,
        "building_coverage_ratio": 0.775,
        "landuse_class": "Vacant/Green",
        "owner_record": "Property Owner 17",
        "has_gnss_control": false,
        "tax_assessment_annual_inr": 833625,
        "tax_rate_per_sqm": 450,
        "lulc_confidence": 0.94
      },
      "geometry": {
        "type": "Polygon",
        "coordinates": [
          [
            [
              80.23801078918648,
              12.916443023860763
            ],
            [
              80.23800364055462,
              12.916100842119459
            ],
            [
              80.23755612725988,
              12.916109837746513
            ],
            [
              80.2375632752878,
              12.916452019734086
            ],
            [
              80.23801078918648,
              12.916443023860763
            ]
          ]
        ]
      }
    },
    {
      "type": "Feature",
      "properties": {
        "parcel_id": "ULPIN-2026-7849-00018",
        "survey_number": "SY-101/18",
        "area_sqm": 1852.5,
        "perimeter_m": 173.5,
        "confidence_score": 0.93,
        "verification_status": "AI Confirmed",
        "building_count": 1,
        "building_coverage_ratio": 0.775,
        "landuse_class": "Vacant/Green",
        "owner_record": "Property Owner 18",
        "has_gnss_control": true,
        "tax_assessment_annual_inr": 833625,
        "tax_rate_per_sqm": 450,
        "lulc_confidence": 0.888
      },
      "geometry": {
        "type": "Polygon",
        "coordinates": [
          [
            [
              80.23801793802394,
              12.916785205589225
            ],
            [
              80.23801078918648,
              12.916443023860763
            ],
            [
              80.2375632752878,
              12.916452019734086
            ],
            [
              80.23757042352133,
              12.916794201708823
            ],
            [
              80.23801793802394,
              12.916785205589225
            ]
          ]
        ]
      }
    },
    {
      "type": "Feature",
      "properties": {
        "parcel_id": "ULPIN-2026-7849-00019",
        "survey_number": "SY-101/19",
        "area_sqm": 1852.5,
        "perimeter_m": 173.5,
        "confidence_score": 0.93,
        "verification_status": "AI Confirmed",
        "building_count": 1,
        "building_coverage_ratio": 0.775,
        "landuse_class": "Vacant/Green",
        "owner_record": "Property Owner 19",
        "has_gnss_control": true,
        "tax_assessment_annual_inr": 833625,
        "tax_rate_per_sqm": 450,
        "lulc_confidence": 0.914
      },
      "geometry": {
        "type": "Polygon",
        "coordinates": [
          [
            [
              80.23802508706704,
              12.917127387304852
            ],
            [
              80.23801793802394,
              12.916785205589225
            ],
            [
              80.23757042352133,
              12.916794201708823
            ],
            [
              80.23757757196046,
              12.917136383670728
            ],
            [
              80.23802508706704,
              12.917127387304852
            ]
          ]
        ]
      }
    },
    {
      "type": "Feature",
      "properties": {
        "parcel_id": "ULPIN-2026-7849-00020",
        "survey_number": "SY-101/20",
        "area_sqm": 1553.16,
        "perimeter_m": 159.1,
        "confidence_score": 0.78,
        "verification_status": "Needs GT Verification",
        "building_count": 1,
        "building_coverage_ratio": 0.924,
        "landuse_class": "Vacant/Green",
        "owner_record": "Property Owner 20",
        "has_gnss_control": true,
        "tax_assessment_annual_inr": 698922,
        "tax_rate_per_sqm": 450,
        "lulc_confidence": 0.949
      },
      "geometry": {
        "type": "Polygon",
        "coordinates": [
          [
            [
              80.23801537401256,
              12.91745369259665
            ],
            [
              80.23800890208128,
              12.917143928099575
            ],
            [
              80.23759443421761,
              12.917152260129237
            ],
            [
              80.23760090564251,
              12.917462024832794
            ],
            [
              80.23801537401256,
              12.91745369259665
            ]
          ]
        ]
      }
    },
    {
      "type": "Feature",
      "properties": {
        "parcel_id": "ULPIN-2026-7849-00021",
        "survey_number": "SY-101/21",
        "area_sqm": 1852.5,
        "perimeter_m": 173.5,
        "confidence_score": 0.93,
        "verification_status": "Needs GT Verification",
        "building_count": 1,
        "building_coverage_ratio": 0.775,
        "landuse_class": "Vacant/Green",
        "owner_record": "Property Owner 21",
        "has_gnss_control": true,
        "tax_assessment_annual_inr": 833625,
        "tax_rate_per_sqm": 450,
        "lulc_confidence": 0.95
      },
      "geometry": {
        "type": "Polygon",
        "coordinates": [
          [
            [
              80.23803223631576,
              12.917469569007638
            ],
            [
              80.23758472060521,
              12.917478565619792
            ],
            [
              80.23759186945554,
              12.91782074755603
            ],
            [
              80.23803938577012,
              12.9178117506976
            ],
            [
              80.23803223631576,
              12.917469569007638
            ]
          ]
        ]
      }
    },
    {
      "type": "Feature",
      "properties": {
        "parcel_id": "ULPIN-2026-7849-00022",
        "survey_number": "SY-101/22",
        "area_sqm": 1852.5,
        "perimeter_m": 173.5,
        "confidence_score": 0.93,
        "verification_status": "Needs GT Verification",
        "building_count": 1,
        "building_coverage_ratio": 0.784,
        "landuse_class": "Vacant/Green",
        "owner_record": "Property Owner 22",
        "has_gnss_control": true,
        "tax_assessment_annual_inr": 833625,
        "tax_rate_per_sqm": 450,
        "lulc_confidence": 0.889
      },
      "geometry": {
        "type": "Polygon",
        "coordinates": [
          [
            [
              80.23801078918648,
              12.916443023860763
            ],
            [
              80.23845830274672,
              12.916434027227087
            ],
            [
              80.23845115351095,
              12.916091845732083
            ],
            [
              80.23800364055462,
              12.916100842119459
            ],
            [
              80.23801078918648,
              12.916443023860763
            ]
          ]
        ]
      }
    },
    {
      "type": "Feature",
      "properties": {
        "parcel_id": "ULPIN-2026-7849-00023",
        "survey_number": "SY-101/23",
        "area_sqm": 1852.5,
        "perimeter_m": 173.5,
        "confidence_score": 0.93,
        "verification_status": "Needs GT Verification",
        "building_count": 1,
        "building_coverage_ratio": 0.784,
        "landuse_class": "Vacant/Green",
        "owner_record": "Property Owner 23",
        "has_gnss_control": true,
        "tax_assessment_annual_inr": 833625,
        "tax_rate_per_sqm": 450,
        "lulc_confidence": 0.904
      },
      "geometry": {
        "type": "Polygon",
        "coordinates": [
          [
            [
              80.23801078918648,
              12.916443023860763
            ],
            [
              80.23801793802394,
              12.916785205589225
            ],
            [
              80.23846545218814,
              12.916776208709255
            ],
            [
              80.23845830274672,
              12.916434027227087
            ],
            [
              80.23801078918648,
              12.916443023860763
            ]
          ]
        ]
      }
    },
    {
      "type": "Feature",
      "properties": {
        "parcel_id": "ULPIN-2026-7849-00024",
        "survey_number": "SY-101/24",
        "area_sqm": 2070.0,
        "perimeter_m": 183.5,
        "confidence_score": 0.98,
        "verification_status": "Needs GT Verification",
        "building_count": 2,
        "building_coverage_ratio": 0.709,
        "landuse_class": "Vacant/Green",
        "owner_record": "Property Owner 24",
        "has_gnss_control": true,
        "tax_assessment_annual_inr": 931500,
        "tax_rate_per_sqm": 450,
        "lulc_confidence": 0.936
      },
      "geometry": {
        "type": "Polygon",
        "coordinates": [
          [
            [
              80.23799002242194,
              12.916767749653406
            ],
            [
              80.23799754768564,
              12.917127940949324
            ],
            [
              80.2384726018352,
              12.917118390178587
            ],
            [
              80.23846507589663,
              12.916758199157883
            ],
            [
              80.23799002242194,
              12.916767749653406
            ]
          ]
        ]
      }
    },
    {
      "type": "Feature",
      "properties": {
        "parcel_id": "ULPIN-2026-7849-00025",
        "survey_number": "SY-101/25",
        "area_sqm": 2119.81,
        "perimeter_m": 182.92,
        "confidence_score": 0.98,
        "verification_status": "Needs GT Verification",
        "building_count": 1,
        "building_coverage_ratio": 0.685,
        "landuse_class": "Vacant/Green",
        "owner_record": "Property Owner 25",
        "has_gnss_control": true,
        "tax_assessment_annual_inr": 953914,
        "tax_rate_per_sqm": 450,
        "lulc_confidence": 0.94
      },
      "geometry": {
        "type": "Polygon",
        "coordinates": [
          [
            [
              80.23802480486408,
              12.91711388013211
            ],
            [
              80.23802345655736,
              12.917113972306199
            ],
            [
              80.23802212395333,
              12.917114193674056
            ],
            [
              80.23802081988569,
              12.917114542103787
            ],
            [
              80.23801955691334,
              12.917115014239817
            ],
            [
              80.23801834719939,
              12.917115605535223
            ],
            [
              80.23801720239403,
              12.91711631029551
            ],
            [
              80.23801613352236,
              12.91711712173346
            ],
            [
              80.23801515087824,
              12.91711803203447
            ],
            [
              80.23801426392501,
              12.917119032431854
            ],
            [
              80.23801348120456,
              12.917120113291231
            ],
            [
              80.23801281025487,
              12.917121264203345
            ],
            [
              80.23801225753762,
              12.917122474084278
            ],
            [
              80.23801182837575,
              12.917123731282212
            ],
            [
              80.2380115269023,
              12.917125023689644
            ],
            [
              80.23801135602065,
              12.917126338859998
            ],
            [
              80.2380113173765,
              12.917127664127449
            ],
            [
              80.23801846660665,
              12.917469845837818
            ],
            [
              80.23801856057302,
              12.917471168439228
            ],
            [
              80.23801878624428,
              12.917472475637245
            ],
            [
              80.2380191414471,
              12.91747375484283
            ],
            [
              80.23801962276067,
              12.917474993736537
            ],
            [
              80.23802022554969,
              12.917476180387133
            ],
            [
              80.23802094400895,
              12.917477303366526
            ],
            [
              80.23802177121932,
              12.917478351859812
            ],
            [
              80.2380226992143,
              12.91747931576943
            ],
            [
              80.23802371905678,
              12.917480185812392
            ],
            [
              80.23802482092513,
              12.917480953609724
            ],
            [
              80.23802599420777,
              12.917481611767098
            ],
            [
              80.23802722760531,
              12.917482153946109
            ],
            [
              80.2380285092395,
              12.91748257492527
            ],
            [
              80.23802982676744,
              12.917482870650334
            ],
            [
              80.23803116750068,
              12.917483038273298
            ],
            [
              80.23803251852716,
              12.91748307617986
            ],
            [
              80.23848003392315,
              12.917474078797577
            ],
            [
              80.23848138223066,
              12.917473986620438
            ],
            [
              80.23848271483513,
              12.91747376524964
            ],
            [
              80.23848401890288,
              12.917473416817124
            ],
            [
              80.238485281875,
              12.917472944678485
            ],
            [
              80.23848649158839,
              12.917472353380658
            ],
            [
              80.23848763639285,
              12.917471648618191
            ],
            [
              80.23848870526325,
              12.917470837178318
            ],
            [
              80.23848968790584,
              12.917469926875658
            ],
            [
              80.2384905748572,
              12.91746892647691
            ],
            [
              80.23849135757551,
              12.917467845616484
            ],
            [
              80.23849202852278,
              12.917466694703633
            ],
            [
              80.2384925812374,
              12.91746548482229
            ],
            [
              80.23849301039647,
              12.917464227624283
            ],
            [
              80.23849331186689,
              12.9174629352171
            ],
            [
              80.23849348274538,
              12.917461620047332
            ],
            [
              80.2384935213863,
              12.917460294780794
            ],
            [
              80.23848637151501,
              12.917118113331876
            ],
            [
              80.2384862775471,
              12.917116790731507
            ],
            [
              80.23848605187459,
              12.917115483534689
            ],
            [
              80.23848569667086,
              12.917114204330442
            ],
            [
              80.23848521535675,
              12.917112965438204
            ],
            [
              80.2384846125675,
              12.917111778789177
            ],
            [
              80.23848389410836,
              12.917110655811438
            ],
            [
              80.23848306689848,
              12.917109607319887
            ],
            [
              80.23848213890432,
              12.917108643412062
            ],
            [
              80.23848111906298,
              12.917107773370912
            ],
            [
              80.2384800171961,
              12.917107005575422
            ],
            [
              80.23847884391523,
              12.91710634741988
            ],
            [
              80.23847761051972,
              12.917105805242672
            ],
            [
              80.23847632888787,
              12.917105384265273
            ],
            [
              80.23847501136245,
              12.917105088541916
            ],
            [
              80.23847367063198,
              12.917104920920586
            ],
            [
              80.2384723196084,
              12.917104883015565
            ],
            [
              80.23802480486408,
              12.91711388013211
            ]
          ]
        ]
      }
    },
    {
      "type": "Feature",
      "properties": {
        "parcel_id": "ULPIN-2026-7849-00026",
        "survey_number": "SY-101/26",
        "area_sqm": 1852.5,
        "perimeter_m": 173.5,
        "confidence_score": 0.93,
        "verification_status": "Needs GT Verification",
        "building_count": 1,
        "building_coverage_ratio": 0.784,
        "landuse_class": "Vacant/Green",
        "owner_record": "Property Owner 26",
        "has_gnss_control": true,
        "tax_assessment_annual_inr": 833625,
        "tax_rate_per_sqm": 450,
        "lulc_confidence": 0.927
      },
      "geometry": {
        "type": "Polygon",
        "coordinates": [
          [
            [
              80.2384797516879,
              12.917460571635086
            ],
            [
              80.23803223631576,
              12.917469569007638
            ],
            [
              80.23803938577012,
              12.9178117506976
            ],
            [
              80.23848690174624,
              12.917802753078744
            ],
            [
              80.2384797516879,
              12.917460571635086
            ]
          ]
        ]
      }
    },
    {
      "type": "Feature",
      "properties": {
        "parcel_id": "ULPIN-2026-7849-00027",
        "survey_number": "SY-101/27",
        "area_sqm": 1852.5,
        "perimeter_m": 173.5,
        "confidence_score": 0.93,
        "verification_status": "AI Confirmed",
        "building_count": 1,
        "building_coverage_ratio": 0.775,
        "landuse_class": "Vacant/Green",
        "owner_record": "Property Owner 27",
        "has_gnss_control": true,
        "tax_assessment_annual_inr": 833625,
        "tax_rate_per_sqm": 450,
        "lulc_confidence": 0.966
      },
      "geometry": {
        "type": "Polygon",
        "coordinates": [
          [
            [
              80.23845830274672,
              12.916434027227087
            ],
            [
              80.23890581596855,
              12.916425029833071
            ],
            [
              80.23889866612883,
              12.916082848584386
            ],
            [
              80.23845115351095,
              12.916091845732083
            ],
            [
              80.23845830274672,
              12.916434027227087
            ]
          ]
        ]
      }
    },
    {
      "type": "Feature",
      "properties": {
        "parcel_id": "ULPIN-2026-7849-00028",
        "survey_number": "SY-101/28",
        "area_sqm": 1852.5,
        "perimeter_m": 173.5,
        "confidence_score": 0.93,
        "verification_status": "AI Confirmed",
        "building_count": 1,
        "building_coverage_ratio": 0.775,
        "landuse_class": "Vacant/Green",
        "owner_record": "Property Owner 28",
        "has_gnss_control": true,
        "tax_assessment_annual_inr": 833625,
        "tax_rate_per_sqm": 450,
        "lulc_confidence": 0.93
      },
      "geometry": {
        "type": "Polygon",
        "coordinates": [
          [
            [
              80.23845830274672,
              12.916434027227087
            ],
            [
              80.23846545218814,
              12.916776208709255
            ],
            [
              80.2389129660139,
              12.916767211068922
            ],
            [
              80.23890581596855,
              12.916425029833071
            ],
            [
              80.23845830274672,
              12.916434027227087
            ]
          ]
        ]
      }
    },
    {
      "type": "Feature",
      "properties": {
        "parcel_id": "ULPIN-2026-7849-00029",
        "survey_number": "SY-101/29",
        "area_sqm": 1852.5,
        "perimeter_m": 173.5,
        "confidence_score": 0.93,
        "verification_status": "AI Confirmed",
        "building_count": 1,
        "building_coverage_ratio": 0.775,
        "landuse_class": "Vacant/Green",
        "owner_record": "Property Owner 29",
        "has_gnss_control": true,
        "tax_assessment_annual_inr": 833625,
        "tax_rate_per_sqm": 450,
        "lulc_confidence": 0.966
      },
      "geometry": {
        "type": "Polygon",
        "coordinates": [
          [
            [
              80.23846545218814,
              12.916776208709255
            ],
            [
              80.2384726018352,
              12.917118390178587
            ],
            [
              80.23892011626492,
              12.917109392291938
            ],
            [
              80.2389129660139,
              12.916767211068922
            ],
            [
              80.23846545218814,
              12.916776208709255
            ]
          ]
        ]
      }
    },
    {
      "type": "Feature",
      "properties": {
        "parcel_id": "ULPIN-2026-7849-00030",
        "survey_number": "SY-101/30",
        "area_sqm": 1553.16,
        "perimeter_m": 159.1,
        "confidence_score": 0.78,
        "verification_status": "Needs GT Verification",
        "building_count": 1,
        "building_coverage_ratio": 0.924,
        "landuse_class": "Vacant/Green",
        "owner_record": "Property Owner 30",
        "has_gnss_control": true,
        "tax_assessment_annual_inr": 698922,
        "tax_rate_per_sqm": 450,
        "lulc_confidence": 0.884
      },
      "geometry": {
        "type": "Polygon",
        "coordinates": [
          [
            [
              80.23848946412458,
              12.917134266557612
            ],
            [
              80.238495936643,
              12.917444030815258
            ],
            [
              80.23891040438617,
              12.91743569717061
            ],
            [
              80.23890393136136,
              12.917125933119477
            ],
            [
              80.23848946412458,
              12.917134266557612
            ]
          ]
        ]
      }
    },
    {
      "type": "Feature",
      "properties": {
        "parcel_id": "ULPIN-2026-7849-00031",
        "survey_number": "SY-101/31",
        "area_sqm": 1852.5,
        "perimeter_m": 173.5,
        "confidence_score": 0.85,
        "verification_status": "AI Confirmed",
        "building_count": 1,
        "building_coverage_ratio": 0.775,
        "landuse_class": "Vacant/Green",
        "owner_record": "Property Owner 31",
        "has_gnss_control": false,
        "tax_assessment_annual_inr": 833625,
        "tax_rate_per_sqm": 450,
        "lulc_confidence": 0.936
      },
      "geometry": {
        "type": "Polygon",
        "coordinates": [
          [
            [
              80.23892726672162,
              12.917451573502117
            ],
            [
              80.2384797516879,
              12.917460571635086
            ],
            [
              80.23848690174624,
              12.917802753078744
            ],
            [
              80.23893441738393,
              12.917793754699458
            ],
            [
              80.23892726672162,
              12.917451573502117
            ]
          ]
        ]
      }
    },
    {
      "type": "Feature",
      "properties": {
        "parcel_id": "ULPIN-2026-7849-00032",
        "survey_number": "SY-101/32",
        "area_sqm": 2070.0,
        "perimeter_m": 183.5,
        "confidence_score": 0.98,
        "verification_status": "AI Confirmed",
        "building_count": 2,
        "building_coverage_ratio": 0.709,
        "landuse_class": "Vacant/Green",
        "owner_record": "Property Owner 32",
        "has_gnss_control": true,
        "tax_assessment_annual_inr": 931500,
        "tax_rate_per_sqm": 450,
        "lulc_confidence": 0.948
      },
      "geometry": {
        "type": "Polygon",
        "coordinates": [
          [
            [
              80.23934580207481,
              12.91605584114957
            ],
            [
              80.23887075060088,
              12.916065392736408
            ],
            [
              80.23887827670313,
              12.916425583540812
            ],
            [
              80.23935332885188,
              12.916416031678715
            ],
            [
              80.23934580207481,
              12.91605584114957
            ]
          ]
        ]
      }
    },
    {
      "type": "Feature",
      "properties": {
        "parcel_id": "ULPIN-2026-7849-00033",
        "survey_number": "SY-101/33",
        "area_sqm": 1852.5,
        "perimeter_m": 173.5,
        "confidence_score": 0.93,
        "verification_status": "AI Confirmed",
        "building_count": 1,
        "building_coverage_ratio": 0.784,
        "landuse_class": "Vacant/Green",
        "owner_record": "Property Owner 33",
        "has_gnss_control": true,
        "tax_assessment_annual_inr": 833625,
        "tax_rate_per_sqm": 450,
        "lulc_confidence": 0.948
      },
      "geometry": {
        "type": "Polygon",
        "coordinates": [
          [
            [
              80.23935332885188,
              12.916416031678715
            ],
            [
              80.23890581596855,
              12.916425029833071
            ],
            [
              80.2389129660139,
              12.916767211068922
            ],
            [
              80.23936047950117,
              12.916758212668231
            ],
            [
              80.23935332885188,
              12.916416031678715
            ]
          ]
        ]
      }
    },
    {
      "type": "Feature",
      "properties": {
        "parcel_id": "ULPIN-2026-7849-00034",
        "survey_number": "SY-101/34",
        "area_sqm": 1852.5,
        "perimeter_m": 173.5,
        "confidence_score": 0.85,
        "verification_status": "AI Confirmed",
        "building_count": 1,
        "building_coverage_ratio": 0.784,
        "landuse_class": "Vacant/Green",
        "owner_record": "Property Owner 34",
        "has_gnss_control": false,
        "tax_assessment_annual_inr": 833625,
        "tax_rate_per_sqm": 450,
        "lulc_confidence": 0.958
      },
      "geometry": {
        "type": "Polygon",
        "coordinates": [
          [
            [
              80.23936047950117,
              12.916758212668231
            ],
            [
              80.2389129660139,
              12.916767211068922
            ],
            [
              80.23892011626492,
              12.917109392291938
            ],
            [
              80.23936763035616,
              12.917100393644908
            ],
            [
              80.23936047950117,
              12.916758212668231
            ]
          ]
        ]
      }
    },
    {
      "type": "Feature",
      "properties": {
        "parcel_id": "ULPIN-2026-7849-00035",
        "survey_number": "SY-101/35",
        "area_sqm": 2119.81,
        "perimeter_m": 182.92,
        "confidence_score": 0.98,
        "verification_status": "AI Confirmed",
        "building_count": 1,
        "building_coverage_ratio": 0.685,
        "landuse_class": "Vacant/Green",
        "owner_record": "Property Owner 35",
        "has_gnss_control": true,
        "tax_assessment_annual_inr": 953914,
        "tax_rate_per_sqm": 450,
        "lulc_confidence": 0.935
      },
      "geometry": {
        "type": "Polygon",
        "coordinates": [
          [
            [
              80.23938140001513,
              12.9171001167514
            ],
            [
              80.23938130604263,
              12.917098794153164
            ],
            [
              80.23938108036582,
              12.917097486958905
            ],
            [
              80.23938072515804,
              12.91709620775763
            ],
            [
              80.23938024384019,
              12.917094968868733
            ],
            [
              80.2393796410476,
              12.917093782223393
            ],
            [
              80.2393789225855,
              12.917092659249663
            ],
            [
              80.23937809537307,
              12.917091610762373
            ],
            [
              80.23937716737682,
              12.91709064685904
            ],
            [
              80.23937614753387,
              12.917089776822577
            ],
            [
              80.23937504566581,
              12.917089009031915
            ],
            [
              80.2393738723843,
              12.91708835088129
            ],
            [
              80.23937263898866,
              12.917087808709047
            ],
            [
              80.23937135735714,
              12.91708738773662
            ],
            [
              80.23937003983258,
              12.917087092018178
            ],
            [
              80.23936869910342,
              12.917086924401664
            ],
            [
              80.23936734808166,
              12.917086886501332
            ],
            [
              80.23891983401427,
              12.917095885138638
            ],
            [
              80.23891848570985,
              12.917095977317228
            ],
            [
              80.2389171531085,
              12.91709619868934
            ],
            [
              80.23891584904399,
              12.91709654712306
            ],
            [
              80.23891458607514,
              12.917097019262773
            ],
            [
              80.23891337636503,
              12.917097610561518
            ],
            [
              80.23891223156383,
              12.917098315324761
            ],
            [
              80.2389111626966,
              12.91709912676526
            ],
            [
              80.2389101800571,
              12.917100037068396
            ],
            [
              80.23890929310873,
              12.91710103746745
            ],
            [
              80.23890851039324,
              12.917102118328033
            ],
            [
              80.23890783944864,
              12.917103269240865
            ],
            [
              80.23890728673648,
              12.917104479122038
            ],
            [
              80.23890685757969,
              12.917105736319723
            ],
            [
              80.23890655611129,
              12.917107028726425
            ],
            [
              80.2389063852346,
              12.917108343895558
            ],
            [
              80.2389063465952,
              12.917109669161327
            ],
            [
              80.2389134970333,
              12.917451850379084
            ],
            [
              80.23891359100428,
              12.91745317297836
            ],
            [
              80.23891381667985,
              12.917454480173818
            ],
            [
              80.2389141718867,
              12.91745575937644
            ],
            [
              80.238914653204,
              12.917456998266795
            ],
            [
              80.23891525599636,
              12.917458184913704
            ],
            [
              80.23891597445859,
              12.917459307889105
            ],
            [
              80.23891680167151,
              12.91746035637812
            ],
            [
              80.23891772966857,
              12.91746132028324
            ],
            [
              80.23891874951269,
              12.917462190321519
            ],
            [
              80.23891985138219,
              12.917462958114026
            ],
            [
              80.23892102466547,
              12.917463616266478
            ],
            [
              80.23892225806318,
              12.91746415844052
            ],
            [
              80.238923539697,
              12.91746457941472
            ],
            [
              80.2389248572241,
              12.917464875134863
            ],
            [
              80.238926197956,
              12.917465042752998
            ],
            [
              80.23892754898068,
              12.917465080654885
            ],
            [
              80.23937506369974,
              12.91745608175179
            ],
            [
              80.23937641200497,
              12.917455989570156
            ],
            [
              80.23937774460673,
              12.917455768195097
            ],
            [
              80.23937904867137,
              12.917455419758593
            ],
            [
              80.23938031163999,
              12.91745494761627
            ],
            [
              80.23938152134951,
              12.917454356315117
            ],
            [
              80.23938266614981,
              12.917453651549685
            ],
            [
              80.23938373501579,
              12.917452840107263
            ],
            [
              80.23938471765372,
              12.917451929802478
            ],
            [
              80.23938560460024,
              12.917450929402062
            ],
            [
              80.23938638731359,
              12.91744984854043
            ],
            [
              80.23938705825579,
              12.917448697626863
            ],
            [
              80.23938761096531,
              12.917447487745282
            ],
            [
              80.23938804011925,
              12.917446230547517
            ],
            [
              80.23938834158466,
              12.91744493814107
            ],
            [
              80.23938851245823,
              12.917443622972517
            ],
            [
              80.23938855109438,
              12.917442297707662
            ],
            [
              80.23938140001513,
              12.9171001167514
            ]
          ]
        ]
      }
    },
    {
      "type": "Feature",
      "properties": {
        "parcel_id": "ULPIN-2026-7849-00036",
        "survey_number": "SY-101/36",
        "area_sqm": 1852.5,
        "perimeter_m": 173.5,
        "confidence_score": 0.93,
        "verification_status": "AI Confirmed",
        "building_count": 1,
        "building_coverage_ratio": 0.784,
        "landuse_class": "Vacant/Green",
        "owner_record": "Property Owner 36",
        "has_gnss_control": true,
        "tax_assessment_annual_inr": 833625,
        "tax_rate_per_sqm": 450,
        "lulc_confidence": 0.968
      },
      "geometry": {
        "type": "Polygon",
        "coordinates": [
          [
            [
              80.2393747814168,
              12.917442574608746
            ],
            [
              80.23892726672162,
              12.917451573502117
            ],
            [
              80.23893441738393,
              12.917793754699458
            ],
            [
              80.23938193268313,
              12.917784755559747
            ],
            [
              80.2393747814168,
              12.917442574608746
            ]
          ]
        ]
      }
    },
    {
      "type": "Feature",
      "properties": {
        "parcel_id": "ULPIN-2026-7849-00037",
        "survey_number": "SY-102/37",
        "area_sqm": 1950.0,
        "perimeter_m": 177.5,
        "confidence_score": 0.93,
        "verification_status": "AI Confirmed",
        "building_count": 1,
        "building_coverage_ratio": 0.781,
        "landuse_class": "Vacant/Green",
        "owner_record": "Property Owner 37",
        "has_gnss_control": true,
        "tax_assessment_annual_inr": 877500,
        "tax_rate_per_sqm": 450,
        "lulc_confidence": 0.893
      },
      "geometry": {
        "type": "Polygon",
        "coordinates": [
          [
            [
              80.23804916956716,
              12.91827999930516
            ],
            [
              80.23804164353525,
              12.917919808070712
            ],
            [
              80.23759412702995,
              12.917928805006909
            ],
            [
              80.23760165242605,
              12.918288996500603
            ],
            [
              80.23804916956716,
              12.91827999930516
            ]
          ]
        ]
      }
    },
    {
      "type": "Feature",
      "properties": {
        "parcel_id": "ULPIN-2026-7849-00038",
        "survey_number": "SY-102/38",
        "area_sqm": 1950.0,
        "perimeter_m": 177.5,
        "confidence_score": 0.93,
        "verification_status": "AI Confirmed",
        "building_count": 1,
        "building_coverage_ratio": 0.781,
        "landuse_class": "Vacant/Green",
        "owner_record": "Property Owner 38",
        "has_gnss_control": true,
        "tax_assessment_annual_inr": 877500,
        "tax_rate_per_sqm": 450,
        "lulc_confidence": 0.929
      },
      "geometry": {
        "type": "Polygon",
        "coordinates": [
          [
            [
              80.23805669582694,
              12.918640190525386
            ],
            [
              80.23804916956716,
              12.91827999930516
            ],
            [
              80.23760165242605,
              12.918288996500603
            ],
            [
              80.23760917805,
              12.918649187980071
            ],
            [
              80.23805669582694,
              12.918640190525386
            ]
          ]
        ]
      }
    },
    {
      "type": "Feature",
      "properties": {
        "parcel_id": "ULPIN-2026-7849-00039",
        "survey_number": "SY-102/39",
        "area_sqm": 1950.0,
        "perimeter_m": 177.5,
        "confidence_score": 0.93,
        "verification_status": "AI Confirmed",
        "building_count": 0,
        "building_coverage_ratio": 0.0,
        "landuse_class": "Vacant/Green",
        "owner_record": "Property Owner 39",
        "has_gnss_control": true,
        "tax_assessment_annual_inr": 877500,
        "tax_rate_per_sqm": 450,
        "lulc_confidence": 0.958
      },
      "geometry": {
        "type": "Polygon",
        "coordinates": [
          [
            [
              80.23806422231453,
              12.91900038173139
            ],
            [
              80.23805669582694,
              12.918640190525386
            ],
            [
              80.23760917805,
              12.918649187980071
            ],
            [
              80.23761670390175,
              12.919009379445315
            ],
            [
              80.23806422231453,
              12.91900038173139
            ]
          ]
        ]
      }
    },
    {
      "type": "Feature",
      "properties": {
        "parcel_id": "ULPIN-2026-7849-00040",
        "survey_number": "SY-102/40",
        "area_sqm": 1643.46,
        "perimeter_m": 163.1,
        "confidence_score": 0.78,
        "verification_status": "Needs GT Verification",
        "building_count": 1,
        "building_coverage_ratio": 0.926,
        "landuse_class": "Vacant/Green",
        "owner_record": "Property Owner 40",
        "has_gnss_control": true,
        "tax_assessment_annual_inr": 739557,
        "tax_rate_per_sqm": 450,
        "lulc_confidence": 0.914
      },
      "geometry": {
        "type": "Polygon",
        "coordinates": [
          [
            [
              80.23804803726001,
              12.919016922572562
            ],
            [
              80.23763356633428,
              12.919025255850721
            ],
            [
              80.23764041508807,
              12.919353030062442
            ],
            [
              80.23805488654972,
              12.919344696565794
            ],
            [
              80.23804803726001,
              12.919016922572562
            ]
          ]
        ]
      }
    },
    {
      "type": "Feature",
      "properties": {
        "parcel_id": "ULPIN-2026-7849-00041",
        "survey_number": "SY-102/41",
        "area_sqm": 1950.0,
        "perimeter_m": 177.5,
        "confidence_score": 0.93,
        "verification_status": "Needs GT Verification",
        "building_count": 1,
        "building_coverage_ratio": 0.79,
        "landuse_class": "Vacant/Green",
        "owner_record": "Property Owner 41",
        "has_gnss_control": true,
        "tax_assessment_annual_inr": 877500,
        "tax_rate_per_sqm": 450,
        "lulc_confidence": 0.945
      },
      "geometry": {
        "type": "Polygon",
        "coordinates": [
          [
            [
              80.23804916956716,
              12.91827999930516
            ],
            [
              80.23849668636986,
              12.91827100134926
            ],
            [
              80.23848915970214,
              12.917910810374067
            ],
            [
              80.23804164353525,
              12.917919808070712
            ],
            [
              80.23804916956716,
              12.91827999930516
            ]
          ]
        ]
      }
    },
    {
      "type": "Feature",
      "properties": {
        "parcel_id": "ULPIN-2026-7849-00042",
        "survey_number": "SY-102/42",
        "area_sqm": 1950.0,
        "perimeter_m": 177.5,
        "confidence_score": 0.93,
        "verification_status": "Needs GT Verification",
        "building_count": 1,
        "building_coverage_ratio": 0.79,
        "landuse_class": "Vacant/Green",
        "owner_record": "Property Owner 42",
        "has_gnss_control": true,
        "tax_assessment_annual_inr": 877500,
        "tax_rate_per_sqm": 450,
        "lulc_confidence": 0.925
      },
      "geometry": {
        "type": "Polygon",
        "coordinates": [
          [
            [
              80.23804916956716,
              12.91827999930516
            ],
            [
              80.23805669582694,
              12.918640190525386
            ],
            [
              80.23850421326544,
              12.918631192310228
            ],
            [
              80.23849668636986,
              12.91827100134926
            ],
            [
              80.23804916956716,
              12.91827999930516
            ]
          ]
        ]
      }
    },
    {
      "type": "Feature",
      "properties": {
        "parcel_id": "ULPIN-2026-7849-00043",
        "survey_number": "SY-102/43",
        "area_sqm": 1950.0,
        "perimeter_m": 177.5,
        "confidence_score": 0.93,
        "verification_status": "Needs GT Verification",
        "building_count": 1,
        "building_coverage_ratio": 0.79,
        "landuse_class": "Vacant/Green",
        "owner_record": "Property Owner 43",
        "has_gnss_control": true,
        "tax_assessment_annual_inr": 877500,
        "tax_rate_per_sqm": 450,
        "lulc_confidence": 0.923
      },
      "geometry": {
        "type": "Polygon",
        "coordinates": [
          [
            [
              80.23805669582694,
              12.918640190525386
            ],
            [
              80.23806422231453,
              12.91900038173139
            ],
            [
              80.2385117403889,
              12.918991383256966
            ],
            [
              80.23850421326544,
              12.918631192310228
            ],
            [
              80.23805669582694,
              12.918640190525386
            ]
          ]
        ]
      }
    },
    {
      "type": "Feature",
      "properties": {
        "parcel_id": "ULPIN-2026-7849-00044",
        "survey_number": "SY-102/44",
        "area_sqm": 1950.0,
        "perimeter_m": 177.5,
        "confidence_score": 0.93,
        "verification_status": "Needs GT Verification",
        "building_count": 1,
        "building_coverage_ratio": 0.79,
        "landuse_class": "Vacant/Green",
        "owner_record": "Property Owner 44",
        "has_gnss_control": true,
        "tax_assessment_annual_inr": 877500,
        "tax_rate_per_sqm": 450,
        "lulc_confidence": 0.933
      },
      "geometry": {
        "type": "Polygon",
        "coordinates": [
          [
            [
              80.2385117403889,
              12.918991383256966
            ],
            [
              80.23806422231453,
              12.91900038173139
            ],
            [
              80.23807174903001,
              12.919360572923175
            ],
            [
              80.23851926774023,
              12.919351574189491
            ],
            [
              80.2385117403889,
              12.918991383256966
            ]
          ]
        ]
      }
    },
    {
      "type": "Feature",
      "properties": {
        "parcel_id": "ULPIN-2026-7849-00045",
        "survey_number": "SY-102/45",
        "area_sqm": 2223.31,
        "perimeter_m": 186.92,
        "confidence_score": 0.98,
        "verification_status": "Needs GT Verification",
        "building_count": 1,
        "building_coverage_ratio": 0.685,
        "landuse_class": "Vacant/Green",
        "owner_record": "Property Owner 45",
        "has_gnss_control": true,
        "tax_assessment_annual_inr": 1000489,
        "tax_rate_per_sqm": 450,
        "lulc_confidence": 0.885
      },
      "geometry": {
        "type": "Polygon",
        "coordinates": [
          [
            [
              80.23848291662713,
              12.918271278220782
            ],
            [
              80.2384830105979,
              12.918272600820925
            ],
            [
              80.23848323627384,
              12.918273908017285
            ],
            [
              80.23848359148157,
              12.918275187220843
            ],
            [
              80.2384840728002,
              12.918276426112168
            ],
            [
              80.23848467559445,
              12.918277612760061
            ],
            [
              80.23848539405904,
              12.91827873573646
            ],
            [
              80.23848622127477,
              12.918279784226467
            ],
            [
              80.23848714927509,
              12.918280748132561
            ],
            [
              80.23848816912286,
              12.918281618171802
            ],
            [
              80.23848927099638,
              12.918282385965227
            ],
            [
              80.23849044428401,
              12.91828304411857
            ],
            [
              80.23849167768634,
              12.918283586293455
            ],
            [
              80.23849295932504,
              12.918284007268442
            ],
            [
              80.23849427685722,
              12.918284302989308
            ],
            [
              80.23849561759432,
              12.918284470608096
            ],
            [
              80.23849696862433,
              12.918284508510556
            ],
            [
              80.2389444851124,
              12.918275509784477
            ],
            [
              80.238945833423,
              12.918275417603335
            ],
            [
              80.23894716603013,
              12.918275196228688
            ],
            [
              80.23894847010004,
              12.918274847792492
            ],
            [
              80.23894973307384,
              12.918274375650393
            ],
            [
              80.23895094278839,
              12.91827378434936
            ],
            [
              80.2389520875935,
              12.918273079583964
            ],
            [
              80.23895315646405,
              12.918272268141466
            ],
            [
              80.23895413910626,
              12.91827135783652
            ],
            [
              80.23895502605669,
              12.918270357435844
            ],
            [
              80.23895580877357,
              12.918269276573854
            ],
            [
              80.23895647971891,
              12.918268125659845
            ],
            [
              80.23895703243112,
              12.918266915777737
            ],
            [
              80.23895746158729,
              12.918265658579369
            ],
            [
              80.23895776305444,
              12.91826436617224
            ],
            [
              80.23895793392923,
              12.918263051002942
            ],
            [
              80.23895797256608,
              12.918261725737272
            ],
            [
              80.23895044524299,
              12.91790153502934
            ],
            [
              80.23895035127073,
              12.917900212430236
            ],
            [
              80.23895012559362,
              12.917898905235067
            ],
            [
              80.23894977038506,
              12.91789762603283
            ],
            [
              80.23894928906593,
              12.917896387142958
            ],
            [
              80.23894868627153,
              12.917895200496613
            ],
            [
              80.23894796780715,
              12.917894077521863
            ],
            [
              80.238947140592,
              12.917893029033559
            ],
            [
              80.23894621259258,
              12.917892065129223
            ],
            [
              80.23894519274606,
              12.917891195091771
            ],
            [
              80.2389440908741,
              12.917890427300144
            ],
            [
              80.23894291758835,
              12.917889769148603
            ],
            [
              80.23894168418818,
              12.917889226975486
            ],
            [
              80.23894040255188,
              12.917888806002226
            ],
            [
              80.23893908502235,
              12.917888510283028
            ],
            [
              80.2389377442881,
              12.917888342665828
            ],
            [
              80.23893639326111,
              12.917888304764876
            ],
            [
              80.23848887745652,
              12.917897303212218
            ],
            [
              80.23848752914681,
              12.917897395390272
            ],
            [
              80.23848619654022,
              12.917897616761946
            ],
            [
              80.23848489247051,
              12.917897965195317
            ],
            [
              80.23848362949656,
              12.91789843733477
            ],
            [
              80.23848241978149,
              12.917899028633352
            ],
            [
              80.23848127497554,
              12.917899733396542
            ],
            [
              80.2384802061038,
              12.917900544837078
            ],
            [
              80.2384792234601,
              12.91790145514035
            ],
            [
              80.23847833650782,
              12.917902455539641
            ],
            [
              80.23847755378883,
              12.91790353640055
            ],
            [
              80.2384768828411,
              12.917904687313811
            ],
            [
              80.23847633012625,
              12.917905897195498
            ],
            [
              80.23847590096722,
              12.91790715439378
            ],
            [
              80.23847559949708,
              12.917908446801155
            ],
            [
              80.2384754286191,
              12.917909761971039
            ],
            [
              80.23847538997896,
              12.917911087237611
            ],
            [
              80.23848291662713,
              12.918271278220782
            ]
          ]
        ]
      }
    },
    {
      "type": "Feature",
      "properties": {
        "parcel_id": "ULPIN-2026-7849-00046",
        "survey_number": "SY-102/46",
        "area_sqm": 1950.0,
        "perimeter_m": 177.5,
        "confidence_score": 0.93,
        "verification_status": "Needs GT Verification",
        "building_count": 1,
        "building_coverage_ratio": 0.781,
        "landuse_class": "Vacant/Green",
        "owner_record": "Property Owner 46",
        "has_gnss_control": true,
        "tax_assessment_annual_inr": 877500,
        "tax_rate_per_sqm": 450,
        "lulc_confidence": 0.927
      },
      "geometry": {
        "type": "Polygon",
        "coordinates": [
          [
            [
              80.23849668636986,
              12.91827100134926
            ],
            [
              80.23850421326544,
              12.918631192310228
            ],
            [
              80.23895173036551,
              12.918622193334587
            ],
            [
              80.23894420283409,
              12.918262002632906
            ],
            [
              80.23849668636986,
              12.91827100134926
            ]
          ]
        ]
      }
    },
    {
      "type": "Feature",
      "properties": {
        "parcel_id": "ULPIN-2026-7849-00047",
        "survey_number": "SY-102/47",
        "area_sqm": 1950.0,
        "perimeter_m": 177.5,
        "confidence_score": 0.93,
        "verification_status": "AI Confirmed",
        "building_count": 1,
        "building_coverage_ratio": 0.781,
        "landuse_class": "Vacant/Green",
        "owner_record": "Property Owner 47",
        "has_gnss_control": true,
        "tax_assessment_annual_inr": 877500,
        "tax_rate_per_sqm": 450,
        "lulc_confidence": 0.963
      },
      "geometry": {
        "type": "Polygon",
        "coordinates": [
          [
            [
              80.23850421326544,
              12.918631192310228
            ],
            [
              80.2385117403889,
              12.918991383256966
            ],
            [
              80.23895925812481,
              12.918982384022046
            ],
            [
              80.23895173036551,
              12.918622193334587
            ],
            [
              80.23850421326544,
              12.918631192310228
            ]
          ]
        ]
      }
    },
    {
      "type": "Feature",
      "properties": {
        "parcel_id": "ULPIN-2026-7849-00048",
        "survey_number": "SY-102/48",
        "area_sqm": 2173.5,
        "perimeter_m": 187.5,
        "confidence_score": 0.98,
        "verification_status": "AI Confirmed",
        "building_count": 2,
        "building_coverage_ratio": 0.713,
        "landuse_class": "Vacant/Green",
        "owner_record": "Property Owner 48",
        "has_gnss_control": true,
        "tax_assessment_annual_inr": 978075,
        "tax_rate_per_sqm": 450,
        "lulc_confidence": 0.912
      },
      "geometry": {
        "type": "Polygon",
        "coordinates": [
          [
            [
              80.23848382446525,
              12.918973927483405
            ],
            [
              80.23849172813706,
              12.919352127979673
            ],
            [
              80.23896678611199,
              12.919342574695275
            ],
            [
              80.23895888173143,
              12.918964374488013
            ],
            [
              80.23848382446525,
              12.918973927483405
            ]
          ]
        ]
      }
    },
    {
      "type": "Feature",
      "properties": {
        "parcel_id": "ULPIN-2026-7849-00049",
        "survey_number": "SY-102/49",
        "area_sqm": 1950.0,
        "perimeter_m": 177.5,
        "confidence_score": 0.85,
        "verification_status": "AI Confirmed",
        "building_count": 1,
        "building_coverage_ratio": 0.79,
        "landuse_class": "Vacant/Green",
        "owner_record": "Property Owner 49",
        "has_gnss_control": false,
        "tax_assessment_annual_inr": 877500,
        "tax_rate_per_sqm": 450,
        "lulc_confidence": 0.911
      },
      "geometry": {
        "type": "Polygon",
        "coordinates": [
          [
            [
              80.23938419102049,
              12.917892812699497
            ],
            [
              80.23893667553055,
              12.917901811917002
            ],
            [
              80.23894420283409,
              12.918262002632906
            ],
            [
              80.23939171895984,
              12.9182530031561
            ],
            [
              80.23938419102049,
              12.917892812699497
            ]
          ]
        ]
      }
    },
    {
      "type": "Feature",
      "properties": {
        "parcel_id": "ULPIN-2026-7849-00050",
        "survey_number": "SY-102/50",
        "area_sqm": 1643.46,
        "perimeter_m": 163.1,
        "confidence_score": 0.78,
        "verification_status": "Needs GT Verification",
        "building_count": 1,
        "building_coverage_ratio": 0.937,
        "landuse_class": "Vacant/Green",
        "owner_record": "Property Owner 50",
        "has_gnss_control": true,
        "tax_assessment_annual_inr": 739557,
        "tax_rate_per_sqm": 450,
        "lulc_confidence": 0.965
      },
      "geometry": {
        "type": "Polygon",
        "coordinates": [
          [
            [
              80.2393755340551,
              12.918269544028636
            ],
            [
              80.23896106524752,
              12.918277878939502
            ],
            [
              80.23896791532248,
              12.918605652469322
            ],
            [
              80.23938238466592,
              12.918597317339911
            ],
            [
              80.2393755340551,
              12.918269544028636
            ]
          ]
        ]
      }
    },
    {
      "type": "Feature",
      "properties": {
        "parcel_id": "ULPIN-2026-7849-00051",
        "survey_number": "SY-102/51",
        "area_sqm": 1950.0,
        "perimeter_m": 177.5,
        "confidence_score": 0.93,
        "verification_status": "AI Confirmed",
        "building_count": 1,
        "building_coverage_ratio": 0.79,
        "landuse_class": "Vacant/Green",
        "owner_record": "Property Owner 51",
        "has_gnss_control": true,
        "tax_assessment_annual_inr": 877500,
        "tax_rate_per_sqm": 450,
        "lulc_confidence": 0.964
      },
      "geometry": {
        "type": "Polygon",
        "coordinates": [
          [
            [
              80.23939924712707,
              12.918613193598476
            ],
            [
              80.23895173036551,
              12.918622193334587
            ],
            [
              80.23895925812481,
              12.918982384022046
            ],
            [
              80.23940677552223,
              12.918973384026625
            ],
            [
              80.23939924712707,
              12.918613193598476
            ]
          ]
        ]
      }
    },
    {
      "type": "Feature",
      "properties": {
        "parcel_id": "ULPIN-2026-7849-00052",
        "survey_number": "SY-102/52",
        "area_sqm": 1950.0,
        "perimeter_m": 177.5,
        "confidence_score": 0.93,
        "verification_status": "AI Confirmed",
        "building_count": 0,
        "building_coverage_ratio": 0.0,
        "landuse_class": "Vacant/Green",
        "owner_record": "Property Owner 52",
        "has_gnss_control": true,
        "tax_assessment_annual_inr": 877500,
        "tax_rate_per_sqm": 450,
        "lulc_confidence": 0.947
      },
      "geometry": {
        "type": "Polygon",
        "coordinates": [
          [
            [
              80.23940677552223,
              12.918973384026625
            ],
            [
              80.23895925812481,
              12.918982384022046
            ],
            [
              80.23896678611199,
              12.919342574695275
            ],
            [
              80.23941430414528,
              12.919333574440548
            ],
            [
              80.23940677552223,
              12.918973384026625
            ]
          ]
        ]
      }
    },
    {
      "type": "Feature",
      "properties": {
        "parcel_id": "ULPIN-2026-7849-00053",
        "survey_number": "SY-103/53",
        "area_sqm": 1852.5,
        "perimeter_m": 173.5,
        "confidence_score": 0.93,
        "verification_status": "AI Confirmed",
        "building_count": 1,
        "building_coverage_ratio": 0.775,
        "landuse_class": "Vacant/Green",
        "owner_record": "Property Owner 53",
        "has_gnss_control": true,
        "tax_assessment_annual_inr": 833625,
        "tax_rate_per_sqm": 450,
        "lulc_confidence": 0.945
      },
      "geometry": {
        "type": "Polygon",
        "coordinates": [
          [
            [
              80.23808040503444,
              12.919774792776133
            ],
            [
              80.23807325440043,
              12.91943261115982
            ],
            [
              80.23762573522458,
              12.919441609184833
            ],
            [
              80.23763288525451,
              12.919783791047427
            ],
            [
              80.23808040503444,
              12.919774792776133
            ]
          ]
        ]
      }
    },
    {
      "type": "Feature",
      "properties": {
        "parcel_id": "ULPIN-2026-7849-00054",
        "survey_number": "SY-103/54",
        "area_sqm": 1852.5,
        "perimeter_m": 173.5,
        "confidence_score": 0.93,
        "verification_status": "AI Confirmed",
        "building_count": 1,
        "building_coverage_ratio": 0.775,
        "landuse_class": "Vacant/Green",
        "owner_record": "Property Owner 54",
        "has_gnss_control": true,
        "tax_assessment_annual_inr": 833625,
        "tax_rate_per_sqm": 450,
        "lulc_confidence": 0.895
      },
      "geometry": {
        "type": "Polygon",
        "coordinates": [
          [
            [
              80.23808040503444,
              12.919774792776133
            ],
            [
              80.23763288525451,
              12.919783791047427
            ],
            [
              80.23764003549003,
              12.920125972897186
            ],
            [
              80.2380875558741,
              12.92011697437961
            ],
            [
              80.23808040503444,
              12.919774792776133
            ]
          ]
        ]
      }
    },
    {
      "type": "Feature",
      "properties": {
        "parcel_id": "ULPIN-2026-7849-00055",
        "survey_number": "SY-103/55",
        "area_sqm": 2119.81,
        "perimeter_m": 182.92,
        "confidence_score": 0.98,
        "verification_status": "AI Confirmed",
        "building_count": 1,
        "building_coverage_ratio": 0.685,
        "landuse_class": "Vacant/Green",
        "owner_record": "Property Owner 55",
        "has_gnss_control": true,
        "tax_assessment_annual_inr": 953914,
        "tax_rate_per_sqm": 450,
        "lulc_confidence": 0.945
      },
      "geometry": {
        "type": "Polygon",
        "coordinates": [
          [
            [
              80.23806663520011,
              12.919775069657359
            ],
            [
              80.23806672917246,
              12.919776392258196
            ],
            [
              80.23806695485084,
              12.91977769945514
            ],
            [
              80.23806731006184,
              12.919778978659185
            ],
            [
              80.23806779138461,
              12.919780217550887
            ],
            [
              80.23806839418373,
              12.919781404199039
            ],
            [
              80.2380691126539,
              12.919782527175569
            ],
            [
              80.2380699398759,
              12.91978357566561
            ],
            [
              80.23807086788311,
              12.919784539571609
            ],
            [
              80.23807188773831,
              12.919785409610636
            ],
            [
              80.23807298961972,
              12.91978617740374
            ],
            [
              80.23807416291565,
              12.919786835556643
            ],
            [
              80.23807539632661,
              12.919787377730987
            ],
            [
              80.23807667797416,
              12.919787798705315
            ],
            [
              80.23807799551534,
              12.919788094425437
            ],
            [
              80.2380793362615,
              12.919788262043397
            ],
            [
              80.23808068730054,
              12.919788299944937
            ],
            [
              80.23852820676589,
              12.919779300903373
            ],
            [
              80.23852955508539,
              12.919779208721243
            ],
            [
              80.23853088770124,
              12.919778987345547
            ],
            [
              80.2385321917796,
              12.919778638908246
            ],
            [
              80.2385334547615,
              12.919778166764997
            ],
            [
              80.23853466448368,
              12.91977757546279
            ],
            [
              80.23853580929593,
              12.919776870696204
            ],
            [
              80.23853687817301,
              12.919776059252497
            ],
            [
              80.2385378608211,
              12.919775148946352
            ],
            [
              80.23853874777673,
              12.919774148544493
            ],
            [
              80.23853953049806,
              12.919773067681339
            ],
            [
              80.23854020144704,
              12.919771916766209
            ],
            [
              80.23854075416206,
              12.91977070688303
            ],
            [
              80.2385411833202,
              12.919769449683644
            ],
            [
              80.2385414847884,
              12.91976815727557
            ],
            [
              80.2385416556634,
              12.919766842105398
            ],
            [
              80.23854169429956,
              12.919765516838943
            ],
            [
              80.23853454304286,
              12.919423335476512
            ],
            [
              80.23853444906896,
              12.919422012876726
            ],
            [
              80.23853422338937,
              12.919420705680976
            ],
            [
              80.23853386817744,
              12.91941942647827
            ],
            [
              80.23853338685412,
              12.919418187588036
            ],
            [
              80.23853278405478,
              12.919417000941447
            ],
            [
              80.23853206558472,
              12.919415877966587
            ],
            [
              80.2385312383632,
              12.919414829478283
            ],
            [
              80.23853031035682,
              12.919413865574064
            ],
            [
              80.23852929050277,
              12.919412995536854
            ],
            [
              80.23852818862281,
              12.919412227745594
            ],
            [
              80.23852701532866,
              12.91941156959452
            ],
            [
              80.23852578191975,
              12.91941102742198
            ],
            [
              80.23852450027452,
              12.91941060644941
            ],
            [
              80.23852318273588,
              12.919410310731
            ],
            [
              80.23852184199245,
              12.919410143114677
            ],
            [
              80.23852049095635,
              12.919410105214673
            ],
            [
              80.23807297214277,
              12.919419103990496
            ],
            [
              80.23807162382406,
              12.919419196169565
            ],
            [
              80.23807029120866,
              12.919419417542336
            ],
            [
              80.2380689871304,
              12.919419765976837
            ],
            [
              80.2380677241483,
              12.919420238117477
            ],
            [
              80.23806651442551,
              12.919420829417273
            ],
            [
              80.23806536961237,
              12.919421534181687
            ],
            [
              80.23806430073405,
              12.919422345623463
            ],
            [
              80.2380633180844,
              12.919423255927956
            ],
            [
              80.2380624311269,
              12.919424256328456
            ],
            [
              80.23806164840343,
              12.919425337190551
            ],
            [
              80.23806097745205,
              12.91942648810495
            ],
            [
              80.2380604247344,
              12.91942769798772
            ],
            [
              80.23805999557342,
              12.919428955187032
            ],
            [
              80.2380596941022,
              12.919430247595367
            ],
            [
              80.23805952322408,
              12.919431562766112
            ],
            [
              80.23805948458467,
              12.91943288803347
            ],
            [
              80.23806663520011,
              12.919775069657359
            ]
          ]
        ]
      }
    },
    {
      "type": "Feature",
      "properties": {
        "parcel_id": "ULPIN-2026-7849-00056",
        "survey_number": "SY-103/56",
        "area_sqm": 2070.0,
        "perimeter_m": 183.5,
        "confidence_score": 0.98,
        "verification_status": "AI Confirmed",
        "building_count": 2,
        "building_coverage_ratio": 0.709,
        "landuse_class": "Vacant/Green",
        "owner_record": "Property Owner 56",
        "has_gnss_control": true,
        "tax_assessment_annual_inr": 931500,
        "tax_rate_per_sqm": 450,
        "lulc_confidence": 0.944
      },
      "geometry": {
        "type": "Polygon",
        "coordinates": [
          [
            [
              80.23852754808988,
              12.91974778419882
            ],
            [
              80.23805248901313,
              12.91975733697864
            ],
            [
              80.23806001616792,
              12.920117528156496
            ],
            [
              80.23853507591971,
              12.920107975101466
            ],
            [
              80.23852754808988,
              12.91974778419882
            ]
          ]
        ]
      }
    },
    {
      "type": "Feature",
      "properties": {
        "parcel_id": "ULPIN-2026-7849-00057",
        "survey_number": "SY-103/57",
        "area_sqm": 1852.5,
        "perimeter_m": 173.5,
        "confidence_score": 0.93,
        "verification_status": "AI Confirmed",
        "building_count": 1,
        "building_coverage_ratio": 0.775,
        "landuse_class": "Vacant/Green",
        "owner_record": "Property Owner 57",
        "has_gnss_control": true,
        "tax_assessment_annual_inr": 833625,
        "tax_rate_per_sqm": 450,
        "lulc_confidence": 0.938
      },
      "geometry": {
        "type": "Polygon",
        "coordinates": [
          [
            [
              80.23852792447595,
              12.91976579374429
            ],
            [
              80.23897544357898,
              12.919756793951903
            ],
            [
              80.23896829173678,
              12.919414612828213
            ],
            [
              80.23852077323784,
              12.91942361237428
            ],
            [
              80.23852792447595,
              12.91976579374429
            ]
          ]
        ]
      }
    },
    {
      "type": "Feature",
      "properties": {
        "parcel_id": "ULPIN-2026-7849-00058",
        "survey_number": "SY-103/58",
        "area_sqm": 1852.5,
        "perimeter_m": 173.5,
        "confidence_score": 0.93,
        "verification_status": "AI Confirmed",
        "building_count": 1,
        "building_coverage_ratio": 0.775,
        "landuse_class": "Vacant/Green",
        "owner_record": "Property Owner 58",
        "has_gnss_control": true,
        "tax_assessment_annual_inr": 833625,
        "tax_rate_per_sqm": 450,
        "lulc_confidence": 0.881
      },
      "geometry": {
        "type": "Polygon",
        "coordinates": [
          [
            [
              80.23897544357898,
              12.919756793951903
            ],
            [
              80.23852792447595,
              12.91976579374429
            ],
            [
              80.23853507591971,
              12.920107975101466
            ],
            [
              80.23898259562687,
              12.920098975062757
            ],
            [
              80.23897544357898,
              12.919756793951903
            ]
          ]
        ]
      }
    },
    {
      "type": "Feature",
      "properties": {
        "parcel_id": "ULPIN-2026-7849-00059",
        "survey_number": "SY-103/59",
        "area_sqm": 1852.5,
        "perimeter_m": 173.5,
        "confidence_score": 0.93,
        "verification_status": "AI Confirmed",
        "building_count": 1,
        "building_coverage_ratio": 0.784,
        "landuse_class": "Vacant/Green",
        "owner_record": "Property Owner 59",
        "has_gnss_control": true,
        "tax_assessment_annual_inr": 833625,
        "tax_rate_per_sqm": 450,
        "lulc_confidence": 0.887
      },
      "geometry": {
        "type": "Polygon",
        "coordinates": [
          [
            [
              80.23941580989724,
              12.919405612521624
            ],
            [
              80.23896829173678,
              12.919414612828213
            ],
            [
              80.23897544357898,
              12.919756793951903
            ],
            [
              80.23942296234354,
              12.919747793398972
            ],
            [
              80.23941580989724,
              12.919405612521624
            ]
          ]
        ]
      }
    },
    {
      "type": "Feature",
      "properties": {
        "parcel_id": "ULPIN-2026-7849-00060",
        "survey_number": "SY-103/60",
        "area_sqm": 1553.16,
        "perimeter_m": 159.1,
        "confidence_score": 0.78,
        "verification_status": "Needs GT Verification",
        "building_count": 1,
        "building_coverage_ratio": 0.935,
        "landuse_class": "Vacant/Green",
        "owner_record": "Property Owner 60",
        "has_gnss_control": true,
        "tax_assessment_annual_inr": 698922,
        "tax_rate_per_sqm": 450,
        "lulc_confidence": 0.936
      },
      "geometry": {
        "type": "Polygon",
        "coordinates": [
          [
            [
              80.23940677738392,
              12.919764334308589
            ],
            [
              80.23899230613242,
              12.919772670216112
            ],
            [
              80.23899878063806,
              12.920082434160863
            ],
            [
              80.23941325239605,
              12.9200740980468
            ],
            [
              80.23940677738392,
              12.919764334308589
            ]
          ]
        ]
      }
    },
    {
      "type": "Feature",
      "properties": {
        "parcel_id": "ULPIN-2026-7849-00061",
        "survey_number": "SY-104/61",
        "area_sqm": 1995.0,
        "perimeter_m": 181.0,
        "confidence_score": 0.93,
        "verification_status": "Needs GT Verification",
        "building_count": 1,
        "building_coverage_ratio": 0.786,
        "landuse_class": "Vacant/Green",
        "owner_record": "Property Owner 61",
        "has_gnss_control": true,
        "tax_assessment_annual_inr": 897750,
        "tax_rate_per_sqm": 450,
        "lulc_confidence": 0.922
      },
      "geometry": {
        "type": "Polygon",
        "coordinates": [
          [
            [
              80.23609525061134,
              12.919814702388779
            ],
            [
              80.23608810265706,
              12.919472519680152
            ],
            [
              80.23560615729883,
              12.919482206196262
            ],
            [
              80.23561330460254,
              12.919824389170019
            ],
            [
              80.23609525061134,
              12.919814702388779
            ]
          ]
        ]
      }
    },
    {
      "type": "Feature",
      "properties": {
        "parcel_id": "ULPIN-2026-7849-00062",
        "survey_number": "SY-104/62",
        "area_sqm": 1995.0,
        "perimeter_m": 181.0,
        "confidence_score": 0.93,
        "verification_status": "Needs GT Verification",
        "building_count": 1,
        "building_coverage_ratio": 0.786,
        "landuse_class": "Vacant/Green",
        "owner_record": "Property Owner 62",
        "has_gnss_control": true,
        "tax_assessment_annual_inr": 897750,
        "tax_rate_per_sqm": 450,
        "lulc_confidence": 0.888
      },
      "geometry": {
        "type": "Polygon",
        "coordinates": [
          [
            [
              80.23609525061134,
              12.919814702388779
            ],
            [
              80.23561330460254,
              12.919824389170019
            ],
            [
              80.23562045211179,
              12.92016657213094
            ],
            [
              80.2361023987712,
              12.920156885084577
            ],
            [
              80.23609525061134,
              12.919814702388779
            ]
          ]
        ]
      }
    },
    {
      "type": "Feature",
      "properties": {
        "parcel_id": "ULPIN-2026-7849-00063",
        "survey_number": "SY-104/63",
        "area_sqm": 1995.0,
        "perimeter_m": 181.0,
        "confidence_score": 0.93,
        "verification_status": "Needs GT Verification",
        "building_count": 1,
        "building_coverage_ratio": 0.786,
        "landuse_class": "Vacant/Green",
        "owner_record": "Property Owner 63",
        "has_gnss_control": true,
        "tax_assessment_annual_inr": 897750,
        "tax_rate_per_sqm": 450,
        "lulc_confidence": 0.898
      },
      "geometry": {
        "type": "Polygon",
        "coordinates": [
          [
            [
              80.23609525061134,
              12.919814702388779
            ],
            [
              80.2365771962278,
              12.91980501472547
            ],
            [
              80.23657004762293,
              12.91946283228199
            ],
            [
              80.23608810265706,
              12.919472519680152
            ],
            [
              80.23609525061134,
              12.919814702388779
            ]
          ]
        ]
      }
    },
    {
      "type": "Feature",
      "properties": {
        "parcel_id": "ULPIN-2026-7849-00064",
        "survey_number": "SY-104/64",
        "area_sqm": 2220.0,
        "perimeter_m": 191.0,
        "confidence_score": 0.98,
        "verification_status": "Needs GT Verification",
        "building_count": 2,
        "building_coverage_ratio": 0.717,
        "landuse_class": "Vacant/Green",
        "owner_record": "Property Owner 64",
        "has_gnss_control": true,
        "tax_assessment_annual_inr": 999000,
        "tax_rate_per_sqm": 450,
        "lulc_confidence": 0.898
      },
      "geometry": {
        "type": "Polygon",
        "coordinates": [
          [
            [
              80.23657681998031,
              12.919787005123503
            ],
            [
              80.23606733463869,
              12.91979724632618
            ],
            [
              80.23607485897266,
              12.920157438653847
            ],
            [
              80.23658434503822,
              12.92014719715612
            ],
            [
              80.23657681998031,
              12.919787005123503
            ]
          ]
        ]
      }
    },
    {
      "type": "Feature",
      "properties": {
        "parcel_id": "ULPIN-2026-7849-00065",
        "survey_number": "SY-104/65",
        "area_sqm": 2273.56,
        "perimeter_m": 190.42,
        "confidence_score": 0.93,
        "verification_status": "Needs GT Verification",
        "building_count": 0,
        "building_coverage_ratio": 0.0,
        "landuse_class": "Vacant/Green",
        "owner_record": "Property Owner 65",
        "has_gnss_control": true,
        "tax_assessment_annual_inr": 1023102,
        "tax_rate_per_sqm": 450,
        "lulc_confidence": 0.884
      },
      "geometry": {
        "type": "Polygon",
        "coordinates": [
          [
            [
              80.23656342635849,
              12.919805291528094
            ],
            [
              80.23656352032314,
              12.91980661413251
            ],
            [
              80.23656374599425,
              12.91980792133376
            ],
            [
              80.23656410119847,
              12.919809200542783
            ],
            [
              80.23656458251499,
              12.919810439440097
            ],
            [
              80.23656518530846,
              12.91981162609444
            ],
            [
              80.23656590377367,
              12.919812749077693
            ],
            [
              80.2365667309914,
              12.919813797574896
            ],
            [
              80.23656765899509,
              12.919814761488459
            ],
            [
              80.23656867884755,
              12.919815631535352
            ],
            [
              80.23656978072705,
              12.919816399336556
            ],
            [
              80.23657095402187,
              12.919817057497726
            ],
            [
              80.23657218743257,
              12.919817599680405
            ],
            [
              80.23657346908072,
              12.919818020663083
            ],
            [
              80.23657478662331,
              12.919818316391463
            ],
            [
              80.2365761273717,
              12.919818484017522
            ],
            [
              80.23657747841378,
              12.91981852192693
            ],
            [
              80.23705942366352,
              12.919808833371084
            ],
            [
              80.23706077198675,
              12.91980874119633
            ],
            [
              80.23706210460703,
              12.919808519827626
            ],
            [
              80.23706340869053,
              12.919808171396882
            ],
            [
              80.23706467167816,
              12.919807699259675
            ],
            [
              80.23706588140666,
              12.919807107962946
            ],
            [
              80.23706702622572,
              12.919806403201207
            ],
            [
              80.23706809511008,
              12.919805591761696
            ],
            [
              80.23706907776581,
              12.919804681459027
            ],
            [
              80.23706996472939,
              12.919803681059909
            ],
            [
              80.23707074745887,
              12.919802600198736
            ],
            [
              80.23707141841616,
              12.919801449284794
            ],
            [
              80.23707197113957,
              12.919800239402004
            ],
            [
              80.23707240030606,
              12.919798982202213
            ],
            [
              80.23707270178254,
              12.919797689792931
            ],
            [
              80.23707287266562,
              12.919796374620768
            ],
            [
              80.23707291130962,
              12.919795049351555
            ],
            [
              80.2370657620356,
              12.919452867180823
            ],
            [
              80.23706566806922,
              12.919451544577546
            ],
            [
              80.23706544239671,
              12.919450237377589
            ],
            [
              80.23706508719144,
              12.919448958170014
            ],
            [
              80.23706460587421,
              12.91944771927429
            ],
            [
              80.23706400308038,
              12.919446532621658
            ],
            [
              80.23706328461519,
              12.919445409640227
            ],
            [
              80.23706245739784,
              12.919444361144926
            ],
            [
              80.23706152939488,
              12.919443397233321
            ],
            [
              80.23706050954351,
              12.919442527188425
            ],
            [
              80.23705940766544,
              12.919441759389242
            ],
            [
              80.23705823437236,
              12.919441101230095
            ],
            [
              80.2370570009637,
              12.919440559049407
            ],
            [
              80.23705571931792,
              12.919440138068685
            ],
            [
              80.23705440177787,
              12.919439842342202
            ],
            [
              80.23705306103226,
              12.919439674717959
            ],
            [
              80.23705170999318,
              12.91943963681028
            ],
            [
              80.23656976544538,
              12.919449325080013
            ],
            [
              80.23656841712284,
              12.919449417251547
            ],
            [
              80.2365670845029,
              12.919449638617149
            ],
            [
              80.23656578041941,
              12.919449987044949
            ],
            [
              80.2365645174314,
              12.9194504591794
            ],
            [
              80.23656330770218,
              12.919451050473594
            ],
            [
              80.23656216288207,
              12.919451755233045
            ],
            [
              80.23656109399629,
              12.919452566670529
            ],
            [
              80.23656011133882,
              12.91945347697146
            ],
            [
              80.23655922437318,
              12.919454477369156
            ],
            [
              80.23655844164136,
              12.919455558229227
            ],
            [
              80.23655777068149,
              12.919456709142409
            ],
            [
              80.23655721795524,
              12.91945791902478
            ],
            [
              80.23655678878572,
              12.919459176224501
            ],
            [
              80.23655648730605,
              12.919460468634066
            ],
            [
              80.23655631641962,
              12.91946178380686
            ],
            [
              80.23655627777221,
              12.919463109077043
            ],
            [
              80.23656342635849,
              12.919805291528094
            ]
          ]
        ]
      }
    },
    {
      "type": "Feature",
      "properties": {
        "parcel_id": "ULPIN-2026-7849-00066",
        "survey_number": "SY-104/66",
        "area_sqm": 1995.0,
        "perimeter_m": 181.0,
        "confidence_score": 0.93,
        "verification_status": "Needs GT Verification",
        "building_count": 1,
        "building_coverage_ratio": 0.786,
        "landuse_class": "Vacant/Green",
        "owner_record": "Property Owner 66",
        "has_gnss_control": true,
        "tax_assessment_annual_inr": 897750,
        "tax_rate_per_sqm": 450,
        "lulc_confidence": 0.959
      },
      "geometry": {
        "type": "Polygon",
        "coordinates": [
          [
            [
              80.23705914145185,
              12.9197953261801
            ],
            [
              80.2365771962278,
              12.91980501472547
            ],
            [
              80.23658434503822,
              12.92014719715612
            ],
            [
              80.23706629091286,
              12.92013750834557
            ],
            [
              80.23705914145185,
              12.9197953261801
            ]
          ]
        ]
      }
    },
    {
      "type": "Feature",
      "properties": {
        "parcel_id": "ULPIN-2026-7849-00067",
        "survey_number": "SY-104/67",
        "area_sqm": 1995.0,
        "perimeter_m": 181.0,
        "confidence_score": 0.93,
        "verification_status": "AI Confirmed",
        "building_count": 1,
        "building_coverage_ratio": 0.786,
        "landuse_class": "Vacant/Green",
        "owner_record": "Property Owner 67",
        "has_gnss_control": true,
        "tax_assessment_annual_inr": 897750,
        "tax_rate_per_sqm": 450,
        "lulc_confidence": 0.887
      },
      "geometry": {
        "type": "Polygon",
        "coordinates": [
          [
            [
              80.23753393637745,
              12.919443454839548
            ],
            [
              80.23705199219641,
              12.919453144001793
            ],
            [
              80.23705914145185,
              12.9197953261801
            ],
            [
              80.23754108628346,
              12.919785636752659
            ],
            [
              80.23753393637745,
              12.919443454839548
            ]
          ]
        ]
      }
    },
    {
      "type": "Feature",
      "properties": {
        "parcel_id": "ULPIN-2026-7849-00068",
        "survey_number": "SY-104/68",
        "area_sqm": 1995.0,
        "perimeter_m": 181.0,
        "confidence_score": 0.93,
        "verification_status": "AI Confirmed",
        "building_count": 1,
        "building_coverage_ratio": 0.786,
        "landuse_class": "Vacant/Green",
        "owner_record": "Property Owner 68",
        "has_gnss_control": true,
        "tax_assessment_annual_inr": 897750,
        "tax_rate_per_sqm": 450,
        "lulc_confidence": 0.896
      },
      "geometry": {
        "type": "Polygon",
        "coordinates": [
          [
            [
              80.23754108628346,
              12.919785636752659
            ],
            [
              80.23705914145185,
              12.9197953261801
            ],
            [
              80.23706629091286,
              12.92013750834557
            ],
            [
              80.23754823639509,
              12.920127818652938
            ],
            [
              80.23754108628346,
              12.919785636752659
            ]
          ]
        ]
      }
    },
    {
      "type": "Feature",
      "properties": {
        "parcel_id": "ULPIN-2026-7849-00069",
        "survey_number": "SY-105/69",
        "area_sqm": 2216.67,
        "perimeter_m": 192.67,
        "confidence_score": 0.93,
        "verification_status": "AI Confirmed",
        "building_count": 1,
        "building_coverage_ratio": 0.789,
        "landuse_class": "Vacant/Green",
        "owner_record": "Property Owner 69",
        "has_gnss_control": true,
        "tax_assessment_annual_inr": 997501,
        "tax_rate_per_sqm": 450,
        "lulc_confidence": 0.908
      },
      "geometry": {
        "type": "Polygon",
        "coordinates": [
          [
            [
              80.23445051261699,
              12.919847756820309
            ],
            [
              80.23444336688294,
              12.919505573206987
            ],
            [
              80.23390787052878,
              12.91951633260357
            ],
            [
              80.23391501553995,
              12.919858516511383
            ],
            [
              80.23445051261699,
              12.919847756820309
            ]
          ]
        ]
      }
    },
    {
      "type": "Feature",
      "properties": {
        "parcel_id": "ULPIN-2026-7849-00070",
        "survey_number": "SY-105/70",
        "area_sqm": 1882.83,
        "perimeter_m": 178.27,
        "confidence_score": 0.78,
        "verification_status": "Needs GT Verification",
        "building_count": 1,
        "building_coverage_ratio": 0.929,
        "landuse_class": "Vacant/Green",
        "owner_record": "Property Owner 70",
        "has_gnss_control": true,
        "tax_assessment_annual_inr": 847273,
        "tax_rate_per_sqm": 450,
        "lulc_confidence": 0.921
      },
      "geometry": {
        "type": "Polygon",
        "coordinates": [
          [
            [
              80.2344343272006,
              12.9198642975475
            ],
            [
              80.23393187791105,
              12.919874393225014
            ],
            [
              80.23393834623263,
              12.920184159690137
            ],
            [
              80.23444079613621,
              12.92017406376249
            ],
            [
              80.2344343272006,
              12.9198642975475
            ]
          ]
        ]
      }
    },
    {
      "type": "Feature",
      "properties": {
        "parcel_id": "ULPIN-2026-7849-00071",
        "survey_number": "SY-105/71",
        "area_sqm": 2216.67,
        "perimeter_m": 192.67,
        "confidence_score": 0.93,
        "verification_status": "AI Confirmed",
        "building_count": 1,
        "building_coverage_ratio": 0.796,
        "landuse_class": "Vacant/Green",
        "owner_record": "Property Owner 71",
        "has_gnss_control": true,
        "tax_assessment_annual_inr": 997501,
        "tax_rate_per_sqm": 450,
        "lulc_confidence": 0.968
      },
      "geometry": {
        "type": "Polygon",
        "coordinates": [
          [
            [
              80.23445051261699,
              12.919847756820309
            ],
            [
              80.23498600920979,
              12.919836996040244
            ],
            [
              80.23497886275287,
              12.91949481272144
            ],
            [
              80.23444336688294,
              12.919505573206987
            ],
            [
              80.23445051261699,
              12.919847756820309
            ]
          ]
        ]
      }
    },
    {
      "type": "Feature",
      "properties": {
        "parcel_id": "ULPIN-2026-7849-00072",
        "survey_number": "SY-105/72",
        "area_sqm": 2453.33,
        "perimeter_m": 202.67,
        "confidence_score": 0.98,
        "verification_status": "AI Confirmed",
        "building_count": 2,
        "building_coverage_ratio": 0.725,
        "landuse_class": "Vacant/Green",
        "owner_record": "Property Owner 72",
        "has_gnss_control": true,
        "tax_assessment_annual_inr": 1103998,
        "tax_rate_per_sqm": 450,
        "lulc_confidence": 0.936
      },
      "geometry": {
        "type": "Polygon",
        "coordinates": [
          [
            [
              80.23498563307535,
              12.91981898639221
            ],
            [
              80.2344225966847,
              12.91983030053807
            ],
            [
              80.23443011868149,
              12.92019049381805
            ],
            [
              80.23499315587222,
              12.920179179346215
            ],
            [
              80.23498563307535,
              12.91981898639221
            ]
          ]
        ]
      }
    },
    {
      "type": "Feature",
      "properties": {
        "parcel_id": "ULPIN-2026-7849-00073",
        "survey_number": "SY-105/73",
        "area_sqm": 2216.67,
        "perimeter_m": 192.67,
        "confidence_score": 0.93,
        "verification_status": "AI Confirmed",
        "building_count": 1,
        "building_coverage_ratio": 0.796,
        "landuse_class": "Vacant/Green",
        "owner_record": "Property Owner 73",
        "has_gnss_control": true,
        "tax_assessment_annual_inr": 997501,
        "tax_rate_per_sqm": 450,
        "lulc_confidence": 0.895
      },
      "geometry": {
        "type": "Polygon",
        "coordinates": [
          [
            [
              80.2355143581385,
              12.919484051146942
            ],
            [
              80.23497886275287,
              12.91949481272144
            ],
            [
              80.23498600920979,
              12.919836996040244
            ],
            [
              80.23552150531829,
              12.9198262341712
            ],
            [
              80.2355143581385,
              12.919484051146942
            ]
          ]
        ]
      }
    },
    {
      "type": "Feature",
      "properties": {
        "parcel_id": "ULPIN-2026-7849-00074",
        "survey_number": "SY-105/74",
        "area_sqm": 2216.67,
        "perimeter_m": 192.67,
        "confidence_score": 0.93,
        "verification_status": "AI Confirmed",
        "building_count": 1,
        "building_coverage_ratio": 0.796,
        "landuse_class": "Vacant/Green",
        "owner_record": "Property Owner 74",
        "has_gnss_control": true,
        "tax_assessment_annual_inr": 997501,
        "tax_rate_per_sqm": 450,
        "lulc_confidence": 0.909
      },
      "geometry": {
        "type": "Polygon",
        "coordinates": [
          [
            [
              80.23552150531829,
              12.9198262341712
            ],
            [
              80.23498600920979,
              12.919836996040244
            ],
            [
              80.23499315587222,
              12.920179179346215
            ],
            [
              80.23552865270361,
              12.920168417182618
            ],
            [
              80.23552150531829,
              12.9198262341712
            ]
          ]
        ]
      }
    },
    {
      "type": "Feature",
      "properties": {
        "parcel_id": "ULPIN-2026-7849-00075",
        "survey_number": "SY-106/75",
        "area_sqm": 2635.39,
        "perimeter_m": 206.09,
        "confidence_score": 0.98,
        "verification_status": "AI Confirmed",
        "building_count": 1,
        "building_coverage_ratio": 0.704,
        "landuse_class": "Vacant/Green",
        "owner_record": "Property Owner 75",
        "has_gnss_control": true,
        "tax_assessment_annual_inr": 1185925,
        "tax_rate_per_sqm": 450,
        "lulc_confidence": 0.964
      },
      "geometry": {
        "type": "Polygon",
        "coordinates": [
          [
            [
              80.23441958059107,
              12.918366461875436
            ],
            [
              80.23442092891312,
              12.918366369717006
            ],
            [
              80.23442226153394,
              12.918366148363917
            ],
            [
              80.23442356561962,
              12.9183657999479
            ],
            [
              80.23442482861111,
              12.918365327824407
            ],
            [
              80.23442603834513,
              12.918364736540244
            ],
            [
              80.23442718317126,
              12.918364031789807
            ],
            [
              80.2344282520642,
              12.918363220360215
            ],
            [
              80.23442923472993,
              12.918362310065989
            ],
            [
              80.23443012170485,
              12.918361309673761
            ],
            [
              80.23443090444688,
              12.918360228817859
            ],
            [
              80.23443157541782,
              12.91835907790751
            ],
            [
              80.23443212815583,
              12.918357868026613
            ],
            [
              80.23443255733777,
              12.918356610826983
            ],
            [
              80.23443285883037,
              12.918355318416143
            ],
            [
              80.23443302973008,
              12.91835400324071
            ],
            [
              80.23443306839108,
              12.918352677966544
            ],
            [
              80.23442554749681,
              12.91799248463797
            ],
            [
              80.23442545354769,
              12.917991162028095
            ],
            [
              80.23442522789246,
              12.917989854819982
            ],
            [
              80.23442487270434,
              12.91798857560275
            ],
            [
              80.23442439140398,
              12.917987336695973
            ],
            [
              80.23442378862657,
              12.917986150030984
            ],
            [
              80.23442307017717,
              12.91798502703603
            ],
            [
              80.23442224297486,
              12.91798397852615
            ],
            [
              80.23442131498605,
              12.917983014599073
            ],
            [
              80.23442029514776,
              12.917982144537941
            ],
            [
              80.2344191932816,
              12.917981376721922
            ],
            [
              80.23441801999915,
              12.917980718545504
            ],
            [
              80.23441678659975,
              12.917980176347278
            ],
            [
              80.2344155049617,
              12.917979755348911
            ],
            [
              80.23441418742789,
              12.91797945960485
            ],
            [
              80.23441284668688,
              12.917979291963265
            ],
            [
              80.23441149565076,
              12.917979254038652
            ],
            [
              80.23387600252073,
              12.917990012121663
            ],
            [
              80.23387465419933,
              12.917990104276557
            ],
            [
              80.23387332157878,
              12.917990325626256
            ],
            [
              80.23387201749298,
              12.917990674039057
            ],
            [
              80.233870754501,
              12.917991146159535
            ],
            [
              80.2338695447661,
              12.917991737440934
            ],
            [
              80.2338683999387,
              12.917992442188867
            ],
            [
              80.23386733104415,
              12.917993253616249
            ],
            [
              80.23386634837644,
              12.917994163908585
            ],
            [
              80.23386546139922,
              12.917995164299262
            ],
            [
              80.2338646786546,
              12.917996245153978
            ],
            [
              80.23386400768075,
              12.9179973960635
            ],
            [
              80.23386345493961,
              12.917998605943954
            ],
            [
              80.23386302575433,
              12.917999863143514
            ],
            [
              80.23386272425822,
              12.918001155554675
            ],
            [
              80.23386255335485,
              12.918002470730807
            ],
            [
              80.2338625146901,
              12.918003796006046
            ],
            [
              80.23387003478442,
              12.918363989660547
            ],
            [
              80.23387012873162,
              12.918365312271668
            ],
            [
              80.23387035438523,
              12.91836661948122
            ],
            [
              80.23387070957212,
              12.918367898700069
            ],
            [
              80.23387119087161,
              12.918369137608627
            ],
            [
              80.23387179364855,
              12.918370324275527
            ],
            [
              80.23387251209786,
              12.918371447272518
            ],
            [
              80.2338733393005,
              12.918372495784519
            ],
            [
              80.23387426729002,
              12.918373459713798
            ],
            [
              80.2338752871294,
              12.918374329777185
            ],
            [
              80.233876388997,
              12.918375097595476
            ],
            [
              80.23387756228126,
              12.918375755774171
            ],
            [
              80.23387879568281,
              12.918376297974657
            ],
            [
              80.2338800773233,
              12.918376718975239
            ],
            [
              80.23388139485984,
              12.918377014721457
            ],
            [
              80.23388273560381,
              12.918377182365097
            ],
            [
              80.23388408664316,
              12.918377220291681
            ],
            [
              80.23441958059107,
              12.918366461875436
            ]
          ]
        ]
      }
    },
    {
      "type": "Feature",
      "properties": {
        "parcel_id": "ULPIN-2026-7849-00076",
        "survey_number": "SY-106/76",
        "area_sqm": 2333.33,
        "perimeter_m": 196.67,
        "confidence_score": 0.93,
        "verification_status": "AI Confirmed",
        "building_count": 1,
        "building_coverage_ratio": 0.795,
        "landuse_class": "Vacant/Green",
        "owner_record": "Property Owner 76",
        "has_gnss_control": true,
        "tax_assessment_annual_inr": 1049998,
        "tax_rate_per_sqm": 450,
        "lulc_confidence": 0.918
      },
      "geometry": {
        "type": "Polygon",
        "coordinates": [
          [
            [
              80.2344268196562,
              12.91871314794792
            ],
            [
              80.23441929855382,
              12.918352954625593
            ],
            [
              80.23388380463446,
              12.918363713030212
            ],
            [
              80.233891324976,
              12.918723906662525
            ],
            [
              80.2344268196562,
              12.91871314794792
            ]
          ]
        ]
      }
    },
    {
      "type": "Feature",
      "properties": {
        "parcel_id": "ULPIN-2026-7849-00077",
        "survey_number": "SY-106/77",
        "area_sqm": 2333.33,
        "perimeter_m": 196.67,
        "confidence_score": 0.93,
        "verification_status": "AI Confirmed",
        "building_count": 1,
        "building_coverage_ratio": 0.795,
        "landuse_class": "Vacant/Green",
        "owner_record": "Property Owner 77",
        "has_gnss_control": true,
        "tax_assessment_annual_inr": 1049998,
        "tax_rate_per_sqm": 450,
        "lulc_confidence": 0.908
      },
      "geometry": {
        "type": "Polygon",
        "coordinates": [
          [
            [
              80.2344343409863,
              12.919073341256027
            ],
            [
              80.2344268196562,
              12.91871314794792
            ],
            [
              80.233891324976,
              12.918723906662525
            ],
            [
              80.23389884554521,
              12.91908410028062
            ],
            [
              80.2344343409863,
              12.919073341256027
            ]
          ]
        ]
      }
    },
    {
      "type": "Feature",
      "properties": {
        "parcel_id": "ULPIN-2026-7849-00078",
        "survey_number": "SY-106/78",
        "area_sqm": 2333.33,
        "perimeter_m": 196.67,
        "confidence_score": 0.93,
        "verification_status": "AI Confirmed",
        "building_count": 0,
        "building_coverage_ratio": 0.0,
        "landuse_class": "Vacant/Green",
        "owner_record": "Property Owner 78",
        "has_gnss_control": true,
        "tax_assessment_annual_inr": 1049998,
        "tax_rate_per_sqm": 450,
        "lulc_confidence": 0.912
      },
      "geometry": {
        "type": "Polygon",
        "coordinates": [
          [
            [
              80.2344343409863,
              12.919073341256027
            ],
            [
              80.23389884554521,
              12.91908410028062
            ],
            [
              80.23390636634208,
              12.919444293884496
            ],
            [
              80.23444186254406,
              12.919433534549912
            ],
            [
              80.2344343409863,
              12.919073341256027
            ]
          ]
        ]
      }
    },
    {
      "type": "Feature",
      "properties": {
        "parcel_id": "ULPIN-2026-7849-00079",
        "survey_number": "SY-106/79",
        "area_sqm": 2333.33,
        "perimeter_m": 196.67,
        "confidence_score": 0.93,
        "verification_status": "AI Confirmed",
        "building_count": 1,
        "building_coverage_ratio": 0.803,
        "landuse_class": "Vacant/Green",
        "owner_record": "Property Owner 79",
        "has_gnss_control": true,
        "tax_assessment_annual_inr": 1049998,
        "tax_rate_per_sqm": 450,
        "lulc_confidence": 0.908
      },
      "geometry": {
        "type": "Polygon",
        "coordinates": [
          [
            [
              80.23441929855382,
              12.918352954625593
            ],
            [
              80.23495479198897,
              12.918342195132112
            ],
            [
              80.23494727035344,
              12.917982002105587
            ],
            [
              80.23441177767913,
              12.91799276128905
            ],
            [
              80.23441929855382,
              12.918352954625593
            ]
          ]
        ]
      }
    },
    {
      "type": "Feature",
      "properties": {
        "parcel_id": "ULPIN-2026-7849-00080",
        "survey_number": "SY-106/80",
        "area_sqm": 1992.29,
        "perimeter_m": 182.27,
        "confidence_score": 0.78,
        "verification_status": "Needs GT Verification",
        "building_count": 1,
        "building_coverage_ratio": 0.94,
        "landuse_class": "Vacant/Green",
        "owner_record": "Property Owner 80",
        "has_gnss_control": true,
        "tax_assessment_annual_inr": 896530,
        "tax_rate_per_sqm": 450,
        "lulc_confidence": 0.908
      },
      "geometry": {
        "type": "Polygon",
        "coordinates": [
          [
            [
              80.23443616080426,
              12.918368831334025
            ],
            [
              80.23444300502881,
              12.918696607248641
            ],
            [
              80.23494545155086,
              12.918686511491815
            ],
            [
              80.23493860667668,
              12.918358735841913
            ],
            [
              80.23443616080426,
              12.918368831334025
            ]
          ]
        ]
      }
    },
    {
      "type": "Feature",
      "properties": {
        "parcel_id": "ULPIN-2026-7849-00081",
        "survey_number": "SY-106/81",
        "area_sqm": 2333.33,
        "perimeter_m": 196.67,
        "confidence_score": 0.93,
        "verification_status": "Needs GT Verification",
        "building_count": 1,
        "building_coverage_ratio": 0.802,
        "landuse_class": "Vacant/Green",
        "owner_record": "Property Owner 81",
        "has_gnss_control": true,
        "tax_assessment_annual_inr": 1049998,
        "tax_rate_per_sqm": 450,
        "lulc_confidence": 0.938
      },
      "geometry": {
        "type": "Polygon",
        "coordinates": [
          [
            [
              80.2344268196562,
              12.91871314794792
            ],
            [
              80.2344343409863,
              12.919073341256027
            ],
            [
              80.23496983594315,
              12.919062581142509
            ],
            [
              80.2349623138522,
              12.91870238814442
            ],
            [
              80.2344268196562,
              12.91871314794792
            ]
          ]
        ]
      }
    },
    {
      "type": "Feature",
      "properties": {
        "parcel_id": "ULPIN-2026-7849-00082",
        "survey_number": "SY-106/82",
        "area_sqm": 2333.33,
        "perimeter_m": 196.67,
        "confidence_score": 0.93,
        "verification_status": "Needs GT Verification",
        "building_count": 1,
        "building_coverage_ratio": 0.803,
        "landuse_class": "Vacant/Green",
        "owner_record": "Property Owner 82",
        "has_gnss_control": true,
        "tax_assessment_annual_inr": 1049998,
        "tax_rate_per_sqm": 450,
        "lulc_confidence": 0.948
      },
      "geometry": {
        "type": "Polygon",
        "coordinates": [
          [
            [
              80.23496983594315,
              12.919062581142509
            ],
            [
              80.2344343409863,
              12.919073341256027
            ],
            [
              80.23444186254406,
              12.919433534549912
            ],
            [
              80.23497735826182,
              12.919422774126373
            ],
            [
              80.23496983594315,
              12.919062581142509
            ]
          ]
        ]
      }
    },
    {
      "type": "Feature",
      "properties": {
        "parcel_id": "ULPIN-2026-7849-00083",
        "survey_number": "SY-106/83",
        "area_sqm": 2333.33,
        "perimeter_m": 196.67,
        "confidence_score": 0.93,
        "verification_status": "Needs GT Verification",
        "building_count": 1,
        "building_coverage_ratio": 0.803,
        "landuse_class": "Vacant/Green",
        "owner_record": "Property Owner 83",
        "has_gnss_control": true,
        "tax_assessment_annual_inr": 1049998,
        "tax_rate_per_sqm": 450,
        "lulc_confidence": 0.959
      },
      "geometry": {
        "type": "Polygon",
        "coordinates": [
          [
            [
              80.23548276254348,
              12.917971241833303
            ],
            [
              80.23494727035344,
              12.917982002105587
            ],
            [
              80.23495479198897,
              12.918342195132112
            ],
            [
              80.23549028493983,
              12.918331434549774
            ],
            [
              80.23548276254348,
              12.917971241833303
            ]
          ]
        ]
      }
    },
    {
      "type": "Feature",
      "properties": {
        "parcel_id": "ULPIN-2026-7849-00084",
        "survey_number": "SY-106/84",
        "area_sqm": 2333.33,
        "perimeter_m": 196.67,
        "confidence_score": 0.93,
        "verification_status": "Needs GT Verification",
        "building_count": 1,
        "building_coverage_ratio": 0.803,
        "landuse_class": "Vacant/Green",
        "owner_record": "Property Owner 84",
        "has_gnss_control": true,
        "tax_assessment_annual_inr": 1049998,
        "tax_rate_per_sqm": 450,
        "lulc_confidence": 0.885
      },
      "geometry": {
        "type": "Polygon",
        "coordinates": [
          [
            [
              80.23549028493983,
              12.918331434549774
            ],
            [
              80.23495479198897,
              12.918342195132112
            ],
            [
              80.2349623138522,
              12.91870238814442
            ],
            [
              80.2354978075639,
              12.91869162725204
            ],
            [
              80.23549028493983,
              12.918331434549774
            ]
          ]
        ]
      }
    },
    {
      "type": "Feature",
      "properties": {
        "parcel_id": "ULPIN-2026-7849-00085",
        "survey_number": "SY-106/85",
        "area_sqm": 2635.39,
        "perimeter_m": 206.09,
        "confidence_score": 0.9,
        "verification_status": "Needs GT Verification",
        "building_count": 1,
        "building_coverage_ratio": 0.711,
        "landuse_class": "Vacant/Green",
        "owner_record": "Property Owner 85",
        "has_gnss_control": false,
        "tax_assessment_annual_inr": 1185925,
        "tax_rate_per_sqm": 450,
        "lulc_confidence": 0.894
      },
      "geometry": {
        "type": "Polygon",
        "coordinates": [
          [
            [
              80.23551157739581,
              12.918691350529016
            ],
            [
              80.23551148343934,
              12.918690027921865
            ],
            [
              80.23551125777672,
              12.918688720717151
            ],
            [
              80.23551090258121,
              12.918687441503952
            ],
            [
              80.23551042127353,
              12.918686202601792
            ],
            [
              80.23550981848894,
              12.918685015941982
            ],
            [
              80.23550910003259,
              12.918683892952705
            ],
            [
              80.23550827282361,
              12.91868284444895
            ],
            [
              80.23550734482846,
              12.91868188052838
            ],
            [
              80.23550632498426,
              12.918681010474083
            ],
            [
              80.23550522311264,
              12.918680242665156
            ],
            [
              80.23550404982525,
              12.918679584496022
            ],
            [
              80.23550281642147,
              12.918679042305195
            ],
            [
              80.23550153477967,
              12.918678621314283
            ],
            [
              80.23550021724274,
              12.918678325577645
            ],
            [
              80.23549887649928,
              12.918678157943402
            ],
            [
              80.23549752546138,
              12.918678120025957
            ],
            [
              80.23496203177822,
              12.918688880906716
            ],
            [
              80.23496068345577,
              12.918688973068544
            ],
            [
              80.23495935083493,
              12.918689194424879
            ],
            [
              80.23495804674954,
              12.918689542843945
            ],
            [
              80.23495678375869,
              12.918690014970267
            ],
            [
              80.23495557402563,
              12.918690606257023
            ],
            [
              80.2349544292008,
              12.91869131100979
            ],
            [
              80.23495336030945,
              12.918692122441424
            ],
            [
              80.23495237764558,
              12.918693032737387
            ],
            [
              80.23495149067283,
              12.918694033131041
            ],
            [
              80.2349507079332,
              12.918695113988042
            ],
            [
              80.23495003696489,
              12.918696264899145
            ],
            [
              80.23494948422973,
              12.918697474780455
            ],
            [
              80.23494905505083,
              12.918698731980152
            ],
            [
              80.23494875356144,
              12.91870002439072
            ],
            [
              80.23494858266506,
              12.918701339565523
            ],
            [
              80.23494854400751,
              12.918702664838719
            ],
            [
              80.2349560660789,
              12.919062857844784
            ],
            [
              80.23495616003342,
              12.919064180453175
            ],
            [
              80.23495638569447,
              12.919065487659335
            ],
            [
              80.23495674088872,
              12.919066766874149
            ],
            [
              80.23495722219555,
              12.919068005778083
            ],
            [
              80.23495782497966,
              12.919069192439803
            ],
            [
              80.23495854343592,
              12.91907031543112
            ],
            [
              80.23495937064524,
              12.919071363937006
            ],
            [
              80.23496029864108,
              12.919072327859771
            ],
            [
              80.23496131848638,
              12.919073197916315
            ],
            [
              80.23496242035945,
              12.919073965727522
            ],
            [
              80.23496359364866,
              12.919074623898938
            ],
            [
              80.23496482705457,
              12.919075166092018
            ],
            [
              80.23496610869881,
              12.91907558708515
            ],
            [
              80.23496742623848,
              12.919075882823932
            ],
            [
              80.2349687669849,
              12.919076050460246
            ],
            [
              80.23497011802598,
              12.91907608837966
            ],
            [
              80.23550561252709,
              12.919065327165592
            ],
            [
              80.2355069608502,
              12.91906523500024
            ],
            [
              80.23550829347133,
              12.919065013640507
            ],
            [
              80.23550959755661,
              12.91906466521822
            ],
            [
              80.23551086054695,
              12.919064193088888
            ],
            [
              80.23551207027911,
              12.919063601799365
            ],
            [
              80.2355132151027,
              12.919062897044093
            ],
            [
              80.23551428399243,
              12.919062085610252
            ],
            [
              80.2355152666543,
              12.919061175312395
            ],
            [
              80.23551615362476,
              12.919060174917199
            ],
            [
              80.23551693636179,
              12.919059094059007
            ],
            [
              80.2355176073272,
              12.919057943147076
            ],
            [
              80.23551816005924,
              12.919056733265316
            ],
            [
              80.2355185892348,
              12.919055476065555
            ],
            [
              80.23551889072068,
              12.919054183655314
            ],
            [
              80.23551906161342,
              12.919052868481202
            ],
            [
              80.2355191002672,
              12.919051543209076
            ],
            [
              80.23551157739581,
              12.918691350529016
            ]
          ]
        ]
      }
    },
    {
      "type": "Feature",
      "properties": {
        "parcel_id": "ULPIN-2026-7849-00086",
        "survey_number": "SY-106/86",
        "area_sqm": 2333.33,
        "perimeter_m": 196.67,
        "confidence_score": 0.85,
        "verification_status": "Needs GT Verification",
        "building_count": 1,
        "building_coverage_ratio": 0.803,
        "landuse_class": "Vacant/Green",
        "owner_record": "Property Owner 86",
        "has_gnss_control": false,
        "tax_assessment_annual_inr": 1049998,
        "tax_rate_per_sqm": 450,
        "lulc_confidence": 0.945
      },
      "geometry": {
        "type": "Polygon",
        "coordinates": [
          [
            [
              80.23550533041572,
              12.91905181994007
            ],
            [
              80.23496983594315,
              12.919062581142509
            ],
            [
              80.23497735826182,
              12.919422774126373
            ],
            [
              80.23551285349527,
              12.919412012613886
            ],
            [
              80.23550533041572,
              12.91905181994007
            ]
          ]
        ]
      }
    },
    {
      "type": "Feature",
      "properties": {
        "parcel_id": "ULPIN-2026-7849-00087",
        "survey_number": "SY-107/87",
        "area_sqm": 2216.67,
        "perimeter_m": 192.67,
        "confidence_score": 0.93,
        "verification_status": "AI Confirmed",
        "building_count": 1,
        "building_coverage_ratio": 0.789,
        "landuse_class": "Vacant/Green",
        "owner_record": "Property Owner 87",
        "has_gnss_control": true,
        "tax_assessment_annual_inr": 997501,
        "tax_rate_per_sqm": 450,
        "lulc_confidence": 0.917
      },
      "geometry": {
        "type": "Polygon",
        "coordinates": [
          [
            [
              80.2343809444733,
              12.91651596846059
            ],
            [
              80.23437380074004,
              12.91617378472233
            ],
            [
              80.23383831142331,
              12.916184541251546
            ],
            [
              80.23384545443389,
              12.916526725284287
            ],
            [
              80.2343809444733,
              12.91651596846059
            ]
          ]
        ]
      }
    },
    {
      "type": "Feature",
      "properties": {
        "parcel_id": "ULPIN-2026-7849-00088",
        "survey_number": "SY-107/88",
        "area_sqm": 2333.33,
        "perimeter_m": 196.67,
        "confidence_score": 0.98,
        "verification_status": "AI Confirmed",
        "building_count": 1,
        "building_coverage_ratio": 0.75,
        "landuse_class": "Vacant/Green",
        "owner_record": "Property Owner 88",
        "has_gnss_control": true,
        "tax_assessment_annual_inr": 1049998,
        "tax_rate_per_sqm": 450,
        "lulc_confidence": 0.919
      },
      "geometry": {
        "type": "Polygon",
        "coordinates": [
          [
            [
              80.23438808841202,
              12.916858152186016
            ],
            [
              80.23438056848221,
              12.916497958790476
            ],
            [
              80.23384507848083,
              12.916508715598672
            ],
            [
              80.23385259764991,
              12.916868909304196
            ],
            [
              80.23438808841202,
              12.916858152186016
            ]
          ]
        ]
      }
    },
    {
      "type": "Feature",
      "properties": {
        "parcel_id": "ULPIN-2026-7849-00089",
        "survey_number": "SY-107/89",
        "area_sqm": 2216.67,
        "perimeter_m": 192.67,
        "confidence_score": 0.85,
        "verification_status": "AI Confirmed",
        "building_count": 1,
        "building_coverage_ratio": 0.789,
        "landuse_class": "Vacant/Green",
        "owner_record": "Property Owner 89",
        "has_gnss_control": false,
        "tax_assessment_annual_inr": 997501,
        "tax_rate_per_sqm": 450,
        "lulc_confidence": 0.946
      },
      "geometry": {
        "type": "Polygon",
        "coordinates": [
          [
            [
              80.23439523255622,
              12.917200335898615
            ],
            [
              80.23438808841202,
              12.916858152186016
            ],
            [
              80.23385259764991,
              12.916868909304196
            ],
            [
              80.23385974107141,
              12.917211093311277
            ],
            [
              80.23439523255622,
              12.917200335898615
            ]
          ]
        ]
      }
    },
    {
      "type": "Feature",
      "properties": {
        "parcel_id": "ULPIN-2026-7849-00090",
        "survey_number": "SY-107/90",
        "area_sqm": 1882.83,
        "perimeter_m": 178.27,
        "confidence_score": 0.78,
        "verification_status": "Needs GT Verification",
        "building_count": 1,
        "building_coverage_ratio": 0.929,
        "landuse_class": "Vacant/Green",
        "owner_record": "Property Owner 90",
        "has_gnss_control": true,
        "tax_assessment_annual_inr": 847273,
        "tax_rate_per_sqm": 450,
        "lulc_confidence": 0.888
      },
      "geometry": {
        "type": "Polygon",
        "coordinates": [
          [
            [
              80.23438551473348,
              12.917526642865058
            ],
            [
              80.2343790472371,
              12.917216876560202
            ],
            [
              80.23387660319466,
              12.917226970099916
            ],
            [
              80.23388307007714,
              12.91753673665491
            ],
            [
              80.23438551473348,
              12.917526642865058
            ]
          ]
        ]
      }
    },
    {
      "type": "Feature",
      "properties": {
        "parcel_id": "ULPIN-2026-7849-00091",
        "survey_number": "SY-107/91",
        "area_sqm": 2216.67,
        "perimeter_m": 192.67,
        "confidence_score": 0.93,
        "verification_status": "AI Confirmed",
        "building_count": 1,
        "building_coverage_ratio": 0.789,
        "landuse_class": "Vacant/Green",
        "owner_record": "Property Owner 91",
        "has_gnss_control": true,
        "tax_assessment_annual_inr": 997501,
        "tax_rate_per_sqm": 450,
        "lulc_confidence": 0.9
      },
      "geometry": {
        "type": "Polygon",
        "coordinates": [
          [
            [
              80.23440237690593,
              12.917542519598383
            ],
            [
              80.23386688469837,
              12.91755327730553
            ],
            [
              80.2338740285308,
              12.917895461286955
            ],
            [
              80.23440952146112,
              12.917884703285319
            ],
            [
              80.23440237690593,
              12.917542519598383
            ]
          ]
        ]
      }
    },
    {
      "type": "Feature",
      "properties": {
        "parcel_id": "ULPIN-2026-7849-00092",
        "survey_number": "SY-107/92",
        "area_sqm": 2216.67,
        "perimeter_m": 192.67,
        "confidence_score": 0.93,
        "verification_status": "AI Confirmed",
        "building_count": 1,
        "building_coverage_ratio": 0.796,
        "landuse_class": "Vacant/Green",
        "owner_record": "Property Owner 92",
        "has_gnss_control": true,
        "tax_assessment_annual_inr": 997501,
        "tax_rate_per_sqm": 450,
        "lulc_confidence": 0.967
      },
      "geometry": {
        "type": "Polygon",
        "coordinates": [
          [
            [
              80.2343809444733,
              12.91651596846059
            ],
            [
              80.2349164340285,
              12.916505210548188
            ],
            [
              80.23490928957257,
              12.916163027104448
            ],
            [
              80.23437380074004,
              12.91617378472233
            ],
            [
              80.2343809444733,
              12.91651596846059
            ]
          ]
        ]
      }
    },
    {
      "type": "Feature",
      "properties": {
        "parcel_id": "ULPIN-2026-7849-00093",
        "survey_number": "SY-107/93",
        "area_sqm": 2216.67,
        "perimeter_m": 192.67,
        "confidence_score": 0.93,
        "verification_status": "AI Confirmed",
        "building_count": 1,
        "building_coverage_ratio": 0.796,
        "landuse_class": "Vacant/Green",
        "owner_record": "Property Owner 93",
        "has_gnss_control": true,
        "tax_assessment_annual_inr": 997501,
        "tax_rate_per_sqm": 450,
        "lulc_confidence": 0.891
      },
      "geometry": {
        "type": "Polygon",
        "coordinates": [
          [
            [
              80.2343809444733,
              12.91651596846059
            ],
            [
              80.23438808841202,
              12.916858152186016
            ],
            [
              80.23492357868992,
              12.916847393979102
            ],
            [
              80.2349164340285,
              12.916505210548188
            ],
            [
              80.2343809444733,
              12.91651596846059
            ]
          ]
        ]
      }
    },
    {
      "type": "Feature",
      "properties": {
        "parcel_id": "ULPIN-2026-7849-00094",
        "survey_number": "SY-107/94",
        "area_sqm": 2216.67,
        "perimeter_m": 192.67,
        "confidence_score": 0.85,
        "verification_status": "AI Confirmed",
        "building_count": 1,
        "building_coverage_ratio": 0.796,
        "landuse_class": "Vacant/Green",
        "owner_record": "Property Owner 94",
        "has_gnss_control": false,
        "tax_assessment_annual_inr": 997501,
        "tax_rate_per_sqm": 450,
        "lulc_confidence": 0.898
      },
      "geometry": {
        "type": "Polygon",
        "coordinates": [
          [
            [
              80.23438808841202,
              12.916858152186016
            ],
            [
              80.23439523255622,
              12.917200335898615
            ],
            [
              80.23493072355683,
              12.917189577397188
            ],
            [
              80.23492357868992,
              12.916847393979102
            ],
            [
              80.23438808841202,
              12.916858152186016
            ]
          ]
        ]
      }
    },
    {
      "type": "Feature",
      "properties": {
        "parcel_id": "ULPIN-2026-7849-00095",
        "survey_number": "SY-107/95",
        "area_sqm": 2512.72,
        "perimeter_m": 202.09,
        "confidence_score": 0.98,
        "verification_status": "AI Confirmed",
        "building_count": 1,
        "building_coverage_ratio": 0.703,
        "landuse_class": "Vacant/Green",
        "owner_record": "Property Owner 95",
        "has_gnss_control": true,
        "tax_assessment_annual_inr": 1130724,
        "tax_rate_per_sqm": 450,
        "lulc_confidence": 0.883
      },
      "geometry": {
        "type": "Polygon",
        "coordinates": [
          [
            [
              80.23439495054664,
              12.917186828647043
            ],
            [
              80.23439360223071,
              12.91718692080291
            ],
            [
              80.23439226961571,
              12.917187142153477
            ],
            [
              80.23439096553543,
              12.917187490567025
            ],
            [
              80.23438970254888,
              12.917187962688125
            ],
            [
              80.23438849281932,
              12.917188553970005
            ],
            [
              80.2343873479971,
              12.917189258718299
            ],
            [
              80.23438627910747,
              12.917190070145898
            ],
            [
              80.23438529644444,
              12.917190980438303
            ],
            [
              80.2343844094716,
              12.917191980828912
            ],
            [
              80.23438362673096,
              12.917193061683415
            ],
            [
              80.23438295576076,
              12.917194212592582
            ],
            [
              80.23438240302279,
              12.917195422472545
            ],
            [
              80.23438197384026,
              12.917196679671488
            ],
            [
              80.2343816723464,
              12.917197972081903
            ],
            [
              80.23438150144477,
              12.917199287257171
            ],
            [
              80.23438146278126,
              12.91720061253143
            ],
            [
              80.23438860711238,
              12.917542796238775
            ],
            [
              80.23438870106021,
              12.917544118848822
            ],
            [
              80.2343889267139,
              12.917545426057226
            ],
            [
              80.23438928190035,
              12.917546705274844
            ],
            [
              80.23438976319883,
              12.917547944182102
            ],
            [
              80.23439036597424,
              12.917549130847656
            ],
            [
              80.23439108442147,
              12.917550253843265
            ],
            [
              80.23439191162154,
              12.917551302353855
            ],
            [
              80.234392839608,
              12.917552266281712
            ],
            [
              80.2343938594439,
              12.917553136343669
            ],
            [
              80.2343949613076,
              12.917553904160561
            ],
            [
              80.23439613458758,
              12.917554562337891
            ],
            [
              80.23439736798451,
              12.917555104537039
            ],
            [
              80.23439864962009,
              12.917555525536356
            ],
            [
              80.23439996715148,
              12.917555821281354
            ],
            [
              80.23440130789011,
              12.917555988923882
            ],
            [
              80.23440265892394,
              12.917556026849422
            ],
            [
              80.2349381506758,
              12.917545268041856
            ],
            [
              80.2349394989923,
              12.917545175882495
            ],
            [
              80.2349408316075,
              12.91754495452857
            ],
            [
              80.23494213568758,
              12.91754460611185
            ],
            [
              80.23494339867355,
              12.917544133987768
            ],
            [
              80.23494460840216,
              12.917543542703152
            ],
            [
              80.23494575322306,
              12.91754283795239
            ],
            [
              80.23494682211101,
              12.917542026522618
            ],
            [
              80.23494780477202,
              12.917541116228348
            ],
            [
              80.23494869174253,
              12.917540115836212
            ],
            [
              80.23494947448054,
              12.917539034980543
            ],
            [
              80.23495014544784,
              12.917537884070567
            ],
            [
              80.23495069818267,
              12.917536674190169
            ],
            [
              80.23495112736187,
              12.917535416991173
            ],
            [
              80.23495142885223,
              12.917534124581085
            ],
            [
              80.23495159975025,
              12.917532809406516
            ],
            [
              80.23495163841004,
              12.917531484133326
            ],
            [
              80.23494449331903,
              12.91718930073565
            ],
            [
              80.2349443993692,
              12.91718797812685
            ],
            [
              80.23494417371384,
              12.917186670919895
            ],
            [
              80.23494381852612,
              12.917185391703917
            ],
            [
              80.2349433372267,
              12.917184152798445
            ],
            [
              80.23494273445074,
              12.917182966134824
            ],
            [
              80.23494201600333,
              12.917181843141277
            ],
            [
              80.23494118880349,
              12.917180794632827
            ],
            [
              80.23494026081762,
              12.917179830707203
            ],
            [
              80.23493924098274,
              12.917178960647522
            ],
            [
              80.23493813912039,
              12.917178192832937
            ],
            [
              80.23493696584211,
              12.917177534657927
            ],
            [
              80.23493573244724,
              12.917176992461066
            ],
            [
              80.23493445081397,
              12.917176571464013
            ],
            [
              80.23493313328522,
              12.917176275721193
            ],
            [
              80.23493179254946,
              12.917176108080781
            ],
            [
              80.23493044151871,
              12.917176070157245
            ],
            [
              80.23439495054664,
              12.917186828647043
            ]
          ]
        ]
      }
    },
    {
      "type": "Feature",
      "properties": {
        "parcel_id": "ULPIN-2026-7849-00096",
        "survey_number": "SY-107/96",
        "area_sqm": 2453.33,
        "perimeter_m": 202.67,
        "confidence_score": 0.98,
        "verification_status": "AI Confirmed",
        "building_count": 2,
        "building_coverage_ratio": 0.725,
        "landuse_class": "Vacant/Green",
        "owner_record": "Property Owner 96",
        "has_gnss_control": true,
        "tax_assessment_annual_inr": 1103998,
        "tax_rate_per_sqm": 450,
        "lulc_confidence": 0.956
      },
      "geometry": {
        "type": "Polygon",
        "coordinates": [
          [
            [
              80.23437446129692,
              12.917525063209558
            ],
            [
              80.2343819818365,
              12.917885256580533
            ],
            [
              80.2349450139072,
              12.917873944194861
            ],
            [
              80.2349374925677,
              12.91751375114985
            ],
            [
              80.23437446129692,
              12.917525063209558
            ]
          ]
        ]
      }
    },
    {
      "type": "Feature",
      "properties": {
        "parcel_id": "ULPIN-2026-7849-00097",
        "survey_number": "SY-107/97",
        "area_sqm": 2216.67,
        "perimeter_m": 192.67,
        "confidence_score": 0.85,
        "verification_status": "AI Confirmed",
        "building_count": 1,
        "building_coverage_ratio": 0.796,
        "landuse_class": "Vacant/Green",
        "owner_record": "Property Owner 97",
        "has_gnss_control": false,
        "tax_assessment_annual_inr": 997501,
        "tax_rate_per_sqm": 450,
        "lulc_confidence": 0.896
      },
      "geometry": {
        "type": "Polygon",
        "coordinates": [
          [
            [
              80.23544477792083,
              12.916152268397896
            ],
            [
              80.23490928957257,
              12.916163027104448
            ],
            [
              80.2349164340285,
              12.916505210548188
            ],
            [
              80.23545192309942,
              12.916494451547093
            ],
            [
              80.23544477792083,
              12.916152268397896
            ]
          ]
        ]
      }
    },
    {
      "type": "Feature",
      "properties": {
        "parcel_id": "ULPIN-2026-7849-00098",
        "survey_number": "SY-107/98",
        "area_sqm": 2216.67,
        "perimeter_m": 192.67,
        "confidence_score": 0.93,
        "verification_status": "AI Confirmed",
        "building_count": 1,
        "building_coverage_ratio": 0.796,
        "landuse_class": "Vacant/Green",
        "owner_record": "Property Owner 98",
        "has_gnss_control": true,
        "tax_assessment_annual_inr": 997501,
        "tax_rate_per_sqm": 450,
        "lulc_confidence": 0.889
      },
      "geometry": {
        "type": "Polygon",
        "coordinates": [
          [
            [
              80.23545192309942,
              12.916494451547093
            ],
            [
              80.2349164340285,
              12.916505210548188
            ],
            [
              80.23492357868992,
              12.916847393979102
            ],
            [
              80.23545906848354,
              12.916836634683467
            ],
            [
              80.23545192309942,
              12.916494451547093
            ]
          ]
        ]
      }
    },
    {
      "type": "Feature",
      "properties": {
        "parcel_id": "ULPIN-2026-7849-00099",
        "survey_number": "SY-107/99",
        "area_sqm": 2216.67,
        "perimeter_m": 192.67,
        "confidence_score": 0.93,
        "verification_status": "AI Confirmed",
        "building_count": 1,
        "building_coverage_ratio": 0.796,
        "landuse_class": "Vacant/Green",
        "owner_record": "Property Owner 99",
        "has_gnss_control": true,
        "tax_assessment_annual_inr": 997501,
        "tax_rate_per_sqm": 450,
        "lulc_confidence": 0.94
      },
      "geometry": {
        "type": "Polygon",
        "coordinates": [
          [
            [
              80.23545906848354,
              12.916836634683467
            ],
            [
              80.23492357868992,
              12.916847393979102
            ],
            [
              80.23493072355683,
              12.917189577397188
            ],
            [
              80.23546621407316,
              12.917178817807002
            ],
            [
              80.23545906848354,
              12.916836634683467
            ]
          ]
        ]
      }
    },
    {
      "type": "Feature",
      "properties": {
        "parcel_id": "ULPIN-2026-7849-00100",
        "survey_number": "SY-107/100",
        "area_sqm": 1882.83,
        "perimeter_m": 178.27,
        "confidence_score": 0.78,
        "verification_status": "Needs GT Verification",
        "building_count": 1,
        "building_coverage_ratio": 0.938,
        "landuse_class": "Vacant/Green",
        "owner_record": "Property Owner 100",
        "has_gnss_control": true,
        "tax_assessment_annual_inr": 847273,
        "tax_rate_per_sqm": 450,
        "lulc_confidence": 0.938
      },
      "geometry": {
        "type": "Polygon",
        "coordinates": [
          [
            [
              80.23545002885237,
              12.91719535850788
            ],
            [
              80.23494758571866,
              12.917205454090732
            ],
            [
              80.23495405390968,
              12.917515220112522
            ],
            [
              80.23545649765727,
              12.917505124279488
            ],
            [
              80.23545002885237,
              12.91719535850788
            ]
          ]
        ]
      }
    },
    {
      "type": "Feature",
      "properties": {
        "parcel_id": "ULPIN-2026-7849-00101",
        "survey_number": "SY-107/101",
        "area_sqm": 2216.67,
        "perimeter_m": 192.67,
        "confidence_score": 0.93,
        "verification_status": "Needs GT Verification",
        "building_count": 1,
        "building_coverage_ratio": 0.796,
        "landuse_class": "Vacant/Green",
        "owner_record": "Property Owner 101",
        "has_gnss_control": true,
        "tax_assessment_annual_inr": 997501,
        "tax_rate_per_sqm": 450,
        "lulc_confidence": 0.898
      },
      "geometry": {
        "type": "Polygon",
        "coordinates": [
          [
            [
              80.23547335986831,
              12.917521000917715
            ],
            [
              80.23493786862926,
              12.917531760802435
            ],
            [
              80.2349450139072,
              12.917873944194861
            ],
            [
              80.23548050586899,
              12.917863184015584
            ],
            [
              80.23547335986831,
              12.917521000917715
            ]
          ]
        ]
      }
    },
    {
      "type": "Feature",
      "properties": {
        "parcel_id": "ULPIN-2026-7849-00102",
        "survey_number": "SY-108/102",
        "area_sqm": 2129.17,
        "perimeter_m": 189.67,
        "confidence_score": 0.93,
        "verification_status": "Needs GT Verification",
        "building_count": 1,
        "building_coverage_ratio": 0.784,
        "landuse_class": "Vacant/Green",
        "owner_record": "Property Owner 102",
        "has_gnss_control": true,
        "tax_assessment_annual_inr": 958126,
        "tax_rate_per_sqm": 450,
        "lulc_confidence": 0.948
      },
      "geometry": {
        "type": "Polygon",
        "coordinates": [
          [
            [
              80.23435171286486,
              12.915115716503138
            ],
            [
              80.23434485192485,
              12.914787039967527
            ],
            [
              80.2338093655366,
              12.914797795303324
            ],
            [
              80.23381622578256,
              12.91512647212179
            ],
            [
              80.23435171286486,
              12.915115716503138
            ]
          ]
        ]
      }
    },
    {
      "type": "Feature",
      "properties": {
        "parcel_id": "ULPIN-2026-7849-00103",
        "survey_number": "SY-108/103",
        "area_sqm": 2129.17,
        "perimeter_m": 189.67,
        "confidence_score": 0.93,
        "verification_status": "Needs GT Verification",
        "building_count": 1,
        "building_coverage_ratio": 0.784,
        "landuse_class": "Vacant/Green",
        "owner_record": "Property Owner 103",
        "has_gnss_control": true,
        "tax_assessment_annual_inr": 958126,
        "tax_rate_per_sqm": 450,
        "lulc_confidence": 0.881
      },
      "geometry": {
        "type": "Polygon",
        "coordinates": [
          [
            [
              80.23435857399446,
              12.915444393026915
            ],
            [
              80.23435171286486,
              12.915115716503138
            ],
            [
              80.23381622578256,
              12.91512647212179
            ],
            [
              80.23382308621808,
              12.915455148928414
            ],
            [
              80.23435857399446,
              12.915444393026915
            ]
          ]
        ]
      }
    },
    {
      "type": "Feature",
      "properties": {
        "parcel_id": "ULPIN-2026-7849-00104",
        "survey_number": "SY-108/104",
        "area_sqm": 2245.83,
        "perimeter_m": 193.67,
        "confidence_score": 0.93,
        "verification_status": "Needs GT Verification",
        "building_count": 0,
        "building_coverage_ratio": 0.0,
        "landuse_class": "Vacant/Green",
        "owner_record": "Property Owner 104",
        "has_gnss_control": true,
        "tax_assessment_annual_inr": 1010623,
        "tax_rate_per_sqm": 450,
        "lulc_confidence": 0.951
      },
      "geometry": {
        "type": "Polygon",
        "coordinates": [
          [
            [
              80.23436543531363,
              12.915773069538854
            ],
            [
              80.23435819803724,
              12.915426383354685
            ],
            [
              80.2338227102989,
              12.915437139240689
            ],
            [
              80.23382994684314,
              12.915783825723217
            ],
            [
              80.23436543531363,
              12.915773069538854
            ]
          ]
        ]
      }
    },
    {
      "type": "Feature",
      "properties": {
        "parcel_id": "ULPIN-2026-7849-00105",
        "survey_number": "SY-108/105",
        "area_sqm": 2420.72,
        "perimeter_m": 199.09,
        "confidence_score": 0.98,
        "verification_status": "Needs GT Verification",
        "building_count": 1,
        "building_coverage_ratio": 0.69,
        "landuse_class": "Vacant/Green",
        "owner_record": "Property Owner 105",
        "has_gnss_control": true,
        "tax_assessment_annual_inr": 1089324,
        "tax_rate_per_sqm": 450,
        "lulc_confidence": 0.93
      },
      "geometry": {
        "type": "Polygon",
        "coordinates": [
          [
            [
              80.23437920501078,
              12.915772792936902
            ],
            [
              80.23437911106738,
              12.91577147032647
            ],
            [
              80.23437888541902,
              12.915770163117326
            ],
            [
              80.23437853023876,
              12.915768883898615
            ],
            [
              80.23437804894725,
              12.915767644989906
            ],
            [
              80.23437744617956,
              12.915766458322564
            ],
            [
              80.23437672774068,
              12.915765335324851
            ],
            [
              80.23437590054958,
              12.915764286811841
            ],
            [
              80.23437497257252,
              12.915763322881288
            ],
            [
              80.23437395274647,
              12.91576245281637
            ],
            [
              80.23437285089288,
              12.915761684996287
            ],
            [
              80.23437167762323,
              12.915761026815561
            ],
            [
              80.23437044423673,
              12.915760484612845
            ],
            [
              80.23436916261157,
              12.91576006360983
            ],
            [
              80.23436784509049,
              12.915759767861015
            ],
            [
              80.23436650436194,
              12.91575960021462
            ],
            [
              80.23436515333788,
              12.915759562285174
            ],
            [
              80.23382966489592,
              12.915770318457913
            ],
            [
              80.23382831658607,
              12.915770410608006
            ],
            [
              80.23382698397648,
              12.91577063195299
            ],
            [
              80.2338256799009,
              12.915770980361188
            ],
            [
              80.23382441691831,
              12.91577145247724
            ],
            [
              80.2338232071919,
              12.915772043754409
            ],
            [
              80.23382206237203,
              12.915772748498378
            ],
            [
              80.23382099348387,
              12.915773559922082
            ],
            [
              80.23382001082147,
              12.915774470211066
            ],
            [
              80.23381912384838,
              12.915775470598748
            ],
            [
              80.23381834110661,
              12.915776551450849
            ],
            [
              80.23381767013446,
              12.915777702358168
            ],
            [
              80.2338171173937,
              12.91577891223685
            ],
            [
              80.23381668820754,
              12.915780169435092
            ],
            [
              80.23381638670931,
              12.915781461845391
            ],
            [
              80.23381621580255,
              12.915782777021137
            ],
            [
              80.23381617713324,
              12.915784102296458
            ],
            [
              80.23382303793002,
              12.91611277908669
            ],
            [
              80.23382313187139,
              12.916114101698382
            ],
            [
              80.23382335751808,
              12.91611540890898
            ],
            [
              80.23382371269696,
              12.916116688129334
            ],
            [
              80.23382419398749,
              12.916117927039847
            ],
            [
              80.23382479675458,
              12.91611911370913
            ],
            [
              80.23382551519322,
              12.916120236708913
            ],
            [
              80.23382634238449,
              12.916121285224095
            ],
            [
              80.23382727036207,
              12.9161222491569
            ],
            [
              80.23382829018904,
              12.916123119224117
            ],
            [
              80.2338293920439,
              12.916123887046536
            ],
            [
              80.23383056531517,
              12.916124545229598
            ],
            [
              80.23383179870365,
              12.91612508743464
            ],
            [
              80.23383308033107,
              12.916125508439936
            ],
            [
              80.2338343978547,
              12.916125804190967
            ],
            [
              80.23383573858604,
              12.916125971839499
            ],
            [
              80.23383708961312,
              12.916126009770982
            ],
            [
              80.23437257880627,
              12.916115253292137
            ],
            [
              80.2343739271166,
              12.916115161138574
            ],
            [
              80.2343752597263,
              12.916114939790267
            ],
            [
              80.23437656380162,
              12.91611459137892
            ],
            [
              80.23437782678359,
              12.916114119259916
            ],
            [
              80.234379036509,
              12.916113527980036
            ],
            [
              80.23438018132752,
              12.916112823233622
            ],
            [
              80.23438125021394,
              12.916112011807762
            ],
            [
              80.23438223287431,
              12.916111101516943
            ],
            [
              80.23438311984503,
              12.916110101127755
            ],
            [
              80.23438390258413,
              12.916109020274503
            ],
            [
              80.2343845735534,
              12.916107869366384
            ],
            [
              80.23438512629102,
              12.916106659487287
            ],
            [
              80.23438555547386,
              12.916105402288999
            ],
            [
              80.23438585696863,
              12.916104109879022
            ],
            [
              80.23438602787175,
              12.916102794703983
            ],
            [
              80.23438606653737,
              12.916101469429728
            ],
            [
              80.23437920501078,
              12.915772792936902
            ]
          ]
        ]
      }
    },
    {
      "type": "Feature",
      "properties": {
        "parcel_id": "ULPIN-2026-7849-00106",
        "survey_number": "SY-108/106",
        "area_sqm": 2129.17,
        "perimeter_m": 189.67,
        "confidence_score": 0.93,
        "verification_status": "Needs GT Verification",
        "building_count": 1,
        "building_coverage_ratio": 0.792,
        "landuse_class": "Vacant/Green",
        "owner_record": "Property Owner 106",
        "has_gnss_control": true,
        "tax_assessment_annual_inr": 958126,
        "tax_rate_per_sqm": 450,
        "lulc_confidence": 0.948
      },
      "geometry": {
        "type": "Polygon",
        "coordinates": [
          [
            [
              80.23435171286486,
              12.915115716503138
            ],
            [
              80.23488719946295,
              12.915104959795913
            ],
            [
              80.23488033782887,
              12.914776283543187
            ],
            [
              80.23434485192485,
              12.914787039967527
            ],
            [
              80.23435171286486,
              12.915115716503138
            ]
          ]
        ]
      }
    },
    {
      "type": "Feature",
      "properties": {
        "parcel_id": "ULPIN-2026-7849-00107",
        "survey_number": "SY-108/107",
        "area_sqm": 2129.17,
        "perimeter_m": 189.67,
        "confidence_score": 0.93,
        "verification_status": "AI Confirmed",
        "building_count": 1,
        "building_coverage_ratio": 0.792,
        "landuse_class": "Vacant/Green",
        "owner_record": "Property Owner 107",
        "has_gnss_control": true,
        "tax_assessment_annual_inr": 958126,
        "tax_rate_per_sqm": 450,
        "lulc_confidence": 0.896
      },
      "geometry": {
        "type": "Polygon",
        "coordinates": [
          [
            [
              80.23435171286486,
              12.915115716503138
            ],
            [
              80.23435857399446,
              12.915444393026915
            ],
            [
              80.23489406128662,
              12.915433636036804
            ],
            [
              80.23488719946295,
              12.915104959795913
            ],
            [
              80.23435171286486,
              12.915115716503138
            ]
          ]
        ]
      }
    },
    {
      "type": "Feature",
      "properties": {
        "parcel_id": "ULPIN-2026-7849-00108",
        "survey_number": "SY-108/108",
        "area_sqm": 2129.17,
        "perimeter_m": 189.67,
        "confidence_score": 0.93,
        "verification_status": "AI Confirmed",
        "building_count": 1,
        "building_coverage_ratio": 0.792,
        "landuse_class": "Vacant/Green",
        "owner_record": "Property Owner 108",
        "has_gnss_control": true,
        "tax_assessment_annual_inr": 958126,
        "tax_rate_per_sqm": 450,
        "lulc_confidence": 0.953
      },
      "geometry": {
        "type": "Polygon",
        "coordinates": [
          [
            [
              80.23435857399446,
              12.915444393026915
            ],
            [
              80.23436543531363,
              12.915773069538854
            ],
            [
              80.2349009232999,
              12.915762312265855
            ],
            [
              80.23489406128662,
              12.915433636036804
            ],
            [
              80.23435857399446,
              12.915444393026915
            ]
          ]
        ]
      }
    },
    {
      "type": "Feature",
      "properties": {
        "parcel_id": "ULPIN-2026-7849-00109",
        "survey_number": "SY-108/109",
        "area_sqm": 2129.17,
        "perimeter_m": 189.67,
        "confidence_score": 0.93,
        "verification_status": "AI Confirmed",
        "building_count": 1,
        "building_coverage_ratio": 0.792,
        "landuse_class": "Vacant/Green",
        "owner_record": "Property Owner 109",
        "has_gnss_control": true,
        "tax_assessment_annual_inr": 958126,
        "tax_rate_per_sqm": 450,
        "lulc_confidence": 0.895
      },
      "geometry": {
        "type": "Polygon",
        "coordinates": [
          [
            [
              80.2349009232999,
              12.915762312265855
            ],
            [
              80.23436543531363,
              12.915773069538854
            ],
            [
              80.23437229682239,
              12.91610174603896
            ],
            [
              80.23490778550277,
              12.916090988483072
            ],
            [
              80.2349009232999,
              12.915762312265855
            ]
          ]
        ]
      }
    },
    {
      "type": "Feature",
      "properties": {
        "parcel_id": "ULPIN-2026-7849-00110",
        "survey_number": "SY-108/110",
        "area_sqm": 1800.73,
        "perimeter_m": 175.27,
        "confidence_score": 0.78,
        "verification_status": "Needs GT Verification",
        "building_count": 1,
        "building_coverage_ratio": 0.936,
        "landuse_class": "Vacant/Green",
        "owner_record": "Property Owner 110",
        "has_gnss_control": true,
        "tax_assessment_annual_inr": 810328,
        "tax_rate_per_sqm": 450,
        "lulc_confidence": 0.95
      },
      "geometry": {
        "type": "Polygon",
        "coordinates": [
          [
            [
              80.23539963811646,
              12.914782066671357
            ],
            [
              80.23489719976477,
              12.914792160305113
            ],
            [
              80.23490338465425,
              12.915088419166137
            ],
            [
              80.23540582359294,
              12.915078325293115
            ],
            [
              80.23539963811646,
              12.914782066671357
            ]
          ]
        ]
      }
    },
    {
      "type": "Feature",
      "properties": {
        "parcel_id": "ULPIN-2026-7849-00111",
        "survey_number": "SY-108/111",
        "area_sqm": 2129.17,
        "perimeter_m": 189.67,
        "confidence_score": 0.93,
        "verification_status": "AI Confirmed",
        "building_count": 1,
        "building_coverage_ratio": 0.792,
        "landuse_class": "Vacant/Green",
        "owner_record": "Property Owner 111",
        "has_gnss_control": true,
        "tax_assessment_annual_inr": 958126,
        "tax_rate_per_sqm": 450,
        "lulc_confidence": 0.921
      },
      "geometry": {
        "type": "Polygon",
        "coordinates": [
          [
            [
              80.2354226855768,
              12.915094202000112
            ],
            [
              80.23488719946295,
              12.915104959795913
            ],
            [
              80.23489406128662,
              12.915433636036804
            ],
            [
              80.23542954809454,
              12.915422877958084
            ],
            [
              80.2354226855768,
              12.915094202000112
            ]
          ]
        ]
      }
    },
    {
      "type": "Feature",
      "properties": {
        "parcel_id": "ULPIN-2026-7849-00112",
        "survey_number": "SY-108/112",
        "area_sqm": 2361.33,
        "perimeter_m": 199.67,
        "confidence_score": 0.9,
        "verification_status": "AI Confirmed",
        "building_count": 2,
        "building_coverage_ratio": 0.721,
        "landuse_class": "Vacant/Green",
        "owner_record": "Property Owner 112",
        "has_gnss_control": false,
        "tax_assessment_annual_inr": 1062598,
        "tax_rate_per_sqm": 450,
        "lulc_confidence": 0.924
      },
      "geometry": {
        "type": "Polygon",
        "coordinates": [
          [
            [
              80.23486614595869,
              12.915416179622463
            ],
            [
              80.23487338392957,
              12.915762865523595
            ],
            [
              80.23543641080192,
              12.915751553904233
            ],
            [
              80.23542917206126,
              12.915404868316864
            ],
            [
              80.23486614595869,
              12.915416179622463
            ]
          ]
        ]
      }
    },
    {
      "type": "Feature",
      "properties": {
        "parcel_id": "ULPIN-2026-7849-00113",
        "survey_number": "SY-108/113",
        "area_sqm": 2129.17,
        "perimeter_m": 189.67,
        "confidence_score": 0.85,
        "verification_status": "AI Confirmed",
        "building_count": 1,
        "building_coverage_ratio": 0.792,
        "landuse_class": "Vacant/Green",
        "owner_record": "Property Owner 113",
        "has_gnss_control": false,
        "tax_assessment_annual_inr": 958126,
        "tax_rate_per_sqm": 450,
        "lulc_confidence": 0.918
      },
      "geometry": {
        "type": "Polygon",
        "coordinates": [
          [
            [
              80.23543641080192,
              12.915751553904233
            ],
            [
              80.2349009232999,
              12.915762312265855
            ],
            [
              80.23490778550277,
              12.916090988483072
            ],
            [
              80.23544327369889,
              12.916080229838531
            ],
            [
              80.23543641080192,
              12.915751553904233
            ]
          ]
        ]
      }
    },
    {
      "type": "Feature",
      "properties": {
        "parcel_id": "ULPIN-2026-7849-00114",
        "survey_number": "SY-109/114",
        "area_sqm": 1916.25,
        "perimeter_m": 178.0,
        "confidence_score": 0.93,
        "verification_status": "AI Confirmed",
        "building_count": 1,
        "building_coverage_ratio": 0.781,
        "landuse_class": "Vacant/Green",
        "owner_record": "Property Owner 114",
        "has_gnss_control": true,
        "tax_assessment_annual_inr": 862312,
        "tax_rate_per_sqm": 450,
        "lulc_confidence": 0.917
      },
      "geometry": {
        "type": "Polygon",
        "coordinates": [
          [
            [
              80.23599642016133,
              12.91508267458235
            ],
            [
              80.23598955708955,
              12.914753998915687
            ],
            [
              80.23550762070057,
              12.914763681775932
            ],
            [
              80.23551448314767,
              12.915092357697247
            ],
            [
              80.23599642016133,
              12.91508267458235
            ]
          ]
        ]
      }
    },
    {
      "type": "Feature",
      "properties": {
        "parcel_id": "ULPIN-2026-7849-00115",
        "survey_number": "SY-109/115",
        "area_sqm": 2190.31,
        "perimeter_m": 187.42,
        "confidence_score": 0.98,
        "verification_status": "AI Confirmed",
        "building_count": 1,
        "building_coverage_ratio": 0.683,
        "landuse_class": "Vacant/Green",
        "owner_record": "Property Owner 115",
        "has_gnss_control": true,
        "tax_assessment_annual_inr": 985639,
        "tax_rate_per_sqm": 450,
        "lulc_confidence": 0.893
      },
      "geometry": {
        "type": "Polygon",
        "coordinates": [
          [
            [
              80.23600356547864,
              12.915424857455607
            ],
            [
              80.23600491378139,
              12.915424765295217
            ],
            [
              80.23600624638287,
              12.915424543940478
            ],
            [
              80.23600755044943,
              12.915424195523153
            ],
            [
              80.23600881342219,
              12.9154237233987
            ],
            [
              80.23601002313801,
              12.915423132113943
            ],
            [
              80.23601116794669,
              12.915422427363268
            ],
            [
              80.23601223682306,
              12.915421615933807
            ],
            [
              80.23601321947329,
              12.915420705640082
            ],
            [
              80.23601410643391,
              12.915419705248713
            ],
            [
              80.23601488916302,
              12.91541862439402
            ],
            [
              80.23601556012248,
              12.915417473485228
            ],
            [
              80.23601611285063,
              12.91541626360621
            ],
            [
              80.23601654202434,
              12.915415006408772
            ],
            [
              80.23601684351048,
              12.915413714000401
            ],
            [
              80.23601701440558,
              12.915412398827707
            ],
            [
              80.23601705306379,
              12.91541107355651
            ],
            [
              80.23601018978452,
              12.915082397908968
            ],
            [
              80.23601009583442,
              12.915081075302279
            ],
            [
              80.23600987018013,
              12.915079768097542
            ],
            [
              80.23600951499479,
              12.91507848888384
            ],
            [
              80.23600903369908,
              12.915077249980698
            ],
            [
              80.2360084309281,
              12.915076063319434
            ],
            [
              80.23600771248688,
              12.915074940328251
            ],
            [
              80.23600688529442,
              12.915073891822159
            ],
            [
              80.236005957317,
              12.915072927898837
            ],
            [
              80.23600493749157,
              12.915072057841401
            ],
            [
              80.23600383563962,
              12.915071290028983
            ],
            [
              80.23600266237256,
              12.915070631856024
            ],
            [
              80.23600142898958,
              12.915070089661098
            ],
            [
              80.23600014736887,
              12.915069668665826
            ],
            [
              80.23599882985312,
              12.915069372924645
            ],
            [
              80.23599748913072,
              12.915069205285683
            ],
            [
              80.23599613811355,
              12.915069167363404
            ],
            [
              80.23551420112557,
              12.915078850467834
            ],
            [
              80.23551285282345,
              12.915078942625035
            ],
            [
              80.23551152022223,
              12.915079163976705
            ],
            [
              80.2355102161556,
              12.915079512391113
            ],
            [
              80.23550895318242,
              12.91507998451284
            ],
            [
              80.23550774346583,
              12.915080575795086
            ],
            [
              80.23550659865603,
              12.915081280543498
            ],
            [
              80.23550552977821,
              12.915082091970953
            ],
            [
              80.23550454712621,
              12.915083002262964
            ],
            [
              80.23550366016352,
              12.915084002652927
            ],
            [
              80.23550287743205,
              12.915085083506533
            ],
            [
              80.23550220646999,
              12.91508623441458
            ],
            [
              80.23550165373902,
              12.915087444293192
            ],
            [
              80.23550122456228,
              12.915088701490571
            ],
            [
              80.23550092307295,
              12.91508999389923
            ],
            [
              80.23550075217456,
              12.915091309072553
            ],
            [
              80.23550071351295,
              12.91509263434472
            ],
            [
              80.23550757613185,
              12.915421310261467
            ],
            [
              80.2355076700802,
              12.91542263286928
            ],
            [
              80.23550789573306,
              12.915423940075323
            ],
            [
              80.23550825091729,
              12.915425219290489
            ],
            [
              80.23550873221224,
              12.915426458195228
            ],
            [
              80.23550933498281,
              12.915427644858218
            ],
            [
              80.23551005342397,
              12.915428767851232
            ],
            [
              80.23551088061676,
              12.91542981635925
            ],
            [
              80.23551180859482,
              12.915430780284543
            ],
            [
              80.23551282842126,
              12.915431650344004
            ],
            [
              80.23551393027456,
              12.91543241815847
            ],
            [
              80.23551510354329,
              12.915433076333475
            ],
            [
              80.23551633692823,
              12.915433618530422
            ],
            [
              80.23551761855119,
              12.915434039527671
            ],
            [
              80.23551893606944,
              12.915434335270787
            ],
            [
              80.23552027679456,
              12.915434502911593
            ],
            [
              80.23552162781465,
              12.915434540835623
            ],
            [
              80.23600356547864,
              12.915424857455607
            ]
          ]
        ]
      }
    },
    {
      "type": "Feature",
      "properties": {
        "parcel_id": "ULPIN-2026-7849-00116",
        "survey_number": "SY-109/116",
        "area_sqm": 1916.25,
        "perimeter_m": 178.0,
        "confidence_score": 0.93,
        "verification_status": "AI Confirmed",
        "building_count": 1,
        "building_coverage_ratio": 0.781,
        "landuse_class": "Vacant/Green",
        "owner_record": "Property Owner 116",
        "has_gnss_control": true,
        "tax_assessment_annual_inr": 862312,
        "tax_rate_per_sqm": 450,
        "lulc_confidence": 0.954
      },
      "geometry": {
        "type": "Polygon",
        "coordinates": [
          [
            [
              80.23601014687378,
              12.915740025880158
            ],
            [
              80.23600328342273,
              12.915411350237173
            ],
            [
              80.23552134578442,
              12.915421033606716
            ],
            [
              80.23552820861077,
              12.91574970950436
            ],
            [
              80.23601014687378,
              12.915740025880158
            ]
          ]
        ]
      }
    },
    {
      "type": "Feature",
      "properties": {
        "parcel_id": "ULPIN-2026-7849-00117",
        "survey_number": "SY-109/117",
        "area_sqm": 1916.25,
        "perimeter_m": 178.0,
        "confidence_score": 0.93,
        "verification_status": "AI Confirmed",
        "building_count": 0,
        "building_coverage_ratio": 0.0,
        "landuse_class": "Vacant/Green",
        "owner_record": "Property Owner 117",
        "has_gnss_control": true,
        "tax_assessment_annual_inr": 862312,
        "tax_rate_per_sqm": 450,
        "lulc_confidence": 0.923
      },
      "geometry": {
        "type": "Polygon",
        "coordinates": [
          [
            [
              80.23601014687378,
              12.915740025880158
            ],
            [
              80.23552820861077,
              12.91574970950436
            ],
            [
              80.23553507162676,
              12.916078385390158
            ],
            [
              80.23601701051446,
              12.916068701511303
            ],
            [
              80.23601014687378,
              12.915740025880158
            ]
          ]
        ]
      }
    },
    {
      "type": "Feature",
      "properties": {
        "parcel_id": "ULPIN-2026-7849-00118",
        "survey_number": "SY-109/118",
        "area_sqm": 1916.25,
        "perimeter_m": 178.0,
        "confidence_score": 0.93,
        "verification_status": "AI Confirmed",
        "building_count": 1,
        "building_coverage_ratio": 0.781,
        "landuse_class": "Vacant/Green",
        "owner_record": "Property Owner 118",
        "has_gnss_control": true,
        "tax_assessment_annual_inr": 862312,
        "tax_rate_per_sqm": 450,
        "lulc_confidence": 0.912
      },
      "geometry": {
        "type": "Polygon",
        "coordinates": [
          [
            [
              80.23599642016133,
              12.91508267458235
            ],
            [
              80.23647835678265,
              12.915072990585717
            ],
            [
              80.23647149308624,
              12.91474431517373
            ],
            [
              80.23598955708955,
              12.914753998915687
            ],
            [
              80.23599642016133,
              12.91508267458235
            ]
          ]
        ]
      }
    },
    {
      "type": "Feature",
      "properties": {
        "parcel_id": "ULPIN-2026-7849-00119",
        "survey_number": "SY-109/119",
        "area_sqm": 1916.25,
        "perimeter_m": 178.0,
        "confidence_score": 0.93,
        "verification_status": "AI Confirmed",
        "building_count": 1,
        "building_coverage_ratio": 0.781,
        "landuse_class": "Vacant/Green",
        "owner_record": "Property Owner 119",
        "has_gnss_control": true,
        "tax_assessment_annual_inr": 862312,
        "tax_rate_per_sqm": 450,
        "lulc_confidence": 0.957
      },
      "geometry": {
        "type": "Polygon",
        "coordinates": [
          [
            [
              80.23599642016133,
              12.91508267458235
            ],
            [
              80.23600328342273,
              12.915411350237173
            ],
            [
              80.23648522066873,
              12.915401665985867
            ],
            [
              80.23647835678265,
              12.915072990585717
            ],
            [
              80.23599642016133,
              12.91508267458235
            ]
          ]
        ]
      }
    },
    {
      "type": "Feature",
      "properties": {
        "parcel_id": "ULPIN-2026-7849-00120",
        "survey_number": "SY-109/120",
        "area_sqm": 1608.81,
        "perimeter_m": 163.6,
        "confidence_score": 0.78,
        "verification_status": "Needs GT Verification",
        "building_count": 1,
        "building_coverage_ratio": 0.93,
        "landuse_class": "Vacant/Green",
        "owner_record": "Property Owner 120",
        "has_gnss_control": true,
        "tax_assessment_annual_inr": 723964,
        "tax_rate_per_sqm": 450,
        "lulc_confidence": 0.933
      },
      "geometry": {
        "type": "Polygon",
        "coordinates": [
          [
            [
              80.23602014546012,
              12.91542722688199
            ],
            [
              80.23602633198735,
              12.915723485193416
            ],
            [
              80.23647522266106,
              12.915714464779539
            ],
            [
              80.23646903560936,
              12.915418206681927
            ],
            [
              80.23602014546012,
              12.91542722688199
            ]
          ]
        ]
      }
    },
    {
      "type": "Feature",
      "properties": {
        "parcel_id": "ULPIN-2026-7849-00121",
        "survey_number": "SY-109/121",
        "area_sqm": 1916.25,
        "perimeter_m": 178.0,
        "confidence_score": 0.93,
        "verification_status": "Needs GT Verification",
        "building_count": 1,
        "building_coverage_ratio": 0.781,
        "landuse_class": "Vacant/Green",
        "owner_record": "Property Owner 121",
        "has_gnss_control": true,
        "tax_assessment_annual_inr": 862312,
        "tax_rate_per_sqm": 450,
        "lulc_confidence": 0.916
      },
      "geometry": {
        "type": "Polygon",
        "coordinates": [
          [
            [
              80.23649208474444,
              12.915730341374172
            ],
            [
              80.23601014687378,
              12.915740025880158
            ],
            [
              80.23601701051446,
              12.916068701511303
            ],
            [
              80.23649894900983,
              12.916059016750646
            ],
            [
              80.23649208474444,
              12.915730341374172
            ]
          ]
        ]
      }
    },
    {
      "type": "Feature",
      "properties": {
        "parcel_id": "ULPIN-2026-7849-00122",
        "survey_number": "SY-109/122",
        "area_sqm": 1916.25,
        "perimeter_m": 178.0,
        "confidence_score": 0.93,
        "verification_status": "Needs GT Verification",
        "building_count": 1,
        "building_coverage_ratio": 0.781,
        "landuse_class": "Vacant/Green",
        "owner_record": "Property Owner 122",
        "has_gnss_control": true,
        "tax_assessment_annual_inr": 862312,
        "tax_rate_per_sqm": 450,
        "lulc_confidence": 0.887
      },
      "geometry": {
        "type": "Polygon",
        "coordinates": [
          [
            [
              80.23647835678265,
              12.915072990585717
            ],
            [
              80.23696029301162,
              12.91506330570735
            ],
            [
              80.23695342869055,
              12.914734630550056
            ],
            [
              80.23647149308624,
              12.91474431517373
            ],
            [
              80.23647835678265,
              12.915072990585717
            ]
          ]
        ]
      }
    },
    {
      "type": "Feature",
      "properties": {
        "parcel_id": "ULPIN-2026-7849-00123",
        "survey_number": "SY-109/123",
        "area_sqm": 1916.25,
        "perimeter_m": 178.0,
        "confidence_score": 0.93,
        "verification_status": "Needs GT Verification",
        "building_count": 1,
        "building_coverage_ratio": 0.781,
        "landuse_class": "Vacant/Green",
        "owner_record": "Property Owner 123",
        "has_gnss_control": true,
        "tax_assessment_annual_inr": 862312,
        "tax_rate_per_sqm": 450,
        "lulc_confidence": 0.965
      },
      "geometry": {
        "type": "Polygon",
        "coordinates": [
          [
            [
              80.23647835678265,
              12.915072990585717
            ],
            [
              80.23648522066873,
              12.915401665985867
            ],
            [
              80.23696715752237,
              12.9153919808528
            ],
            [
              80.23696029301162,
              12.91506330570735
            ],
            [
              80.23647835678265,
              12.915072990585717
            ]
          ]
        ]
      }
    },
    {
      "type": "Feature",
      "properties": {
        "parcel_id": "ULPIN-2026-7849-00124",
        "survey_number": "SY-109/124",
        "area_sqm": 1916.25,
        "perimeter_m": 178.0,
        "confidence_score": 0.85,
        "verification_status": "Needs GT Verification",
        "building_count": 1,
        "building_coverage_ratio": 0.781,
        "landuse_class": "Vacant/Green",
        "owner_record": "Property Owner 124",
        "has_gnss_control": false,
        "tax_assessment_annual_inr": 862312,
        "tax_rate_per_sqm": 450,
        "lulc_confidence": 0.937
      },
      "geometry": {
        "type": "Polygon",
        "coordinates": [
          [
            [
              80.23648522066873,
              12.915401665985867
            ],
            [
              80.23649208474444,
              12.915730341374172
            ],
            [
              80.23697402222275,
              12.915720655986416
            ],
            [
              80.23696715752237,
              12.9153919808528
            ],
            [
              80.23648522066873,
              12.915401665985867
            ]
          ]
        ]
      }
    },
    {
      "type": "Feature",
      "properties": {
        "parcel_id": "ULPIN-2026-7849-00125",
        "survey_number": "SY-109/125",
        "area_sqm": 2190.31,
        "perimeter_m": 187.42,
        "confidence_score": 0.9,
        "verification_status": "Needs GT Verification",
        "building_count": 1,
        "building_coverage_ratio": 0.683,
        "landuse_class": "Vacant/Green",
        "owner_record": "Property Owner 125",
        "has_gnss_control": false,
        "tax_assessment_annual_inr": 985639,
        "tax_rate_per_sqm": 450,
        "lulc_confidence": 0.928
      },
      "geometry": {
        "type": "Polygon",
        "coordinates": [
          [
            [
              80.23698779185924,
              12.91572037924809
            ],
            [
              80.23698769790252,
              12.915719056643864
            ],
            [
              80.23698747224151,
              12.915717749442184
            ],
            [
              80.2369871170495,
              12.915716470232118
            ],
            [
              80.23698663574716,
              12.91571523133315
            ],
            [
              80.23698603296968,
              12.915714044676557
            ],
            [
              80.23698531452216,
              12.915712921690488
            ],
            [
              80.23698448732364,
              12.915711873189917
            ],
            [
              80.23698355934049,
              12.915710909272466
            ],
            [
              80.23698253950968,
              12.915710039221203
            ],
            [
              80.23698143765276,
              12.915709271415182
            ],
            [
              80.23698026438122,
              12.915708613248793
            ],
            [
              80.23697903099426,
              12.915708071060546
            ],
            [
              80.23697774937011,
              12.915707650072008
            ],
            [
              80.23697643185149,
              12.915707354337522
            ],
            [
              80.23697509112684,
              12.91570718670518
            ],
            [
              80.23697374010807,
              12.915707148789373
            ],
            [
              80.23649180265544,
              12.915716834166668
            ],
            [
              80.2364904543523,
              12.915716926330129
            ],
            [
              80.23648912175078,
              12.915717147687786
            ],
            [
              80.23648781768448,
              12.915717496107854
            ],
            [
              80.23648655471229,
              12.915717968234857
            ],
            [
              80.23648534499732,
              12.915718559521943
            ],
            [
              80.23648420018979,
              12.915719264274715
            ],
            [
              80.23648313131483,
              12.91572007570601
            ],
            [
              80.23648214866627,
              12.915720986001302
            ],
            [
              80.23648126170757,
              12.915721986393947
            ],
            [
              80.23648047898061,
              12.915723067249626
            ],
            [
              80.2364798080235,
              12.915724218159104
            ],
            [
              80.23647925529792,
              12.9157254280385
            ],
            [
              80.23647882612691,
              12.915726685236002
            ],
            [
              80.23647852464367,
              12.91572797764412
            ],
            [
              80.23647835375158,
              12.915729292816257
            ],
            [
              80.23647831509645,
              12.915730618086585
            ],
            [
              80.23648517934397,
              12.91605929347033
            ],
            [
              80.23648527329895,
              12.91606061607569
            ],
            [
              80.23648549895852,
              12.916061923278672
            ],
            [
              80.23648585414942,
              12.916063202490202
            ],
            [
              80.23648633545099,
              12.91606444139077
            ],
            [
              80.23648693822807,
              12.916065628049086
            ],
            [
              80.23648765667552,
              12.916066751036983
            ],
            [
              80.23648848387437,
              12.916067799539476
            ],
            [
              80.23648941185817,
              12.916068763458904
            ],
            [
              80.23649043168999,
              12.9160696335122
            ],
            [
              80.23649153354825,
              12.916070401320258
            ],
            [
              80.23649270682148,
              12.916071059488697
            ],
            [
              80.2364939402104,
              12.91607160167896
            ],
            [
              80.2364952218368,
              12.916072022669487
            ],
            [
              80.23649653935792,
              12.9160723184059
            ],
            [
              80.23649788008528,
              12.916072486040084
            ],
            [
              80.23649923110699,
              12.916072523957649
            ],
            [
              80.23698116923566,
              12.916062838304718
            ],
            [
              80.2369825175394,
              12.916062746138063
            ],
            [
              80.23698385014121,
              12.916062524777333
            ],
            [
              80.23698515420743,
              12.91606217635435
            ],
            [
              80.2369864171792,
              12.916061704224626
            ],
            [
              80.2369876268934,
              12.916061112935019
            ],
            [
              80.23698877169981,
              12.916060408179982
            ],
            [
              80.23698984057333,
              12.916059596746688
            ],
            [
              80.23699082322011,
              12.916058686449688
            ],
            [
              80.23699171017674,
              12.91605768605563
            ],
            [
              80.23699249290135,
              12.916056605198863
            ],
            [
              80.23699316385584,
              12.916055454288637
            ],
            [
              80.2369937165786,
              12.916054244408842
            ],
            [
              80.23699414574656,
              12.916052987211275
            ],
            [
              80.23699444722665,
              12.916051694803445
            ],
            [
              80.23699461811545,
              12.91605037963194
            ],
            [
              80.23699465676715,
              12.916049054362581
            ],
            [
              80.23698779185924,
              12.91572037924809
            ]
          ]
        ]
      }
    },
    {
      "type": "Feature",
      "properties": {
        "parcel_id": "ULPIN-2026-7849-00126",
        "survey_number": "SY-109/126",
        "area_sqm": 1916.25,
        "perimeter_m": 178.0,
        "confidence_score": 0.93,
        "verification_status": "Needs GT Verification",
        "building_count": 1,
        "building_coverage_ratio": 0.781,
        "landuse_class": "Vacant/Green",
        "owner_record": "Property Owner 126",
        "has_gnss_control": true,
        "tax_assessment_annual_inr": 862312,
        "tax_rate_per_sqm": 450,
        "lulc_confidence": 0.91
      },
      "geometry": {
        "type": "Polygon",
        "coordinates": [
          [
            [
              80.23743536390248,
              12.914724945044673
            ],
            [
              80.23695342869055,
              12.914734630550056
            ],
            [
              80.23696029301162,
              12.91506330570735
            ],
            [
              80.23744222884818,
              12.91505361994725
            ],
            [
              80.23743536390248,
              12.914724945044673
            ]
          ]
        ]
      }
    },
    {
      "type": "Feature",
      "properties": {
        "parcel_id": "ULPIN-2026-7849-00127",
        "survey_number": "SY-109/127",
        "area_sqm": 1916.25,
        "perimeter_m": 178.0,
        "confidence_score": 0.85,
        "verification_status": "AI Confirmed",
        "building_count": 1,
        "building_coverage_ratio": 0.781,
        "landuse_class": "Vacant/Green",
        "owner_record": "Property Owner 127",
        "has_gnss_control": false,
        "tax_assessment_annual_inr": 862312,
        "tax_rate_per_sqm": 450,
        "lulc_confidence": 0.914
      },
      "geometry": {
        "type": "Polygon",
        "coordinates": [
          [
            [
              80.23744222884818,
              12.91505361994725
            ],
            [
              80.23696029301162,
              12.91506330570735
            ],
            [
              80.23696715752237,
              12.9153919808528
            ],
            [
              80.23744909398359,
              12.915382294837977
            ],
            [
              80.23744222884818,
              12.91505361994725
            ]
          ]
        ]
      }
    },
    {
      "type": "Feature",
      "properties": {
        "parcel_id": "ULPIN-2026-7849-00128",
        "survey_number": "SY-109/128",
        "area_sqm": 2136.75,
        "perimeter_m": 188.0,
        "confidence_score": 0.98,
        "verification_status": "AI Confirmed",
        "building_count": 2,
        "building_coverage_ratio": 0.711,
        "landuse_class": "Vacant/Green",
        "owner_record": "Property Owner 128",
        "has_gnss_control": true,
        "tax_assessment_annual_inr": 961537,
        "tax_rate_per_sqm": 450,
        "lulc_confidence": 0.966
      },
      "geometry": {
        "type": "Polygon",
        "coordinates": [
          [
            [
              80.23693924214362,
              12.915374524715219
            ],
            [
              80.23694648294885,
              12.915721209460894
            ],
            [
              80.23745595930866,
              12.915710969716871
            ],
            [
              80.23744871780686,
              12.915364285255231
            ],
            [
              80.23693924214362,
              12.915374524715219
            ]
          ]
        ]
      }
    },
    {
      "type": "Feature",
      "properties": {
        "parcel_id": "ULPIN-2026-7849-00129",
        "survey_number": "SY-109/129",
        "area_sqm": 1916.25,
        "perimeter_m": 178.0,
        "confidence_score": 0.93,
        "verification_status": "AI Confirmed",
        "building_count": 1,
        "building_coverage_ratio": 0.781,
        "landuse_class": "Vacant/Green",
        "owner_record": "Property Owner 129",
        "has_gnss_control": true,
        "tax_assessment_annual_inr": 862312,
        "tax_rate_per_sqm": 450,
        "lulc_confidence": 0.947
      },
      "geometry": {
        "type": "Polygon",
        "coordinates": [
          [
            [
              80.23745595930866,
              12.915710969716871
            ],
            [
              80.23697402222275,
              12.915720655986416
            ],
            [
              80.23698088711284,
              12.91604933110818
            ],
            [
              80.23746282482344,
              12.916039644583924
            ],
            [
              80.23745595930866,
              12.915710969716871
            ]
          ]
        ]
      }
    },
    {
      "type": "Feature",
      "properties": {
        "parcel_id": "ULPIN-2026-7849-00130",
        "survey_number": "SY-110/130",
        "area_sqm": 1779.96,
        "perimeter_m": 170.6,
        "confidence_score": 0.78,
        "verification_status": "Needs GT Verification",
        "building_count": 1,
        "building_coverage_ratio": 0.934,
        "landuse_class": "Vacant/Green",
        "owner_record": "Property Owner 130",
        "has_gnss_control": true,
        "tax_assessment_annual_inr": 800982,
        "tax_rate_per_sqm": 450,
        "lulc_confidence": 0.896
      },
      "geometry": {
        "type": "Polygon",
        "coordinates": [
          [
            [
              80.23604716454214,
              12.918304027581815
            ],
            [
              80.23604031844104,
              12.917976252503447
            ],
            [
              80.23559142341462,
              12.917985273721255
            ],
            [
              80.23559826893535,
              12.918313049036174
            ],
            [
              80.23604716454214,
              12.918304027581815
            ]
          ]
        ]
      }
    },
    {
      "type": "Feature",
      "properties": {
        "parcel_id": "ULPIN-2026-7849-00131",
        "survey_number": "SY-110/131",
        "area_sqm": 2100.0,
        "perimeter_m": 185.0,
        "confidence_score": 0.93,
        "verification_status": "AI Confirmed",
        "building_count": 1,
        "building_coverage_ratio": 0.792,
        "landuse_class": "Vacant/Green",
        "owner_record": "Property Owner 131",
        "has_gnss_control": true,
        "tax_assessment_annual_inr": 945000,
        "tax_rate_per_sqm": 450,
        "lulc_confidence": 0.895
      },
      "geometry": {
        "type": "Polygon",
        "coordinates": [
          [
            [
              80.23607155028898,
              12.918680096516155
            ],
            [
              80.23606402684972,
              12.918319904146125
            ],
            [
              80.23558208368279,
              12.918329589769193
            ],
            [
              80.23558960643729,
              12.918689782418292
            ],
            [
              80.23607155028898,
              12.918680096516155
            ]
          ]
        ]
      }
    },
    {
      "type": "Feature",
      "properties": {
        "parcel_id": "ULPIN-2026-7849-00132",
        "survey_number": "SY-110/132",
        "area_sqm": 2100.0,
        "perimeter_m": 185.0,
        "confidence_score": 0.93,
        "verification_status": "AI Confirmed",
        "building_count": 1,
        "building_coverage_ratio": 0.792,
        "landuse_class": "Vacant/Green",
        "owner_record": "Property Owner 132",
        "has_gnss_control": true,
        "tax_assessment_annual_inr": 945000,
        "tax_rate_per_sqm": 450,
        "lulc_confidence": 0.921
      },
      "geometry": {
        "type": "Polygon",
        "coordinates": [
          [
            [
              80.236079073956,
              12.919040288871956
            ],
            [
              80.23607155028898,
              12.918680096516155
            ],
            [
              80.23558960643729,
              12.918689782418292
            ],
            [
              80.23559712941952,
              12.919049975053177
            ],
            [
              80.236079073956,
              12.919040288871956
            ]
          ]
        ]
      }
    },
    {
      "type": "Feature",
      "properties": {
        "parcel_id": "ULPIN-2026-7849-00133",
        "survey_number": "SY-110/133",
        "area_sqm": 2100.0,
        "perimeter_m": 185.0,
        "confidence_score": 0.93,
        "verification_status": "AI Confirmed",
        "building_count": 1,
        "building_coverage_ratio": 0.792,
        "landuse_class": "Vacant/Green",
        "owner_record": "Property Owner 133",
        "has_gnss_control": true,
        "tax_assessment_annual_inr": 945000,
        "tax_rate_per_sqm": 450,
        "lulc_confidence": 0.884
      },
      "geometry": {
        "type": "Polygon",
        "coordinates": [
          [
            [
              80.236079073956,
              12.919040288871956
            ],
            [
              80.23559712941952,
              12.919049975053177
            ],
            [
              80.2356046526295,
              12.919410167673838
            ],
            [
              80.23608659785077,
              12.919400481213541
            ],
            [
              80.236079073956,
              12.919040288871956
            ]
          ]
        ]
      }
    },
    {
      "type": "Feature",
      "properties": {
        "parcel_id": "ULPIN-2026-7849-00134",
        "survey_number": "SY-110/134",
        "area_sqm": 2100.0,
        "perimeter_m": 185.0,
        "confidence_score": 0.93,
        "verification_status": "AI Confirmed",
        "building_count": 1,
        "building_coverage_ratio": 0.792,
        "landuse_class": "Vacant/Green",
        "owner_record": "Property Owner 134",
        "has_gnss_control": true,
        "tax_assessment_annual_inr": 945000,
        "tax_rate_per_sqm": 450,
        "lulc_confidence": 0.955
      },
      "geometry": {
        "type": "Polygon",
        "coordinates": [
          [
            [
              80.23606402684972,
              12.918319904146125
            ],
            [
              80.23654596962432,
              12.918310217641096
            ],
            [
              80.23653844572809,
              12.917950025535955
            ],
            [
              80.23605650363822,
              12.917959711761885
            ],
            [
              80.23606402684972,
              12.918319904146125
            ]
          ]
        ]
      }
    },
    {
      "type": "Feature",
      "properties": {
        "parcel_id": "ULPIN-2026-7849-00135",
        "survey_number": "SY-110/135",
        "area_sqm": 2384.56,
        "perimeter_m": 194.42,
        "confidence_score": 0.98,
        "verification_status": "AI Confirmed",
        "building_count": 1,
        "building_coverage_ratio": 0.697,
        "landuse_class": "Vacant/Green",
        "owner_record": "Property Owner 135",
        "has_gnss_control": true,
        "tax_assessment_annual_inr": 1073052,
        "tax_rate_per_sqm": 450,
        "lulc_confidence": 0.944
      },
      "geometry": {
        "type": "Polygon",
        "coordinates": [
          [
            [
              80.23606374472517,
              12.918306396931975
            ],
            [
              80.2360623964074,
              12.91830648909859
            ],
            [
              80.23606106379171,
              12.918306710459444
            ],
            [
              80.23605975971185,
              12.91830705888271
            ],
            [
              80.23605849672686,
              12.91830753101288
            ],
            [
              80.23605728699995,
              12.918308122303086
            ],
            [
              80.23605614218148,
              12.918308827058873
            ],
            [
              80.23605507329665,
              12.918309638493069
            ],
            [
              80.23605409063944,
              12.918310548791123
            ],
            [
              80.23605320367334,
              12.918311549186354
            ],
            [
              80.23605242094034,
              12.918312630044428
            ],
            [
              80.23605174997859,
              12.918313780956073
            ],
            [
              80.2360511972498,
              12.918314990837397
            ],
            [
              80.23605076807708,
              12.918316248036572
            ],
            [
              80.23605046659358,
              12.91831754044608
            ],
            [
              80.23605029570275,
              12.918318855619322
            ],
            [
              80.2360502570504,
              12.918320180890452
            ],
            [
              80.23605778047009,
              12.918680373268453
            ],
            [
              80.23605787442935,
              12.918681695874298
            ],
            [
              80.23605810009464,
              12.918683003077453
            ],
            [
              80.23605845529265,
              12.918684282288831
            ],
            [
              80.23605893660263,
              12.918685521188937
            ],
            [
              80.23605953938934,
              12.918686707846469
            ],
            [
              80.23606025784757,
              12.918687830833283
            ],
            [
              80.2360610850582,
              12.918688879334386
            ],
            [
              80.23606201305475,
              12.918689843252135
            ],
            [
              80.23606303290006,
              12.918690713303498
            ],
            [
              80.23606413477252,
              12.918691481109377
            ],
            [
              80.23606530806046,
              12.918692139275393
            ],
            [
              80.23606654146447,
              12.918692681463046
            ],
            [
              80.2360678231062,
              12.91869310245078
            ],
            [
              80.23606914064275,
              12.91869339818424
            ],
            [
              80.23607048138551,
              12.918693565815358
            ],
            [
              80.23607183242238,
              12.918693603729754
            ],
            [
              80.2365537759074,
              12.918683916935152
            ],
            [
              80.23655512422596,
              12.918683824765273
            ],
            [
              80.23655645684211,
              12.918683603401282
            ],
            [
              80.23655776092204,
              12.918683254975035
            ],
            [
              80.23655902390675,
              12.91868278284207
            ],
            [
              80.23656023363301,
              12.918682191549301
            ],
            [
              80.23656137845046,
              12.918681486791185
            ],
            [
              80.23656244733392,
              12.918680675354933
            ],
            [
              80.23656342998945,
              12.91867976505512
            ],
            [
              80.23656431695353,
              12.918678764658436
            ],
            [
              80.23656509968423,
              12.918677683799249
            ],
            [
              80.2365657706434,
              12.918676532886817
            ],
            [
              80.23656632336935,
              12.918675323005067
            ],
            [
              80.23656675253903,
              12.918674065805815
            ],
            [
              80.23656705401932,
              12.918672773396574
            ],
            [
              80.23656722490678,
              12.918671458223962
            ],
            [
              80.23656726355568,
              12.9186701329538
            ],
            [
              80.23655973941212,
              12.918309940870854
            ],
            [
              80.23655964545117,
              12.918308618266128
            ],
            [
              80.23655941978456,
              12.918307311064261
            ],
            [
              80.23655906458555,
              12.91830603185432
            ],
            [
              80.23655858327493,
              12.918304792955794
            ],
            [
              80.23655798048796,
              12.918303606299952
            ],
            [
              80.23655726202983,
              12.918302483314942
            ],
            [
              80.23655643481965,
              12.918301434815712
            ],
            [
              80.23655550682393,
              12.918300470899885
            ],
            [
              80.2365544869798,
              12.918299600850496
            ],
            [
              80.23655338510886,
              12.918298833046599
            ],
            [
              80.2365522118228,
              12.91829817488257
            ],
            [
              80.23655097842092,
              12.918297632696868
            ],
            [
              80.23654969678162,
              12.918297211711064
            ],
            [
              80.23654837924775,
              12.918296915979457
            ],
            [
              80.23654703850788,
              12.91829674835012
            ],
            [
              80.23654568747409,
              12.91829671043741
            ],
            [
              80.23606374472517,
              12.918306396931975
            ]
          ]
        ]
      }
    },
    {
      "type": "Feature",
      "properties": {
        "parcel_id": "ULPIN-2026-7849-00136",
        "survey_number": "SY-110/136",
        "area_sqm": 2331.0,
        "perimeter_m": 195.0,
        "confidence_score": 0.98,
        "verification_status": "AI Confirmed",
        "building_count": 2,
        "building_coverage_ratio": 0.724,
        "landuse_class": "Vacant/Green",
        "owner_record": "Property Owner 136",
        "has_gnss_control": true,
        "tax_assessment_annual_inr": 1048950,
        "tax_rate_per_sqm": 450,
        "lulc_confidence": 0.893
      },
      "geometry": {
        "type": "Polygon",
        "coordinates": [
          [
            [
              80.23604363447546,
              12.918662640401074
            ],
            [
              80.23605153427877,
              12.919040842391786
            ],
            [
              80.23656101810012,
              12.919030601808721
            ],
            [
              80.23655311753672,
              12.918652400127815
            ],
            [
              80.23604363447546,
              12.918662640401074
            ]
          ]
        ]
      }
    },
    {
      "type": "Feature",
      "properties": {
        "parcel_id": "ULPIN-2026-7849-00137",
        "survey_number": "SY-110/137",
        "area_sqm": 2100.0,
        "perimeter_m": 185.0,
        "confidence_score": 0.93,
        "verification_status": "AI Confirmed",
        "building_count": 1,
        "building_coverage_ratio": 0.792,
        "landuse_class": "Vacant/Green",
        "owner_record": "Property Owner 137",
        "has_gnss_control": true,
        "tax_assessment_annual_inr": 945000,
        "tax_rate_per_sqm": 450,
        "lulc_confidence": 0.931
      },
      "geometry": {
        "type": "Polygon",
        "coordinates": [
          [
            [
              80.23656101810012,
              12.919030601808721
            ],
            [
              80.236079073956,
              12.919040288871956
            ],
            [
              80.23608659785077,
              12.919400481213541
            ],
            [
              80.23656854267969,
              12.919390793871203
            ],
            [
              80.23656101810012,
              12.919030601808721
            ]
          ]
        ]
      }
    },
    {
      "type": "Feature",
      "properties": {
        "parcel_id": "ULPIN-2026-7849-00138",
        "survey_number": "SY-110/138",
        "area_sqm": 2100.0,
        "perimeter_m": 185.0,
        "confidence_score": 0.93,
        "verification_status": "AI Confirmed",
        "building_count": 1,
        "building_coverage_ratio": 0.792,
        "landuse_class": "Vacant/Green",
        "owner_record": "Property Owner 138",
        "has_gnss_control": true,
        "tax_assessment_annual_inr": 945000,
        "tax_rate_per_sqm": 450,
        "lulc_confidence": 0.909
      },
      "geometry": {
        "type": "Polygon",
        "coordinates": [
          [
            [
              80.23654596962432,
              12.918310217641096
            ],
            [
              80.23702791200654,
              12.91830053025411
            ],
            [
              80.23702038742556,
              12.917940338428085
            ],
            [
              80.23653844572809,
              12.917950025535955
            ],
            [
              80.23654596962432,
              12.918310217641096
            ]
          ]
        ]
      }
    },
    {
      "type": "Feature",
      "properties": {
        "parcel_id": "ULPIN-2026-7849-00139",
        "survey_number": "SY-110/139",
        "area_sqm": 2100.0,
        "perimeter_m": 185.0,
        "confidence_score": 0.93,
        "verification_status": "AI Confirmed",
        "building_count": 1,
        "building_coverage_ratio": 0.792,
        "landuse_class": "Vacant/Green",
        "owner_record": "Property Owner 139",
        "has_gnss_control": true,
        "tax_assessment_annual_inr": 945000,
        "tax_rate_per_sqm": 450,
        "lulc_confidence": 0.896
      },
      "geometry": {
        "type": "Polygon",
        "coordinates": [
          [
            [
              80.23654596962432,
              12.918310217641096
            ],
            [
              80.23655349374832,
              12.918670409732023
            ],
            [
              80.23703543681528,
              12.918660722065903
            ],
            [
              80.23702791200654,
              12.91830053025411
            ],
            [
              80.23654596962432,
              12.918310217641096
            ]
          ]
        ]
      }
    },
    {
      "type": "Feature",
      "properties": {
        "parcel_id": "ULPIN-2026-7849-00140",
        "survey_number": "SY-110/140",
        "area_sqm": 1779.96,
        "perimeter_m": 170.6,
        "confidence_score": 0.78,
        "verification_status": "Needs GT Verification",
        "building_count": 1,
        "building_coverage_ratio": 0.934,
        "landuse_class": "Vacant/Green",
        "owner_record": "Property Owner 140",
        "has_gnss_control": true,
        "tax_assessment_annual_inr": 800982,
        "tax_rate_per_sqm": 450,
        "lulc_confidence": 0.922
      },
      "geometry": {
        "type": "Polygon",
        "coordinates": [
          [
            [
              80.23657035610911,
              12.918686286241394
            ],
            [
              80.2365772032906,
              12.919014061022487
            ],
            [
              80.23702609944208,
              12.919005037405183
            ],
            [
              80.23701925168017,
              12.918677262860681
            ],
            [
              80.23657035610911,
              12.918686286241394
            ]
          ]
        ]
      }
    },
    {
      "type": "Feature",
      "properties": {
        "parcel_id": "ULPIN-2026-7849-00141",
        "survey_number": "SY-110/141",
        "area_sqm": 2100.0,
        "perimeter_m": 185.0,
        "confidence_score": 0.93,
        "verification_status": "Needs GT Verification",
        "building_count": 1,
        "building_coverage_ratio": 0.792,
        "landuse_class": "Vacant/Green",
        "owner_record": "Property Owner 141",
        "has_gnss_control": true,
        "tax_assessment_annual_inr": 945000,
        "tax_rate_per_sqm": 450,
        "lulc_confidence": 0.905
      },
      "geometry": {
        "type": "Polygon",
        "coordinates": [
          [
            [
              80.23704296185184,
              12.919020913863477
            ],
            [
              80.23656101810012,
              12.919030601808721
            ],
            [
              80.23656854267969,
              12.919390793871203
            ],
            [
              80.23705048711619,
              12.91938110564683
            ],
            [
              80.23704296185184,
              12.919020913863477
            ]
          ]
        ]
      }
    },
    {
      "type": "Feature",
      "properties": {
        "parcel_id": "ULPIN-2026-7849-00142",
        "survey_number": "SY-110/142",
        "area_sqm": 2100.0,
        "perimeter_m": 185.0,
        "confidence_score": 0.85,
        "verification_status": "Needs GT Verification",
        "building_count": 1,
        "building_coverage_ratio": 0.792,
        "landuse_class": "Vacant/Green",
        "owner_record": "Property Owner 142",
        "has_gnss_control": false,
        "tax_assessment_annual_inr": 945000,
        "tax_rate_per_sqm": 450,
        "lulc_confidence": 0.968
      },
      "geometry": {
        "type": "Polygon",
        "coordinates": [
          [
            [
              80.23750232873064,
              12.917930650438292
            ],
            [
              80.23702038742556,
              12.917940338428085
            ],
            [
              80.23702791200654,
              12.91830053025411
            ],
            [
              80.2375098539963,
              12.918290841985158
            ],
            [
              80.23750232873064,
              12.917930650438292
            ]
          ]
        ]
      }
    },
    {
      "type": "Feature",
      "properties": {
        "parcel_id": "ULPIN-2026-7849-00143",
        "survey_number": "SY-110/143",
        "area_sqm": 2100.0,
        "perimeter_m": 185.0,
        "confidence_score": 0.93,
        "verification_status": "Needs GT Verification",
        "building_count": 1,
        "building_coverage_ratio": 0.792,
        "landuse_class": "Vacant/Green",
        "owner_record": "Property Owner 143",
        "has_gnss_control": true,
        "tax_assessment_annual_inr": 945000,
        "tax_rate_per_sqm": 450,
        "lulc_confidence": 0.962
      },
      "geometry": {
        "type": "Polygon",
        "coordinates": [
          [
            [
              80.2375098539963,
              12.918290841985158
            ],
            [
              80.23702791200654,
              12.91830053025411
            ],
            [
              80.23703543681528,
              12.918660722065903
            ],
            [
              80.2375173794898,
              12.918651033517799
            ],
            [
              80.2375098539963,
              12.918290841985158
            ]
          ]
        ]
      }
    },
    {
      "type": "Feature",
      "properties": {
        "parcel_id": "ULPIN-2026-7849-00144",
        "survey_number": "SY-110/144",
        "area_sqm": 2331.0,
        "perimeter_m": 195.0,
        "confidence_score": 0.98,
        "verification_status": "Needs GT Verification",
        "building_count": 2,
        "building_coverage_ratio": 0.724,
        "landuse_class": "Vacant/Green",
        "owner_record": "Property Owner 144",
        "has_gnss_control": true,
        "tax_assessment_annual_inr": 1048950,
        "tax_rate_per_sqm": 450,
        "lulc_confidence": 0.956
      },
      "geometry": {
        "type": "Polygon",
        "coordinates": [
          [
            [
              80.23700752097814,
              12.918643266079535
            ],
            [
              80.23701542221944,
              12.919021467484107
            ],
            [
              80.23752490521113,
              12.919011225036222
            ],
            [
              80.23751700320975,
              12.918633023941503
            ],
            [
              80.23700752097814,
              12.918643266079535
            ]
          ]
        ]
      }
    },
    {
      "type": "Feature",
      "properties": {
        "parcel_id": "ULPIN-2026-7849-00145",
        "survey_number": "SY-110/145",
        "area_sqm": 2384.56,
        "perimeter_m": 194.42,
        "confidence_score": 0.98,
        "verification_status": "Needs GT Verification",
        "building_count": 1,
        "building_coverage_ratio": 0.697,
        "landuse_class": "Vacant/Green",
        "owner_record": "Property Owner 145",
        "has_gnss_control": true,
        "tax_assessment_annual_inr": 1073052,
        "tax_rate_per_sqm": 450,
        "lulc_confidence": 0.891
      },
      "geometry": {
        "type": "Polygon",
        "coordinates": [
          [
            [
              80.23753867501563,
              12.919010948199626
            ],
            [
              80.23753858104791,
              12.919009625597377
            ],
            [
              80.23753835537441,
              12.919008318398609
            ],
            [
              80.23753800016848,
              12.919007039192337
            ],
            [
              80.23753751885098,
              12.919005800298041
            ],
            [
              80.23753691605724,
              12.919004613646937
            ],
            [
              80.23753619759249,
              12.919003490667121
            ],
            [
              80.23753537037595,
              12.919002442173506
            ],
            [
              80.23753444237417,
              12.919001478263652
            ],
            [
              80.23753342252431,
              12.919000608220538
            ],
            [
              80.23753232064806,
              12.918999840423162
            ],
            [
              80.23753114735713,
              12.918999182265821
            ],
            [
              80.23752991395091,
              12.918998640086935
            ],
            [
              80.23752863230779,
              12.918998219107984
            ],
            [
              80.23752731477069,
              12.918997923383214
            ],
            [
              80.23752597402823,
              12.918997755760637
            ],
            [
              80.23752462299247,
              12.918997717854536
            ],
            [
              80.23704267965886,
              12.919007406671325
            ],
            [
              80.23704133133978,
              12.919007498844337
            ],
            [
              80.23703999872343,
              12.919007720211315
            ],
            [
              80.23703869464362,
              12.919008068640375
            ],
            [
              80.23703743165935,
              12.919008540775947
            ],
            [
              80.23703622193383,
              12.919009132071116
            ],
            [
              80.2370350771174,
              12.919009836831382
            ],
            [
              80.23703400823527,
              12.919010648269524
            ],
            [
              80.23703302558134,
              12.919011558570947
            ],
            [
              80.23703213861914,
              12.919012558968953
            ],
            [
              80.23703135589055,
              12.919013639829167
            ],
            [
              80.2370306849337,
              12.919014790742311
            ],
            [
              80.2370301322103,
              12.91901600062446
            ],
            [
              80.23702970304333,
              12.919017257823795
            ],
            [
              80.23702940156596,
              12.9190185502328
            ],
            [
              80.23702923068154,
              12.919019865404856
            ],
            [
              80.2370291920358,
              12.919021190674155
            ],
            [
              80.2370367172806,
              12.919381382465478
            ],
            [
              80.23703681124665,
              12.91938270506885
            ],
            [
              80.23703703691882,
              12.919384012268909
            ],
            [
              80.23703739212374,
              12.919385291476614
            ],
            [
              80.2370378734406,
              12.919386530372492
            ],
            [
              80.23703847623409,
              12.91938771702529
            ],
            [
              80.23703919469892,
              12.919388840006903
            ],
            [
              80.23704002191593,
              12.91938988850239
            ],
            [
              80.23704094991854,
              12.919390852414177
            ],
            [
              80.23704196976959,
              12.919391722459254
            ],
            [
              80.23704307164736,
              12.919392490258627
            ],
            [
              80.23704424494015,
              12.919393148417944
            ],
            [
              80.23704547834852,
              12.919393690598792
            ],
            [
              80.23704675999407,
              12.919394111579663
            ],
            [
              80.23704807753383,
              12.919394407306287
            ],
            [
              80.2370494182792,
              12.919394574930644
            ],
            [
              80.23705076931805,
              12.919394612838424
            ],
            [
              80.23753271338781,
              12.919384923721548
            ],
            [
              80.23753406170766,
              12.919384831545267
            ],
            [
              80.23753539432445,
              12.919384610175161
            ],
            [
              80.23753669840437,
              12.919384261743119
            ],
            [
              80.23753796138834,
              12.919383789604757
            ],
            [
              80.23753917111318,
              12.919383198307015
            ],
            [
              80.23754031592861,
              12.919382493544424
            ],
            [
              80.23754138480939,
              12.919381682104234
            ],
            [
              80.23754236746161,
              12.919380771801041
            ],
            [
              80.23754325442182,
              12.919379771401585
            ],
            [
              80.2375440371481,
              12.91937869054025
            ],
            [
              80.23754470810235,
              12.919377539626327
            ],
            [
              80.23754526082294,
              12.919376329743745
            ],
            [
              80.23754568998685,
              12.919375072544328
            ],
            [
              80.23754599146102,
              12.919373780135606
            ],
            [
              80.23754616234207,
              12.919372464964171
            ],
            [
              80.23754620098434,
              12.919371139695846
            ],
            [
              80.23753867501563,
              12.919010948199626
            ]
          ]
        ]
      }
    },
    {
      "type": "Feature",
      "properties": {
        "parcel_id": "ULPIN-2026-7849-00146",
        "survey_number": "SY-111/146",
        "area_sqm": 1995.0,
        "perimeter_m": 181.0,
        "confidence_score": 0.85,
        "verification_status": "Needs GT Verification",
        "building_count": 1,
        "building_coverage_ratio": 0.786,
        "landuse_class": "Vacant/Green",
        "owner_record": "Property Owner 146",
        "has_gnss_control": false,
        "tax_assessment_annual_inr": 897750,
        "tax_rate_per_sqm": 450,
        "lulc_confidence": 0.967
      },
      "geometry": {
        "type": "Polygon",
        "coordinates": [
          [
            [
              80.23602566085226,
              12.916482922837806
            ],
            [
              80.2360185148994,
              12.916140740004224
            ],
            [
              80.23553657587478,
              12.91615042393889
            ],
            [
              80.23554372117724,
              12.916492607037593
            ],
            [
              80.23602566085226,
              12.916482922837806
            ]
          ]
        ]
      }
    },
    {
      "type": "Feature",
      "properties": {
        "parcel_id": "ULPIN-2026-7849-00147",
        "survey_number": "SY-111/147",
        "area_sqm": 1995.0,
        "perimeter_m": 181.0,
        "confidence_score": 0.93,
        "verification_status": "AI Confirmed",
        "building_count": 1,
        "building_coverage_ratio": 0.786,
        "landuse_class": "Vacant/Green",
        "owner_record": "Property Owner 147",
        "has_gnss_control": true,
        "tax_assessment_annual_inr": 897750,
        "tax_rate_per_sqm": 450,
        "lulc_confidence": 0.964
      },
      "geometry": {
        "type": "Polygon",
        "coordinates": [
          [
            [
              80.23603280701067,
              12.916825105658564
            ],
            [
              80.23602566085226,
              12.916482922837806
            ],
            [
              80.23554372117724,
              12.916492607037593
            ],
            [
              80.23555086668523,
              12.916834790123472
            ],
            [
              80.23603280701067,
              12.916825105658564
            ]
          ]
        ]
      }
    },
    {
      "type": "Feature",
      "properties": {
        "parcel_id": "ULPIN-2026-7849-00148",
        "survey_number": "SY-111/148",
        "area_sqm": 1995.0,
        "perimeter_m": 181.0,
        "confidence_score": 0.93,
        "verification_status": "AI Confirmed",
        "building_count": 1,
        "building_coverage_ratio": 0.786,
        "landuse_class": "Vacant/Green",
        "owner_record": "Property Owner 148",
        "has_gnss_control": true,
        "tax_assessment_annual_inr": 897750,
        "tax_rate_per_sqm": 450,
        "lulc_confidence": 0.946
      },
      "geometry": {
        "type": "Polygon",
        "coordinates": [
          [
            [
              80.23603995337463,
              12.917167288466487
            ],
            [
              80.23603280701067,
              12.916825105658564
            ],
            [
              80.23555086668523,
              12.916834790123472
            ],
            [
              80.23555801239876,
              12.917176973196511
            ],
            [
              80.23603995337463,
              12.917167288466487
            ]
          ]
        ]
      }
    },
    {
      "type": "Feature",
      "properties": {
        "parcel_id": "ULPIN-2026-7849-00149",
        "survey_number": "SY-111/149",
        "area_sqm": 1995.0,
        "perimeter_m": 181.0,
        "confidence_score": 0.93,
        "verification_status": "AI Confirmed",
        "building_count": 1,
        "building_coverage_ratio": 0.786,
        "landuse_class": "Vacant/Green",
        "owner_record": "Property Owner 149",
        "has_gnss_control": true,
        "tax_assessment_annual_inr": 897750,
        "tax_rate_per_sqm": 450,
        "lulc_confidence": 0.968
      },
      "geometry": {
        "type": "Polygon",
        "coordinates": [
          [
            [
              80.23604709994413,
              12.917509471261576
            ],
            [
              80.23603995337463,
              12.917167288466487
            ],
            [
              80.23555801239876,
              12.917176973196511
            ],
            [
              80.2355651583178,
              12.917519156256718
            ],
            [
              80.23604709994413,
              12.917509471261576
            ]
          ]
        ]
      }
    },
    {
      "type": "Feature",
      "properties": {
        "parcel_id": "ULPIN-2026-7849-00150",
        "survey_number": "SY-111/150",
        "area_sqm": 1682.16,
        "perimeter_m": 166.6,
        "confidence_score": 0.78,
        "verification_status": "Needs GT Verification",
        "building_count": 1,
        "building_coverage_ratio": 0.932,
        "landuse_class": "Vacant/Green",
        "owner_record": "Property Owner 150",
        "has_gnss_control": true,
        "tax_assessment_annual_inr": 756972,
        "tax_rate_per_sqm": 450,
        "lulc_confidence": 0.902
      },
      "geometry": {
        "type": "Polygon",
        "coordinates": [
          [
            [
              80.23603091476348,
              12.917526011991978
            ],
            [
              80.23558202053427,
              12.917535032884864
            ],
            [
              80.23558848967775,
              12.917844798582687
            ],
            [
              80.23603738445546,
              12.91783577746625
            ],
            [
              80.23603091476348,
              12.917526011991978
            ]
          ]
        ]
      }
    },
    {
      "type": "Feature",
      "properties": {
        "parcel_id": "ULPIN-2026-7849-00151",
        "survey_number": "SY-111/151",
        "area_sqm": 1995.0,
        "perimeter_m": 181.0,
        "confidence_score": 0.93,
        "verification_status": "AI Confirmed",
        "building_count": 1,
        "building_coverage_ratio": 0.786,
        "landuse_class": "Vacant/Green",
        "owner_record": "Property Owner 151",
        "has_gnss_control": true,
        "tax_assessment_annual_inr": 897750,
        "tax_rate_per_sqm": 450,
        "lulc_confidence": 0.947
      },
      "geometry": {
        "type": "Polygon",
        "coordinates": [
          [
            [
              80.23602566085226,
              12.916482922837806
            ],
            [
              80.23650760013494,
              12.91647323775619
            ],
            [
              80.23650045353169,
              12.91613105518774
            ],
            [
              80.2360185148994,
              12.916140740004224
            ],
            [
              80.23602566085226,
              12.916482922837806
            ]
          ]
        ]
      }
    },
    {
      "type": "Feature",
      "properties": {
        "parcel_id": "ULPIN-2026-7849-00152",
        "survey_number": "SY-111/152",
        "area_sqm": 2220.0,
        "perimeter_m": 191.0,
        "confidence_score": 0.98,
        "verification_status": "AI Confirmed",
        "building_count": 2,
        "building_coverage_ratio": 0.717,
        "landuse_class": "Vacant/Green",
        "owner_record": "Property Owner 152",
        "has_gnss_control": true,
        "tax_assessment_annual_inr": 999000,
        "tax_rate_per_sqm": 450,
        "lulc_confidence": 0.911
      },
      "geometry": {
        "type": "Polygon",
        "coordinates": [
          [
            [
              80.23599774534688,
              12.916465466621116
            ],
            [
              80.23600526757407,
              12.916825659080315
            ],
            [
              80.23651474694377,
              12.916815420311801
            ],
            [
              80.23650722399282,
              12.916455228147642
            ],
            [
              80.23599774534688,
              12.916465466621116
            ]
          ]
        ]
      }
    },
    {
      "type": "Feature",
      "properties": {
        "parcel_id": "ULPIN-2026-7849-00153",
        "survey_number": "SY-111/153",
        "area_sqm": 1995.0,
        "perimeter_m": 181.0,
        "confidence_score": 0.93,
        "verification_status": "AI Confirmed",
        "building_count": 1,
        "building_coverage_ratio": 0.786,
        "landuse_class": "Vacant/Green",
        "owner_record": "Property Owner 153",
        "has_gnss_control": true,
        "tax_assessment_annual_inr": 897750,
        "tax_rate_per_sqm": 450,
        "lulc_confidence": 0.904
      },
      "geometry": {
        "type": "Polygon",
        "coordinates": [
          [
            [
              80.23603280701067,
              12.916825105658564
            ],
            [
              80.23603995337463,
              12.917167288466487
            ],
            [
              80.23652189395816,
              12.917157602854582
            ],
            [
              80.23651474694377,
              12.916815420311801
            ],
            [
              80.23603280701067,
              12.916825105658564
            ]
          ]
        ]
      }
    },
    {
      "type": "Feature",
      "properties": {
        "parcel_id": "ULPIN-2026-7849-00154",
        "survey_number": "SY-111/154",
        "area_sqm": 1995.0,
        "perimeter_m": 181.0,
        "confidence_score": 0.93,
        "verification_status": "AI Confirmed",
        "building_count": 1,
        "building_coverage_ratio": 0.786,
        "landuse_class": "Vacant/Green",
        "owner_record": "Property Owner 154",
        "has_gnss_control": true,
        "tax_assessment_annual_inr": 897750,
        "tax_rate_per_sqm": 450,
        "lulc_confidence": 0.968
      },
      "geometry": {
        "type": "Polygon",
        "coordinates": [
          [
            [
              80.23603995337463,
              12.917167288466487
            ],
            [
              80.23604709994413,
              12.917509471261576
            ],
            [
              80.2365290411781,
              12.917499785384521
            ],
            [
              80.23652189395816,
              12.917157602854582
            ],
            [
              80.23603995337463,
              12.917167288466487
            ]
          ]
        ]
      }
    },
    {
      "type": "Feature",
      "properties": {
        "parcel_id": "ULPIN-2026-7849-00155",
        "survey_number": "SY-111/155",
        "area_sqm": 2273.56,
        "perimeter_m": 190.42,
        "confidence_score": 0.98,
        "verification_status": "AI Confirmed",
        "building_count": 1,
        "building_coverage_ratio": 0.689,
        "landuse_class": "Vacant/Green",
        "owner_record": "Property Owner 155",
        "has_gnss_control": true,
        "tax_assessment_annual_inr": 1023102,
        "tax_rate_per_sqm": 450,
        "lulc_confidence": 0.894
      },
      "geometry": {
        "type": "Polygon",
        "coordinates": [
          [
            [
              80.23654281092189,
              12.917499508632224
            ],
            [
              80.23654271696306,
              12.917498186027293
            ],
            [
              80.23654249129893,
              12.917496878825053
            ],
            [
              80.2365421361028,
              12.917495599614572
            ],
            [
              80.2365416547954,
              12.91749436071534
            ],
            [
              80.23654105201199,
              12.91749317405864
            ],
            [
              80.23654033355768,
              12.917492051072621
            ],
            [
              80.2365395063516,
              12.917491002572246
            ],
            [
              80.2365385783602,
              12.91749003865515
            ],
            [
              80.23653755852052,
              12.917489168604384
            ],
            [
              80.23653645665419,
              12.917488400799002
            ],
            [
              80.23653528337279,
              12.917487742633398
            ],
            [
              80.23653404997563,
              12.917487200446057
            ],
            [
              80.23653276834104,
              12.917486779458555
            ],
            [
              80.2365314508118,
              12.917486483725211
            ],
            [
              80.2365301100765,
              12.917486316094115
            ],
            [
              80.2365287590471,
              12.917486278179638
            ],
            [
              80.23604681783881,
              12.917495964046221
            ],
            [
              80.23604546952527,
              12.91749605621109
            ],
            [
              80.23604413691356,
              12.91749627757022
            ],
            [
              80.23604283283743,
              12.917496625991804
            ],
            [
              80.23604156985586,
              12.917497098120359
            ],
            [
              80.23604036013205,
              12.917497689409021
            ],
            [
              80.23603921531632,
              12.917498394163358
            ],
            [
              80.23603814643384,
              12.917499205596211
            ],
            [
              80.23603716377855,
              12.917500115893036
            ],
            [
              80.23603627681396,
              12.91750111628718
            ],
            [
              80.23603549408203,
              12.91750219714429
            ],
            [
              80.23603482312087,
              12.917503348055138
            ],
            [
              80.23603427039224,
              12.917504557935812
            ],
            [
              80.2360338412192,
              12.917505815134502
            ],
            [
              80.2360335397349,
              12.917507107543702
            ],
            [
              80.23603336884285,
              12.917508422716798
            ],
            [
              80.23603333018882,
              12.917509747987964
            ],
            [
              80.23604047694529,
              12.917851930777797
            ],
            [
              80.23604057090242,
              12.91785325338385
            ],
            [
              80.23604079656513,
              12.917854560587383
            ],
            [
              80.2360411517602,
              12.91785583979932
            ],
            [
              80.23604163306689,
              12.917857078700143
            ],
            [
              80.23604223584995,
              12.917858265358554
            ],
            [
              80.23604295430427,
              12.917859388346397
            ],
            [
              80.23604378151073,
              12.917860436848661
            ],
            [
              80.23604470950288,
              12.917861400767721
            ],
            [
              80.23604572934363,
              12.917862270820487
            ],
            [
              80.23604683121138,
              12.917863038627889
            ],
            [
              80.23604800449455,
              12.91786369679551
            ],
            [
              80.23604923789374,
              12.91786423898485
            ],
            [
              80.23605051953066,
              12.917864659974306
            ],
            [
              80.23605183706248,
              12.917864955709545
            ],
            [
              80.23605317780057,
              12.917865123342459
            ],
            [
              80.23605452883294,
              12.91786516125866
            ],
            [
              80.23653647074308,
              12.917855475106
            ],
            [
              80.2365378190573,
              12.917855382937905
            ],
            [
              80.23653915166936,
              12.917855161575677
            ],
            [
              80.23654045574548,
              12.917854813151147
            ],
            [
              80.2365417187267,
              12.917854341019847
            ],
            [
              80.23654292844978,
              12.917853749728645
            ],
            [
              80.23654407326444,
              12.917853044972011
            ],
            [
              80.2365451421455,
              12.917852233537134
            ],
            [
              80.23654612479905,
              12.917851323238578
            ],
            [
              80.23654701176162,
              12.917850322843007
            ],
            [
              80.2365477944912,
              12.9178492419848
            ],
            [
              80.23654846544976,
              12.917848091073187
            ],
            [
              80.23654901817557,
              12.917846881192098
            ],
            [
              80.23654944734558,
              12.917845623993335
            ],
            [
              80.23654974882666,
              12.917844331584417
            ],
            [
              80.23654991971539,
              12.917843016411952
            ],
            [
              80.236549958366,
              12.917841691141762
            ],
            [
              80.23654281092189,
              12.917499508632224
            ]
          ]
        ]
      }
    },
    {
      "type": "Feature",
      "properties": {
        "parcel_id": "ULPIN-2026-7849-00156",
        "survey_number": "SY-111/156",
        "area_sqm": 1995.0,
        "perimeter_m": 181.0,
        "confidence_score": 0.93,
        "verification_status": "AI Confirmed",
        "building_count": 0,
        "building_coverage_ratio": 0.0,
        "landuse_class": "Vacant/Green",
        "owner_record": "Property Owner 156",
        "has_gnss_control": true,
        "tax_assessment_annual_inr": 897750,
        "tax_rate_per_sqm": 450,
        "lulc_confidence": 0.91
      },
      "geometry": {
        "type": "Polygon",
        "coordinates": [
          [
            [
              80.23650760013494,
              12.91647323775619
            ],
            [
              80.23698953902526,
              12.916463551792736
            ],
            [
              80.23698239177162,
              12.916121369489455
            ],
            [
              80.23650045353169,
              12.91613105518774
            ],
            [
              80.23650760013494,
              12.91647323775619
            ]
          ]
        ]
      }
    },
    {
      "type": "Feature",
      "properties": {
        "parcel_id": "ULPIN-2026-7849-00157",
        "survey_number": "SY-111/157",
        "area_sqm": 1995.0,
        "perimeter_m": 181.0,
        "confidence_score": 0.93,
        "verification_status": "AI Confirmed",
        "building_count": 1,
        "building_coverage_ratio": 0.786,
        "landuse_class": "Vacant/Green",
        "owner_record": "Property Owner 157",
        "has_gnss_control": true,
        "tax_assessment_annual_inr": 897750,
        "tax_rate_per_sqm": 450,
        "lulc_confidence": 0.932
      },
      "geometry": {
        "type": "Polygon",
        "coordinates": [
          [
            [
              80.23650760013494,
              12.91647323775619
            ],
            [
              80.23651474694377,
              12.916815420311801
            ],
            [
              80.2369966864845,
              12.91680573408318
            ],
            [
              80.23698953902526,
              12.916463551792736
            ],
            [
              80.23650760013494,
              12.91647323775619
            ]
          ]
        ]
      }
    },
    {
      "type": "Feature",
      "properties": {
        "parcel_id": "ULPIN-2026-7849-00158",
        "survey_number": "SY-111/158",
        "area_sqm": 1995.0,
        "perimeter_m": 181.0,
        "confidence_score": 0.93,
        "verification_status": "AI Confirmed",
        "building_count": 1,
        "building_coverage_ratio": 0.786,
        "landuse_class": "Vacant/Green",
        "owner_record": "Property Owner 158",
        "has_gnss_control": true,
        "tax_assessment_annual_inr": 897750,
        "tax_rate_per_sqm": 450,
        "lulc_confidence": 0.91
      },
      "geometry": {
        "type": "Polygon",
        "coordinates": [
          [
            [
              80.23651474694377,
              12.916815420311801
            ],
            [
              80.23652189395816,
              12.917157602854582
            ],
            [
              80.2370038341493,
              12.917147916360793
            ],
            [
              80.2369966864845,
              12.91680573408318
            ],
            [
              80.23651474694377,
              12.916815420311801
            ]
          ]
        ]
      }
    },
    {
      "type": "Feature",
      "properties": {
        "parcel_id": "ULPIN-2026-7849-00159",
        "survey_number": "SY-111/159",
        "area_sqm": 1995.0,
        "perimeter_m": 181.0,
        "confidence_score": 0.93,
        "verification_status": "AI Confirmed",
        "building_count": 1,
        "building_coverage_ratio": 0.786,
        "landuse_class": "Vacant/Green",
        "owner_record": "Property Owner 159",
        "has_gnss_control": true,
        "tax_assessment_annual_inr": 897750,
        "tax_rate_per_sqm": 450,
        "lulc_confidence": 0.883
      },
      "geometry": {
        "type": "Polygon",
        "coordinates": [
          [
            [
              80.23652189395816,
              12.917157602854582
            ],
            [
              80.2365290411781,
              12.917499785384521
            ],
            [
              80.23701098201971,
              12.917490098625567
            ],
            [
              80.2370038341493,
              12.917147916360793
            ],
            [
              80.23652189395816,
              12.917157602854582
            ]
          ]
        ]
      }
    },
    {
      "type": "Feature",
      "properties": {
        "parcel_id": "ULPIN-2026-7849-00160",
        "survey_number": "SY-111/160",
        "area_sqm": 1682.16,
        "perimeter_m": 166.6,
        "confidence_score": 0.7,
        "verification_status": "Needs GT Verification",
        "building_count": 1,
        "building_coverage_ratio": 0.932,
        "landuse_class": "Vacant/Green",
        "owner_record": "Property Owner 160",
        "has_gnss_control": false,
        "tax_assessment_annual_inr": 756972,
        "tax_rate_per_sqm": 450,
        "lulc_confidence": 0.966
      },
      "geometry": {
        "type": "Polygon",
        "coordinates": [
          [
            [
              80.23699479692759,
              12.917506639391327
            ],
            [
              80.23654590342927,
              12.917515661927082
            ],
            [
              80.23655237375047,
              12.917825427144866
            ],
            [
              80.23700126779724,
              12.91781640438552
            ],
            [
              80.23699479692759,
              12.917506639391327
            ]
          ]
        ]
      }
    },
    {
      "type": "Feature",
      "properties": {
        "parcel_id": "ULPIN-2026-7849-00161",
        "survey_number": "SY-111/161",
        "area_sqm": 1995.0,
        "perimeter_m": 181.0,
        "confidence_score": 0.93,
        "verification_status": "Needs GT Verification",
        "building_count": 1,
        "building_coverage_ratio": 0.786,
        "landuse_class": "Vacant/Green",
        "owner_record": "Property Owner 161",
        "has_gnss_control": true,
        "tax_assessment_annual_inr": 897750,
        "tax_rate_per_sqm": 450,
        "lulc_confidence": 0.886
      },
      "geometry": {
        "type": "Polygon",
        "coordinates": [
          [
            [
              80.23746432961913,
              12.916111682909364
            ],
            [
              80.23698239177162,
              12.916121369489455
            ],
            [
              80.23698953902526,
              12.916463551792736
            ],
            [
              80.23747147752317,
              12.916453864947457
            ],
            [
              80.23746432961913,
              12.916111682909364
            ]
          ]
        ]
      }
    },
    {
      "type": "Feature",
      "properties": {
        "parcel_id": "ULPIN-2026-7849-00162",
        "survey_number": "SY-111/162",
        "area_sqm": 1995.0,
        "perimeter_m": 181.0,
        "confidence_score": 0.93,
        "verification_status": "Needs GT Verification",
        "building_count": 1,
        "building_coverage_ratio": 0.786,
        "landuse_class": "Vacant/Green",
        "owner_record": "Property Owner 162",
        "has_gnss_control": true,
        "tax_assessment_annual_inr": 897750,
        "tax_rate_per_sqm": 450,
        "lulc_confidence": 0.898
      },
      "geometry": {
        "type": "Polygon",
        "coordinates": [
          [
            [
              80.23747147752317,
              12.916453864947457
            ],
            [
              80.23698953902526,
              12.916463551792736
            ],
            [
              80.2369966864845,
              12.91680573408318
            ],
            [
              80.23747862563282,
              12.916796046972706
            ],
            [
              80.23747147752317,
              12.916453864947457
            ]
          ]
        ]
      }
    },
    {
      "type": "Feature",
      "properties": {
        "parcel_id": "ULPIN-2026-7849-00163",
        "survey_number": "SY-111/163",
        "area_sqm": 1995.0,
        "perimeter_m": 181.0,
        "confidence_score": 0.85,
        "verification_status": "Needs GT Verification",
        "building_count": 1,
        "building_coverage_ratio": 0.786,
        "landuse_class": "Vacant/Green",
        "owner_record": "Property Owner 163",
        "has_gnss_control": false,
        "tax_assessment_annual_inr": 897750,
        "tax_rate_per_sqm": 450,
        "lulc_confidence": 0.955
      },
      "geometry": {
        "type": "Polygon",
        "coordinates": [
          [
            [
              80.23747862563282,
              12.916796046972706
            ],
            [
              80.2369966864845,
              12.91680573408318
            ],
            [
              80.2370038341493,
              12.917147916360793
            ],
            [
              80.23748577394805,
              12.917138228985126
            ],
            [
              80.23747862563282,
              12.916796046972706
            ]
          ]
        ]
      }
    },
    {
      "type": "Feature",
      "properties": {
        "parcel_id": "ULPIN-2026-7849-00164",
        "survey_number": "SY-111/164",
        "area_sqm": 1995.0,
        "perimeter_m": 181.0,
        "confidence_score": 0.93,
        "verification_status": "Needs GT Verification",
        "building_count": 1,
        "building_coverage_ratio": 0.786,
        "landuse_class": "Vacant/Green",
        "owner_record": "Property Owner 164",
        "has_gnss_control": true,
        "tax_assessment_annual_inr": 897750,
        "tax_rate_per_sqm": 450,
        "lulc_confidence": 0.891
      },
      "geometry": {
        "type": "Polygon",
        "coordinates": [
          [
            [
              80.23748577394805,
              12.917138228985126
            ],
            [
              80.2370038341493,
              12.917147916360793
            ],
            [
              80.23701098201971,
              12.917490098625567
            ],
            [
              80.23749292246892,
              12.91748041098471
            ],
            [
              80.23748577394805,
              12.917138228985126
            ]
          ]
        ]
      }
    },
    {
      "type": "Feature",
      "properties": {
        "parcel_id": "ULPIN-2026-7849-00165",
        "survey_number": "SY-111/165",
        "area_sqm": 2273.56,
        "perimeter_m": 190.42,
        "confidence_score": 0.98,
        "verification_status": "Needs GT Verification",
        "building_count": 1,
        "building_coverage_ratio": 0.689,
        "landuse_class": "Vacant/Green",
        "owner_record": "Property Owner 165",
        "has_gnss_control": true,
        "tax_assessment_annual_inr": 1023102,
        "tax_rate_per_sqm": 450,
        "lulc_confidence": 0.945
      },
      "geometry": {
        "type": "Polygon",
        "coordinates": [
          [
            [
              80.23750669219025,
              12.917480134182005
            ],
            [
              80.23750659822649,
              12.91747881157938
            ],
            [
              80.2375063725577,
              12.9174775043799
            ],
            [
              80.23750601735722,
              12.917476225172605
            ],
            [
              80.23750553604583,
              12.91747498627698
            ],
            [
              80.2375049332588,
              12.91747379962425
            ],
            [
              80.2375042148013,
              12.917472676642532
            ],
            [
              80.2375033875925,
              12.91747162814676
            ],
            [
              80.23750245959882,
              12.917470664234502
            ],
            [
              80.23750143975738,
              12.917469794188776
            ],
            [
              80.23750033788983,
              12.917469026388595
            ],
            [
              80.2374991646077,
              12.917468368228286
            ],
            [
              80.2374979312104,
              12.917467826046302
            ],
            [
              80.23749664957616,
              12.917467405064142
            ],
            [
              80.23749533204784,
              12.917467109336096
            ],
            [
              80.23749399131398,
              12.917466941710195
            ],
            [
              80.23749264028655,
              12.917466903800753
            ],
            [
              80.23701069986303,
              12.917476591431143
            ],
            [
              80.23700935155193,
              12.917476683600853
            ],
            [
              80.23700801894314,
              12.917476904964573
            ],
            [
              80.23700671487036,
              12.917477253390457
            ],
            [
              80.23700545189257,
              12.917477725522971
            ],
            [
              80.23700424217292,
              12.917478316815224
            ],
            [
              80.23700309736165,
              12.917479021572754
            ],
            [
              80.23700202848396,
              12.917479833008349
            ],
            [
              80.23700104583368,
              12.917480743307465
            ],
            [
              80.2370001588743,
              12.917481743703403
            ],
            [
              80.23699937614771,
              12.917482824561812
            ],
            [
              80.23699870519202,
              12.91748397547344
            ],
            [
              80.23699815246889,
              12.917485185354371
            ],
            [
              80.23699772330131,
              12.917486442552793
            ],
            [
              80.23699742182245,
              12.917487734961204
            ],
            [
              80.23699725093572,
              12.917489050132994
            ],
            [
              80.23699721228682,
              12.917490375402352
            ],
            [
              80.23700436034423,
              12.917832557661866
            ],
            [
              80.23700445430627,
              12.917833880265622
            ],
            [
              80.23700467997365,
              12.917835187466402
            ],
            [
              80.23700503517308,
              12.917836466675144
            ],
            [
              80.23700551648378,
              12.917837705572362
            ],
            [
              80.23700611927046,
              12.91783889222681
            ],
            [
              80.23700683772796,
              12.917840015210345
            ],
            [
              80.23700766493718,
              12.917841063708018
            ],
            [
              80.23700859293156,
              12.91784202762223
            ],
            [
              80.23700961277407,
              12.917842897669951
            ],
            [
              80.23701071464306,
              12.917843665472157
            ],
            [
              80.23701188792693,
              12.917844323634482
            ],
            [
              80.23701312132629,
              12.917844865818468
            ],
            [
              80.23701440296284,
              12.917845286802578
            ],
            [
              80.23701572049373,
              12.917845582532525
            ],
            [
              80.23701706123039,
              12.917845750160243
            ],
            [
              80.23701841226081,
              12.917845788071403
            ],
            [
              80.23750035338614,
              12.917836100154885
            ],
            [
              80.23750170169794,
              12.917836007981952
            ],
            [
              80.23750303430707,
              12.917835786615132
            ],
            [
              80.23750433837984,
              12.917835438186307
            ],
            [
              80.23750560135727,
              12.917834966051037
            ],
            [
              80.2375068110762,
              12.917834374756247
            ],
            [
              80.2375079558864,
              12.917833669996426
            ],
            [
              80.23750902476269,
              12.917832858558798
            ],
            [
              80.23751000741123,
              12.917831948257959
            ],
            [
              80.23751089436855,
              12.91783094786059
            ],
            [
              80.23751167709281,
              12.917829867001087
            ],
            [
              80.2375123480459,
              12.9178287160887
            ],
            [
              80.23751290076622,
              12.917827506207349
            ],
            [
              80.23751332993074,
              12.917826249008852
            ],
            [
              80.2375136314064,
              12.917824956600729
            ],
            [
              80.23751380228981,
              12.917823641429564
            ],
            [
              80.23751384093528,
              12.917822316161185
            ],
            [
              80.23750669219025,
              12.917480134182005
            ]
          ]
        ]
      }
    }
  ]
}