{
  "type": "FeatureCollection",
  "features": [
    {
      "type": "Feature",
      "properties": {
        "building_id": "BLD-WARD7-00001",
        "parcel_id": "ULPIN-IND-DL-00001",
        "height_m": 6.89,
        "floors": 2,
        "structure_type": "Masonry",
        "confidence": 0.969
      },
      "geometry": {
        "type": "Polygon",
        "coordinates": [
          [
            [
              80.23795811798395,
              12.915020729408138
            ],
            [
              80.23795219286419,
              12.914737078700375
            ],
            [
              80.23755058052956,
              12.914745150817861
            ],
            [
              80.23755650520009,
              12.915028801708832
            ],
            [
              80.23795811798395,
              12.915020729408138
            ]
          ]
        ]
      }
    },
    {
      "type": "Feature",
      "properties": {
        "building_id": "BLD-WARD7-00002",
        "parcel_id": "ULPIN-IND-DL-00002",
        "height_m": 6.74,
        "floors": 2,
        "structure_type": "Masonry",
        "confidence": 0.913
      },
      "geometry": {
        "type": "Polygon",
        "coordinates": [
          [
            [
              80.23796498377563,
              12.915349404026742
            ],
            [
              80.23795905849214,
              12.915065753329197
            ],
            [
              80.23755744563698,
              12.91507382565897
            ],
            [
              80.23756337047124,
              12.915357476539723
            ],
            [
              80.23796498377563,
              12.915349404026742
            ]
          ]
        ]
      }
    },
    {
      "type": "Feature",
      "properties": {
        "building_id": "BLD-WARD7-00003",
        "parcel_id": "ULPIN-IND-DL-00003",
        "height_m": 7.17,
        "floors": 2,
        "structure_type": "Masonry",
        "confidence": 0.968
      },
      "geometry": {
        "type": "Polygon",
        "coordinates": [
          [
            [
              80.237971849757,
              12.915678078633501
            ],
            [
              80.2379659243098,
              12.915394427946175
            ],
            [
              80.2375643109341,
              12.915402500488243
            ],
            [
              80.23757023593205,
              12.915686151358775
            ],
            [
              80.237971849757,
              12.915678078633501
            ]
          ]
        ]
      }
    },
    {
      "type": "Feature",
      "properties": {
        "building_id": "BLD-WARD7-00004",
        "parcel_id": "ULPIN-IND-DL-00004",
        "height_m": 3.77,
        "floors": 1,
        "structure_type": "Masonry",
        "confidence": 0.978
      },
      "geometry": {
        "type": "Polygon",
        "coordinates": [
          [
            [
              80.23797279031717,
              12.915723102551313
            ],
            [
              80.23757117642091,
              12.91573117530567
            ],
            [
              80.23757710158256,
              12.916014826165988
            ],
            [
              80.2379787159281,
              12.916006753228421
            ],
            [
              80.23797279031717,
              12.915723102551313
            ]
          ]
        ]
      }
    },
    {
      "type": "Feature",
      "properties": {
        "building_id": "BLD-WARD7-00005",
        "parcel_id": "ULPIN-IND-DL-00005",
        "height_m": 6.86,
        "floors": 2,
        "structure_type": "Masonry",
        "confidence": 0.942
      },
      "geometry": {
        "type": "Polygon",
        "coordinates": [
          [
            [
              80.23800401657046,
              12.915019806820501
            ],
            [
              80.2384056290506,
              12.915011733837515
            ],
            [
              80.23839970343028,
              12.914728083333918
            ],
            [
              80.23799809139935,
              12.914736156133673
            ],
            [
              80.23800401657046,
              12.915019806820501
            ]
          ]
        ]
      }
    },
    {
      "type": "Feature",
      "properties": {
        "building_id": "BLD-WARD7-00006",
        "parcel_id": "ULPIN-IND-DL-00006",
        "height_m": 3.69,
        "floors": 1,
        "structure_type": "Masonry",
        "confidence": 0.968
      },
      "geometry": {
        "type": "Polygon",
        "coordinates": [
          [
            [
              80.2380049570868,
              12.915064830738231
            ],
            [
              80.23801088242163,
              12.91534848141484
            ],
            [
              80.23841249542232,
              12.915340408219551
            ],
            [
              80.23840656963824,
              12.91505675772617
            ],
            [
              80.2380049570868,
              12.915064830738231
            ]
          ]
        ]
      }
    },
    {
      "type": "Feature",
      "properties": {
        "building_id": "BLD-WARD7-00007",
        "parcel_id": "ULPIN-IND-DL-00007",
        "height_m": 13.49,
        "floors": 4,
        "structure_type": "RCC Framed",
        "confidence": 0.952
      },
      "geometry": {
        "type": "Polygon",
        "coordinates": [
          [
            [
              80.23801182296397,
              12.915393505330952
            ],
            [
              80.2380177484625,
              12.915677155997338
            ],
            [
              80.23841936198374,
              12.91566908258974
            ],
            [
              80.23841343603596,
              12.915385432106579
            ],
            [
              80.23801182296397,
              12.915393505330952
            ]
          ]
        ]
      }
    },
    {
      "type": "Feature",
      "properties": {
        "building_id": "BLD-WARD7-00008",
        "parcel_id": "ULPIN-IND-DL-00008",
        "height_m": 7.1,
        "floors": 2,
        "structure_type": "Masonry",
        "confidence": 0.912
      },
      "geometry": {
        "type": "Polygon",
        "coordinates": [
          [
            [
              80.23842030262337,
              12.915714106475146
            ],
            [
              80.23801868903082,
              12.915722179911828
            ],
            [
              80.23802461469307,
              12.916005830567997
            ],
            [
              80.2384262287349,
              12.915997756948093
            ],
            [
              80.23842030262337,
              12.915714106475146
            ]
          ]
        ]
      }
    },
    {
      "type": "Feature",
      "properties": {
        "building_id": "BLD-WARD7-00009",
        "parcel_id": "ULPIN-IND-DL-00009",
        "height_m": 6.86,
        "floors": 2,
        "structure_type": "Masonry",
        "confidence": 0.955
      },
      "geometry": {
        "type": "Polygon",
        "coordinates": [
          [
            [
              80.23845152760241,
              12.915010811171905
            ],
            [
              80.23885313977883,
              12.91500273750664
            ],
            [
              80.23884721365793,
              12.91471908720722
            ],
            [
              80.23844560193074,
              12.914727160689244
            ],
            [
              80.23845152760241,
              12.915010811171905
            ]
          ]
        ]
      }
    },
    {
      "type": "Feature",
      "properties": {
        "building_id": "BLD-WARD7-00010",
        "parcel_id": "ULPIN-IND-DL-00010",
        "height_m": 3.72,
        "floors": 1,
        "structure_type": "Masonry",
        "confidence": 0.963
      },
      "geometry": {
        "type": "Polygon",
        "coordinates": [
          [
            [
              80.2384524681982,
              12.915055835057231
            ],
            [
              80.23845839403361,
              12.915339485529671
            ],
            [
              80.23886000673056,
              12.915331411652083
            ],
            [
              80.23885408044593,
              12.915047761362883
            ],
            [
              80.2384524681982,
              12.915055835057231
            ]
          ]
        ]
      }
    },
    {
      "type": "Feature",
      "properties": {
        "building_id": "BLD-WARD7-00011",
        "parcel_id": "ULPIN-IND-DL-00011",
        "height_m": 6.69,
        "floors": 2,
        "structure_type": "Masonry",
        "confidence": 0.915
      },
      "geometry": {
        "type": "Polygon",
        "coordinates": [
          [
            [
              80.2384593346554,
              12.915384509413377
            ],
            [
              80.23846526065454,
              12.9156681598756
            ],
            [
              80.23886687387206,
              12.915660085785685
            ],
            [
              80.23886094742367,
              12.915376435506705
            ],
            [
              80.2384593346554,
              12.915384509413377
            ]
          ]
        ]
      }
    },
    {
      "type": "Feature",
      "properties": {
        "building_id": "BLD-WARD7-00012",
        "parcel_id": "ULPIN-IND-DL-00012",
        "height_m": 10.18,
        "floors": 3,
        "structure_type": "RCC Framed",
        "confidence": 0.924
      },
      "geometry": {
        "type": "Polygon",
        "coordinates": [
          [
            [
              80.23886781459115,
              12.915705109638681
            ],
            [
              80.23846620130232,
              12.91571318375768
            ],
            [
              80.23847212746517,
              12.915996834209684
            ],
            [
              80.23887374120328,
              12.915988759907444
            ],
            [
              80.23886781459115,
              12.915705109638681
            ]
          ]
        ]
      }
    },
    {
      "type": "Feature",
      "properties": {
        "building_id": "BLD-WARD7-00013",
        "parcel_id": "ULPIN-IND-DL-00014",
        "height_m": 3.82,
        "floors": 1,
        "structure_type": "Masonry",
        "confidence": 0.975
      },
      "geometry": {
        "type": "Polygon",
        "coordinates": [
          [
            [
              80.23930159091515,
              12.91503876423934
            ],
            [
              80.23889997897118,
              12.915046838615972
            ],
            [
              80.23890590530715,
              12.915330488884228
            ],
            [
              80.23930751770037,
              12.915322414324342
            ],
            [
              80.23930159091515,
              12.91503876423934
            ]
          ]
        ]
      }
    },
    {
      "type": "Feature",
      "properties": {
        "building_id": "BLD-WARD7-00014",
        "parcel_id": "ULPIN-IND-DL-00015",
        "height_m": 3.78,
        "floors": 1,
        "structure_type": "Masonry",
        "confidence": 0.96
      },
      "geometry": {
        "type": "Polygon",
        "coordinates": [
          [
            [
              80.23930845847292,
              12.91536743814655
            ],
            [
              80.2389068460084,
              12.915375512735526
            ],
            [
              80.23891277250813,
              12.915659162993563
            ],
            [
              80.23931438542189,
              12.915651088221335
            ],
            [
              80.23930845847292,
              12.91536743814655
            ]
          ]
        ]
      }
    },
    {
      "type": "Feature",
      "properties": {
        "building_id": "BLD-WARD7-00015",
        "parcel_id": "ULPIN-IND-DL-00016",
        "height_m": 13.36,
        "floors": 4,
        "structure_type": "RCC Framed",
        "confidence": 0.925
      },
      "geometry": {
        "type": "Polygon",
        "coordinates": [
          [
            [
              80.23931532622045,
              12.915696112041918
            ],
            [
              80.23891371323536,
              12.915704186843234
            ],
            [
              80.23891963989885,
              12.915987837091054
            ],
            [
              80.23932125333317,
              12.915979762106481
            ],
            [
              80.23931532622045,
              12.915696112041918
            ]
          ]
        ]
      }
    },
    {
      "type": "Feature",
      "properties": {
        "building_id": "BLD-WARD7-00016",
        "parcel_id": "ULPIN-IND-DL-00017",
        "height_m": 13.08,
        "floors": 4,
        "structure_type": "RCC Framed",
        "confidence": 0.969
      },
      "geometry": {
        "type": "Polygon",
        "coordinates": [
          [
            [
              80.237987369455,
              12.916420973248995
            ],
            [
              80.2379811614595,
              12.916123815410057
            ],
            [
              80.23757954692856,
              12.916131888423232
            ],
            [
              80.23758575445339,
              12.916429046454105
            ],
            [
              80.237987369455,
              12.916420973248995
            ]
          ]
        ]
      }
    },
    {
      "type": "Feature",
      "properties": {
        "building_id": "BLD-WARD7-00017",
        "parcel_id": "ULPIN-IND-DL-00018",
        "height_m": 6.74,
        "floors": 2,
        "structure_type": "Masonry",
        "confidence": 0.976
      },
      "geometry": {
        "type": "Polygon",
        "coordinates": [
          [
            [
              80.23799451824797,
              12.91676315499093
            ],
            [
              80.2379883100739,
              12.916465997163138
            ],
            [
              80.23758669500097,
              12.916474070397332
            ],
            [
              80.23759290270436,
              12.916771228417057
            ],
            [
              80.23799451824797,
              12.91676315499093
            ]
          ]
        ]
      }
    },
    {
      "type": "Feature",
      "properties": {
        "building_id": "BLD-WARD7-00018",
        "parcel_id": "ULPIN-IND-DL-00019",
        "height_m": 7.02,
        "floors": 2,
        "structure_type": "Masonry",
        "confidence": 0.975
      },
      "geometry": {
        "type": "Polygon",
        "coordinates": [
          [
            [
              80.23800166724656,
              12.917105336720033
            ],
            [
              80.23799545889393,
              12.916808178903386
            ],
            [
              80.237593843279,
              12.916816252358593
            ],
            [
              80.23760005116094,
              12.917113410367177
            ],
            [
              80.23800166724656,
              12.917105336720033
            ]
          ]
        ]
      }
    },
    {
      "type": "Feature",
      "properties": {
        "building_id": "BLD-WARD7-00019",
        "parcel_id": "ULPIN-IND-DL-00020",
        "height_m": 10.14,
        "floors": 3,
        "structure_type": "RCC Framed",
        "confidence": 0.975
      },
      "geometry": {
        "type": "Polygon",
        "coordinates": [
          [
            [
              80.23800881645079,
              12.917447518436296
            ],
            [
              80.2380026079196,
              12.917150360630801
            ],
            [
              80.23760099176263,
              12.917158434307026
            ],
            [
              80.23760719982312,
              12.917455592304457
            ],
            [
              80.23800881645079,
              12.917447518436296
            ]
          ]
        ]
      }
    },
    {
      "type": "Feature",
      "properties": {
        "building_id": "BLD-WARD7-00020",
        "parcel_id": "ULPIN-IND-DL-00021",
        "height_m": 7.04,
        "floors": 2,
        "structure_type": "Masonry",
        "confidence": 0.931
      },
      "geometry": {
        "type": "Polygon",
        "coordinates": [
          [
            [
              80.23800975715086,
              12.917492542345379
            ],
            [
              80.23760814045187,
              12.91750061624262
            ],
            [
              80.23761434869091,
              12.917797774228907
            ],
            [
              80.23801596586063,
              12.91778970013973
            ],
            [
              80.23800975715086,
              12.917492542345379
            ]
          ]
        ]
      }
    },
    {
      "type": "Feature",
      "properties": {
        "building_id": "BLD-WARD7-00021",
        "parcel_id": "ULPIN-IND-DL-00022",
        "height_m": 10.1,
        "floors": 3,
        "structure_type": "RCC Framed",
        "confidence": 0.929
      },
      "geometry": {
        "type": "Polygon",
        "coordinates": [
          [
            [
              80.23803326829497,
              12.91642005055799
            ],
            [
              80.23843488299288,
              12.916411976670519
            ],
            [
              80.23842867447291,
              12.916114819045466
            ],
            [
              80.23802706024568,
              12.916122892740987
            ],
            [
              80.23803326829497,
              12.91642005055799
            ]
          ]
        ]
      }
    },
    {
      "type": "Feature",
      "properties": {
        "building_id": "BLD-WARD7-00022",
        "parcel_id": "ULPIN-IND-DL-00023",
        "height_m": 6.88,
        "floors": 2,
        "structure_type": "Masonry",
        "confidence": 0.967
      },
      "geometry": {
        "type": "Polygon",
        "coordinates": [
          [
            [
              80.23803420892203,
              12.916465074468812
            ],
            [
              80.23804041714988,
              12.916762232274666
            ],
            [
              80.2384420323898,
              12.916754158166162
            ],
            [
              80.23843582369125,
              12.916457000552256
            ],
            [
              80.23803420892203,
              12.916465074468812
            ]
          ]
        ]
      }
    },
    {
      "type": "Feature",
      "properties": {
        "building_id": "BLD-WARD7-00023",
        "parcel_id": "ULPIN-IND-DL-00024",
        "height_m": 6.96,
        "floors": 2,
        "structure_type": "Masonry",
        "confidence": 0.944
      },
      "geometry": {
        "type": "Polygon",
        "coordinates": [
          [
            [
              80.23804135780401,
              12.916807256183798
            ],
            [
              80.23804756621043,
              12.917104413978509
            ],
            [
              80.23844918199235,
              12.917096339648968
            ],
            [
              80.23844297311523,
              12.91679918204621
            ],
            [
              80.23804135780401,
              12.916807256183798
            ]
          ]
        ]
      }
    },
    {
      "type": "Feature",
      "properties": {
        "building_id": "BLD-WARD7-00024",
        "parcel_id": "ULPIN-IND-DL-00025",
        "height_m": 13.34,
        "floors": 4,
        "structure_type": "RCC Framed",
        "confidence": 0.936
      },
      "geometry": {
        "type": "Polygon",
        "coordinates": [
          [
            [
              80.23804850689159,
              12.917149437885952
            ],
            [
              80.2380547154766,
              12.91744659566951
            ],
            [
              80.23845633180055,
              12.917438521118935
            ],
            [
              80.23845012274484,
              12.917141363527328
            ],
            [
              80.23804850689159,
              12.917149437885952
            ]
          ]
        ]
      }
    },
    {
      "type": "Feature",
      "properties": {
        "building_id": "BLD-WARD7-00025",
        "parcel_id": "ULPIN-IND-DL-00026",
        "height_m": 9.95,
        "floors": 3,
        "structure_type": "RCC Framed",
        "confidence": 0.959
      },
      "geometry": {
        "type": "Polygon",
        "coordinates": [
          [
            [
              80.23845727258009,
              12.917483544995608
            ],
            [
              80.23805565618481,
              12.91749161957527
            ],
            [
              80.23806186494839,
              12.917788777347685
            ],
            [
              80.23846348181439,
              12.91778070257607
            ],
            [
              80.23845727258009,
              12.917483544995608
            ]
          ]
        ]
      }
    },
    {
      "type": "Feature",
      "properties": {
        "building_id": "BLD-WARD7-00026",
        "parcel_id": "ULPIN-IND-DL-00027",
        "height_m": 13.22,
        "floors": 4,
        "structure_type": "RCC Framed",
        "confidence": 0.924
      },
      "geometry": {
        "type": "Polygon",
        "coordinates": [
          [
            [
              80.23848078179815,
              12.916411053901529
            ],
            [
              80.23888239619231,
              12.9164029793317
            ],
            [
              80.23887618714788,
              12.916105821920555
            ],
            [
              80.2384745732244,
              12.916113896298418
            ],
            [
              80.23848078179815,
              12.916411053901529
            ]
          ]
        ]
      }
    },
    {
      "type": "Feature",
      "properties": {
        "building_id": "BLD-WARD7-00027",
        "parcel_id": "ULPIN-IND-DL-00028",
        "height_m": 7.0,
        "floors": 2,
        "structure_type": "Masonry",
        "confidence": 0.91
      },
      "geometry": {
        "type": "Polygon",
        "coordinates": [
          [
            [
              80.23848172250466,
              12.916456077779943
            ],
            [
              80.238487931257,
              12.916753235371907
            ],
            [
              80.23888954619318,
              12.916745160581025
            ],
            [
              80.23888333697015,
              12.91644800318103
            ],
            [
              80.23848172250466,
              12.916456077779943
            ]
          ]
        ]
      }
    },
    {
      "type": "Feature",
      "properties": {
        "building_id": "BLD-WARD7-00028",
        "parcel_id": "ULPIN-IND-DL-00029",
        "height_m": 6.68,
        "floors": 2,
        "structure_type": "Masonry",
        "confidence": 0.97
      },
      "geometry": {
        "type": "Polygon",
        "coordinates": [
          [
            [
              80.23848887199057,
              12.916798259248635
            ],
            [
              80.23849508092151,
              12.917095416829454
            ],
            [
              80.23889669639968,
              12.917087341817515
            ],
            [
              80.23889048699807,
              12.916790184428667
            ],
            [
              80.23848887199057,
              12.916798259248635
            ]
          ]
        ]
      }
    },
    {
      "type": "Feature",
      "properties": {
        "building_id": "BLD-WARD7-00029",
        "parcel_id": "ULPIN-IND-DL-00030",
        "height_m": 10.39,
        "floors": 3,
        "structure_type": "RCC Framed",
        "confidence": 0.968
      },
      "geometry": {
        "type": "Polygon",
        "coordinates": [
          [
            [
              80.23849602168214,
              12.917140440704491
            ],
            [
              80.23850223079165,
              12.917437598274159
            ],
            [
              80.23890384681185,
              12.917429523041172
            ],
            [
              80.23889763723164,
              12.917132365663466
            ],
            [
              80.23849602168214,
              12.917140440704491
            ]
          ]
        ]
      }
    },
    {
      "type": "Feature",
      "properties": {
        "building_id": "BLD-WARD7-00030",
        "parcel_id": "ULPIN-IND-DL-00031",
        "height_m": 6.64,
        "floors": 2,
        "structure_type": "Masonry",
        "confidence": 0.927
      },
      "geometry": {
        "type": "Polygon",
        "coordinates": [
          [
            [
              80.23890478767086,
              12.917474546885432
            ],
            [
              80.23850317157934,
              12.91748262214751
            ],
            [
              80.23850938086743,
              12.917779779706033
            ],
            [
              80.2389109974297,
              12.917771704251988
            ],
            [
              80.23890478767086,
              12.917474546885432
            ]
          ]
        ]
      }
    },
    {
      "type": "Feature",
      "properties": {
        "building_id": "BLD-WARD7-00031",
        "parcel_id": "ULPIN-IND-DL-00032",
        "height_m": 13.32,
        "floors": 4,
        "structure_type": "RCC Framed",
        "confidence": 0.928
      },
      "geometry": {
        "type": "Polygon",
        "coordinates": [
          [
            [
              80.2393236994844,
              12.916096824035318
            ],
            [
              80.23892208586464,
              12.916104899095522
            ],
            [
              80.23892829496286,
              12.916402056484726
            ],
            [
              80.23932990905328,
              12.91639398123254
            ],
            [
              80.2393236994844,
              12.916096824035318
            ]
          ]
        ]
      }
    },
    {
      "type": "Feature",
      "properties": {
        "building_id": "BLD-WARD7-00032",
        "parcel_id": "ULPIN-IND-DL-00033",
        "height_m": 3.98,
        "floors": 1,
        "structure_type": "Masonry",
        "confidence": 0.961
      },
      "geometry": {
        "type": "Polygon",
        "coordinates": [
          [
            [
              80.23933084991057,
              12.916439005049456
            ],
            [
              80.23892923574884,
              12.916447080330734
            ],
            [
              80.23893544502566,
              12.916744237708787
            ],
            [
              80.23933705965807,
              12.916736162235528
            ],
            [
              80.23933084991057,
              12.916439005049456
            ]
          ]
        ]
      }
    },
    {
      "type": "Feature",
      "properties": {
        "building_id": "BLD-WARD7-00033",
        "parcel_id": "ULPIN-IND-DL-00034",
        "height_m": 10.34,
        "floors": 3,
        "structure_type": "RCC Framed",
        "confidence": 0.97
      },
      "geometry": {
        "type": "Polygon",
        "coordinates": [
          [
            [
              80.23933800054243,
              12.916781186050759
            ],
            [
              80.23893638583871,
              12.916789261553104
            ],
            [
              80.23894259529412,
              12.917086418920015
            ],
            [
              80.23934421046854,
              12.917078343225686
            ],
            [
              80.23933800054243,
              12.916781186050759
            ]
          ]
        ]
      }
    },
    {
      "type": "Feature",
      "properties": {
        "building_id": "BLD-WARD7-00034",
        "parcel_id": "ULPIN-IND-DL-00035",
        "height_m": 13.06,
        "floors": 4,
        "structure_type": "RCC Framed",
        "confidence": 0.944
      },
      "geometry": {
        "type": "Polygon",
        "coordinates": [
          [
            [
              80.23934515137996,
              12.917123367039224
            ],
            [
              80.23894353613423,
              12.917131442762642
            ],
            [
              80.23894974576824,
              12.917428600118404
            ],
            [
              80.2393513614847,
              12.917420524203001
            ],
            [
              80.23934515137996,
              12.917123367039224
            ]
          ]
        ]
      }
    },
    {
      "type": "Feature",
      "properties": {
        "building_id": "BLD-WARD7-00035",
        "parcel_id": "ULPIN-IND-DL-00036",
        "height_m": 6.6,
        "floors": 2,
        "structure_type": "Masonry",
        "confidence": 0.971
      },
      "geometry": {
        "type": "Polygon",
        "coordinates": [
          [
            [
              80.23935230242317,
              12.91746554801485
            ],
            [
              80.23895068663542,
              12.917473623959342
            ],
            [
              80.23895689644802,
              12.917770781303956
            ],
            [
              80.23935851270652,
              12.917762705167478
            ],
            [
              80.23935230242317,
              12.91746554801485
            ]
          ]
        ]
      }
    },
    {
      "type": "Feature",
      "properties": {
        "building_id": "BLD-WARD7-00036",
        "parcel_id": "ULPIN-IND-DL-00037",
        "height_m": 6.84,
        "floors": 2,
        "structure_type": "Masonry",
        "confidence": 0.971
      },
      "geometry": {
        "type": "Polygon",
        "coordinates": [
          [
            [
              80.23802574959679,
              12.918257948765728
            ],
            [
              80.2380191643474,
              12.917942781423951
            ],
            [
              80.23761754693518,
              12.917950855612006
            ],
            [
              80.2376241316853,
              12.918266023157354
            ],
            [
              80.23802574959679,
              12.918257948765728
            ]
          ]
        ]
      }
    },
    {
      "type": "Feature",
      "properties": {
        "building_id": "BLD-WARD7-00037",
        "parcel_id": "ULPIN-IND-DL-00038",
        "height_m": 7.1,
        "floors": 2,
        "structure_type": "Masonry",
        "confidence": 0.916
      },
      "geometry": {
        "type": "Polygon",
        "coordinates": [
          [
            [
              80.2380332758097,
              12.918618140000142
            ],
            [
              80.23802669036095,
              12.918302972670809
            ],
            [
              80.23762507237812,
              12.918311047091514
            ],
            [
              80.2376316573276,
              12.918626214624418
            ],
            [
              80.2380332758097,
              12.918618140000142
            ]
          ]
        ]
      }
    },
    {
      "type": "Feature",
      "properties": {
        "building_id": "BLD-WARD7-00038",
        "parcel_id": "ULPIN-IND-DL-00040",
        "height_m": 10.32,
        "floors": 3,
        "structure_type": "RCC Framed",
        "confidence": 0.936
      },
      "geometry": {
        "type": "Polygon",
        "coordinates": [
          [
            [
              80.23804174307158,
              12.919023355121853
            ],
            [
              80.2376401239475,
              12.919031430007864
            ],
            [
              80.23764670929567,
              12.919346597515876
            ],
            [
              80.23804832891908,
              12.919338522426294
            ],
            [
              80.23804174307158,
              12.919023355121853
            ]
          ]
        ]
      }
    },
    {
      "type": "Feature",
      "properties": {
        "building_id": "BLD-WARD7-00039",
        "parcel_id": "ULPIN-IND-DL-00041",
        "height_m": 3.82,
        "floors": 1,
        "structure_type": "Masonry",
        "confidence": 0.923
      },
      "geometry": {
        "type": "Polygon",
        "coordinates": [
          [
            [
              80.23807164876932,
              12.918257025939115
            ],
            [
              80.23847326637708,
              12.918248950865035
            ],
            [
              80.23846668057136,
              12.917933783750108
            ],
            [
              80.23806506346287,
              12.917941858620605
            ],
            [
              80.23807164876932,
              12.918257025939115
            ]
          ]
        ]
      }
    },
    {
      "type": "Feature",
      "properties": {
        "building_id": "BLD-WARD7-00040",
        "parcel_id": "ULPIN-IND-DL-00042",
        "height_m": 6.69,
        "floors": 2,
        "structure_type": "Masonry",
        "confidence": 0.93
      },
      "geometry": {
        "type": "Polygon",
        "coordinates": [
          [
            [
              80.23807258954163,
              12.918302049840872
            ],
            [
              80.23807917504745,
              12.918617217146938
            ],
            [
              80.23848079322583,
              12.918609141840184
            ],
            [
              80.23847420722072,
              12.918293974737702
            ],
            [
              80.23807258954163,
              12.918302049840872
            ]
          ]
        ]
      }
    },
    {
      "type": "Feature",
      "properties": {
        "building_id": "BLD-WARD7-00041",
        "parcel_id": "ULPIN-IND-DL-00043",
        "height_m": 19.43,
        "floors": 6,
        "structure_type": "RCC Framed",
        "confidence": 0.934
      },
      "geometry": {
        "type": "Polygon",
        "coordinates": [
          [
            [
              80.23808011584823,
              12.918662241046919
            ],
            [
              80.23808670155343,
              12.91897740834054
            ],
            [
              80.23848832030245,
              12.91896933280111
            ],
            [
              80.23848173409796,
              12.918654165711079
            ],
            [
              80.23808011584823,
              12.918662241046919
            ]
          ]
        ]
      }
    },
    {
      "type": "Feature",
      "properties": {
        "building_id": "BLD-WARD7-00042",
        "parcel_id": "ULPIN-IND-DL-00044",
        "height_m": 10.05,
        "floors": 3,
        "structure_type": "RCC Framed",
        "confidence": 0.916
      },
      "geometry": {
        "type": "Polygon",
        "coordinates": [
          [
            [
              80.23848926120304,
              12.919014356670228
            ],
            [
              80.23808764238268,
              12.919022432238739
            ],
            [
              80.23809422828724,
              12.919337599519915
            ],
            [
              80.23849584760691,
              12.919329523747813
            ],
            [
              80.23848926120304,
              12.919014356670228
            ]
          ]
        ]
      }
    },
    {
      "type": "Feature",
      "properties": {
        "building_id": "BLD-WARD7-00043",
        "parcel_id": "ULPIN-IND-DL-00045",
        "height_m": 6.78,
        "floors": 2,
        "structure_type": "Masonry",
        "confidence": 0.959
      },
      "geometry": {
        "type": "Polygon",
        "coordinates": [
          [
            [
              80.23851916551492,
              12.918248027960425
            ],
            [
              80.23892078281895,
              12.918239952203882
            ],
            [
              80.23891419645689,
              12.917924785315828
            ],
            [
              80.23851257965212,
              12.917932860868769
            ],
            [
              80.23851916551492,
              12.918248027960425
            ]
          ]
        ]
      }
    },
    {
      "type": "Feature",
      "properties": {
        "building_id": "BLD-WARD7-00044",
        "parcel_id": "ULPIN-IND-DL-00046",
        "height_m": 13.41,
        "floors": 4,
        "structure_type": "RCC Framed",
        "confidence": 0.942
      },
      "geometry": {
        "type": "Polygon",
        "coordinates": [
          [
            [
              80.2385201063667,
              12.918293051829773
            ],
            [
              80.23852669242888,
              12.918608218908984
            ],
            [
              80.23892831030352,
              12.918600142919749
            ],
            [
              80.23892172374205,
              12.918284976044145
            ],
            [
              80.2385201063667,
              12.918293051829773
            ]
          ]
        ]
      }
    },
    {
      "type": "Feature",
      "properties": {
        "building_id": "BLD-WARD7-00045",
        "parcel_id": "ULPIN-IND-DL-00047",
        "height_m": 6.86,
        "floors": 2,
        "structure_type": "Masonry",
        "confidence": 0.947
      },
      "geometry": {
        "type": "Polygon",
        "coordinates": [
          [
            [
              80.23852763330913,
              12.918653242776552
            ],
            [
              80.23853421957068,
              12.91896840984332
            ],
            [
              80.23893583801596,
              12.918960333621392
            ],
            [
              80.23892925125512,
              12.91864516675823
            ],
            [
              80.23852763330913,
              12.918653242776552
            ]
          ]
        ]
      }
    },
    {
      "type": "Feature",
      "properties": {
        "building_id": "BLD-WARD7-00046",
        "parcel_id": "ULPIN-IND-DL-00048",
        "height_m": 19.58,
        "floors": 6,
        "structure_type": "RCC Framed",
        "confidence": 0.913
      },
      "geometry": {
        "type": "Polygon",
        "coordinates": [
          [
            [
              80.23893677899605,
              12.919005357458097
            ],
            [
              80.23853516047944,
              12.919013433709111
            ],
            [
              80.23854174694038,
              12.919328600763428
            ],
            [
              80.2389433659563,
              12.91932052430881
            ],
            [
              80.23893677899605,
              12.919005357458097
            ]
          ]
        ]
      }
    },
    {
      "type": "Feature",
      "properties": {
        "building_id": "BLD-WARD7-00047",
        "parcel_id": "ULPIN-IND-DL-00049",
        "height_m": 13.17,
        "floors": 4,
        "structure_type": "RCC Framed",
        "confidence": 0.95
      },
      "geometry": {
        "type": "Polygon",
        "coordinates": [
          [
            [
              80.23936171200393,
              12.917915786121116
            ],
            [
              80.23896009550293,
              12.917923862356496
            ],
            [
              80.23896668192205,
              12.91823902922128
            ],
            [
              80.23936829892232,
              12.91823095278228
            ],
            [
              80.23936171200393,
              12.917915786121116
            ]
          ]
        ]
      }
    },
    {
      "type": "Feature",
      "properties": {
        "building_id": "BLD-WARD7-00048",
        "parcel_id": "ULPIN-IND-DL-00050",
        "height_m": 6.73,
        "floors": 2,
        "structure_type": "Masonry",
        "confidence": 0.947
      },
      "geometry": {
        "type": "Polygon",
        "coordinates": [
          [
            [
              80.2393692399249,
              12.918275976590124
            ],
            [
              80.23896762285331,
              12.918284053058214
            ],
            [
              80.23897420947183,
              12.91859921991055
            ],
            [
              80.2393758270427,
              12.91859114323884
            ],
            [
              80.2393692399249,
              12.918275976590124
            ]
          ]
        ]
      }
    },
    {
      "type": "Feature",
      "properties": {
        "building_id": "BLD-WARD7-00049",
        "parcel_id": "ULPIN-IND-DL-00051",
        "height_m": 6.88,
        "floors": 2,
        "structure_type": "Masonry",
        "confidence": 0.955
      },
      "geometry": {
        "type": "Polygon",
        "coordinates": [
          [
            [
              80.23937676807378,
              12.91863616704491
            ],
            [
              80.23897515043157,
              12.918644243745712
            ],
            [
              80.2389817372495,
              12.918959410585602
            ],
            [
              80.23938335539101,
              12.918951333681179
            ],
            [
              80.23937676807378,
              12.91863616704491
            ]
          ]
        ]
      }
    },
    {
      "type": "Feature",
      "properties": {
        "building_id": "BLD-WARD7-00050",
        "parcel_id": "ULPIN-IND-DL-00053",
        "height_m": 6.63,
        "floors": 2,
        "structure_type": "Masonry",
        "confidence": 0.975
      },
      "geometry": {
        "type": "Polygon",
        "coordinates": [
          [
            [
              80.23805698486964,
              12.919752742295568
            ],
            [
              80.23805077513542,
              12.919455584565172
            ],
            [
              80.23764915532657,
              12.919463659730365
            ],
            [
              80.23765536458997,
              12.919760817652703
            ],
            [
              80.23805698486964,
              12.919752742295568
            ]
          ]
        ]
      }
    },
    {
      "type": "Feature",
      "properties": {
        "building_id": "BLD-WARD7-00051",
        "parcel_id": "ULPIN-IND-DL-00054",
        "height_m": 7.07,
        "floors": 2,
        "structure_type": "Masonry",
        "confidence": 0.97
      },
      "geometry": {
        "type": "Polygon",
        "coordinates": [
          [
            [
              80.23805792575199,
              12.919797766193271
            ],
            [
              80.237656305401,
              12.919805841579484
            ],
            [
              80.23766251484297,
              12.920102999490673
            ],
            [
              80.23806413566479,
              12.920094923912519
            ],
            [
              80.23805792575199,
              12.919797766193271
            ]
          ]
        ]
      }
    },
    {
      "type": "Feature",
      "properties": {
        "building_id": "BLD-WARD7-00052",
        "parcel_id": "ULPIN-IND-DL-00055",
        "height_m": 6.64,
        "floors": 2,
        "structure_type": "Masonry",
        "confidence": 0.953
      },
      "geometry": {
        "type": "Polygon",
        "coordinates": [
          [
            [
              80.23810288431282,
              12.919751819358607
            ],
            [
              80.23850450428876,
              12.919743743318932
            ],
            [
              80.23849829402994,
              12.91944658580243
            ],
            [
              80.2380966745248,
              12.91945466165015
            ],
            [
              80.23810288431282,
              12.919751819358607
            ]
          ]
        ]
      }
    },
    {
      "type": "Feature",
      "properties": {
        "building_id": "BLD-WARD7-00053",
        "parcel_id": "ULPIN-IND-DL-00056",
        "height_m": 3.86,
        "floors": 1,
        "structure_type": "Masonry",
        "confidence": 0.964
      },
      "geometry": {
        "type": "Polygon",
        "coordinates": [
          [
            [
              80.2385054452506,
              12.919788767184226
            ],
            [
              80.23810382520332,
              12.919796843252984
            ],
            [
              80.23811003516992,
              12.9200940009503
            ],
            [
              80.23851165568803,
              12.920085924689584
            ],
            [
              80.2385054452506,
              12.919788767184226
            ]
          ]
        ]
      }
    },
    {
      "type": "Feature",
      "properties": {
        "building_id": "BLD-WARD7-00054",
        "parcel_id": "ULPIN-IND-DL-00057",
        "height_m": 3.57,
        "floors": 1,
        "structure_type": "Masonry",
        "confidence": 0.912
      },
      "geometry": {
        "type": "Polygon",
        "coordinates": [
          [
            [
              80.23855040369723,
              12.919742820303968
            ],
            [
              80.23895202336942,
              12.919734743581754
            ],
            [
              80.23894581258598,
              12.91943758627916
            ],
            [
              80.2385441933846,
              12.919445662809403
            ],
            [
              80.23855040369723,
              12.919742820303968
            ]
          ]
        ]
      }
    },
    {
      "type": "Feature",
      "properties": {
        "building_id": "BLD-WARD7-00055",
        "parcel_id": "ULPIN-IND-DL-00058",
        "height_m": 6.94,
        "floors": 2,
        "structure_type": "Masonry",
        "confidence": 0.924
      },
      "geometry": {
        "type": "Polygon",
        "coordinates": [
          [
            [
              80.23895296441074,
              12.919779767414635
            ],
            [
              80.23855134466723,
              12.91978784416594
            ],
            [
              80.23855755515844,
              12.920085001649356
            ],
            [
              80.23895917537278,
              12.920076924706082
            ],
            [
              80.23895296441074,
              12.919779767414635
            ]
          ]
        ]
      }
    },
    {
      "type": "Feature",
      "properties": {
        "building_id": "BLD-WARD7-00056",
        "parcel_id": "ULPIN-IND-DL-00059",
        "height_m": 7.05,
        "floors": 2,
        "structure_type": "Masonry",
        "confidence": 0.968
      },
      "geometry": {
        "type": "Polygon",
        "coordinates": [
          [
            [
              80.23939333080354,
              12.919428585995364
            ],
            [
              80.23899171190592,
              12.91943666320813
            ],
            [
              80.23899792274317,
              12.919733820488783
            ],
            [
              80.23939954211157,
              12.919725743084028
            ],
            [
              80.23939333080354,
              12.919428585995364
            ]
          ]
        ]
      }
    },
    {
      "type": "Feature",
      "properties": {
        "building_id": "BLD-WARD7-00057",
        "parcel_id": "ULPIN-IND-DL-00060",
        "height_m": 6.73,
        "floors": 2,
        "structure_type": "Masonry",
        "confidence": 0.943
      },
      "geometry": {
        "type": "Polygon",
        "coordinates": [
          [
            [
              80.23940048323239,
              12.919770766884497
            ],
            [
              80.23899886379265,
              12.91977884431834
            ],
            [
              80.2390050748085,
              12.920076001587844
            ],
            [
              80.23940669471905,
              12.920067923962014
            ],
            [
              80.23940048323239,
              12.919770766884497
            ]
          ]
        ]
      }
    },
    {
      "type": "Feature",
      "properties": {
        "building_id": "BLD-WARD7-00058",
        "parcel_id": "ULPIN-IND-DL-00061",
        "height_m": 13.41,
        "floors": 4,
        "structure_type": "RCC Framed",
        "confidence": 0.958
      },
      "geometry": {
        "type": "Polygon",
        "coordinates": [
          [
            [
              80.23607183054587,
              12.919792651663341
            ],
            [
              80.2360656231388,
              12.919495492984357
            ],
            [
              80.23562957729978,
              12.919504256990903
            ],
            [
              80.23563578419568,
              12.9198014158782
            ],
            [
              80.23607183054587,
              12.919792651663341
            ]
          ]
        ]
      }
    },
    {
      "type": "Feature",
      "properties": {
        "building_id": "BLD-WARD7-00059",
        "parcel_id": "ULPIN-IND-DL-00062",
        "height_m": 7.05,
        "floors": 2,
        "structure_type": "Masonry",
        "confidence": 0.974
      },
      "geometry": {
        "type": "Polygon",
        "coordinates": [
          [
            [
              80.23607277107563,
              12.919837675704766
            ],
            [
              80.23563672464797,
              12.91984643995119
            ],
            [
              80.23564293172238,
              12.920143598827345
            ],
            [
              80.23607897866121,
              12.920134834372606
            ],
            [
              80.23607277107563,
              12.919837675704766
            ]
          ]
        ]
      }
    },
    {
      "type": "Feature",
      "properties": {
        "building_id": "BLD-WARD7-00060",
        "parcel_id": "ULPIN-IND-DL-00063",
        "height_m": 7.0,
        "floors": 2,
        "structure_type": "Masonry",
        "confidence": 0.929
      },
      "geometry": {
        "type": "Polygon",
        "coordinates": [
          [
            [
              80.23611773014301,
              12.919791729072404
            ],
            [
              80.2365537761382,
              12.91978296405948
            ],
            [
              80.23654756816616,
              12.919485805610755
            ],
            [
              80.23611152268211,
              12.919494570415349
            ],
            [
              80.23611773014301,
              12.919791729072404
            ]
          ]
        ]
      }
    },
    {
      "type": "Feature",
      "properties": {
        "building_id": "BLD-WARD7-00061",
        "parcel_id": "ULPIN-IND-DL-00064",
        "height_m": 3.87,
        "floors": 1,
        "structure_type": "Masonry",
        "confidence": 0.961
      },
      "geometry": {
        "type": "Polygon",
        "coordinates": [
          [
            [
              80.23655471675356,
              12.919827988066018
            ],
            [
              80.2361186706809,
              12.919836753110507
            ],
            [
              80.2361248783203,
              12.92013391175642
            ],
            [
              80.23656092490414,
              12.920125146503596
            ],
            [
              80.23655471675356,
              12.919827988066018
            ]
          ]
        ]
      }
    },
    {
      "type": "Feature",
      "properties": {
        "building_id": "BLD-WARD7-00062",
        "parcel_id": "ULPIN-IND-DL-00066",
        "height_m": 13.51,
        "floors": 4,
        "structure_type": "RCC Framed",
        "confidence": 0.918
      },
      "geometry": {
        "type": "Polygon",
        "coordinates": [
          [
            [
              80.23703666203909,
              12.919818299545202
            ],
            [
              80.23660061632147,
              12.919827065387754
            ],
            [
              80.23660682452585,
              12.9201242238034
            ],
            [
              80.23704287075466,
              12.9201154577525
            ],
            [
              80.23703666203909,
              12.919818299545202
            ]
          ]
        ]
      }
    },
    {
      "type": "Feature",
      "properties": {
        "building_id": "BLD-WARD7-00063",
        "parcel_id": "ULPIN-IND-DL-00067",
        "height_m": 3.53,
        "floors": 1,
        "structure_type": "Masonry",
        "confidence": 0.935
      },
      "geometry": {
        "type": "Polygon",
        "coordinates": [
          [
            [
              80.23751145704364,
              12.919466428217424
            ],
            [
              80.23707541226969,
              12.919475194618096
            ],
            [
              80.23708162086051,
              12.919772352814608
            ],
            [
              80.23751766614562,
              12.919763586205566
            ],
            [
              80.23751145704364,
              12.919466428217424
            ]
          ]
        ]
      }
    },
    {
      "type": "Feature",
      "properties": {
        "building_id": "BLD-WARD7-00064",
        "parcel_id": "ULPIN-IND-DL-00068",
        "height_m": 13.4,
        "floors": 4,
        "structure_type": "RCC Framed",
        "confidence": 0.932
      },
      "geometry": {
        "type": "Polygon",
        "coordinates": [
          [
            [
              80.23751860693218,
              12.91980861014232
            ],
            [
              80.23708256156962,
              12.91981737678293
            ],
            [
              80.237088770339,
              12.920114534968294
            ],
            [
              80.23752481621274,
              12.920105768119313
            ],
            [
              80.23751860693218,
              12.91980861014232
            ]
          ]
        ]
      }
    },
    {
      "type": "Feature",
      "properties": {
        "building_id": "BLD-WARD7-00065",
        "parcel_id": "ULPIN-IND-DL-00069",
        "height_m": 9.97,
        "floors": 3,
        "structure_type": "RCC Framed",
        "confidence": 0.956
      },
      "geometry": {
        "type": "Polygon",
        "coordinates": [
          [
            [
              80.23442709263384,
              12.919825705892004
            ],
            [
              80.23442088715485,
              12.919528546427369
            ],
            [
              80.23393129044472,
              12.919538383607671
            ],
            [
              80.23393749534974,
              12.919835543306128
            ],
            [
              80.23442709263384,
              12.919825705892004
            ]
          ]
        ]
      }
    },
    {
      "type": "Feature",
      "properties": {
        "building_id": "BLD-WARD7-00066",
        "parcel_id": "ULPIN-IND-DL-00070",
        "height_m": 3.53,
        "floors": 1,
        "structure_type": "Masonry",
        "confidence": 0.953
      },
      "geometry": {
        "type": "Polygon",
        "coordinates": [
          [
            [
              80.23442803287143,
              12.919870730052468
            ],
            [
              80.23393843550038,
              12.919880567502018
            ],
            [
              80.23394464058384,
              12.920177727189332
            ],
            [
              80.23443423852888,
              12.92016788950596
            ],
            [
              80.23442803287143,
              12.919870730052468
            ]
          ]
        ]
      }
    },
    {
      "type": "Feature",
      "properties": {
        "building_id": "BLD-WARD7-00067",
        "parcel_id": "ULPIN-IND-DL-00071",
        "height_m": 6.84,
        "floors": 2,
        "structure_type": "Masonry",
        "confidence": 0.975
      },
      "geometry": {
        "type": "Polygon",
        "coordinates": [
          [
            [
              80.23447299235848,
              12.919824783587758
            ],
            [
              80.23496258919982,
              12.919814945177986
            ],
            [
              80.23495638309309,
              12.91951778596912
            ],
            [
              80.23446678682568,
              12.919527624145045
            ],
            [
              80.23447299235848,
              12.919824783587758
            ]
          ]
        ]
      }
    },
    {
      "type": "Feature",
      "properties": {
        "building_id": "BLD-WARD7-00068",
        "parcel_id": "ULPIN-IND-DL-00072",
        "height_m": 6.94,
        "floors": 2,
        "structure_type": "Masonry",
        "confidence": 0.959
      },
      "geometry": {
        "type": "Polygon",
        "coordinates": [
          [
            [
              80.23496352953255,
              12.919859969299699
            ],
            [
              80.23447393260423,
              12.9198698077449
            ],
            [
              80.23448013831546,
              12.920166967176474
            ],
            [
              80.23496973581777,
              12.920157128497424
            ],
            [
              80.23496352953255,
              12.919859969299699
            ]
          ]
        ]
      }
    },
    {
      "type": "Feature",
      "properties": {
        "building_id": "BLD-WARD7-00069",
        "parcel_id": "ULPIN-IND-DL-00073",
        "height_m": 6.72,
        "floors": 2,
        "structure_type": "Masonry",
        "confidence": 0.937
      },
      "geometry": {
        "type": "Polygon",
        "coordinates": [
          [
            [
              80.23549187854704,
              12.919507024421913
            ],
            [
              80.2350022827224,
              12.919516863593454
            ],
            [
              80.23500848888295,
              12.9198140227804
            ],
            [
              80.23549808528153,
              12.919804183374985
            ],
            [
              80.23549187854704,
              12.919507024421913
            ]
          ]
        ]
      }
    },
    {
      "type": "Feature",
      "properties": {
        "building_id": "BLD-WARD7-00070",
        "parcel_id": "ULPIN-IND-DL-00074",
        "height_m": 19.66,
        "floors": 6,
        "structure_type": "RCC Framed",
        "confidence": 0.926
      },
      "geometry": {
        "type": "Polygon",
        "coordinates": [
          [
            [
              80.23549902570936,
              12.919849207457943
            ],
            [
              80.23500942922382,
              12.91985904689879
            ],
            [
              80.23501563556285,
              12.92015620607459
            ],
            [
              80.23550523262234,
              12.920146366399877
            ],
            [
              80.23549902570936,
              12.919849207457943
            ]
          ]
        ]
      }
    },
    {
      "type": "Feature",
      "properties": {
        "building_id": "BLD-WARD7-00071",
        "parcel_id": "ULPIN-IND-DL-00075",
        "height_m": 3.41,
        "floors": 1,
        "structure_type": "Masonry",
        "confidence": 0.917
      },
      "geometry": {
        "type": "Polygon",
        "coordinates": [
          [
            [
              80.23439587876506,
              12.918330903638465
            ],
            [
              80.23438929802822,
              12.918015734457363
            ],
            [
              80.23389970423979,
              12.91802557044731
            ],
            [
              80.23390628436796,
              12.918340739876399
            ],
            [
              80.23439587876506,
              12.918330903638465
            ]
          ]
        ]
      }
    },
    {
      "type": "Feature",
      "properties": {
        "building_id": "BLD-WARD7-00072",
        "parcel_id": "ULPIN-IND-DL-00076",
        "height_m": 7.2,
        "floors": 2,
        "structure_type": "Masonry",
        "confidence": 0.922
      },
      "geometry": {
        "type": "Polygon",
        "coordinates": [
          [
            [
              80.23440339982061,
              12.91869109697496
            ],
            [
              80.23439681888455,
              12.918375927806304
            ],
            [
              80.2339072244005,
              12.918385764079668
            ],
            [
              80.23391380472788,
              12.91870093349632
            ],
            [
              80.23440339982061,
              12.91869109697496
            ]
          ]
        ]
      }
    },
    {
      "type": "Feature",
      "properties": {
        "building_id": "BLD-WARD7-00073",
        "parcel_id": "ULPIN-IND-DL-00077",
        "height_m": 6.91,
        "floors": 2,
        "structure_type": "Masonry",
        "confidence": 0.97
      },
      "geometry": {
        "type": "Polygon",
        "coordinates": [
          [
            [
              80.23441092110384,
              12.919051290297247
            ],
            [
              80.23440433996855,
              12.918736121141023
            ],
            [
              80.23391474478888,
              12.918745957697807
            ],
            [
              80.23392132531546,
              12.919061127102019
            ],
            [
              80.23441092110384,
              12.919051290297247
            ]
          ]
        ]
      }
    },
    {
      "type": "Feature",
      "properties": {
        "building_id": "BLD-WARD7-00074",
        "parcel_id": "ULPIN-IND-DL-00079",
        "height_m": 7.17,
        "floors": 2,
        "structure_type": "Masonry",
        "confidence": 0.942
      },
      "geometry": {
        "type": "Polygon",
        "coordinates": [
          [
            [
              80.23444177821904,
              12.91832998144449
            ],
            [
              80.23493137217339,
              12.918320144211025
            ],
            [
              80.23492479077085,
              12.918004975301189
            ],
            [
              80.23443519742513,
              12.918014812286641
            ],
            [
              80.23444177821904,
              12.91832998144449
            ]
          ]
        ]
      }
    },
    {
      "type": "Feature",
      "properties": {
        "building_id": "BLD-WARD7-00075",
        "parcel_id": "ULPIN-IND-DL-00080",
        "height_m": 6.88,
        "floors": 2,
        "structure_type": "Masonry",
        "confidence": 0.958
      },
      "geometry": {
        "type": "Polygon",
        "coordinates": [
          [
            [
              80.23444271834667,
              12.918375005609008
            ],
            [
              80.23444929933979,
              12.918690174754419
            ],
            [
              80.23493889398979,
              12.918680337237506
            ],
            [
              80.234932312388,
              12.918365168340111
            ],
            [
              80.23444271834667,
              12.918375005609008
            ]
          ]
        ]
      }
    },
    {
      "type": "Feature",
      "properties": {
        "building_id": "BLD-WARD7-00076",
        "parcel_id": "ULPIN-IND-DL-00081",
        "height_m": 3.5,
        "floors": 1,
        "structure_type": "Masonry",
        "confidence": 0.951
      },
      "geometry": {
        "type": "Polygon",
        "coordinates": [
          [
            [
              80.2344502394959,
              12.91873519891716
            ],
            [
              80.23445682068825,
              12.91905036805013
            ],
            [
              80.2349464160339,
              12.919040530249768
            ],
            [
              80.23493983423286,
              12.918725361364817
            ],
            [
              80.2344502394959,
              12.91873519891716
            ]
          ]
        ]
      }
    },
    {
      "type": "Feature",
      "properties": {
        "building_id": "BLD-WARD7-00077",
        "parcel_id": "ULPIN-IND-DL-00082",
        "height_m": 6.8,
        "floors": 2,
        "structure_type": "Masonry",
        "confidence": 0.962
      },
      "geometry": {
        "type": "Polygon",
        "coordinates": [
          [
            [
              80.23494735630543,
              12.919085554375304
            ],
            [
              80.23445776087283,
              12.919095392211096
            ],
            [
              80.23446434226442,
              12.919410561331622
            ],
            [
              80.23495393830572,
              12.919400723247817
            ],
            [
              80.23494735630543,
              12.919085554375304
            ]
          ]
        ]
      }
    },
    {
      "type": "Feature",
      "properties": {
        "building_id": "BLD-WARD7-00078",
        "parcel_id": "ULPIN-IND-DL-00083",
        "height_m": 6.63,
        "floors": 2,
        "structure_type": "Masonry",
        "confidence": 0.971
      },
      "geometry": {
        "type": "Polygon",
        "coordinates": [
          [
            [
              80.2354602830292,
              12.917994215056186
            ],
            [
              80.23497069012625,
              12.918004053037137
            ],
            [
              80.23497727158586,
              12.918319221923722
            ],
            [
              80.23546686509746,
              12.91830938369473
            ],
            [
              80.2354602830292,
              12.917994215056186
            ]
          ]
        ]
      }
    },
    {
      "type": "Feature",
      "properties": {
        "building_id": "BLD-WARD7-00079",
        "parcel_id": "ULPIN-IND-DL-00084",
        "height_m": 10.02,
        "floors": 3,
        "structure_type": "RCC Framed",
        "confidence": 0.976
      },
      "geometry": {
        "type": "Polygon",
        "coordinates": [
          [
            [
              80.23546780540717,
              12.918354407785062
            ],
            [
              80.23497821180862,
              12.918364246049489
            ],
            [
              80.23498479346748,
              12.918679414923629
            ],
            [
              80.2354743876747,
              12.918669576411165
            ],
            [
              80.23546780540717,
              12.918354407785062
            ]
          ]
        ]
      }
    },
    {
      "type": "Feature",
      "properties": {
        "building_id": "BLD-WARD7-00080",
        "parcel_id": "ULPIN-IND-DL-00085",
        "height_m": 3.42,
        "floors": 1,
        "structure_type": "Masonry",
        "confidence": 0.948
      },
      "geometry": {
        "type": "Polygon",
        "coordinates": [
          [
            [
              80.23547532801285,
              12.918714600499719
            ],
            [
              80.23498573371869,
              12.918724439047617
            ],
            [
              80.2349923155768,
              12.919039607909317
            ],
            [
              80.23548191047966,
              12.919029769113381
            ],
            [
              80.23547532801285,
              12.918714600499719
            ]
          ]
        ]
      }
    },
    {
      "type": "Feature",
      "properties": {
        "building_id": "BLD-WARD7-00081",
        "parcel_id": "ULPIN-IND-DL-00086",
        "height_m": 7.02,
        "floors": 2,
        "structure_type": "Masonry",
        "confidence": 0.951
      },
      "geometry": {
        "type": "Polygon",
        "coordinates": [
          [
            [
              80.23548285084631,
              12.919074793200156
            ],
            [
              80.23499325585648,
              12.919084632031531
            ],
            [
              80.23499983791385,
              12.91939980088079
            ],
            [
              80.23548943351237,
              12.919389961801373
            ],
            [
              80.23548285084631,
              12.919074793200156
            ]
          ]
        ]
      }
    },
    {
      "type": "Feature",
      "properties": {
        "building_id": "BLD-WARD7-00082",
        "parcel_id": "ULPIN-IND-DL-00087",
        "height_m": 19.79,
        "floors": 6,
        "structure_type": "RCC Framed",
        "confidence": 0.916
      },
      "geometry": {
        "type": "Polygon",
        "coordinates": [
          [
            [
              80.23435752492337,
              12.916493917401171
            ],
            [
              80.23435132118193,
              12.91619675782804
            ],
            [
              80.233861730906,
              12.916206592386748
            ],
            [
              80.23386793407367,
              12.916503752193696
            ],
            [
              80.23435752492337,
              12.916493917401171
            ]
          ]
        ]
      }
    },
    {
      "type": "Feature",
      "properties": {
        "building_id": "BLD-WARD7-00083",
        "parcel_id": "ULPIN-IND-DL-00088",
        "height_m": 3.72,
        "floors": 1,
        "structure_type": "Masonry",
        "confidence": 0.92
      },
      "geometry": {
        "type": "Polygon",
        "coordinates": [
          [
            [
              80.2343646688176,
              12.916836101140062
            ],
            [
              80.23435846489772,
              12.916538941578073
            ],
            [
              80.23386887396107,
              12.916548776406026
            ],
            [
              80.23387507730716,
              12.91684593620183
            ],
            [
              80.2343646688176,
              12.916836101140062
            ]
          ]
        ]
      }
    },
    {
      "type": "Feature",
      "properties": {
        "building_id": "BLD-WARD7-00084",
        "parcel_id": "ULPIN-IND-DL-00089",
        "height_m": 6.68,
        "floors": 2,
        "structure_type": "Masonry",
        "confidence": 0.915
      },
      "geometry": {
        "type": "Polygon",
        "coordinates": [
          [
            [
              80.23437181291733,
              12.917178284866123
            ],
            [
              80.23436560881899,
              12.916881125315276
            ],
            [
              80.2338760172216,
              12.91689096041247
            ],
            [
              80.23388222074612,
              12.917188120197133
            ],
            [
              80.23437181291733,
              12.917178284866123
            ]
          ]
        ]
      }
    },
    {
      "type": "Feature",
      "properties": {
        "building_id": "BLD-WARD7-00085",
        "parcel_id": "ULPIN-IND-DL-00090",
        "height_m": 6.89,
        "floors": 2,
        "structure_type": "Masonry",
        "confidence": 0.916
      },
      "geometry": {
        "type": "Polygon",
        "coordinates": [
          [
            [
              80.23437895722255,
              12.917520468579356
            ],
            [
              80.23437275294576,
              12.917223309039652
            ],
            [
              80.23388316068758,
              12.91723314440609
            ],
            [
              80.23388936439054,
              12.91753030417961
            ],
            [
              80.23437895722255,
              12.917520468579356
            ]
          ]
        ]
      }
    },
    {
      "type": "Feature",
      "properties": {
        "building_id": "BLD-WARD7-00086",
        "parcel_id": "ULPIN-IND-DL-00091",
        "height_m": 3.42,
        "floors": 1,
        "structure_type": "Masonry",
        "confidence": 0.978
      },
      "geometry": {
        "type": "Polygon",
        "coordinates": [
          [
            [
              80.23437989727799,
              12.917565492751194
            ],
            [
              80.23389030435904,
              12.917575328386876
            ],
            [
              80.23389650824042,
              12.917872488149257
            ],
            [
              80.23438610173324,
              12.91786265227976
            ],
            [
              80.23437989727799,
              12.917565492751194
            ]
          ]
        ]
      }
    },
    {
      "type": "Feature",
      "properties": {
        "building_id": "BLD-WARD7-00087",
        "parcel_id": "ULPIN-IND-DL-00092",
        "height_m": 6.88,
        "floors": 2,
        "structure_type": "Masonry",
        "confidence": 0.947
      },
      "geometry": {
        "type": "Polygon",
        "coordinates": [
          [
            [
              80.23440342404479,
              12.916492995342713
            ],
            [
              80.23489301445179,
              12.916483159554808
            ],
            [
              80.23488681008276,
              12.916186000237436
            ],
            [
              80.23439722024955,
              12.916195835791502
            ],
            [
              80.23440342404479,
              12.916492995342713
            ]
          ]
        ]
      }
    },
    {
      "type": "Feature",
      "properties": {
        "building_id": "BLD-WARD7-00088",
        "parcel_id": "ULPIN-IND-DL-00093",
        "height_m": 6.64,
        "floors": 2,
        "structure_type": "Masonry",
        "confidence": 0.918
      },
      "geometry": {
        "type": "Polygon",
        "coordinates": [
          [
            [
              80.23440436402727,
              12.916538019516295
            ],
            [
              80.23441056800097,
              12.916835179056362
            ],
            [
              80.2349001590687,
              12.916825342999184
            ],
            [
              80.23489395452123,
              12.916528183692959
            ],
            [
              80.23440436402727,
              12.916538019516295
            ]
          ]
        ]
      }
    },
    {
      "type": "Feature",
      "properties": {
        "building_id": "BLD-WARD7-00089",
        "parcel_id": "ULPIN-IND-DL-00094",
        "height_m": 6.8,
        "floors": 2,
        "structure_type": "Masonry",
        "confidence": 0.916
      },
      "geometry": {
        "type": "Polygon",
        "coordinates": [
          [
            [
              80.23441150801051,
              12.916880203228253
            ],
            [
              80.23441771216264,
              12.917177362757181
            ],
            [
              80.23490730389115,
              12.917167526430736
            ],
            [
              80.23490109916517,
              12.916870367135648
            ],
            [
              80.23441150801051,
              12.916880203228253
            ]
          ]
        ]
      }
    },
    {
      "type": "Feature",
      "properties": {
        "building_id": "BLD-WARD7-00090",
        "parcel_id": "ULPIN-IND-DL-00095",
        "height_m": 10.37,
        "floors": 3,
        "structure_type": "RCC Framed",
        "confidence": 0.976
      },
      "geometry": {
        "type": "Polygon",
        "coordinates": [
          [
            [
              80.23441865219921,
              12.917222386927385
            ],
            [
              80.23442485652978,
              12.91751954644517
            ],
            [
              80.23491444891907,
              12.917509709849451
            ],
            [
              80.23490824401465,
              12.917212550565507
            ],
            [
              80.23441865219921,
              12.917222386927385
            ]
          ]
        ]
      }
    },
    {
      "type": "Feature",
      "properties": {
        "building_id": "BLD-WARD7-00091",
        "parcel_id": "ULPIN-IND-DL-00096",
        "height_m": 3.78,
        "floors": 1,
        "structure_type": "Masonry",
        "confidence": 0.969
      },
      "geometry": {
        "type": "Polygon",
        "coordinates": [
          [
            [
              80.23491538906963,
              12.917554733982541
            ],
            [
              80.2344257965934,
              12.917564570613687
            ],
            [
              80.23443200110242,
              12.917861730120327
            ],
            [
              80.23492159415251,
              12.91785189325534
            ],
            [
              80.23491538906963,
              12.917554733982541
            ]
          ]
        ]
      }
    },
    {
      "type": "Feature",
      "properties": {
        "building_id": "BLD-WARD7-00092",
        "parcel_id": "ULPIN-IND-DL-00097",
        "height_m": 10.25,
        "floors": 3,
        "structure_type": "RCC Framed",
        "confidence": 0.919
      },
      "geometry": {
        "type": "Polygon",
        "coordinates": [
          [
            [
              80.23542229849932,
              12.916175241558161
            ],
            [
              80.23493270910886,
              12.916185078107583
            ],
            [
              80.23493891353168,
              12.916482237403033
            ],
            [
              80.23542850349592,
              12.916472400619748
            ],
            [
              80.23542229849932,
              12.916175241558161
            ]
          ]
        ]
      }
    },
    {
      "type": "Feature",
      "properties": {
        "building_id": "BLD-WARD7-00093",
        "parcel_id": "ULPIN-IND-DL-00098",
        "height_m": 10.07,
        "floors": 3,
        "structure_type": "RCC Framed",
        "confidence": 0.916
      },
      "geometry": {
        "type": "Polygon",
        "coordinates": [
          [
            [
              80.23542944366045,
              12.916517424719144
            ],
            [
              80.23493985360928,
              12.916527261537862
            ],
            [
              80.23494605821057,
              12.916824420822163
            ],
            [
              80.23543564883553,
              12.916814583769582
            ],
            [
              80.23542944366045,
              12.916517424719144
            ]
          ]
        ]
      }
    },
    {
      "type": "Feature",
      "properties": {
        "building_id": "BLD-WARD7-00094",
        "parcel_id": "ULPIN-IND-DL-00099",
        "height_m": 3.81,
        "floors": 1,
        "structure_type": "Masonry",
        "confidence": 0.933
      },
      "geometry": {
        "type": "Polygon",
        "coordinates": [
          [
            [
              80.2354365890271,
              12.916859607867293
            ],
            [
              80.23494699831518,
              12.916869444955307
            ],
            [
              80.23495320309493,
              12.917166604228472
            ],
            [
              80.23544279438067,
              12.917156766906592
            ],
            [
              80.2354365890271,
              12.916859607867293
            ]
          ]
        ]
      }
    },
    {
      "type": "Feature",
      "properties": {
        "building_id": "BLD-WARD7-00095",
        "parcel_id": "ULPIN-IND-DL-00100",
        "height_m": 6.72,
        "floors": 2,
        "structure_type": "Masonry",
        "confidence": 0.954
      },
      "geometry": {
        "type": "Polygon",
        "coordinates": [
          [
            [
              80.23544373459929,
              12.917201791002611
            ],
            [
              80.23495414322659,
              12.91721162835992
            ],
            [
              80.23496034818481,
              12.91750878762194
            ],
            [
              80.23544994013133,
              12.917498950030764
            ],
            [
              80.23544373459929,
              12.917201791002611
            ]
          ]
        ]
      }
    },
    {
      "type": "Feature",
      "properties": {
        "building_id": "BLD-WARD7-00096",
        "parcel_id": "ULPIN-IND-DL-00101",
        "height_m": 7.17,
        "floors": 2,
        "structure_type": "Masonry",
        "confidence": 0.922
      },
      "geometry": {
        "type": "Polygon",
        "coordinates": [
          [
            [
              80.23545088037699,
              12.917543974125099
            ],
            [
              80.23496128834353,
              12.917553811751707
            ],
            [
              80.2349674934802,
              12.917850971002583
            ],
            [
              80.23545708608752,
              12.917841133142108
            ],
            [
              80.23545088037699,
              12.917543974125099
            ]
          ]
        ]
      }
    },
    {
      "type": "Feature",
      "properties": {
        "building_id": "BLD-WARD7-00097",
        "parcel_id": "ULPIN-IND-DL-00102",
        "height_m": 13.38,
        "floors": 4,
        "structure_type": "RCC Framed",
        "confidence": 0.936
      },
      "geometry": {
        "type": "Polygon",
        "coordinates": [
          [
            [
              80.23432829349699,
              12.915093665388618
            ],
            [
              80.23432237243745,
              12.914810013025505
            ],
            [
              80.23383278483902,
              12.914819846493087
            ],
            [
              80.23383870535093,
              12.915103499079382
            ],
            [
              80.23432829349699,
              12.915093665388618
            ]
          ]
        ]
      }
    },
    {
      "type": "Feature",
      "properties": {
        "building_id": "BLD-WARD7-00098",
        "parcel_id": "ULPIN-IND-DL-00103",
        "height_m": 6.61,
        "floors": 2,
        "structure_type": "Masonry",
        "confidence": 0.913
      },
      "geometry": {
        "type": "Polygon",
        "coordinates": [
          [
            [
              80.23433515458386,
              12.915422341925328
            ],
            [
              80.2343292333607,
              12.91513868957243
            ],
            [
              80.23383964512772,
              12.91514852329862
            ],
            [
              80.23384556580322,
              12.915432175874706
            ],
            [
              80.23433515458386,
              12.915422341925328
            ]
          ]
        ]
      }
    },
    {
      "type": "Feature",
      "properties": {
        "building_id": "BLD-WARD7-00099",
        "parcel_id": "ULPIN-IND-DL-00105",
        "height_m": 13.01,
        "floors": 4,
        "structure_type": "RCC Framed",
        "confidence": 0.946
      },
      "geometry": {
        "type": "Polygon",
        "coordinates": [
          [
            [
              80.23434295577596,
              12.91579604263077
            ],
            [
              80.23385336627376,
              12.915805876874185
            ],
            [
              80.23385928727645,
              12.91608952942984
            ],
            [
              80.23434887732633,
              12.916079694963237
            ],
            [
              80.23434295577596,
              12.91579604263077
            ]
          ]
        ]
      }
    },
    {
      "type": "Feature",
      "properties": {
        "building_id": "BLD-WARD7-00100",
        "parcel_id": "ULPIN-IND-DL-00106",
        "height_m": 13.08,
        "floors": 4,
        "structure_type": "RCC Framed",
        "confidence": 0.961
      },
      "geometry": {
        "type": "Polygon",
        "coordinates": [
          [
            [
              80.23437419236494,
              12.915092743433457
            ],
            [
              80.2348637800683,
              12.915082908747422
            ],
            [
              80.23485785840977,
              12.91479925662844
            ],
            [
              80.23436827125404,
              12.914809091091268
            ],
            [
              80.23437419236494,
              12.915092743433457
            ]
          ]
        ]
      }
    },
    {
      "type": "Feature",
      "properties": {
        "building_id": "BLD-WARD7-00101",
        "parcel_id": "ULPIN-IND-DL-00107",
        "height_m": 19.58,
        "floors": 6,
        "structure_type": "RCC Framed",
        "confidence": 0.946
      },
      "geometry": {
        "type": "Polygon",
        "coordinates": [
          [
            [
              80.23437513223679,
              12.915137767613947
            ],
            [
              80.2343810535113,
              12.91542141994592
            ],
            [
              80.23487064184924,
              12.915411585001248
            ],
            [
              80.23486472002709,
              12.91512793289248
            ],
            [
              80.23437513223679,
              12.915137767613947
            ]
          ]
        ]
      }
    },
    {
      "type": "Feature",
      "properties": {
        "building_id": "BLD-WARD7-00102",
        "parcel_id": "ULPIN-IND-DL-00108",
        "height_m": 7.05,
        "floors": 2,
        "structure_type": "Masonry",
        "confidence": 0.917
      },
      "geometry": {
        "type": "Polygon",
        "coordinates": [
          [
            [
              80.23438199340912,
              12.915466444124787
            ],
            [
              80.23438791484723,
              12.915750096446548
            ],
            [
              80.23487750381979,
              12.915740261243235
            ],
            [
              80.234871581834,
              12.915456609144687
            ],
            [
              80.23438199340912,
              12.915466444124787
            ]
          ]
        ]
      }
    },
    {
      "type": "Feature",
      "properties": {
        "building_id": "BLD-WARD7-00103",
        "parcel_id": "ULPIN-IND-DL-00109",
        "height_m": 3.83,
        "floors": 1,
        "structure_type": "Masonry",
        "confidence": 0.924
      },
      "geometry": {
        "type": "Polygon",
        "coordinates": [
          [
            [
              80.23487844383052,
              12.915785285385054
            ],
            [
              80.23438885477104,
              12.915795120623793
            ],
            [
              80.23439477637275,
              12.916078772935338
            ],
            [
              80.23488436597992,
              12.916068937473387
            ],
            [
              80.23487844383052,
              12.915785285385054
            ]
          ]
        ]
      }
    },
    {
      "type": "Feature",
      "properties": {
        "building_id": "BLD-WARD7-00104",
        "parcel_id": "ULPIN-IND-DL-00110",
        "height_m": 13.5,
        "floors": 4,
        "structure_type": "RCC Framed",
        "confidence": 0.912
      },
      "geometry": {
        "type": "Polygon",
        "coordinates": [
          [
            [
              80.23539334389783,
              12.914788499142826
            ],
            [
              80.23490375718485,
              12.914798334600897
            ],
            [
              80.23490967889474,
              12.915081986698953
            ],
            [
              80.23539926615535,
              12.91507215101765
            ],
            [
              80.23539334389783,
              12.914788499142826
            ]
          ]
        ]
      }
    },
    {
      "type": "Feature",
      "properties": {
        "building_id": "BLD-WARD7-00105",
        "parcel_id": "ULPIN-IND-DL-00111",
        "height_m": 6.91,
        "floors": 2,
        "structure_type": "Masonry",
        "confidence": 0.974
      },
      "geometry": {
        "type": "Polygon",
        "coordinates": [
          [
            [
              80.23540020620922,
              12.915117175123958
            ],
            [
              80.23491061886168,
              12.91512701084069
            ],
            [
              80.23491654073518,
              12.915410662928531
            ],
            [
              80.23540612863039,
              12.915400826988565
            ],
            [
              80.23540020620922,
              12.915117175123958
            ]
          ]
        ]
      }
    },
    {
      "type": "Feature",
      "properties": {
        "building_id": "BLD-WARD7-00106",
        "parcel_id": "ULPIN-IND-DL-00112",
        "height_m": 13.58,
        "floors": 4,
        "structure_type": "RCC Framed",
        "confidence": 0.952
      },
      "geometry": {
        "type": "Polygon",
        "coordinates": [
          [
            [
              80.23540706871022,
              12.91544585109325
            ],
            [
              80.23491748072807,
              12.915455687068649
            ],
            [
              80.23492340276522,
              12.91573933914627
            ],
            [
              80.23541299129501,
              12.91572950294764
            ],
            [
              80.23540706871022,
              12.91544585109325
            ]
          ]
        ]
      }
    },
    {
      "type": "Feature",
      "properties": {
        "building_id": "BLD-WARD7-00107",
        "parcel_id": "ULPIN-IND-DL-00113",
        "height_m": 19.57,
        "floors": 6,
        "structure_type": "RCC Framed",
        "confidence": 0.939
      },
      "geometry": {
        "type": "Polygon",
        "coordinates": [
          [
            [
              80.23541393140083,
              12.915774527050703
            ],
            [
              80.2349243427841,
              12.915784363284764
            ],
            [
              80.23493026498484,
              12.916068015352177
            ],
            [
              80.23541985414927,
              12.916058178894879
            ],
            [
              80.23541393140083,
              12.915774527050703
            ]
          ]
        ]
      }
    },
    {
      "type": "Feature",
      "properties": {
        "building_id": "BLD-WARD7-00108",
        "parcel_id": "ULPIN-IND-DL-00114",
        "height_m": 6.74,
        "floors": 2,
        "structure_type": "Masonry",
        "confidence": 0.972
      },
      "geometry": {
        "type": "Polygon",
        "coordinates": [
          [
            [
              80.2359730007112,
              12.915060623670634
            ],
            [
              80.23596707781192,
              12.914776972057437
            ],
            [
              80.2355310400879,
              12.914785732756293
            ],
            [
              80.23553696249947,
              12.915069384568332
            ],
            [
              80.2359730007112,
              12.915060623670634
            ]
          ]
        ]
      }
    },
    {
      "type": "Feature",
      "properties": {
        "building_id": "BLD-WARD7-00109",
        "parcel_id": "ULPIN-IND-DL-00115",
        "height_m": 10.29,
        "floors": 3,
        "structure_type": "RCC Framed",
        "confidence": 0.93
      },
      "geometry": {
        "type": "Polygon",
        "coordinates": [
          [
            [
              80.23597986392987,
              12.915389299338397
            ],
            [
              80.23597394086693,
              12.915105647735414
            ],
            [
              80.23553790257778,
              12.915114408664673
            ],
            [
              80.23554382515296,
              12.915398060466494
            ],
            [
              80.23597986392987,
              12.915389299338397
            ]
          ]
        ]
      }
    },
    {
      "type": "Feature",
      "properties": {
        "building_id": "BLD-WARD7-00110",
        "parcel_id": "ULPIN-IND-DL-00116",
        "height_m": 6.75,
        "floors": 2,
        "structure_type": "Masonry",
        "confidence": 0.953
      },
      "geometry": {
        "type": "Polygon",
        "coordinates": [
          [
            [
              80.23598672733817,
              12.915717974994323
            ],
            [
              80.23598080411158,
              12.915434323401554
            ],
            [
              80.23554476525726,
              12.915443084561213
            ],
            [
              80.23555068799608,
              12.915726736352816
            ],
            [
              80.23598672733817,
              12.915717974994323
            ]
          ]
        ]
      }
    },
    {
      "type": "Feature",
      "properties": {
        "building_id": "BLD-WARD7-00111",
        "parcel_id": "ULPIN-IND-DL-00118",
        "height_m": 6.78,
        "floors": 2,
        "structure_type": "Masonry",
        "confidence": 0.955
      },
      "geometry": {
        "type": "Polygon",
        "coordinates": [
          [
            [
              80.23601889945165,
              12.91505970142889
            ],
            [
              80.23645493730842,
              12.91505093973343
            ],
            [
              80.23644901387006,
              12.914767288340018
            ],
            [
              80.23601297650103,
              12.91477604983662
            ],
            [
              80.23601889945165,
              12.91505970142889
            ]
          ]
        ]
      }
    },
    {
      "type": "Feature",
      "properties": {
        "building_id": "BLD-WARD7-00112",
        "parcel_id": "ULPIN-IND-DL-00119",
        "height_m": 9.87,
        "floors": 3,
        "structure_type": "RCC Framed",
        "confidence": 0.928
      },
      "geometry": {
        "type": "Polygon",
        "coordinates": [
          [
            [
              80.23601983961552,
              12.915104725490346
            ],
            [
              80.23602576272981,
              12.9153883770724
            ],
            [
              80.23646180115176,
              12.91537961514652
            ],
            [
              80.23645587754973,
              12.915095963763322
            ],
            [
              80.23601983961552,
              12.915104725490346
            ]
          ]
        ]
      }
    },
    {
      "type": "Feature",
      "properties": {
        "building_id": "BLD-WARD7-00113",
        "parcel_id": "ULPIN-IND-DL-00120",
        "height_m": 7.18,
        "floors": 2,
        "structure_type": "Masonry",
        "confidence": 0.946
      },
      "geometry": {
        "type": "Polygon",
        "coordinates": [
          [
            [
              80.23602670291967,
              12.915433401132235
            ],
            [
              80.23603262619761,
              12.915717052704066
            ],
            [
              80.23646866518476,
              12.91570829054777
            ],
            [
              80.23646274141903,
              12.91542463917479
            ],
            [
              80.23602670291967,
              12.915433401132235
            ]
          ]
        ]
      }
    },
    {
      "type": "Feature",
      "properties": {
        "building_id": "BLD-WARD7-00114",
        "parcel_id": "ULPIN-IND-DL-00121",
        "height_m": 6.79,
        "floors": 2,
        "structure_type": "Masonry",
        "confidence": 0.911
      },
      "geometry": {
        "type": "Polygon",
        "coordinates": [
          [
            [
              80.236469605478,
              12.915753314574417
            ],
            [
              80.23603356641345,
              12.915762076762277
            ],
            [
              80.23603948985506,
              12.9160457283239
            ],
            [
              80.23647552940739,
              12.916036965937183
            ],
            [
              80.236469605478,
              12.915753314574417
            ]
          ]
        ]
      }
    },
    {
      "type": "Feature",
      "properties": {
        "building_id": "BLD-WARD7-00115",
        "parcel_id": "ULPIN-IND-DL-00122",
        "height_m": 6.78,
        "floors": 2,
        "structure_type": "Masonry",
        "confidence": 0.98
      },
      "geometry": {
        "type": "Polygon",
        "coordinates": [
          [
            [
              80.2365008360115,
              12.915050017407712
            ],
            [
              80.23693687351329,
              12.915041254914495
            ],
            [
              80.23693094953585,
              12.914757603740886
            ],
            [
              80.2364949125218,
              12.914766366035229
            ],
            [
              80.2365008360115,
              12.915050017407712
            ]
          ]
        ]
      }
    },
    {
      "type": "Feature",
      "properties": {
        "building_id": "BLD-WARD7-00116",
        "parcel_id": "ULPIN-IND-DL-00123",
        "height_m": 3.53,
        "floors": 1,
        "structure_type": "Masonry",
        "confidence": 0.911
      },
      "geometry": {
        "type": "Polygon",
        "coordinates": [
          [
            [
              80.23650177626097,
              12.91509504143428
            ],
            [
              80.23650769991434,
              12.915378692796544
            ],
            [
              80.23694373798129,
              12.915369930072888
            ],
            [
              80.23693781384016,
              12.915086278909499
            ],
            [
              80.23650177626097,
              12.91509504143428
            ]
          ]
        ]
      }
    },
    {
      "type": "Feature",
      "properties": {
        "building_id": "BLD-WARD7-00117",
        "parcel_id": "ULPIN-IND-DL-00124",
        "height_m": 19.94,
        "floors": 6,
        "structure_type": "RCC Framed",
        "confidence": 0.912
      },
      "geometry": {
        "type": "Polygon",
        "coordinates": [
          [
            [
              80.23650864018975,
              12.915423716821492
            ],
            [
              80.23651456400682,
              12.915707368173537
            ],
            [
              80.23695060263896,
              12.91569860521944
            ],
            [
              80.23694467833414,
              12.915414954066268
            ],
            [
              80.23650864018975,
              12.915423716821492
            ]
          ]
        ]
      }
    },
    {
      "type": "Feature",
      "properties": {
        "building_id": "BLD-WARD7-00118",
        "parcel_id": "ULPIN-IND-DL-00125",
        "height_m": 3.56,
        "floors": 1,
        "structure_type": "Masonry",
        "confidence": 0.938
      },
      "geometry": {
        "type": "Polygon",
        "coordinates": [
          [
            [
              80.2369515430178,
              12.915743629211198
            ],
            [
              80.23651550430823,
              12.915752392196865
            ],
            [
              80.23652142828895,
              12.916036043538694
            ],
            [
              80.23695746748629,
              12.916027280354156
            ],
            [
              80.2369515430178,
              12.915743629211198
            ]
          ]
        ]
      }
    },
    {
      "type": "Feature",
      "properties": {
        "building_id": "BLD-WARD7-00119",
        "parcel_id": "ULPIN-IND-DL-00126",
        "height_m": 13.43,
        "floors": 4,
        "structure_type": "RCC Framed",
        "confidence": 0.917
      },
      "geometry": {
        "type": "Polygon",
        "coordinates": [
          [
            [
              80.23741288480923,
              12.914747918260046
            ],
            [
              80.23697684815022,
              12.91475668135213
            ],
            [
              80.236982772179,
              12.915040332504802
            ],
            [
              80.23741880932576,
              12.91503156921383
            ],
            [
              80.23741288480923,
              12.914747918260046
            ]
          ]
        ]
      }
    },
    {
      "type": "Feature",
      "properties": {
        "building_id": "BLD-WARD7-00120",
        "parcel_id": "ULPIN-IND-DL-00127",
        "height_m": 3.98,
        "floors": 1,
        "structure_type": "Masonry",
        "confidence": 0.978
      },
      "geometry": {
        "type": "Polygon",
        "coordinates": [
          [
            [
              80.2374197497382,
              12.915076593173938
            ],
            [
              80.23698371251402,
              12.91508535649648
            ],
            [
              80.23698963670648,
              12.915369007638937
            ],
            [
              80.23742567441842,
              12.915360244117503
            ],
            [
              80.2374197497382,
              12.915076593173938
            ]
          ]
        ]
      }
    },
    {
      "type": "Feature",
      "properties": {
        "building_id": "BLD-WARD7-00121",
        "parcel_id": "ULPIN-IND-DL-00128",
        "height_m": 6.61,
        "floors": 2,
        "structure_type": "Masonry",
        "confidence": 0.973
      },
      "geometry": {
        "type": "Polygon",
        "coordinates": [
          [
            [
              80.23742661485684,
              12.91540526807599
            ],
            [
              80.23699057706749,
              12.915414031628993
            ],
            [
              80.23699650142366,
              12.915697682761232
            ],
            [
              80.23743253970076,
              12.915688919009334
            ],
            [
              80.23742661485684,
              12.91540526807599
            ]
          ]
        ]
      }
    },
    {
      "type": "Feature",
      "properties": {
        "building_id": "BLD-WARD7-00122",
        "parcel_id": "ULPIN-IND-DL-00129",
        "height_m": 3.65,
        "floors": 1,
        "structure_type": "Masonry",
        "confidence": 0.938
      },
      "geometry": {
        "type": "Polygon",
        "coordinates": [
          [
            [
              80.23743348016517,
              12.915733942966199
            ],
            [
              80.23699744181064,
              12.915742706749665
            ],
            [
              80.23700336633048,
              12.916026357871688
            ],
            [
              80.2374394051728,
              12.916017593889329
            ],
            [
              80.23743348016517,
              12.915733942966199
            ]
          ]
        ]
      }
    },
    {
      "type": "Feature",
      "properties": {
        "building_id": "BLD-WARD7-00123",
        "parcel_id": "ULPIN-IND-DL-00130",
        "height_m": 7.11,
        "floors": 2,
        "structure_type": "Masonry",
        "confidence": 0.933
      },
      "geometry": {
        "type": "Polygon",
        "coordinates": [
          [
            [
              80.23604060697865,
              12.918297853361842
            ],
            [
              80.23603402419711,
              12.917982685014
            ],
            [
              80.23559798096021,
              12.917991447960055
            ],
            [
              80.23560456319966,
              12.918306616528833
            ],
            [
              80.23604060697865,
              12.918297853361842
            ]
          ]
        ]
      }
    },
    {
      "type": "Feature",
      "properties": {
        "building_id": "BLD-WARD7-00124",
        "parcel_id": "ULPIN-IND-DL-00131",
        "height_m": 7.05,
        "floors": 2,
        "structure_type": "Masonry",
        "confidence": 0.917
      },
      "geometry": {
        "type": "Polygon",
        "coordinates": [
          [
            [
              80.23604813037106,
              12.918658045746048
            ],
            [
              80.23604154739024,
              12.918342877410645
            ],
            [
              80.2356055035338,
              12.918351640609199
            ],
            [
              80.23561208597253,
              12.918666809165536
            ],
            [
              80.23604813037106,
              12.918658045746048
            ]
          ]
        ]
      }
    },
    {
      "type": "Feature",
      "properties": {
        "building_id": "BLD-WARD7-00125",
        "parcel_id": "ULPIN-IND-DL-00132",
        "height_m": 3.76,
        "floors": 1,
        "structure_type": "Masonry",
        "confidence": 0.926
      },
      "geometry": {
        "type": "Polygon",
        "coordinates": [
          [
            [
              80.23605565399123,
              12.91901823811603
            ],
            [
              80.23604907081113,
              12.918703069793072
            ],
            [
              80.23561302633516,
              12.918711833244123
            ],
            [
              80.23561960897315,
              12.91902700178802
            ],
            [
              80.23605565399123,
              12.91901823811603
            ]
          ]
        ]
      }
    },
    {
      "type": "Feature",
      "properties": {
        "building_id": "BLD-WARD7-00126",
        "parcel_id": "ULPIN-IND-DL-00133",
        "height_m": 7.03,
        "floors": 2,
        "structure_type": "Masonry",
        "confidence": 0.956
      },
      "geometry": {
        "type": "Polygon",
        "coordinates": [
          [
            [
              80.23605659445978,
              12.919063262161282
            ],
            [
              80.23562054936426,
              12.91907202586483
            ],
            [
              80.23562713220151,
              12.91938719439628
            ],
            [
              80.23606317783917,
              12.919378430471793
            ],
            [
              80.23605659445978,
              12.919063262161282
            ]
          ]
        ]
      }
    },
    {
      "type": "Feature",
      "properties": {
        "building_id": "BLD-WARD7-00127",
        "parcel_id": "ULPIN-IND-DL-00134",
        "height_m": 6.85,
        "floors": 2,
        "structure_type": "Masonry",
        "confidence": 0.935
      },
      "geometry": {
        "type": "Polygon",
        "coordinates": [
          [
            [
              80.23608650630513,
              12.918296930881214
            ],
            [
              80.23652254972913,
              12.918288166916259
            ],
            [
              80.23651596634846,
              12.917972998812624
            ],
            [
              80.23607992346653,
              12.917981762556627
            ],
            [
              80.23608650630513,
              12.918296930881214
            ]
          ]
        ]
      }
    },
    {
      "type": "Feature",
      "properties": {
        "building_id": "BLD-WARD7-00128",
        "parcel_id": "ULPIN-IND-DL-00135",
        "height_m": 6.85,
        "floors": 2,
        "structure_type": "Masonry",
        "confidence": 0.97
      },
      "geometry": {
        "type": "Polygon",
        "coordinates": [
          [
            [
              80.23608744672487,
              12.918341954926696
            ],
            [
              80.23609402976275,
              12.918657123238837
            ],
            [
              80.23653007380629,
              12.91864835902136
            ],
            [
              80.2365234902263,
              12.918333190930172
            ],
            [
              80.23608744672487,
              12.918341954926696
            ]
          ]
        ]
      }
    },
    {
      "type": "Feature",
      "properties": {
        "building_id": "BLD-WARD7-00129",
        "parcel_id": "ULPIN-IND-DL-00136",
        "height_m": 6.91,
        "floors": 2,
        "structure_type": "Masonry",
        "confidence": 0.968
      },
      "geometry": {
        "type": "Polygon",
        "coordinates": [
          [
            [
              80.23609497021097,
              12.918702147282541
            ],
            [
              80.23610155344814,
              12.919017315582243
            ],
            [
              80.23653759811124,
              12.919008551112244
            ],
            [
              80.23653101433196,
              12.918693383033496
            ],
            [
              80.23609497021097,
              12.918702147282541
            ]
          ]
        ]
      }
    },
    {
      "type": "Feature",
      "properties": {
        "building_id": "BLD-WARD7-00130",
        "parcel_id": "ULPIN-IND-DL-00137",
        "height_m": 19.73,
        "floors": 6,
        "structure_type": "RCC Framed",
        "confidence": 0.949
      },
      "geometry": {
        "type": "Polygon",
        "coordinates": [
          [
            [
              80.23653853866537,
              12.919053575122604
            ],
            [
              80.23610249392483,
              12.919062339624169
            ],
            [
              80.23610907736129,
              12.919377507911424
            ],
            [
              80.23654512264397,
              12.919368743188903
            ],
            [
              80.23653853866537,
              12.919053575122604
            ]
          ]
        ]
      }
    },
    {
      "type": "Feature",
      "properties": {
        "building_id": "BLD-WARD7-00131",
        "parcel_id": "ULPIN-IND-DL-00138",
        "height_m": 3.65,
        "floors": 1,
        "structure_type": "Masonry",
        "confidence": 0.969
      },
      "geometry": {
        "type": "Polygon",
        "coordinates": [
          [
            [
              80.23656844901824,
              12.91828724435163
            ],
            [
              80.23700449208722,
              12.91827847958871
            ],
            [
              80.23699790810743,
              12.917963311729311
            ],
            [
              80.2365618655805,
              12.917972076271258
            ],
            [
              80.23656844901824,
              12.91828724435163
            ]
          ]
        ]
      }
    },
    {
      "type": "Feature",
      "properties": {
        "building_id": "BLD-WARD7-00132",
        "parcel_id": "ULPIN-IND-DL-00139",
        "height_m": 6.78,
        "floors": 2,
        "structure_type": "Masonry",
        "confidence": 0.914
      },
      "geometry": {
        "type": "Polygon",
        "coordinates": [
          [
            [
              80.23656938952358,
              12.918332268362223
            ],
            [
              80.23657597316061,
              12.918647436430152
            ],
            [
              80.23701201684914,
              12.918638671414685
            ],
            [
              80.23700543267002,
              12.918323503567734
            ],
            [
              80.23656938952358,
              12.918332268362223
            ]
          ]
        ]
      }
    },
    {
      "type": "Feature",
      "properties": {
        "building_id": "BLD-WARD7-00133",
        "parcel_id": "ULPIN-IND-DL-00140",
        "height_m": 6.68,
        "floors": 2,
        "structure_type": "Masonry",
        "confidence": 0.951
      },
      "geometry": {
        "type": "Polygon",
        "coordinates": [
          [
            [
              80.23657691369442,
              12.918692460438965
            ],
            [
              80.23658349753079,
              12.919007628494452
            ],
            [
              80.23701954183885,
              12.918998863226443
            ],
            [
              80.2370129574604,
              12.918683695391932
            ],
            [
              80.23657691369442,
              12.918692460438965
            ]
          ]
        ]
      }
    },
    {
      "type": "Feature",
      "properties": {
        "building_id": "BLD-WARD7-00134",
        "parcel_id": "ULPIN-IND-DL-00141",
        "height_m": 9.93,
        "floors": 3,
        "structure_type": "RCC Framed",
        "confidence": 0.978
      },
      "geometry": {
        "type": "Polygon",
        "coordinates": [
          [
            [
              80.23702048247858,
              12.919043887201912
            ],
            [
              80.23658443809306,
              12.91905265250149
            ],
            [
              80.23659102212872,
              12.919367820544533
            ],
            [
              80.23702706705637,
              12.919359055023975
            ],
            [
              80.23702048247858,
              12.919043887201912
            ]
          ]
        ]
      }
    },
    {
      "type": "Feature",
      "properties": {
        "building_id": "BLD-WARD7-00135",
        "parcel_id": "ULPIN-IND-DL-00142",
        "height_m": 13.38,
        "floors": 4,
        "structure_type": "RCC Framed",
        "confidence": 0.919
      },
      "geometry": {
        "type": "Polygon",
        "coordinates": [
          [
            [
              80.23747984947396,
              12.917953623764067
            ],
            [
              80.23704380730209,
              12.91796238910395
            ],
            [
              80.23705039133895,
              12.918277556940085
            ],
            [
              80.2374864340529,
              12.918268791379202
            ],
            [
              80.23747984947396,
              12.917953623764067
            ]
          ]
        ]
      }
    },
    {
      "type": "Feature",
      "properties": {
        "building_id": "BLD-WARD7-00136",
        "parcel_id": "ULPIN-IND-DL-00143",
        "height_m": 9.86,
        "floors": 3,
        "structure_type": "RCC Framed",
        "confidence": 0.926
      },
      "geometry": {
        "type": "Polygon",
        "coordinates": [
          [
            [
              80.23748737472128,
              12.918313815323334
            ],
            [
              80.23705133192989,
              12.918322580915788
            ],
            [
              80.2370579161661,
              12.918637748739478
            ],
            [
              80.23749395949956,
              12.91862898292603
            ],
            [
              80.23748737472128,
              12.918313815323334
            ]
          ]
        ]
      }
    },
    {
      "type": "Feature",
      "properties": {
        "building_id": "BLD-WARD7-00137",
        "parcel_id": "ULPIN-IND-DL-00144",
        "height_m": 10.23,
        "floors": 3,
        "structure_type": "RCC Framed",
        "confidence": 0.912
      },
      "geometry": {
        "type": "Polygon",
        "coordinates": [
          [
            [
              80.23749490019641,
              12.918674006868384
            ],
            [
              80.2370588567855,
              12.918682772713403
            ],
            [
              80.23706544122102,
              12.918997940524653
            ],
            [
              80.23750148517404,
              12.918989174458636
            ],
            [
              80.23749490019641,
              12.918674006868384
            ]
          ]
        ]
      }
    },
    {
      "type": "Feature",
      "properties": {
        "building_id": "BLD-WARD7-00138",
        "parcel_id": "ULPIN-IND-DL-00145",
        "height_m": 3.94,
        "floors": 1,
        "structure_type": "Masonry",
        "confidence": 0.95
      },
      "geometry": {
        "type": "Polygon",
        "coordinates": [
          [
            [
              80.23750242589936,
              12.91903419839921
            ],
            [
              80.2370663818689,
              12.919042964496798
            ],
            [
              80.23707296650375,
              12.919358132295601
            ],
            [
              80.23750901107634,
              12.919349365977014
            ],
            [
              80.23750242589936,
              12.91903419839921
            ]
          ]
        ]
      }
    },
    {
      "type": "Feature",
      "properties": {
        "building_id": "BLD-WARD7-00139",
        "parcel_id": "ULPIN-IND-DL-00146",
        "height_m": 10.19,
        "floors": 3,
        "structure_type": "RCC Framed",
        "confidence": 0.978
      },
      "geometry": {
        "type": "Polygon",
        "coordinates": [
          [
            [
              80.23600224122006,
              12.916460871981217
            ],
            [
              80.23599603555105,
              12.916163713193717
            ],
            [
              80.23555999544244,
              12.916172474864672
            ],
            [
              80.23556620060043,
              12.916469633860476
            ],
            [
              80.23600224122006,
              12.916460871981217
            ]
          ]
        ]
      }
    },
    {
      "type": "Feature",
      "properties": {
        "building_id": "BLD-WARD7-00140",
        "parcel_id": "ULPIN-IND-DL-00147",
        "height_m": 10.33,
        "floors": 3,
        "structure_type": "RCC Framed",
        "confidence": 0.929
      },
      "geometry": {
        "type": "Polygon",
        "coordinates": [
          [
            [
              80.23600938733398,
              12.916803054815439
            ],
            [
              80.23600318148647,
              12.916505896039084
            ],
            [
              80.2355671407894,
              12.916514657949909
            ],
            [
              80.23557334612588,
              12.916811816934572
            ],
            [
              80.23600938733398,
              12.916803054815439
            ]
          ]
        ]
      }
    },
    {
      "type": "Feature",
      "properties": {
        "building_id": "BLD-WARD7-00141",
        "parcel_id": "ULPIN-IND-DL-00148",
        "height_m": 7.03,
        "floors": 2,
        "structure_type": "Masonry",
        "confidence": 0.919
      },
      "geometry": {
        "type": "Polygon",
        "coordinates": [
          [
            [
              80.23601653365344,
              12.91714523763683
            ],
            [
              80.23601032762743,
              12.916848078871617
            ],
            [
              80.23557428634189,
              12.916856841022314
            ],
            [
              80.23558049185684,
              12.917153999995834
            ],
            [
              80.23601653365344,
              12.91714523763683
            ]
          ]
        ]
      }
    },
    {
      "type": "Feature",
      "properties": {
        "building_id": "BLD-WARD7-00142",
        "parcel_id": "ULPIN-IND-DL-00149",
        "height_m": 6.7,
        "floors": 2,
        "structure_type": "Masonry",
        "confidence": 0.924
      },
      "geometry": {
        "type": "Polygon",
        "coordinates": [
          [
            [
              80.23602368017845,
              12.91748742044539
            ],
            [
              80.23601747397394,
              12.917190261691324
            ],
            [
              80.2355814320999,
              12.917199024081887
            ],
            [
              80.23558763779334,
              12.917496183044264
            ],
            [
              80.23602368017845,
              12.91748742044539
            ]
          ]
        ]
      }
    },
    {
      "type": "Feature",
      "properties": {
        "building_id": "BLD-WARD7-00143",
        "parcel_id": "ULPIN-IND-DL-00150",
        "height_m": 19.41,
        "floors": 6,
        "structure_type": "RCC Framed",
        "confidence": 0.966
      },
      "geometry": {
        "type": "Polygon",
        "coordinates": [
          [
            [
              80.236024620526,
              12.917532444498194
            ],
            [
              80.23558857806346,
              12.917541207128629
            ],
            [
              80.23559478393538,
              12.917838366079863
            ],
            [
              80.236030826909,
              12.91782960324112
            ],
            [
              80.236024620526,
              12.917532444498194
            ]
          ]
        ]
      }
    },
    {
      "type": "Feature",
      "properties": {
        "building_id": "BLD-WARD7-00144",
        "parcel_id": "ULPIN-IND-DL-00151",
        "height_m": 13.46,
        "floors": 4,
        "structure_type": "RCC Framed",
        "confidence": 0.941
      },
      "geometry": {
        "type": "Polygon",
        "coordinates": [
          [
            [
              80.23604814021398,
              12.916459949636144
            ],
            [
              80.23648418047866,
              12.916451186959032
            ],
            [
              80.23647797424482,
              12.916154028401783
            ],
            [
              80.23604193449118,
              12.916162790870569
            ],
            [
              80.23604814021398,
              12.916459949636144
            ]
          ]
        ]
      }
    },
    {
      "type": "Feature",
      "properties": {
        "building_id": "BLD-WARD7-00145",
        "parcel_id": "ULPIN-IND-DL-00152",
        "height_m": 3.67,
        "floors": 1,
        "structure_type": "Masonry",
        "confidence": 0.968
      },
      "geometry": {
        "type": "Polygon",
        "coordinates": [
          [
            [
              80.23604908048854,
              12.91650497369069
            ],
            [
              80.23605528638984,
              12.916802132445115
            ],
            [
              80.23649132724297,
              12.91679336952811
            ],
            [
              80.23648512083062,
              12.916496210982011
            ],
            [
              80.23604908048854,
              12.91650497369069
            ]
          ]
        ]
      }
    },
    {
      "type": "Feature",
      "properties": {
        "building_id": "BLD-WARD7-00146",
        "parcel_id": "ULPIN-IND-DL-00153",
        "height_m": 13.2,
        "floors": 4,
        "structure_type": "RCC Framed",
        "confidence": 0.966
      },
      "geometry": {
        "type": "Polygon",
        "coordinates": [
          [
            [
              80.23605622669143,
              12.916847156497974
            ],
            [
              80.23606243277123,
              12.917144315241258
            ],
            [
              80.23649847421287,
              12.917135552084362
            ],
            [
              80.236492267622,
              12.916838393549407
            ],
            [
              80.23605622669143,
              12.916847156497974
            ]
          ]
        ]
      }
    },
    {
      "type": "Feature",
      "properties": {
        "building_id": "BLD-WARD7-00147",
        "parcel_id": "ULPIN-IND-DL-00154",
        "height_m": 3.68,
        "floors": 1,
        "structure_type": "Masonry",
        "confidence": 0.975
      },
      "geometry": {
        "type": "Polygon",
        "coordinates": [
          [
            [
              80.2360633730999,
              12.91718933929243
            ],
            [
              80.2360695793582,
              12.917486498024568
            ],
            [
              80.23650562138832,
              12.917477734627779
            ],
            [
              80.23649941461895,
              12.917180576103966
            ],
            [
              80.2360633730999,
              12.91718933929243
            ]
          ]
        ]
      }
    },
    {
      "type": "Feature",
      "properties": {
        "building_id": "BLD-WARD7-00148",
        "parcel_id": "ULPIN-IND-DL-00155",
        "height_m": 13.11,
        "floors": 4,
        "structure_type": "RCC Framed",
        "confidence": 0.963
      },
      "geometry": {
        "type": "Polygon",
        "coordinates": [
          [
            [
              80.23650656182144,
              12.917522758645692
            ],
            [
              80.23607051971389,
              12.917531522074047
            ],
            [
              80.2360767261507,
              12.917828680795042
            ],
            [
              80.23651276876934,
              12.91781991715836
            ],
            [
              80.23650656182144,
              12.917522758645692
            ]
          ]
        ]
      }
    },
    {
      "type": "Feature",
      "properties": {
        "building_id": "BLD-WARD7-00149",
        "parcel_id": "ULPIN-IND-DL-00157",
        "height_m": 9.98,
        "floors": 3,
        "structure_type": "RCC Framed",
        "confidence": 0.932
      },
      "geometry": {
        "type": "Polygon",
        "coordinates": [
          [
            [
              80.23653101979532,
              12.916495288549632
            ],
            [
              80.23653722626146,
              12.916792447073801
            ],
            [
              80.23697326675959,
              12.916783683358931
            ],
            [
              80.23696705978242,
              12.916486525043107
            ],
            [
              80.23653101979532,
              12.916495288549632
            ]
          ]
        ]
      }
    },
    {
      "type": "Feature",
      "properties": {
        "building_id": "BLD-WARD7-00150",
        "parcel_id": "ULPIN-IND-DL-00158",
        "height_m": 13.31,
        "floors": 4,
        "structure_type": "RCC Framed",
        "confidence": 0.974
      },
      "geometry": {
        "type": "Polygon",
        "coordinates": [
          [
            [
              80.23653816664864,
              12.916837471091773
            ],
            [
              80.2365443732933,
              12.917134629604798
            ],
            [
              80.2369804143799,
              12.91712586565001
            ],
            [
              80.23697420722421,
              12.916828707345333
            ],
            [
              80.23653816664864,
              12.916837471091773
            ]
          ]
        ]
      }
    },
    {
      "type": "Feature",
      "properties": {
        "building_id": "BLD-WARD7-00151",
        "parcel_id": "ULPIN-IND-DL-00159",
        "height_m": 10.11,
        "floors": 3,
        "structure_type": "RCC Framed",
        "confidence": 0.923
      },
      "geometry": {
        "type": "Polygon",
        "coordinates": [
          [
            [
              80.23654531370752,
              12.91717965362108
            ],
            [
              80.2365515205307,
              12.917476812122962
            ],
            [
              80.23698756220581,
              12.917468047928262
            ],
            [
              80.23698135487157,
              12.917170889634725
            ],
            [
              80.23654531370752,
              12.91717965362108
            ]
          ]
        ]
      }
    },
    {
      "type": "Feature",
      "properties": {
        "building_id": "BLD-WARD7-00152",
        "parcel_id": "ULPIN-IND-DL-00160",
        "height_m": 6.94,
        "floors": 2,
        "structure_type": "Masonry",
        "confidence": 0.979
      },
      "geometry": {
        "type": "Polygon",
        "coordinates": [
          [
            [
              80.23698850272453,
              12.917513071911287
            ],
            [
              80.23655246097198,
              12.917521836137558
            ],
            [
              80.23655866797367,
              12.917818994628293
            ],
            [
              80.2369947102373,
              12.917810230193675
            ],
            [
              80.23698850272453,
              12.917513071911287
            ]
          ]
        ]
      }
    },
    {
      "type": "Feature",
      "properties": {
        "building_id": "BLD-WARD7-00153",
        "parcel_id": "ULPIN-IND-DL-00161",
        "height_m": 13.36,
        "floors": 4,
        "structure_type": "RCC Framed",
        "confidence": 0.961
      },
      "geometry": {
        "type": "Polygon",
        "coordinates": [
          [
            [
              80.23744185045521,
              12.916134656172497
            ],
            [
              80.23700581141159,
              12.916143420236937
            ],
            [
              80.23701201826402,
              12.916440578541975
            ],
            [
              80.23744805781867,
              12.91643181426917
            ],
            [
              80.23744185045521,
              12.916134656172497
            ]
          ]
        ]
      }
    },
    {
      "type": "Feature",
      "properties": {
        "building_id": "BLD-WARD7-00154",
        "parcel_id": "ULPIN-IND-DL-00162",
        "height_m": 6.61,
        "floors": 2,
        "structure_type": "Masonry",
        "confidence": 0.96
      },
      "geometry": {
        "type": "Polygon",
        "coordinates": [
          [
            [
              80.23744899834179,
              12.916476838222366
            ],
            [
              80.23701295870976,
              12.916485602526743
            ],
            [
              80.2370191657407,
              12.916782760820634
            ],
            [
              80.2374552058838,
              12.916773996307898
            ],
            [
              80.23744899834179,
              12.916476838222366
            ]
          ]
        ]
      }
    },
    {
      "type": "Feature",
      "properties": {
        "building_id": "BLD-WARD7-00155",
        "parcel_id": "ULPIN-IND-DL-00163",
        "height_m": 13.51,
        "floors": 4,
        "structure_type": "RCC Framed",
        "confidence": 0.968
      },
      "geometry": {
        "type": "Polygon",
        "coordinates": [
          [
            [
              80.237456146434,
              12.916819020259405
            ],
            [
              80.23702010621348,
              12.916827784803713
            ],
            [
              80.23702631342297,
              12.917124943086465
            ],
            [
              80.23746235415454,
              12.917116178333787
            ],
            [
              80.237456146434,
              12.916819020259405
            ]
          ]
        ]
      }
    },
    {
      "type": "Feature",
      "properties": {
        "building_id": "BLD-WARD7-00156",
        "parcel_id": "ULPIN-IND-DL-00164",
        "height_m": 3.94,
        "floors": 1,
        "structure_type": "Masonry",
        "confidence": 0.93
      },
      "geometry": {
        "type": "Polygon",
        "coordinates": [
          [
            [
              80.23746329473178,
              12.917161202283607
            ],
            [
              80.23702725392279,
              12.917169967067851
            ],
            [
              80.23703346131083,
              12.917467125339455
            ],
            [
              80.23746950263089,
              12.917458360346842
            ],
            [
              80.23746329473178,
              12.917161202283607
            ]
          ]
        ]
      }
    },
    {
      "type": "Feature",
      "properties": {
        "building_id": "BLD-WARD7-00157",
        "parcel_id": "ULPIN-IND-DL-00165",
        "height_m": 10.23,
        "floors": 3,
        "structure_type": "RCC Framed",
        "confidence": 0.954
      },
      "geometry": {
        "type": "Polygon",
        "coordinates": [
          [
            [
              80.23747044323518,
              12.917503384294978
            ],
            [
              80.23703440183769,
              12.917512149319158
            ],
            [
              80.23704060940426,
              12.917809307579615
            ],
            [
              80.23747665131283,
              12.917800542347068
            ],
            [
              80.23747044323518,
              12.917503384294978
            ]
          ]
        ]
      }
    }
  ]
}